catalog_number,location
91,"Bolzano, Italy"
92,"Island Elba, Italy"
93,"Auvergne, France"
96,"Fleimstal, Tirol, Italy"
98,"Liebenstein, Bohemia, Czechoslovakia"
99,"Skas Fjell, Tordal, Norway"
100,"Charlottesville, Virginia, USA"
101,"Tunaberg, Sweden"
102,"Turtula, Torno, Finland"
103,"Frederiksvärn, Norway"
105,Norway
106,"Cornwall, United Kingdom"
107,"Stokö near Brevig, Langesund, Norway"
108,"Marianske, Bohemia, Czechoslovakia"
109,Petshan
110,"Arendal, Norway"
111,"Bohemia, Czechoslovakia"
112,"Karlovy Vary (Karlsbad), Bohemia, Czechoslovakia"
15132,"Amberg, Bavaria, Germany"
15133,"Windisch-Kappel, Kärnten, Austria"
15134,"Mine Hausbaden, Badenweiler, Schwarzwald, Germany"
15135,"Hofsgrund, Schauinsland, Schwarzwald, Germany"
15136,"Keswick, Cumberland, United Kingdom"
15137,"Ober-Lahnstein, Germany"
15138,"Slavkow (= Schlaggenwald), Bohemia, Czechoslovakia"
15139,"Hofsgrund, Schauinsland, Freiburg, Baden-Württemberg, Germany"
15141,"Mies, Bohemia, Czechoslovakia"
15145,"Badenweiler, Freiburg, Baden-Württemberg, Germany"
15149,"Phoenixville, Pennsylvania, USA"
15150,"Prado Bahia, Brazil"
15151,"Fontainebleau, France"
15152,"Tolfa near Civitavecchia, Italy"
15153,Shaft Marie near Staffelfelden
15154,"Westfalen, Germany"
15155,"Oklahoma, USA"
15156,"Tintic Standard Mine, Utah, USA"
15157,"Monte Poni, Sardinien, Italy"
28074,"Lausen, Liestal, Baselland, Switzerland"
114,"Ellenbogen, Bohemia, Czechoslovakia"
116,"Beresowsk, Ural, Sibirien, USSR"
117,"Ural, USSR"
118,"Ilmengebirge, Ural, USSR"
119,"Kilimandjaro, Tanzania"
120,"Colorado, USA"
121,"Pikes Peak, Colorado, USA"
125,"Ouro Preto, Minas Gerais, Brazil"
126,"Nevada, USA"
127,"Lincoln, USA"
128,"Kisilia Area, Largido, Tanganjika, Tanzania"
129,"New Castle, Delaware, USA"
131,"Küste Labrador, Canada"
132,"Ontario, USA"
134,"Monte Somma, Vesuv, Campania,  Italy"
135,"Bonn, Germany"
136,"Monte Somma, Vesuv, Italy"
137,"Drachenfels near Bonn, Germany"
139,"Dürenberg im Habichtswald, Kassel, Germany"
141,"Laacher See, Eifel, Rheinland, Germany"
142,"Mariposa County, California, USA"
143,"Guanajuato, Mexico"
145,"Zillertal, Tirol, Austria"
146,"Mangalou, Ostindien"
147,Sri Lanka
148,Tirol (Italy od. Austria)
149,"Pfitsch, Tirol, Austria"
150,"Predo, Italy"
151,"Monte Amiata, Grosseto, Italy"
152,"Fischbach, Silesia, Poland"
153,"Striegau, Silesia, Poland"
154,"Oisans, Dauphiné, France"
156,"Sobotin near Sunderk, Czechoslovakia"
157,"Rauris, Salzburg, Austria"
158,"Cava Tremenico, Italy"
159,"Baveno, Verbano-Cusio-Ossola, Italy"
160,"Schmirn, Tirol, Austria"
161,"Pfitschtal, Tirol, Austria"
167,"Warnas, Norway"
168,"Ytterby, Sweden"
169,"Stockholm, Sweden"
172,Canada
174,"Passau, Bavaria, Germany"
175,"Murschinsk, Ural, USSR"
176,"Bodenmais, Bavaria, Germany"
177,"Agat Mts., Esterel, France"
179,"Ojamo Lojo, Finland"
180,"Island Frederiksvärn, Norway"
184,Greenland
185,"Monte Monzoni, Fassatal, Tirol, Italy"
187,"Pesmeda, Fassa, Tirol, Italy"
188,"Monzoniberg, Fassatal, Tirol, Italy"
190,"Vesuv, Italy"
192,"Miake Shima, Japan"
198,"Parola, Lojo, Finland"
199,Sweden
201,"Martillo, Lojo, Finland"
203,"Orrijärvi, Finland"
204,"Warlietz, Fichtelgebirge, Bavaria, Germany"
205,"Wiesental, Erzgebirge, Czechoslovakia"
207,"Sommaval, Atrio del Cavallo, Italy"
213,"Cognioli di Trocchia, Monte Somma, Vesuv, Italy"
215,"Lava des Monte Somma, Vesuv, Italy"
216,"Monte Cavo, Rocca di Papa, Italy"
218,"Colli Albani near Rom, Italy"
220,"Miask, Ilmengebirge, Ural, Russia"
221,"Capo di Bove, Via Appia, Rom, Italy"
223,"Katzenwinkel, Baden, Germany"
224,"Meiches im Vogelsgebirge, Hesse, Germany"
226,"Ilmengebirge, Ural, Russia"
227,"Lichfield, Maine, USA"
234,"Cava Inglese, Vesuv, Italy (Lava 1631)"
235,"Cava Inglese, Vesuv, Italy"
236,"Torre d. Greco, Vesuv, Italy"
240,"Salem Harbour, Massachusetts, USA"
46771,"Campolungo, Prato (Leventina), Ticino, Switzerland"
46775,"Pizzo Forno, Chironico, Ticino, Switzerland"
46776,"Val Canaria, Airolo, Ticino, Switzerland"
46777,"Lodrino, Ticino, Switzerland"
46779,"Nufenen, Valais, Switzerland"
46780,"Dazio Grande, Prato (Leventina), Ticino, Switzerland"
46781,"Simplon-Eisenbahntunnel II, Valais, Switzerland"
46782,"Simplon-Eisenbahntunnel I, Valais, Switzerland"
46783,"Simplon-Eisenbahntunnel II, Trasquera, Verbano-Cusio-Ossola, Italy"
47183,"N'Chwaning II Mine, Kalahari, Nördliche Cape-Provinz, South Africa"
47184,"Erl, Furggbach, Mund, Valais, Switzerland"
47185,"Ambatovita, Nandrosonoro, Fianarantsoa Province, Madagascar"
47186,"Reutlingen, Baden-Württemberg, Germany"
47187,"Mine Gottesehre, Urberg, St. Blasien, Waldshut, Baden-Württemberg, Germany"
47188,"Montesclaros, Itacambira, Minas Gerais, Brazil"
47189,"Taffs Well Quarry, Tongwynlais, Cardiff, Wales"
47190,"Mine Fianel, Ausserferrera, Grisons, Switzerland"
47191,"Hiuan, Huangchang, China"
47192,"Roure, Puy-de-Dôme, Auvergne (Massif Central), France"
47193,"Ramsley Mine, Sticklepath, Okehampton District, Devon, England"
47194,"Block and Brady One Pit, Red River Floodway, Winnipeg, Manitoba, Ontario, Canada"
47195,"Hunza-Tal, Pakistan"
47196,"Goboboseb Mountain, Uis-Distrikt, Erongo, Namibia"
47197,"Jinkouhe, Sichuan, China"
47198,"Mibladen, Morocco"
47201,"Morrison Formation, Grand County, Utah, USA"
47202,"Mine de La Creusaz, Les Marécottes, Salvan, Valais, Switzerland"
47206,"Baccu Locci Mine, Villaputzu, Province Cagliari, Sardinien, Italy"
47207,"Tierra Amarilla, Copiapo, Atacama, Chile"
46313,"Santa Cruz de Herdola, Barcelona, Spain"
46314,"Pipjigletscher, Oberems, Valais, Switzerland"
46315,Mexico
46317,"Salzbergwerk Stetten, Haigerloch, Baden-Württemberg, Germany"
46318,"Küttigen, Aargau, Switzerland"
15106,"Harz, Germany"
15107,"Laurion, Greece"
15108,"Nertschinsk, Ural, Sibirien, USSR"
15109,"Chessy near Lyon, France"
15110,"Raibl, Kärnten, Austria"
15111,"Steiermark, Austria"
15112,"Eisenerz, Steiermark, Austria"
15117,"Rheinbreitenbach südl. Bonn, Germany"
15118,"Alp Scarpiola, Medels im Rheinwald, Grisons, Switzerland"
15119,"Krunkelbachtal, Menzenschwand, St. Blasien, Waldshut, Baden-Württemberg, Germany"
15120,"Garo, Colorado, USA"
15121,"Wölsendorf, Oberpfalz, Germany"
15122,"Hamburg, Germany"
15124,"Riechelsdorf, Hesse, Germany"
15125,"Schneeberg, Hesse, Germany"
15126,"Bieber, Hesse, Germany"
15129,"Auerbach, Oberpfalz, Germany"
15130,"Mount Widdern, Victoria, Australia"
15131,"Yuma County, Arizona, USA"
28071,"Quarry Kleinkembs, Baden, Germany"
28072,"Val Giumella, Tirol, Italy"
28073,"Mainzerbecken, Germany"
1,"Hinderi Wase (Hinterwasen, beim Fieschergletscher), Fieschertal, Valais, Switzerland"
12,"Nyons near Montélimar, Drôme, France"
14,"San Luis Potosi, Mexico"
15,"Lynch Station, Virginia, USA"
16,"Lake Katwe (Lake Edward), Uganda"
18,"Mina Asturietta, Eugui, Navarra, Spain"
27,"Figgerscha, Binn, Valais, Switzerland"
28,"Rhonegletscher, Oberwald, Valais, Switzerland"
29,"Minas Gerais, Brazil"
30,"Durango, Mexico"
31,"Mapimi, Durango, Mexico"
32,"Gabbs, Nevada, USA"
34,"Crapteig, Thusis, Grisons, Switzerland"
35,"Val da Dusch, Paspels, Grisons, Switzerland"
36,"Mine Herznach, Herznach, Aargau, Switzerland"
37,"Baja Sprie, Romania (Felsöbanya, Hungary)"
38,"Cruzeiro-Mine, Minas Gerais, Brazil"
39,"Tsumeb, Namibia"
40,"Altenberg, Germany"
43,"Fichtelgebirge, Bavaria, Germany"
45,"Fichtel (-gebirge, Bavaria), Germany"
48,"Ochsenkopf, Fichtelgebirge, Bavaria, Germany"
50,"Aschaffenburg, Bavaria, Germany"
51,"Epprechtstein, Fichtelgebirge, Bavaria, Germany"
53,"Ilmenau, Thuringia, Germany"
54,"Königshainer Berge near Görlitz, Silesia, Poland"
55,"Fuchsberg near Striegau, Silesia, Poland"
56,"Hirschberg, Silesia, Poland"
57,"Fischbach, Riesengebirge (Czechoslovakia od. Poland)"
62,"Stonsdorf near Warnbrunn, Germany"
81,"St. Ilario, Island Elba, Italy"
84,"San Piero, Campo, Island Elba, Italy"
87,"Campo, Island Elba, Italy"
90,"Piona Olgiasca, Lago di Como, Italy"
244,"Andernach, Rheinland, Germany"
4434,"Montmartre, Paris, France"
4436,Niederösterreich
4437,Austria
4438,"Hallstoff (Hallstadt, Austria)"
4439,"Iborra, Spain"
4440,"Tarragona, Spain"
4441,"Zaragoza, Spain"
4442,"Girgenti, Sizilien, Italy"
4443,"Pisa, Italy"
4444,"Grosseto, Italy"
4445,"Bologna, Italy"
4446,"Oxford, England, United Kingdom"
4449,"Felsford, England, United Kingdom"
4450,"Kykladen, Greece"
4451,"Schemnitz, Hungary"
4452,Hungary
4453,"Slovakia, Czechoslovakia"
4456,"Barbados, Kleine Antillen"
4457,"Victoria, Australia"
4459,"Poland, Ohio, USA"
4460,"Ohio, USA"
4461,"Niagarafälle, USA"
4462,Banca
4463,Japan
4464,"Lehmwüste, Teheran, Iran"
4465,"Rio Grande, Nord-Brasilien"
4466,"Kabylien, Algeria"
4467,Nordafrika
4468,Süd-Algerien
4469,"Vralinka, Hungary"
4470,"Wadi el Natron, Egypt"
4471,"Sizilien, Italy"
4472,"Stassfurt, Magdeburg, Germany"
4473,"Dienze, Lothringen, France"
4474,"Ischl, Austria"
4476,"Kalusz, Galizien, Poland"
4477,"Idria, Krain, Slovenien, Yugoslavia"
4478,"Huancavelica, Lima, Peru"
4479,"Pignone near Spezia, Italy"
4482,Stahlberg (France od. Germany)
4483,"Solfatara, Pozzuoli, Napoli, Italy"
4484,"Waygang, Java"
4485,"Newhaven, England, United Kingdom"
4486,"aus dem Garten des Pädagogiums, Halle, Thuringia, Germany"
4487,"Boiséjour near Rogat, Puy de Dôme, Auvergne, France"
4488,"Rudain, Bohemia, Czechoslovakia"
4489,"Friesdorf near Bonn, Germany"
4495,"Puy-de-Sancy, Auvergne, France"
4496,"Beregsacz, Hungary"
4497,"Derber, Hungary"
4498,"Misay, Hungary"
4499,"Spania Dolina (Herrengrund), Banska Bystrica, Slovakia"
4501,Bolivia
4503,"Hodrisch, Hungary"
4506,Chile
4509,"Solfatara, Italy"
4510,"Hallstadt, Austria"
4512,"Remolinos Vellinor, Chile"
4513,"Northern Lights Mine, Virgin Valley District, Nevada, USA"
4514,"Leadhills, Scotland, United Kingdom"
4518,"Red Gill, Cumberland, United Kingdom"
4519,"England, United Kingdom"
4522,"San Bernardino, California, USA"
4524,"Herrengrund, Hungary"
4528,"Sibirien, USSR"
4529,"Metcalfe Mine, Clifton, Greenlec County, Arizona, USA"
4530,"Beaujolais, France"
4533,"Wüste Atacama, Chile"
4534,"Garonne, France"
4538,"Jekaterinburg, Ural, USSR"
4548,"Estepona, Málaga, Spain"
4549,Erzgebirge (Germany od. Czechoslovakia)
4550,"Piemonte, Italy"
4551,"Traversella, Piemont, Italy"
4552,"Traversella, Piemonte, Italy"
4558,"Gera, Thuringia, Germany"
4559,"Arizona, USA"
4560,"Idaho, USA"
4562,"Riesengrund, Germany"
4570,"Lillschacht, Przibram, Bohemia, Czechoslovakia"
4571,"Hammersbach, Germany"
4572,Villouch
4573,"Kärnten, Austria"
4574,"Bleiberg, Kärnten, Austria"
4583,"Tombstone, Arizona, USA"
4588,"San Francisco, California, USA"
4589,"Utah, USA"
4591,"New Mexico, USA"
4592,"Sierra Almagrera, Portugal"
4594,"Denver, Colorado, USA"
4595,"Queensland, Australia"
4600,Portugal
4604,"Altenberg, Saxony, Germany"
4605,"St. Léonard, France"
4606,Schneeberg
4611,"Raade, Norway"
4615,"Fairfield, Utah, USA"
4616,"Franklin, New Jersey, USA"
4620,"Thomas Range, Juab County, Utah, USA"
4622,"Dolny Bory, Czechoslovakia"
4623,"Muttenhörner, Oberwald, Valais, Switzerland"
4624,"Chriegalp, Grengiols, Valais, Switzerland"
4625,"Lochberg-Gletschhorn, Göschenen, Uri, Switzerland"
766,"Waldheim, Saxony, Germany"
768,"Carrache, France"
769,"Texas, USA"
770,"Pennsylvania, USA"
771,"Easton, USA"
773,"Orbeilla, Piemonte, Italy"
774,"Oedenberg, Sterzing, Trentino-Alto Adige, Italy"
775,"Taberg, Sweden"
776,"Pregarten, Tirol, Austria"
777,"Sterzing, Trentino-Alto Adige, Italy"
779,"Schneeberg, Sterzing, Trentino-Alto Adige, Italy"
780,"Hautes Pyrénées, France"
781,"Carrade, Dépt. Var, France"
782,"Corse (Korsika), France"
783,"Dillenburg, Nassau, Germany"
784,"Schneeberg, Saxony, Germany"
786,"Zöblitz, Saxony, Germany"
787,"Reichenstein, Silesia, Poland"
789,"Chemnitz, Saxony, Germany"
790,"Kikombo, Tanganjika, Tanzania"
791,"Rei-Kunatsu-Seki, Japan"
792,"Black Lake, Canada"
793,"Breatford, Canada"
794,"Thetford, Quebec, Canada"
795,"Texas, Pennsylvania, USA"
797,"Sibirien, Russia"
800,"Snarum, Norway"
803,"Saxony, Germany"
808,"Kals, Kogel, Tirol, Austria"
809,"Vénasque, Pyrénées, France"
811,"Venice, Louisiana, USA"
812,"Ersby, Finland"
814,Finland
816,"Ural, Russia"
817,"Greiner, Zillertal, Tirol, Austria"
820,"Vorau, Steiermark, Austria"
821,"Val Malenco, Italy"
822,"Göpfersgrün near Wunsiedel, Fichtelgebirge, Bavaria, Germany"
827,"Dauphiné, France"
828,"Kosemütz, Silesia, Poland"
829,Neu-Kaledonien
831,"Numea, Neu-Kaledonien"
833,"Predazzo, Fassatal, Südtirol, Italy"
837,"Frankenstein, Silesia, Poland"
839,"Island Milos, Kykladen, Greece"
840,"Anatolien, Turkey"
841,"Dalarne, Sweden"
842,"Sterling Hill, New Jersey, USA"
844,"Friedensville, Pennsylvania, USA"
845,"Ruby Hill, Nevada, USA"
846,"Szaszka, Banat, Romania"
847,"Santander, Spain"
851,"Oberschlesien, Poland"
852,"Tarnowitz, Silesia, Poland"
853,"Agruyan, Sardinien, Italy"
854,"Altenberg near Aachen, Germany"
858,"Berg Altin Tube, Kirgisensteppe, USSR"
859,"Kirgisensteppe, Sibirien, Russia"
863,Afrika
864,Zaire (Congo)
866,"Schwarzenberg, Saxony, Germany"
869,"Ostsibirien, Russia"
870,"Katanga, Zaire (Congo)"
874,"Copiapo, Atacama, Chile"
875,"California, USA"
878,Australia
880,"Jernbach, Tirol, Austria"
882,Spain
883,"Freye, Bohemia, Czechoslovakia"
884,"Lisens, Tirol, Austria"
891,"Gefrees, Fichtelgebirge, Bavaria, Germany"
892,"Bavaria, Germany"
894,"Rossburg, Saxony, Germany"
895,"Archamp, Haute Savoie, France"
896,"Allier, France"
897,"Massachusetts, USA"
898,Brazil
899,"West-Böhmen, Czechoslovakia"
900,"Val de Lys, Haute Garonne, France"
901,"Col de Peyresourde, Haute Garonne, France"
902,"Route du Lac d'Oc, France"
903,"Forges de Valles, France"
904,"Haute Garonne, France"
905,"Ste. Brigitte, Bretagne, France"
906,"Bretagne, France"
909,"Tanganjika, Tanzania"
910,"Goldkoppe, Tirol, Austria"
913,"Tayana, Ural, Russia"
917,"Schlägeisental, Val di Vicce, Italy"
918,"Val di Vicce, Italy"
921,"Schaffenburg (Aschaffenburg, Bavaria, Germany)"
922,"Becov, Westböhmen, Czechoslovakia"
923,"Moravia, Czechoslovakia"
924,"St. Gotthard, Ticino, Switzerland"
925,"Rukuba Tin Mine, Nigeria"
927,"Mont Garnel, Queensland, Australia"
928,Finbo
929,"Montbelleux near Luitré, France"
930,"Belchen-Strassentunnel, Langenbruck, Basel-Landschaft, Switzerland"
931,"Erajuvari, Finland"
934,"Schneckenstein near Auerbach, Vogtland, Saxony, Germany"
936,"Schneckenstein, Saxony, Germany"
941,"Connecticut, USA"
959,"Plateau Province, Nigeria"
960,"Nertschinsk, Ural, Sibirien, Russia"
962,"Odontschelon, Sibirien, Russia"
963,"Fluss Sanarka, südl. Ural, Russia"
966,"Murschinsk, Ural, Russia"
974,"Alabaschka, Ural, Russia"
982,"Winthrop, Maine, USA"
984,"Georgia, USA"
986,"Szolisva, Offenbanya, Transylvania, Romania"
987,"Kemie, Finland"
988,"Tremousse, Vallée de Héas, Hautes Pyrénées, France"
990,"Scaor, Morbihan, France"
993,"Zuni Mine, Silverton, Colorado, USA"
994,"Silverton, Colorado, USA"
995,"Topas Mountain, Utah, USA"
996,China
997,"Oltrez, Belgium"
999,"Eräjärvi near Tampere, Finland"
1000,"Beresowsk, Ural, Sibirien, Russia"
1002,"Aaue, Schneeberg"
1004,"Freiberg, Saxony, Germany"
1005,"Rochlitz, Saxony, Germany"
1006,"Teichelberg, Bavaria, Germany"
1007,"Creuzot, Saône, Loire, France"
1008,"Autun, France"
1009,"Tollingerberg, Styria"
1011,"Bergmersreuth, Bavaria, Germany"
1012,"Arzberg near Bayreuth, Bavaria, Germany"
1013,"Kassel, Germany"
1014,"Saint-Sévère, Dépt. Landes, France"
1015,"Santa Fiora, Toscana, Italy"
1017,"Magdalena, New Mexico, USA"
1018,"St. Creu de Ollorde, Barcelona, Spain"
1020,"Weissenfels, Saxony, Germany"
1021,"Helgoland, Germany"
1022,"Bytom (Beuthen, Silesia), Poland"
1023,"Moldawa, Banat, Romania"
1024,Galeria inf. Geg. St. Archangel
1025,"Ochansk, Perm, USSR"
1028,"Bei Freiburg i. Br., Germany"
1029,"Ullersreuth, Germany"
1030,"Chastelets, Silvaplana, Grisons, Switzerland"
3774,"Lancashire, United Kingdom"
3776,"Dalton, Lancashire, United Kingdom"
3778,"Cumberland, United Kingdom"
3779,"Derbyshire, United Kingdom"
3780,"Alston-Moor, Cumberland, United Kingdom"
3784,"Gillfoot-Mine, Earmont, Cumberland, United Kingdom"
3785,"Egremont, Cumberland, United Kingdom"
3791,"Standish-Mine, Egremont, Cumberland, United Kingdom"
3796,Iceland
3802,"Flintshire, England, United Kingdom"
3803,Kenya
3804,"Tschagirsk, Altai, USSR"
3805,"Altai, USSR"
3806,Madagascar
3807,"Estado Falcon, Venezuela"
3812,Lake Superior (Canada od. USA)
3814,"Montgomery Co., USA"
3823,"Glücksbrunnen, Thuringia, Germany"
3826,"Salzburg, Austria"
3827,Khorassau
3829,"Missouri, USA"
3831,"Hall, Tirol, Austria"
3856,"Ternel, Aragonien, Spain"
3858,"Kyschtimsk, Ural, USSR"
3865,"Brozzo, Piemonte, Italy"
3867,"Graz, Austria"
3872,"Limni, Euböa, Greece"
3873,"Lyon County, Nevada, USA"
3876,Italy
3879,"Alter Segen, Germany"
3880,"Zepse, Bosnia, Yugoslavia"
3881,"Vaihingen, Württemberg, Germany"
3883,"Ems, Nassau, Germany"
3884,"Scotland, United Kingdom"
3886,"Fanberry Mine, Cumberland, United Kingdom"
3887,"Sardinien, Italy"
3888,"Nalfidano, Italy"
3891,"Vieille Montagne, Lüttich (Liège), Belgium"
3894,"Hofsgrund, Tirol, Austria"
3895,"Dognacska, Banat, Romania"
3906,"Steinheim near Hanau, Hesse, Germany"
3909,"Lobenstein, Germany"
3911,"Schmalkalden, Thuringia, Germany"
3912,"Holzappel an der Lahn, Germany"
3913,"aus dem Zweibrückischen, Germany"
3915,"Wissen an der Sieg, Germany"
3917,"Mine Carolina, Claustal, Harz, Germany"
3919,"Neudorf am Harz, Germany"
3920,"Zwickau, Saxony, Germany"
3922,"Kollosornk, Bohemia, Czechoslovakia"
3926,"Schwaz, Tirol, Austria"
3927,"Dongo am Lago di Como, Italy"
3929,"Vienne, Dauphiné, France"
3930,"Allevard, Dépt. Isère, France"
3931,Neu-Spanien
3932,"Ivigtuk, Arsukfjord"
3933,"Frizzington, Cumberland, United Kingdom"
3935,"Redruth, Cornwall, United Kingdom"
3936,"St. Day, Cornwall, United Kingdom"
3939,"Devonshire, United Kingdom"
3944,"Wesergegend, Germany"
3946,"Nagyag, Transylvania, Romania"
3948,"Vöröspatak, Transylvania, Romania"
3949,"Kapnik, Transylvania, Romania"
3950,"Transylvania, Romania"
3952,"Hefeldam, Harz, Germany"
3956,"Oberneisein near Dietz, Nassau, Germany"
3957,"Dietz an der Lahn, Nassau, Germany"
3958,"Rotenberg, Nassau, Germany"
3959,"Mine Wolf, Herdorf, Siegerland, Westfalen, Germany"
3961,"Mine Storch, Schöneberg a. d. Sieg, Siegen, Germany"
3962,"Luz, Hautes Pyrénées, France"
3963,"Givry, Saône et Loire, France"
3964,"Puy-en-Velay, Südfrankreich"
3965,"Mende, Dépt. Lozère, France"
3966,"Bastennes, Landes, France"
3967,"Dax, Pyrénées, France"
3970,"St. Nédaire, Auvergne, France"
3971,"Clermont, Auvergne, France"
3975,"Caltanissetta, Sizilien, Italy"
3977,"Cianciana, Sizilien, Italy"
3980,"Valencia, Spain"
3983,"Molino de Aragon, Castille, Spain"
3984,"Aragonien, Spain"
3986,"Moratilla, Guadalajara, Spain"
3987,"Hüttenberg, Kärnten, Austria"
4001,"Jembach, Tirol, Austria"
4003,"Schwaz oder Brixlegg, Tirol, Austria"
4005,"Böttingen, Münsingen, Baden-Württemberg, Germany"
4011,"Betler, Hungary"
4013,"Bilin, Bohemia, Czechoslovakia"
4024,"Unisun, California, USA"
4030,"Claustal, Harz, Germany"
4031,"Sendenhorst, Westfalen, Germany"
4033,"Alpe di Seiss, Fassatal, Tirol, Italy"
4040,"Hexham, Northumberland, United Kingdom"
4042,"Northumberland, United Kingdom"
1250,"Hitterö, Norway"
1251,"Drontheim, Norway"
1252,"Plauenscher Grund, Dresden, Germany"
1253,"Planenscher, Grund near Dresden, Germany"
1254,"Jakobsberg near Nordmarken, Sweden"
1255,"Kilpatrick, Dunbarton, Scotland, United Kingdom"
1257,"Keweenaw, Lake Superior, Michigan, USA"
1258,"Lake Superior, Michigan, USA"
1263,"St. Christophe, Oisans, Dauphiné, France"
1267,"Fassatal, Tirol, Italy"
1269,Monte Gabbia near Campitello
1271,"Drio, Lepalle, Italy"
1273,"Rauschenmühle zw. Lauterecken und Kaiserslautern, Germany"
1275,"Jardonsmühl, Silesia, Poland"
1276,"Waltsch, Bohemia, Czechoslovakia"
1277,"Kreuznach, Germany"
1280,"Reichenbach, Oberstein, Germany"
1282,"Idar-Oberstein an der Nahe, Germany"
1283,"Niederkirchen, Wolfstein, Germany"
1285,"Fiskernäs, Greenland"
1286,"Falun, Sweden"
1290,"Plymouth, USA"
1291,"Uniby, North Hampshire, USA"
1292,"North Hampshire, USA"
1293,"Haddam, Connecticut, USA"
1300,"Hof Bräkke near Brevig, Langesund, Norway"
1301,"Helsingfors, Finland"
1304,"St. Pardonx, Auvergne, France"
1305,"Pontgiband, Auvergne, France"
1306,"Mauzal, Auvergne, France"
1310,"Estado de Crarà, Brazil"
1311,"Bahia, Brazil"
1312,"Santa-Fé de Bogota, Colombia"
1318,"Aduntschilon, USSR"
1333,"Tokawaja, Sibirien, USSR"
1336,"Pinzgau, Salzburg, Austria"
1337,"Heubachtal, Salzburg, Austria"
1342,"Konefjord near Falun, Sweden"
1343,"Broderbo, Falun, Sweden"
1347,"Satersdalm, Norway"
1348,"Norje Hitterö, Norway"
1349,"Villa Rica, Brazil"
1352,"Custer, Blackhills, South Dakota, USA"
1353,"Moina Districts, Island Tasmania, Australia"
1355,"Mlali, Ev. Kongwa, Tanganjika, Tanzania"
1356,"Woolewoole, Itiso near Haneti, Tanganjika, Tanzania"
1357,"Limoges, France"
1358,"Chanteloube, Auvéry, Limoges, France"
1360,"Schellerhau, Saxony, Germany"
1361,"Johanngeorgenstadt, Saxony, Germany"
1362,"Langenbielen near Reichenbach, Germany"
1363,"Rosenbach, Silesia, Poland"
1364,"Hühnerkobel near Rabenstein, Zwiesel, Bavaria, Germany"
1374,"Mine Calamita, Island Elba, Italy"
1375,"Campiglia Maritima, Italy"
1376,"Campiglia, Toscana, Italy"
1381,"Rio Marina, Island Elba, Italy"
1384,"Perwo Pawlowsk Miark, Ural, USSR"
1385,"Obira Prov Bungo, Japan"
1387,"Mont de Lans, France"
1389,"Dutton Range, Inyo County, California, USA"
1391,"Allemont, Dauphiné, France"
1394,"Oris. Dauphiné, France"
1395,"Thum., Saxony, Germany"
1396,"Kongsberg, Norway"
1397,"Chesterfield, Massachusetts, USA"
1398,"San Diego, USA"
1399,"Pala, San Diego, California, USA"
1401,Euxirons Marais Auransmanity
1405,"Lipovka near Mursinka, Ural, USSR"
1415,Nendek
1416,"Rozena, Moravia, Czechoslovakia"
1421,"Nova Ves near Südböhmen, Czechoslovakia"
1423,"Prevali, Kärnten, Austria"
1424,"Governor, New York, USA"
1425,"Dobrown, Corinthie"
1427,"Sakangy, nordwestl. V. Mogok, Burma"
1438,"Paris, Maine, USA"
1441,"Island Utö, Sweden"
1444,"Ramjossen, Norway"
1448,"Val d'Ala, Piemonte, Italy"
1449,"Pfitschergrund, Tirol, Austria"
1452,"Moulin de Gravière, France"
1454,"Faltigels, Tirol, Austria"
1456,"Rammersreuth, Bohemia, Czechoslovakia"
1457,"Royat, Auvergne, France"
1458,"Montagne de Gary, Vallée de Martigrac, France"
1459,"La Haute-Maison-Neuve near Le Buisson, France"
1461,"Galgenberg, Aschaffenburg, Bavaria, Germany"
1465,"Auerbach an der Bergstrasse, Germany"
1468,Haddamlonn
1469,"White Mountains, Vermont, USA"
1470,"Sonora, Mexico"
1471,"Gouvernement, New York, USA"
1472,"Plumas County, California, USA"
1473,"Pierpont, Lawrence City, USA"
1478,"Gornoschut, near Jekaterinburg, Ural, USSR"
1480,"Senamat, Djambi, Sumatra"
1481,"Brevig, Langesund, Norway"
1484,"Russel, St. Lawrence, New York, USA"
1487,"Darbury, Connecticut, USA"
1488,"Ceneri-Tunnel II, Rivera, Ticino, Switzerland"
1489,"Mine Obira, Province Bungo, Japan"
1490,"Naalsö, Island Fär-Öer, Denmark"
1491,"Island Fär-Öer, Denmark"
1495,"Marienberg, Usti nad Labem (Aussig), Bohemia, Czechoslovakia"
1497,"Usti nad Labem (Aussig), Bohemia, Czechoslovakia"
1498,"Cziklowa, Banat, Romania"
1499,"Frombach, Alpe di Seiss, Fassatal, Tirol, Italy"
1501,"Montecchio Maggiore near Vicenza, Italy"
1502,"Limperichkopf near Asbach, Germany"
1505,"Fassa, Tirol, Italy"
250,"Baikal-See, Russia"
252,"Coquimbo, Chile"
253,"Onega-See, USSR"
255,Iran
258,"Sliudanka, Sibirien,Russia"
261,"Pouzac near Bagnères en Bigorre, France"
262,"Boutx, Pyrénées, France"
263,"Singatse Range, Dyerington, Nevada, USA"
268,"Port de Saleix, Pyrénées, France"
270,"Manléon, Pyrénées, France"
271,"Hesselkulla, Sweden"
273,"Monroe, New York, USA"
274,"Warwick, Orange, New York, USA"
276,"Quebec, Canada"
277,"Burgess, Ontario, Canada"
415,"Stargard, Finland"
419,"Bispberg, Sweden"
423,"Saalbach, Bavaria, Germany"
429,"Monzoni, Fassatal, Tirol, Italy"
430,"Monzoni-Gebiet, Fassatal, Tirol, Italy"
434,"Toal della Foja, Monzoni, Fassatal, Tirol, Italy"
438,"Brozzotal, Piemonte, Italy"
441,"Sterling, Massachusetts, USA"
443,"Stony Point, North Carolina, USA"
445,"Rincon, San Diego County, California, USA"
446,"North Carolina, USA"
448,"Rincon, San Diego, California, USA"
450,"Sterzing, Tirol, Austria"
453,"Tammela, Finland"
454,"Norwich, USA"
455,"Eger, Norway"
466,"Westfield, Massachusetts, USA"
468,"(angeblich Hungary) Franklin, New Jersey, USA"
473,"Stör Kyro, Finland"
474,"Portet, Pyrénées, France"
475,"Vallée d'Arbourt, Pyrénées, France"
476,"Vicenza, Italy"
478,"Montauban, Bagnères, France"
28075,"Liel, Kandern, Germany"
28077,"Gnandstein, Saxony, Germany"
480,"Itiso, Haneti, Tanganjika, Tanzania"
481,"Gouverneur, New York, USA"
482,"Hastings County, Ontario, Canada"
483,"Mino, Japan"
484,"Ruskiola, Finland"
486,"Drammen, Norway"
488,"St Béal, Pyrénées, France"
489,"Saualpe, Kärnten, Austria"
490,"Nord-Mähren, Czechoslovakia"
499,"Chiavenna, Italy"
502,"Korsika, France"
503,"Chamonix, Aiguille du Goûté, France"
504,"Chamonix, France"
505,"Barèges, Hautes Pyrénées, France"
506,"Vallée de Chamonix, Haute-Savoie, Rhône-Alpes, France"
47713,"Schloss Haus Baden, Sehringen, Badenweiler, Freiburg, Baden-Württemberg, Germany"
508,"Längbanshyttan, Sweden"
509,New Zealand
510,Turkestan
512,"Pargas, Finland"
515,"Baikal, Russia"
518,"Val d'Aosta, Italy"
519,"Val Formazza, Piemonte, Italy"
520,"Gegend von Kassel, Germany"
522,"Hallershausen near Kassel, Germany"
523,"Vogelsberg, Hesse, Germany"
525,"Regen, Bavaria, Germany"
526,"Wolkenburg, Siebengebirge near Bonn, Germany"
528,"Siebengebirge near Bonn, Germany"
529,"Wilhelmshöhe near Kassel, Germany"
530,"Merapi, Java"
531,"Kangerdluarsuk, Greenland"
535,"Kostenblatt, Bohemia, Czechoslovakia"
539,"Mukow, Bohemia, Czechoslovakia"
540,"Wolfsberg, Bohemia, Czechoslovakia"
534,"Degero, Helsingfors, Finland"
542,Tschernoschii
544,"Zaaleszer, Bohemia, Czechoslovakia"
545,"Namaqualand, South Africa"
546,"Golling, Salzburg, Austria"
547,"Kap der guten Hoffnung, South Africa"
548,"Capland, South Africa"
549,South Africa
554,"Gressoney, Piemonte, Italy"
559,"Mont Géry, France"
560,"Luchon, France"
562,"Tête Noire, Savoie, France"
563,"Moncamp, Haute Garonne, France"
567,"Redwitz, Germany (Marktredwitz)"
568,"Killiney Hill, Dublin, Ireland"
569,"Mina Sta. Lucia near Timotes, Venezuela"
571,Awranomainta
573,"Bamber, Norway"
575,"Zinnwald, Erzgebirge, Bohemia, Czechoslovakia"
578,Nordamerika
579,"Chester County, Pennsylvania, USA"
580,"Delaware County, USA"
582,"Goshen, Massachusetts, USA"
584,"Lewis County, New York, USA"
585,"Rossie, New York, USA"
586,"Bitterspath, Tirol, Austria"
587,Narcel
589,"Toal de Rizzoni, Monzoni, Fassatal, Tirol, Italy"
598,"Jamestown, California, USA"
599,"Ahrntal, Tirol, Austria"
600,"Natural Bridge, Lewis County, New York, USA"
602,"Sterling Mine, Morris, New Jersey, USA"
603,"Vroomans Lake, Jefferson City, New York, USA"
605,"Bastogne, Belgium"
606,Utö
607,"Malomiritz, Brno, Czechoslovakia"
608,"Vermont, USA"
609,"Lenni, Delaware, USA"
611,"St. Lawrence County, New York, USA"
615,"Hermannschlag, Moravia, Czechoslovakia"
616,"Fort Dauphin, Süd-Madagaskar"
617,"Schwarzenstein, Zillertal, Tirol, Austria"
620,"St. Dennis, Cornwall, United Kingdom"
621,"Bärner, Grengiols, Valais, Switzerland"
636,"Suomi, Finland"
291,"Baikal-See, USSR"
293,"Eup, Haute Garonne, France"
295,"Hoff Egg, Norway"
302,"Hebron, Maine, USA"
304,"Island Oevre Arö, Norway"
309,"Volpersdorf, Silesia, Poland"
310,"Kupferberg am Fichtelgebirge, Bavaria, Germany"
312,"Baste, Harz, Germany"
314,"Ultental, Tirol, Austria"
317,"Zoar near Aloisthal, Moravia, Czechoslovakia"
318,"Zara, Ischia, Italy"
320,"Langesundfjord, Norway"
322,"Ruma, Guinea"
324,"Tiarno, Monte Baldo, Italy"
325,"Bergenhill, New Jersey, USA"
326,"Riverside, California, USA"
327,"Gökum, Sweden"
329,"Mt. Atlas, Nordafrika"
334,"St. Marcel, Aosta, Piemonte, Italy"
335,"Berggiesshübel, Saxony, Germany"
342,"Alpe Mussa, Val d'Ala, Piemonte, Italy"
354,"Pompeji, Vesuv, Italy"
356,"St. Lawrence County, New York, Fine, USA"
357,"Papineauville, Canada"
359,"Varkö, Banat, Romania"
362,"Sala, Sweden"
369,Guron
370,"Savoyen, France"
372,"Valtellina (Veltlin), Italy"
374,"Libbiola, Italy"
376,"Beirut, Lebanon"
377,"Neurode near Glatz, Germany"
378,"New Jersey, USA"
379,"Sterling, New York, USA"
380,"Franklin, Sussex County, New Jersey, USA"
386,"St. Marcel, Aosta, Italy"
389,"Trioletgletscher, Piemonte, Italy"
392,"Boroslaw, Bohemia, Czechoslovakia"
396,"Stromboli, Italy"
397,"Ätna, Sizilien, Italy"
401,"Nicolosi, Sizilien, Italy"
407,Brausenberg
409,"Eifel, Rheinland, Germany"
410,Andernach
411,Java
413,New Ireland
641,"Lago della Vacca, Italy"
643,"Schischimskaja Gora, Ural, Russia"
646,"Island Naxos, Greece"
647,"Tanfers, Pustertal, Südtirol, Italy"
648,"Chester, Massachusetts, USA"
649,"Phillippstadt, Värmland, Sweden"
653,"Nordmarken, Sweden"
656,"Cheyenne Canon, Colorado, USA"
657,"Ottré, Ardennen, France"
659,"Ottré, Ardennen"
660,"Kossoibrod, Ural, USSR"
661,"Fellital, Uri, Switzerland"
663,"Slatoust, Ural, USSR"
664,"Schischimskaja Gora, Ural, USSR"
667,"West Chester, Pennsylvania, USA"
677,"Wildkreuzjoch, Tirol, Austria"
678,"Zuckmantel, Silesia, Poland"
679,"Antwerpen, New York, USA"
681,"New York, USA"
682,"Saalfeld, Thuringia, Germany"
684,"Baltimore, Maryland, USA"
687,"Kyschtinsk, Ural, USSR"
689,"Disgrazia Süd-Wand, Italy"
691,"Verona, Italy"
693,"Garda-See, Italy"
696,"Bamberg, Germany"
697,"Bayreuth, Bavaria, Germany"
699,"Wheal Jane, Cornwall, United Kingdom"
700,"Planitz near Zwickau, Saxony, Germany"
701,"Schlossböckelheim, Rheinhessen, Germany"
702,"Island X, Rotes Meer, Israel"
703,"St. John's Iceland (Zebirget), Rotes Meer, Egypt"
704,"Orange County, New York, USA"
706,"Arbesau, Bohemia, Czechoslovakia"
709,"Poër Tournaut, Ardèche, France"
710,"Ahnengraben, Kassel, Germany"
711,"Habichtswald, Kassel, Germany"
712,"Hohenberg, Göttingen, Harz, Germany"
713,"Dotzweiler, Eifel, Rheinland, Germany"
714,"Smilkov, Votice, Czechoslovakia"
716,"Fayal, Azoren, (Spain od. Portugal)"
725,"Pisek, Bohemia, Czechoslovakia"
736,"Mount Antero, Colorado, USA"
741,"Takomaja, Ural, Russia"
744,"Jekaterinburg, Ural, Russia"
752,"Sparta, New Jersey, USA"
754,"Brewster, New York, USA"
757,"Stanswick, Degero, Finland"
760,"Boden, Saxony, Germany"
1033,"Dallas Gem Mine, San Benito, California, USA"
1034,"Chinkuashin Mine, Taiwan"
1035,"Ikuno Mine, Honshu, Japan"
1036,"Idarado Mine, Duray, Colorado, USA"
1038,"Ajax Mine, Cripple Creek, Colorado, USA"
1039,"Franceville Mine, Mounana, Gabun"
1041,"Manhattan Mine, Nevada, USA"
1042,"Mina Ojuela, Mapimi, Durango, Mexico"
1043,"Oberzell, Bavaria, Germany"
1044,"Szuseny, Hungary"
1045,"Liosa, Sweden"
1048,"Adra Almeria, Spain"
1053,"Käder, Bohemia, Czechoslovakia"
1054,"Monte Catenaccio, Piemonte, Italy"
1058,"Frascati near Rom, Italy"
1059,"Dobschau, Hungary"
1061,"Corte del Re, Sarano, Toscana, Italy"
1062,"Schneeberg, Sterzing, Tirol, Austria"
1064,"Reichensteingrube (Silesia, Poland Banat, Romania)"
1065,"Vaskö, Banat, Romania"
1066,"Donatzka, Banat, Romania"
1067,"Banat, Romania"
1068,"Moraviera, Banat, Romania"
1071,"Nassau, Germany"
1072,"Breitenbrunn, Saxony, Germany"
1073,"Wurlitz, Bohemia, Czechoslovakia"
1076,"Kawarti, Japan"
1079,"Meronitz, Bohemia, Czechoslovakia"
1084,"Wyssokaja, USSR"
1086,"Magnet Cove, Arkansas, USA"
1096,"Goldenstein, Moravia, Czechoslovakia"
1097,"Oetztal, Tirol, Austria"
1101,"Cabo de Gata, Spain"
1102,"Passeyr, Schneeberg, Tirol, Austria"
1105,Chamouny (France)
1106,"Findling, Mecklenburg, Germany"
1107,"Linhorka near Bilina, Bohemia, Czechoslovakia"
1108,"Wilui-Fluss, Sibirien, USSR"
1111,"Mündung des Achtaragda i. d. Wilui-Fluss, Sibirien, USSR"
1112,"Vapenna, Zulova, Silesia, Poland"
1113,"Xalostoc Morelos, Mexico"
1114,"Xalostoc District v. Cuautla, Mexico"
1118,"Trapezveden, Banat, Romania"
1119,"Donegal, Ireland"
1131,"Gotthausberg near Friedeberg, Silesia, Poland"
1132,"Pic d'Arbizon, Pyrénées, France"
1134,"Morelos, Mexico"
1136,"Cava Sferlun, Franscia, Province Sondrio, Italy"
1138,Ghatsgebirge
1142,"Bodö, Norway"
1144,Nordland
1147,"Arford, Canada"
1165,"Canzocoli, Fassa, Tirol, Italy"
1168,"Terta Ciarva, Italy"
1179,"Eger, Bohemia, Czechoslovakia"
1181,"Hasslau, Bohemia, Czechoslovakia"
1182,"Wunsiedel, Fichtelgebirge, Bavaria, Germany"
1190,"Sanford, Maine, USA"
1194,"Tellemarken, Norway"
1196,"Frugard, Finland"
1197,"Christiansand, Norway"
1198,"Egg, Norway"
1202,"Bourg d'Oisans, Dauphiné, France"
1207,"Hasserode, Dumkahental, Germany"
1208,"Teinach, Germany"
1209,"Aragon, Spain"
1212,"Stambach, Fichtelgebirge, Bavaria, Germany"
1214,"Comm. De Corn, Dauphiné, France"
1215,"Glenco, Scotland, United Kingdom"
1216,"Inyo County, California, USA"
1217,"Silböhle, Finland"
1219,"Kimito, Finland"
1220,"Ofenhorn, Binntal, Valais, Switzerland (italienische Seite)"
1223,"Gillenbeck, Norway"
1231,"Untersulzbach, Tirol, Austria"
1236,"Pinzgau, Austria"
1238,"Obersulzbach, Austria"
1240,"Riddarhyttan, Bastnaes, Sweden"
1242,"Werchotune, Czechoslovakia"
1243,"Edenville, Orange County, New York, USA"
1244,"Ontario, Canada"
1245,"Finbo near Falun, Sweden"
1246,"Bastuasgrube near Riddarhyttan, Sweden"
1507,"Andreasberg, Harz, Germany"
1511,"Death Valley, Inyo County, California, USA"
1512,"Los Angeles, California, USA"
1516,"Oeste-Kjenlie, Arendal, Norway"
1518,"Nödelbroe, Mine Arendal, Norway"
1519,"Serra del Zanchetti, Appennin near Bologna, Italy"
1520,Toggian
1521,"Valle Grande near Casarza, Sestri Levante, Italy"
1535,"Apopley Cliff., Lake Superior, Michigan, USA"
1536,"Poonah, Ostindien"
1537,"Fairfax Quarry Centreville, Virginia, USA"
1538,"Hesse, Germany"
1539,"Cyklopen-Inseln near Aci Trezza, Aetna, Sizilien, Italy"
1542,"Giants Causeway, Ireland"
1545,"Hohlweg, südl. v. Castelnuovo"
1548,"Ciamol, Fassa, Tirol, Italy"
1549,"Le Talle, Fassatal, Tirol, Italy"
1556,"Duingen near Kassel a. d. Weser, Germany"
1557,"Jakuben, Bohemia, Czechoslovakia"
1558,"Kahler Berg near Jakuben, Bohemia, Czechoslovakia"
1559,"Mosern, Gegend v. Usti nad Labem (Aussig), Bohemia, Czechoslovakia"
1561,"Schlosel, Bohemia, Czechoslovakia"
1564,"Salesl near Usti nad Labem (Aussig), Bohemia, Czechoslovakia"
1570,"Schären near Brevig, Langesund, Norway"
1572,"Linz am Rhein, Germany"
1574,"Val dei Zuccanti, Valdagno, Vicenza, Italy"
1575,"Nova Scotia, Canada"
1586,"Königstein, Bilin, Bohemia, Czechoslovakia"
1589,"Port Glasgow, Renfrewshire, Scotland, United Kingdom"
1591,"Hauenstein, Bohemia, Czechoslovakia"
1594,"Dunbarton, Scotland, United Kingdom"
1595,"Ekkefjord, Ost-Island"
1597,"Berufjord, Iceland"
1599,"Strontian, Scotland, United Kingdom"
1605,"Argyetshire, Scotland, United Kingdom"
1609,"Bombay, India"
1611,"Driolepalle, Fassa, Tirol, Italy"
1613,"Frakfort, Philadelphia, USA"
1614,"Prospect Park, New York, USA"
1617,"Estado Rio Grande do Norte, Brazil"
1626,Ost-Island
1631,"Tufler Loch, Fassa, Tirol, Italy"
1632,"Flodigarry, Isle of Skye, Scotland, United Kingdom"
1643,"Bistenfeld, Oberstein, Germany"
1644,"Acquacetosa, 8 km nördl. Rom, Italy"
1649,"Stempel, Marburg, Germany"
1650,"Albano, Colli Albani near Rom, Italy"
1656,"Portrush, Ireland"
1657,"Pufler Loch, Fassa, Tirol, Italy"
1659,"Castello Aci, Calabria, Italy"
1660,"Aetna, Aci Castello, Sizilien, Italy"
1664,"Hasel near Kamnitz, Bohemia, Czechoslovakia"
1665,"Lowositz, Bohemia, Czechoslovakia"
1667,"Tschersink near Usti nad Labem (Aussig), Bohemia, Czechoslovakia"
1669,"Tschersink, Bohemia, Czechoslovakia"
1670,"Rübendörfel, Leitmeritz, Usti nad Labem (Aussig), Bohemia, Czechoslovakia"
1675,"Bertschweiler near Zweibrücken, Germany"
1677,"Ivo Dolanda, Nova Scotia, Canada"
1678,"Glenarm, Ireland"
1681,"Parker Shaft Franklin, New Jersey, USA"
1682,"Collinwood, Victoria, Australia"
1683,"Jone's Falls, Baltimore, Maryland, USA"
1684,"Cap Sabach, Amur, USSR"
1685,"Korinti, Sumatra"
1686,"Richmond, Victoria, Australia"
1689,"Canajucta, Estad Bolivar, Venezuela"
1691,"Kimberley, South Africa"
1692,"Cap, South Africa"
1695,"Röraas, Norway"
1696,"Vallegas, Aragonien, Spain"
1697,"Borrowdale, Cumberland, United Kingdom"
1698,"Nan de Crépon, Montovert, Savoyen, France"
1699,"Mont Blanc, Chamonix, Haute-Savoie, France"
1701,Hafnerzell near Pafsa
1704,"v. d. Bergstrasse, Baden, Germany"
1707,"Black Donald Mine, Ontario, USA"
1708,"Satsuma Taremitsu, Japan"
1709,"Ratnapura, Sri Lanka"
1713,"Ost-Sibirien, USSR"
1714,"See Gelontschik near Miask, Ural, USSR"
1715,"Gelontschik near Miask, Ural, USSR"
1716,Tunka
1717,"Oltscheren, Brienzwiler, Bern, Switzerland"
1719,"Artefakt, Hochofenprodukt"
1721,St. Beat (France)
1722,"Lauenstein, Hannover, Germany"
1723,"Bex, Vaud, Switzerland"
1724,"Sublin near Bex, Vaud, Switzerland"
1725,"Baden, Aargau, Switzerland"
1726,"Conil near Cadiz, Spain"
1728,"Libros, Aragonien, Spain"
1729,Poland
1730,"Radoboy, Croatia, Yugoslavia"
1731,"Kreisuvig, Iceland"
1733,"Kimberley Mine, Kimberley, South Africa"
1734,"Solfatara Giona, Racalmuto, Sizilien, Italy"
1737,"Aragonien, Sizilien, Italy"
1748,"Simplon-Eisenbahntunnel, Valais, Switzerland"
1749,"Pardatsch, Tujetsch, Grisons, Switzerland"
1750,"Val Giuv, Tujetsch, Grisons, Switzerland"
1751,"unterhalb Carschenna, Sils im Domleschg, Grisons, Switzerland"
1752,"Igels, Peiden, Suraua, Grisons, Switzerland"
1758,"Schwefelgrube Lercara dei Friddi, Palermo, Sizilien, Italy"
1768,"Liparische Inseln, Italy"
1769,"Island Vulcano, Liparische Inseln, Italy"
1770,"Krater Uson auf Kamtschatka, USSR"
1771,Gipfel des Avatscha-Vulkans
1772,"Kairo, Egypt"
1773,"Gipfel des Pic auf Teneriffa, Kanarische Inseln, Spain"
1774,"Pic auf Teneriffa, Kanarische Inseln, Spain"
1775,"Clear Lake Lake County, California, USA"
1776,"Geysir Yellowstone Park, USA"
1777,"San Luis de Huascama, Mexico"
1778,"Romagna, Italy"
1781,"Ferrara, Italy"
1783,"Toscana, Italy"
1784,"Cesena, Sizilien, Italy"
1785,"Samsoner Firste, Andreasberg, Harz, Germany"
1786,"Province Echizen, Westküste von Japan"
1790,"Wittichen, Schwarzwald, Baden, Germany"
1792,Facebay
1793,"Wheal Sparnon, Cornwall, United Kingdom"
1794,"Potosi y Milluni, Bolivia"
1797,"Froburg, Trimbach, Solothurn, Switzerland"
1801,"Allemont, Dépt. Isère, France"
1803,"Cerritos, Mina de Huascama, San Luis, Mexico"
1807,"Kremnitz, Hungary"
1811,"Radhausberg near Böckstein, Salzburg, Austria"
1812,"Heinzenberg near Zell, Zillertal, Tirol, Austria"
1813,"Feuillat near Brusson, Val de l'Evançon, Piemonte, Italy"
1814,"Mt. Polé, Brusson, Piemonte, Italy"
1815,"Brusson, Piemonte, Italy"
1816,"Fluss Aveyron, Chamonixtal, France"
1817,"La Gardette, Dauphiné, France"
1818,"Gotthard-Eisenbahntunnel, Airolo, Ticino, Switzerland"
1819,"aus der kleinen Emme, Lucerne, Switzerland"
1820,"Calanda, Felsberg, Grisons, Switzerland"
1828,"Baiza, Hungary"
1831,"Vöröspatak, Alba, Romania"
1836,"Ballarat, Victoria, Australia"
1838,"Johannesburg, Transvaal, South Africa"
1842,"Karamütschewsk, Altai, USSR"
1843,"Smigragorsk, Altai, USSR"
1844,"Semeonowsk, Altai, USSR"
1846,"Tomsk, Sibirien, USSR"
1847,"Gang Iwanowski near Tscheliabinsk, USSR"
1848,"Balaco, Cueritas, Chile"
1849,Uruguay
1850,"oberer Rio Sinu, Colombia"
1851,"Cerro Colorado, Chihuahua, Mexico"
1852,"Cienega, Sonora, Mexico"
1853,"Butte County, California, USA"
1855,"Placerville, California, USA"
1856,"Montana, USA"
1863,"Eldorado, Creath., Regio Canada"
1864,"Janneau City, USA"
1865,"Yukon River, Alaska, USA"
1866,"Boulder Creek Atlas, British Columbia, Canada"
1867,"Vancouver, British Columbia, Canada"
1868,"Rativorcitz, Bohemia, Czechoslovakia"
1873,"Mine Himmelsfürst, Freiberg, Saxony, Germany"
1877,"Mine ""Gabe Gottes"", Johanngeorgenstadt, Saxony, Germany"
1878,"Friedrichsegen near Ems, Nassau, Germany"
1879,"Schlangenberg, Sibirien, USSR"
1890,"Minnesota-Mine, Lake Superior (Canada od. USA)"
1892,"Copper River, Cordoba, Alaska, USA"
1893,"Phoenix Mine, Michigan, USA"
1894,"Tie Siding, Wyoming, USA"
1895,"Mina San Bartolomé, Colquechaca, Province Chayanta, Bolivia"
1897,"Colquechaca, Province Chayanta, Bolivia"
1898,"Allagas near Colquechaca, Province Chayanta, Bolivia"
1903,Peru
1906,"Mineral del Monte, Mexico"
1909,"Calumet Mine, oberhalb Michigan-See, USA"
1910,"Comstock Lead, Waskoe County, Nevada, USA"
1911,"Wolverine Lode, Michigan, USA"
1914,"Moschellandsberg, Pfalz, Germany"
1915,"Moschel, Zweibrücken, Germany"
1917,"Königszug, Bavaria, Germany"
1918,"Zweibrücken, Germany"
1919,"Stahlberg near Zweibrücken, Germany"
1920,"Almaden, Spain"
1921,"Kana, Hungary"
1924,"Relistianmine, Cornwall, United Kingdom"
1927,"Monte Catini, Val di Cecina, Province Pisa, Italy"
1929,"Moldassra, Banat, Romania"
1931,"Mine Bergmannstrost, Nassau, Germany"
1932,"Rammelsburg, Harz, Germany"
1934,"Mansfeld, Ost-Harz, Germany"
1938,"Reichenbach near Oberstein, Germany"
1939,"Corocoro, Bolivia"
1941,Cuba
1950,"Sierra Gorda, Antofagasta, Chile"
1953,"Hecla + Calumet Mine, Keweenawa Point, Lake Superior, USA"
1955,"Bogoslawsk, Ural, USSR"
1960,"Bisbee, Arizona, USA"
1961,"Cleveland, Ohio, USA"
1963,"Isle Royale, Lake Superior (Canada od. USA)"
1964,"Minnesota, USA"
1965,"Georgetown, New Mexico, USA"
1970,"Cliff Mine, Lake Superior, Michigan, USA"
1978,"Perm, Ural, USSR"
1982,"Chocco, Peru"
1983,Südamerika
1984,Borneo
1987,"Nischne Tagilsk, Ural, USSR"
1988,"Miakornate, Greenland"
1989,"Ovifac, Greenland"
1990,"Mine Pizzano, Comaja, Chile"
2001,"Alzen, Ariège, Pyrénées, France"
2002,"Minen von Baranut, France"
2006,"Allchar, North Macedonia, Yugoslavia"
2012,"Tajossa, Hungary"
2013,"Thajoba, Hungary"
2014,"Bosnia, Yugoslavia"
2017,"Mazurka, Hungary"
2019,"Pummau, Bohemia, Czechoslovakia"
2023,"Minen v. Ouche near Massiac, France"
2024,"Andreasberg near Graz, Austria"
2025,"Wolfsberg, Harz, Germany"
2027,"Stollberg, Harz, Germany"
2028,"Schubkau, Hungary"
2029,Coldbeckfell
2030,"Malaczka, Hungary"
2032,"Braunsdorf near Freiberg, Saxony, Germany"
2034,Süd-Japan
2037,"Eidsvald, Queensland, Australia"
2041,"Bamford, Queensland, Australia"
2043,"Joachimstal, Bohemia, Czechoslovakia"
2047,"Talèfre, Chamonix, Haute-Savoie, France"
2048,"Tacul-Gletscher, Montblanc, France"
2049,"Montblanc, France"
2052,"Pajsberg, Sweden"
2053,"Biggendem, Queensland, Australia"
2059,"Altenstadt, Germany"
2060,Mö
2061,"Mo.-Mine von Azegour, Haut Atlas, Morocco"
2065,"Mine de Chassagne, Comm. De St. Just, France"
2067,"Horhausen, Kreis Altenkirchen, Koblenz, Germany"
2068,"Stollberg, Aachen, Germany"
2069,"Bleiberg near Commern, Rheinpreussen, Germany"
2071,"Kautenbach near Bernkastel, Mosel, Germany"
2072,"Bernkastel, Mosel, Germany"
2075,"Barbach near Dillenburg, Nassau, Germany"
2076,"aus dem Neuborn near Oberehorst, Germany"
2077,"Call = Zell, Eifel, Rheinland, Germany"
2078,"Mine Silbersegen, Claustal, Harz, Germany"
2081,"Hahnenklee, Harz, Germany"
2082,"Bleifeld near Claustal-Zellerfeld, Harz, Germany"
2093,"Siegen, Nassau, Westfalen, Germany"
2094,"Burbach, Siegen, Nassau, Westfalen, Germany"
2096,"Raumelsberg, Germany"
2097,Lasptre
2098,"Salchendorf, Westfalen, Germany"
2103,"Przibram, Bohemia, Czechoslovakia"
2106,"Tarnowskie Gory, Poland"
2107,"Annaberg, Saxony, Germany"
2120,"Crabioules, France"
2122,"Huelgoet, Bretagne, France"
2123,"Pezay, Savoyen, France"
2124,"Pormenaz, Savoyen, France"
2125,"Mine de la Sourde near Servoz, Savoyen, France"
2126,"Mine de la Vaudagne near Servoz, Savoyen, France"
2128,"Touly near Servoz, Savoyen, France"
2129,"Rodna, Transylvania, Romania"
2133,"Banska Stiavnica (= Schemnitz), Czechoslovakia"
2137,"Polinos, westl. Kykladen, Greece"
2138,"Arrosow, Estonia"
2140,"Kallmosagrube Norberg, Sweden"
2142,"Massoe-Mine near Gerham, England, United Kingdom"
2144,"New Glencrieff-Mine, Scotland, United Kingdom"
2146,"Durham, Cumberland, United Kingdom"
2147,"Thorntwarte, Cumbriae, United Kingdom"
2151,"Welkenrath, Belgium"
2152,"Minas de Liat, Vallée d'Aron, Spain"
2153,"Mina Manezuela, Sevilla, Spain"
2154,"Laguna Puguios near Santiago, Chile"
2155,"Estado, San Paola, Brazil"
2156,"Mount Isa, Queensland, Australia"
2157,"Qual Rabah, Tunisia"
2158,"Wisconsin, USA"
2159,"Wallace Mine, Idaho, USA"
2160,"Bernard Mount, Custer County, Idaho, USA"
2161,"Mine Blyklippen near Mestersvig, Greenland"
2163,"Sierra de los Organos, New Mexico, USA"
2164,"Flositas Berge, New Mexico, USA"
2166,"Arkansas, USA"
2167,"Illinois, USA"
2169,Bichur
2174,"Löling, Kärnten, Austria"
2175,"Edenville, New Jersey, USA"
2179,"Modum, Norway"
2183,Ilfüringarad
2189,Linbar
2190,"Annaberg, Erzgebirge, Saxony, Germany"
2195,"near Freiberg, Saxony, Germany"
2196,Ofnenburg
2204,"Limburg, Nassau, Germany"
2207,"Mine Merkur, Ems, Nassau, Germany"
2209,"Densbach, Dillenburg, Nassau, Germany"
2211,"Nanzenbach near Dillenburg, Nassau, Germany"
2212,"Mine Heinrichssegen, Müsen, Westfalen, Germany"
2213,"Müsen, Westfalen, Germany"
2214,"Laspe, Westfalen, Germany"
2215,"Ramberg near Daaden, Altenkirchen, Germany"
2216,"Karsbach a. d. Kautenbach, Germany"
2217,"Saargebiet, Germany"
2219,"Kamsdorf, Thuringia, Germany"
2220,"Mansfeld, Harz, Germany"
2222,"Marienberg near Freiberg, Saxony, Germany"
2228,"Bukov, Tisnov, West-Mähren, Czechoslovakia"
2229,"Bystrice nad Pernstejnem, Czechoslovakia"
2233,"Outokumpu, Kuwsjärvi, Finland"
2234,"Carabioules, Pyrénées, France"
2235,"Vaudagne, Mont Blanc, Chamonix, Haute-Savoie, Rhône-Alpes, France"
2236,"Vallée de Baigory, France"
2243,"Ht. Atlas, Nordafrika"
2244,"Mount Molloy, Queensland, Australia"
2246,"Rio Blanca near Rancagua, Santiago, Chile"
2247,"Bgwk. Bei Tiflis, Kaukasus, Georgia, USSR"
2248,"Knauertown Chester + Co., Pennsylvania, USA"
2249,"Gegend von Görlitz, Silesia, Poland"
2250,"Jachymov, Czechoslovakia"
2252,"Brummerjakri near Zorge, Harz, Germany"
2253,"Tilkerode, Harz, Germany"
2254,"Zorge am Harz, Germany"
2261,Finnibury
2277,"Frankenberg, Hesse, Germany"
2278,"Mine aus Altai, USSR"
2279,"Zalathna, Transylvania, Romania"
2282,"Berro Berge, New Mexico, USA"
2283,USA
2284,"Bristol, Connecticut, USA"
2285,"Lufusi, Tanganjika, Tanzania"
2286,"Namagualand, South Africa"
2289,"Cooks Kitchen, Cornwall, United Kingdom"
2293,"Mine Samson, Andreasberg, Harz, Germany"
2297,"Wolfach, Kinzigtal, Schwarzwald, Germany"
2298,"Bayrische Pfalz, Germany"
2300,"St. Aray, Dépt. Isère, France"
2301,"Herzowitz, Bohemia, Czechoslovakia"
2302,"Olpe, Westfalen, Germany"
2303,"Pfalz, Germany"
2305,"Landsberg, Pfalz, Germany"
2307,"Rheinbayern, Germany"
2308,"Dorflburg, Germany"
2318,"Libiani, Appennin, Toscana, Italy"
2323,"M. Abetina, Province Siena, Italy"
2324,"Kilkivan, Queensland, Australia"
2327,"Coudiat Stah near Fedji M'Zala, Algeria"
2330,"Huang Hsien, Province Hunan, China"
2331,"Djambi, Sumatra"
2333,"Nikitowka, USSR"
2338,"Rambler Mine, Wyoming, USA"
2339,"Mansfeld near Göttingen, Harz, Germany"
2340,"Badenweiler, Schwarzwald, Germany"
2348,"Offenbanya, Transylvania, Romania"
2351,"Lake View, Kalgoolie, Western Australia, Australia"
2352,"Rheinpfalz, Germany"
2357,"Horbach, Todtmoos, Waldshut, Baden-Württemberg, Germany"
2358,"Pavola, Finland"
2360,"Botkino, Italy"
2362,"Herja, Transylvania, Romania (Kisbanya near Cluj, Hungary)"
2364,"Treseburg, Harz, Germany"
2370,"Lancaster, Pennsylvania, USA"
2372,"Bellmunt, Tarragona, Spain"
2373,"Gladenbach, Hesse, Germany"
2374,"Saarbrücken, Germany"
2375,Spatheisenstein
2376,"Montenarba Sarrabus, Sardinien, Italy"
2378,"Sangershausen, Thuringia, Germany"
2382,"Ambasaguas Logrono, Spain"
2385,"Montan castellan, Spain"
2386,"Valdenegrillos Logrono, Spain"
2387,"Pontibault, Auvergne, France"
2388,"près d'Erone, France"
2389,"Sâles au dessus de Servoz, Savoyen, France"
2390,"Gegend des Mont Blanc, Chamonix, Haute-Savoie, Rhône-Alpes, France"
2391,"Mont Blanc, Chamonix, Haute-Savoie, Rhône-Alpes, France"
2392,"Überg. In Branneis, Dauphiné, France"
2393,"Gisant, Dauphiné, France"
2395,"Saint Béat, Haute Garonne, France"
2396,"Pic du Midi, Basses Pyrénées, France"
2398,"Anzasca, Novara, Piemonte, Italy"
2411,"Ornavasco near Como, Italy"
2412,"Gegend von Domodossola, Italy"
2413,"Macugniaga, Piemonte, Italy"
2414,"Scarlino, Italy"
2416,"Villamanin, Province Léon, Spain"
2417,"Osterode, Harz, Germany"
2418,"Elbingrode, Harz, Germany"
2421,Gersdorf
2423,"Mine ""Neuer Segen"", Altenau am Harz, Germany"
2425,"aus dem Dillenburgischen, Nassau, Germany"
2426,"Lobenstein, Thuringia, Germany"
2427,"Vlotho, Westfalen, Germany"
2431,"Lippe, Detmold, Germany"
2434,"Bretzwil, Basel-Landschaft, Switzerland"
2437,"Larga-Grube, Zalathna, Transylvania, Romania"
2439,"Brodina, Bukovina, Romania"
2465,"Kolkima, Finland"
2466,"Kurküll near Wesenberg, Estonia"
2469,"Tavistock, Devonshire, United Kingdom"
2473,"Lostwithiel, Cornwall, United Kingdom"
2474,"Folkestone, Kent, England, United Kingdom"
2476,"Mine Herborton, Queensland, Australia"
2477,"Rockhampton, Queensland, Australia"
2481,"Garston County, North Carolina, USA"
2483,"Rikuzen, Japan"
2486,"Sinano, Fake-shi-musa, Fujiyama, Japan"
2492,"Holzapfel (Holzappel an der Lahn, Germany)"
2493,"Prescott, Arizona, USA"
2494,"Chanaral, Chile"
2495,"Ocoa near Valparaiso, Chile"
2496,"Vesoul, France"
2497,"Kohleminen von St.-Etienne, Dépt. Rhône, France"
2498,"Gault's, Folkestone, Kent, England, United Kingdom"
2506,"Ossegg, Bohemia, Czechoslovakia"
2509,"Gatena, Ill."
2512,"Grawitza, Banat, Romania"
2515,"Munzig, Saxony, Germany"
2563,"Dolores, Mexico"
2574,"Sarrabus, Sardinien, Italy"
2581,"vom Himmelsfürst, Freiberg, Saxony, Germany"
2588,"Weilburg, Nassau, Germany"
2589,"Anhalt Schauenburg, Germany"
2590,"Siegenschon, Rhein, Germany"
2592,"Horhausen, Unter-Westerwald, Germany"
2593,"Mine St. Georg, Horhausen, Unter-Westerwald, Germany"
2594,"Hornhausen, Germany"
2601,"Gant im Ober-Inntal, Austria"
2602,"Wetzel v. Schwaz, Tirol, Austria"
2609,"Merger Mine, Nevada, USA"
2611,"Gasilanes, Sierra Madre, Mexico"
2612,"Liskeard, Cornwall, United Kingdom"
2619,"Endellion, Cornwall, United Kingdom"
2620,"Oruro, Bolivia"
2633,"Hiendelacina, Spain"
2644,"Battina, Toscana, Italy"
2651,"Servoz, Savoyen, France"
2652,"Pospo, Bolivia"
2656,"Matzenköpfe near Brixlegg, Tirol, Austria"
2657,"Corso Blanco, Chile"
2518,"Shaft ""N. Morgenstein"" near Freiberg, Saxony, Germany"
2524,"Island Eltön, Sweden"
2525,"Hakansboda, Örebro Län, Sweden"
2528,"Carn, Cornwall, United Kingdom"
2529,"Sulitjelma near Bodö, Norway"
2530,"Wolfram-Mine, Puy-les-Vignes, France"
2531,"Val Macuaga, Piemonte, Italy"
2533,"Valle Anzasca, Novara, Piemonte, Italy"
2534,"Valpelline, Piemonte, Italy"
2536,"Cloncurry, Queensland, Australia"
2538,Morada
2540,"Butte, Montana, USA"
2547,"Mapau, Siegen, Nassau, Westfalen, Germany"
2549,Zofrungmorgen
2661,"Constantine, Algeria"
2662,"Sansa near Constantine, Algeria"
2663,"Lachsee, Germany"
2666,"Kramat Pulai, Ipoh, Perak, Malaya"
2667,"Rocia near Siena, Toscana, italien"
2668,"Hyncina, Moravia, Czechoslovakia"
2669,"Jehinokawa, Japan"
2670,"Esmeralda County, Nevada, USA"
2673,"Ullersreuth, Reuss, Germany"
2676,"Ain-el-Bebouch, Algeria"
2682,"Bockswiese near Claustal-Zellerfeld, Harz, Germany"
2683,"Loreleyfels am Rhein, Nassau, Germany"
2684,"Radwitz, Bavaria, Germany"
2686,"Sallent de Gallega, Huesca, Spain"
2691,"Mine Fenillaz near Brusson, Val d'Aosta, Italy"
2692,"Carrara, Italy"
2694,"Meylan, Dépt. Isère, France"
2696,"Meylan, Dauphiné, France"
2698,"Pic Fourcanade, France"
2699,"Font de Caillet, Montanvert, Switzerland"
2701,"Fluss Tisa (Theiss), Maramures (Komitat Maramaros), Romania"
2702,"Elsewhere, North Carolina, USA"
2703,"Pikes Peak, Nevada, USA"
2706,"Herkimer County, New York, USA"
2710,"Hochplateau Bongolasa, Madagascar"
2711,"Marais, Anranomainty, Madagascar"
2712,"Kupfermine Oum Thouboul near Tunis, Tunisia"
2713,Yamato
2714,"Geode, Japan"
2715,Kaukasus
2717,"Cristal Park, Pikes Peak, USA"
2718,"Hossi Mitsio, Province Diego, Madagascar"
2720,"Koki, Japan"
2723,"Haute Savoie, France"
2724,"Silesia, Poland"
2725,"Oldenburg, Germany"
2726,"Mina do Viaris, Baiao, Portugal"
2727,"Dôme du Goutes, Montblanc, France"
2738,"La Plata, Südamerika (Argentina)"
2739,"Esta do Goyab, Brazil"
2744,"Thunderbay, Lake Superior, Ontario, Canada"
2745,"Lake Superior, Canada"
2746,"Plateau von Marotaolana, Süd-Hualalgra, Madagascar"
2749,"Environs Marais, Anranomainty, Madagascar"
2750,"Geyer, Saxony, Germany"
2751,"Wolfs Island, Russia"
2753,"Kai-Murobara, Kimpotau, Japan"
2754,"Roche Mantel, sur Mont-de-Lans, Oisans, France"
2756,"Orni, Kwutagoro, Ohorimura, Japan"
2758,Kasbek
2760,"Guerro, Mexico"
2770,"Zellerfeld near Claustal, Harz, Germany"
2775,"Ehrenfriedersdorf, Saxony, Germany"
2777,"near Schneeberg, Saxony, Germany"
2780,"San Jago di Compostela, Spain"
2782,"Chella, Valencia, Spain"
2783,"Mte Acuto, Bolonais, Italy"
28078,"Petrified Forest Nationalpark, Arizona, USA"
2784,"Mte Reluaro, Toscana, Italy"
2788,"Passy near Paris, France"
2790,"Col de Bonhomme, Montblanc, France"
2791,"Nantes, France"
2793,"Beaumont sur Oise, Paris, France"
2795,"Berg Kozakov near Semil an der Iser, Bohemia, Czechoslovakia"
2800,"Cleaton-Moor, Cumberland, United Kingdom"
2801,"Bumbarton, Cumberland, United Kingdom"
2802,"Buxton, Derbyshire, United Kingdom"
2805,"Ostkordilleren, Colombia"
2806,"Passa-Fonda, Brazil"
2810,"Cliff Mine 800 Tiefe, Lake Superior, Michigan, USA"
2813,"Marais, Madagascar"
2814,"südöstl. V. Beramanja, Madagascar"
2815,Libysche Wüste
2816,Sahara
2818,"Namagualand, Afrika"
2821,Sri Lanka (Ceylon)
2822,"Soengi Serdang Dielapang, Sumatra"
2823,"Cap Kinkib, Kamtschatka, USSR"
2824,"Blaue Kuppe near Eschwege, Göttingen, Harz, Germany"
2825,"Racalmuto, Sizilien, Italy"
2827,"Perlenhardt, Siebengebirge near Bonn, Germany"
2829,"Muganem, Padua, Italy"
2832,"Gläserndorf, Silesia, Poland"
2835,"Gosau-See, Dachstein, Austria"
2838,"Holtenau, Germany"
2846,"Oppenau, Baden, Germany"
2852,"Färöer-Inseln, Denmark"
2853,"Haytor Iron Mine, Devonshire, United Kingdom"
2854,"Englische Ostküste, United Kingdom"
2855,"Le Havre, France"
2859,"Theiss, Tirol, Austria"
2860,"Vicentin (Vicenza, Italy)"
2861,"Trestyan, Transylvania, Romania"
2866,"Goyas, Brazil"
2867,"Montevideo, Uruguay"
2868,Paraguay
2870,"Sella, Brazil"
2871,"Rio Grande do Sul, Brazil"
2873,"Libysche Wüste, Libya"
2875,Egypt
2876,"Village Autanamena, Madagascar"
2879,"Hirato, Japan"
2880,"Idzumo, Tamatsukuri-göri, Japan"
2881,"Yechine, Tonami-göri, Japan"
2887,"Hof am Fichtelgebirge, Bavaria, Germany"
2889,"Altenau am Harz, Germany"
2890,"Kiffhäusen, Thuringia, Germany"
2893,"Vilbel near Frankfurt, Hesse, Germany"
2895,"Merano near Bolzano, Italy"
2896,"Puy Corny, Aurillac, France"
2897,"Gebirge der Cevennen, France"
2898,"Dépt. Du Doubs, Jura, France"
2899,"Environs de St.-Emillard, France"
2900,"l'Argentière, Dépt. Rhône, France"
2901,"Montandon, Auvergne, France"
2902,unknown
2903,"Higo Ashikita, Japan"
2906,"Béramboho, Madagascar"
2907,"Mwisi, Tanganjika, Tanzania"
2910,"Solito near San Francisco, California, USA"
2911,"Calaverao County, California, USA"
2912,"Salto Oriental, Uruguay"
2913,"Nesses, England, United Kingdom"
2914,"Vico del Gargano, Province Foggia, Italy"
2915,"Cervenica, Czechoslovakia"
2916,"aus dem Labyrinth near Hof, Fichtelgebirge, Bavaria, Germany"
2918,"Kosice, Czechoslovakia"
2919,"Kaschau, Hungary"
2922,"Oberassel near Bonn, Germany"
2924,"Eibenstock, Saxony, Germany"
2928,"Queretoro, Mexico"
2931,"Butla-Greek, Queensland, Australia"
2936,"Ziampan, Mexico"
2938,"Karamandscha, nordwestl. v. Skaphone"
2939,"Gegend von Brussa, Kleinasien, Turkey"
2940,"San Luis Poson, Mexico"
2941,"Sateyania, Etchu, Japan"
2944,"St. Fiora, Toscana, Italy"
2945,"Walschin, Bohemia, Czechoslovakia"
2947,"Hanau, Hesse, Germany"
2949,"St. Ouen near St.-Denis, Paris, France"
2950,"Tours, France"
2955,"Frankfurt am Main, Germany"
2964,"Schottische Inseln, United Kingdom"
2971,"Seva, Transylvania, Romania"
2979,"Pfau, Bohemia, Czechoslovakia"
2984,"Nerang, Queensland, Australia"
2985,"Sierra de Jalpan, Mexico"
3222,"St. Agnes, Cornwall, United Kingdom"
3223,"Alghero, Sassari, Sardinien, Italy"
3227,"Vilmenberg near Rheinbreitenbach südl. Bonn, Germany"
3229,"Kaisersteimel, Rheinland, Germany"
3232,"Mount Oxide, Queensland, Australia"
3236,"Morenci, Arizona, USA"
3240,"Gumeschewskor, Rep. Jekaterinburg, Ural, USSR"
3243,"Thuringia, Germany"
3244,"Neuenburg, Württemberg, Germany"
3246,"Amossoberg, Piemonte, Italy"
3247,"Biella, Piemonte, Italy"
3250,"St.-Elbe, Loire, France"
3251,"Wolfshau, Riesengebirge (Czechoslovakia od. Poland)"
3254,"Toronto, Ontario, Canada"
3259,"South Carolina, USA"
3260,"Franklin, North Carolina, USA"
3262,Tibet
3263,India
3265,"Madras, India"
3266,Ostindien
3268,Sumatra
3269,"Borsowka, USSR"
3270,"Mursinsk, USSR"
3271,"Borsowka, Kyschtimsk, Ural, USSR"
3272,"Ludwika, Sweden"
3273,Siebenburg
3276,"Donnersberg, Pfalz, Germany"
3277,Appenau
3279,"Soonwald, Kreuznach, Germany"
3283,"Aetna, Sizilien, Italy"
3288,"Porto, römische Küste, Italy"
3289,"Château de Salm, Belgium"
3292,"S. Charmoj, France"
3296,"Puy de Dôme, Auvergne, France"
3329,"Island Ascension, United Kingdom"
3330,"Bouta, Algeria"
3331,Algeria
3332,"Cap Falcon, Alger, Algeria"
3333,"Hoher Atlas, Algeria"
3335,"Schabry, Ural, USSR"
3336,"Rwas, Sumatra"
3338,Spitzleite near Schneeberg
3342,"Sächsisches Erzgebirge, Germany"
3345,"Ilefeld, Harz, Germany"
3349,"Winkelwald, Nassau, Germany"
3351,"Iserlohn, Westfalen, Germany"
3352,"Minden, Germany"
3355,"Cantabrische Berge, Asturien, Spain"
3356,"Almeria, Spain"
3360,France
3363,"Nassi Bux, Madagascar"
3367,"Egersund, Norway"
3371,"Walamo am Ladogasee, St. Petersburg, USSR"
2988,"Quito, Mexico"
2989,"Ebene Ambalarafio, Madagascar"
2990,"Colline Bétomba, Madagascar"
2992,"Little York, California, USA"
2996,"Batavia, Java"
2997,"Uduwela near Kandy, Sri Lanka"
3001,"Nikolajewsk, Altai, USSR"
3002,Argentina
3003,"near Kianes, Süd-Island"
3005,"Rejkianoas, Süd-Island"
3007,"Zamuto, Hungary"
3010,"Krottensee, Bohemia, Czechoslovakia"
3012,"Sulz am Neckar, Germany"
3014,"Königsheim near Görlitz, Silesia, Poland"
3015,"Celebes, Indonesia"
3018,"Ménilmontant near Paris, France"
3019,"Menat, Auvergne, France"
3020,"St. Nectaire, Puy de Dôme, Auvergne, France"
3021,"Paris, France"
3023,"Champagne, France"
3027,"Yamashiro, Japan"
3029,"Stavern, Norway"
3030,"Lanswig, Norway"
3036,"Expailly-en-Velay, Südfrankreich"
3037,Riva Pozzolon
3039,"Iser, Bohemia, Czechoslovakia"
3041,Luach
3043,Ofitich
3044,"Parana, Brazil"
3045,"Camere, Argentina"
3046,"Quebrada del Tigre, Province Cordoba, Argentina"
3048,"Hybla, Ontario, Canada"
3049,"Audason, South Carolina, USA"
3051,"Buncombdie, North Carolina, USA"
3053,"Llano Ca., Texas, USA"
3055,Siam
3056,"Kandy, Sri Lanka"
3058,"Miask, Ilmengebirge, Ural, USSR"
3064,"Kischtimsk, Ural, USSR"
3068,"Langö, Norway"
3069,"Valencas, Spain"
3070,"Morcajuelo, Spain"
3074,"Montiers, Montblanc, France"
3075,"Krummkonnersdorf, Austria"
3077,"Serra de Caldas, Brazil"
3080,"Langesund, Norway"
3081,"Alexander County, North Carolina, USA"
3082,"Graves Mountains, Lincoln County, Georgia, USA"
3083,"Lincoln City, USA"
3085,"Sadsburg, Pennsylvania, USA"
3089,"Peyron d'Amont near La Grave, Dauphiné, France"
3093,"Magnet-Grave, Arkansas, USA"
3094,"Tremadoc, Wales, United Kingdom"
3096,"Astoud de Belac near Limoges, France"
3097,"Morbihan, France"
3098,"Lumbrales, Salamanca, Spain"
3099,"Erzgebirge, (Germany od. Czechoslovakia)"
3112,"Tincroft, Cornwall, United Kingdom"
3114,"Great Work Mine, Cornwall, United Kingdom"
3117,"Dolcoath, Cornwall, United Kingdom"
3119,"Krupka, Bohemia, Czechoslovakia"
3121,"Graupen, Bohemia, Czechoslovakia"
3123,"Cinwald, Bohemia, Czechoslovakia"
3133,"Island Tasmania, Australia"
3134,"Stanthorpe, Queensland, Australia"
3136,Island Banka
3137,"Malacca, Andamanen-Inseln, India"
3139,"Fluss Onon, Transbaikalien, USSR"
3141,"Blotna, Bohemia, Czechoslovakia"
3142,"Romanèche, Saône et Loire, France"
3146,"Harzburg near Ilefeld, Harz, Germany"
3148,"Elbinegrode, Harz, Germany"
3149,"Oehrenstock, Thuringia, Germany"
3151,"Elgersburg near Ilmenau, Thuringia, Germany"
3152,"Leisa near Battenberg, Hesse, Germany"
3153,Hadamar
3154,"Couloir Collaud, Mont Chemin, Bovernier, Valais, Switzerland"
3156,"Donaueschingen, Germany"
3161,"Neunkirchen near Wadern, Saarbrücken, Germany"
3162,"Krettnich, Germany"
3163,"Eiserfeld, Westfalen, Germany"
3165,"Mount Millar, Queensland, Australia"
3168,"Maryland, USA"
3838,"Meissner, Hesse, Germany"
28079,"Marekanka, Sibirien, USSR"
3847,"Tay de Adjuntas, Spain"
3848,"Mine de Mellado, Spain"
4419,"Jena, Germany"
4420,"Nordhausen, Germany"
4049,"Alston, Cumberland, United Kingdom"
4060,"Kall an der Urft, Germany"
4062,"Commern, Rheinpreussen, Germany"
4064,"Diepenlinchen, Aachen, Germany"
4065,"Monte Vecchio, Sardinien, Italy"
4067,"Welkenraedt, Belgium"
4073,"Anhaltschaumburg, Germany"
4080,"Headhills, Scotland, United Kingdom"
4082,"Wanlockhead, Scotland, United Kingdom"
4091,"Sidi Amer Ben Salem, Tunis, Tunisia"
4093,"Riddersk, Altai, USSR"
4094,"Mine Riddersk, Altai, USSR"
4096,"Emarase, Val d'Aosta, Italy"
4099,"Franscia, Val Malenco, Italy"
4101,"Lagunilla near Merida, Maracaibo, Venezuela"
4103,"Dundas, Island Tasmania, Australia"
4104,"Owyhee Dam, Oregon, USA"
4109,"Bottino, Toscana, Italy"
4111,"Morawicza, Banat, Romania"
4112,"Cumillas, Spain"
4116,"Carascon, France"
4123,"Altenkirchen, Germany"
4124,"Lauterburg, Harz, Germany"
4125,"Chihuahua, Mexico"
4126,"Datten, Germany"
4127,"Stadtberg, Westfalen, Germany"
4128,"Commern, Germany"
4137,"Zell near Salzburg, Austria"
4140,"Wadi Nahou, Egypt"
4141,"near Nischne Tagilsk, Ural, USSR"
4142,"Camaja, Chile"
4145,"Mednorudjansk near Nischne Tagilsk, Ural, USSR"
4148,"Nischni, Ural, USSR"
4151,"Libethen, Hungary"
4152,"Mine Etoile du Congo, Katanga, Zaire (Congo)"
4153,"Mine Étoile du Congo, Katanga, Zaire (Congo)"
4154,"Gabon, Nord-Guinea"
4160,"Estado Tachira, Venezuela"
4162,"Burch, Pennsylvania, USA"
4163,"Globe City, Arizona, USA"
4164,"Kupfermine in Bisbee, Arizona, USA"
4167,"Ariège, France"
4168,"Sylva, Piemonte, Italy"
4172,"Palermo, Sizilien, Italy"
4180,"Fendingen, Westfalen, Germany"
4183,"St. Johann, Tirol, Austria"
4184,"Silböhla, Finland"
4188,"Koblenzer Laufen, Switzerland"
4191,"Tagog Apu (Bahnstation Preanger), Java"
4193,"Mina de Molina, Almaden, Sevilla, Spain"
4197,"Westhalden, Germany"
4198,"Bulach, Württemberg, Germany"
4200,"Weilburg an der Lahn, Germany"
4202,"Copper Queen Mine, Arizona, USA"
4204,"Burra, Burra, Australia"
4205,Rio Blanco near Raucagna
4207,"Unteres California, USA"
4209,"Majuba Hill, Pershing County, Nevada, USA"
4210,"Deutsch Süd-West-Afrika, Namibia"
4211,"Belansskowsk, Altai, USSR"
4215,"Ansbach, Bayrische Pfalz, Germany"
4216,"Tsumeb, Otavi, Namibia"
4217,"Villarubia, Spain"
4219,"Villa Butia, Spain"
4220,"Borax Lake, California, USA"
4223,"B. Calatayud, Spain"
4227,"Ischl, Germany"
4229,"Tiede near Braunschweig, Germany"
4234,"Scharfenberg near Meissen, Germany"
4235,"Dornburg near Jena, Germany"
4236,"Ahlen, Westfalen, Germany"
4237,"Wagau near Jena, Germany"
4238,"Rüdersdorf near Berlin, Germany"
4241,"Bristol, England, United Kingdom"
4244,"Andelot, Franche-Comté, France"
4246,"Bougiral, Paris, France"
4248,"Meudon near Paris, France"
4249,"Cattolica, Sizilien, Italy"
4251,"San Filippo near Girgenti, Sizilien, Italy"
4258,"Ibisa, Sizilien, Italy"
4265,"Südtirol, Italy"
4268,"Montecchio, Vicenza, Italy"
4269,"Castel Gomberdo, Italy"
4270,"Grottacalda, Sizilien, Italy"
4272,"Bristol, United Kingdom"
4278,"Bornwell-Hill, Texas"
4279,"Erie-See, USA"
4280,"Wadi el Tih near Kairo, Egypt"
4282,"Griedel near Sulzbach, Germany"
4287,"Riegelsdorf, Germany"
4288,"Battenberg, Germany"
4290,"Schriesheim, Germany"
4291,"Tübingen, Germany"
4292,"Iberg, Harz, Germany"
4299,"Marienberg, Saxony, Germany"
4300,"Mitweyda, Saxony, Germany"
4301,"Grieshübel, Saxony, Germany"
4306,"Fürstburg, Germany"
4316,"Monte Paderno, Bologna, Italy"
4321,"Beauregard, France"
4322,"Saône et Loire, France"
4323,"Verneuil, Allier, France"
4327,"Pontgibond, Auvergne, France"
4328,"Champeist, France"
4332,Leccs-See
4344,"Holzewitz, Bohemia, Czechoslovakia"
4345,"Schlachtenwald, Bohemia, Czechoslovakia"
4346,"Schönau, Teplitz, Bohemia, Czechoslovakia"
4358,"Westmoreland, Cumberland, United Kingdom"
4359,"Dutton, England, United Kingdom"
4367,"Pallaflat, Cumberland, United Kingdom"
4376,"Fourstones, Northumberland, United Kingdom"
4380,"Baar Lands, Dakota, USA"
4382,"New South Wales, Australia"
4385,"Anglesea, England, United Kingdom"
4386,"Matlock, England, United Kingdom"
4389,"Sam Giovanni, Sardinien, Italy"
4395,"West of Hexam, United Kingdom"
4396,"Dalmellington, Cumberland, United Kingdom"
4400,"Kalkberg near Lüneburg, Germany"
4403,"Braunschweig, Germany"
4404,"Flörsheim, Germany"
4405,"Baden, (Switzerland od. Germany)"
4406,"Wiesloch near Heidelberg, Germany"
4408,"Keuper-Muger near Leibnitz, Germany"
4409,"Württemberg, Germany"
4410,"Eisleben, Harz, Germany"
4411,"Göttingen, Harz, Germany"
4413,"Neumühle, Thuringia, Germany"
4414,"Rheinhardtsbrunnen, Thuringia, Germany"
4415,"Mansfeld, Thuringia, Germany"
4417,"Gotha, Germany"
4418,"Fuchsthurm, Jena, Germany"
13002,"Falotta, Tinizong-Rona/Tinzen, Grisons, Switzerland"
4626,"Payuhakiri, Thailand"
4627,"Shinkolobwe, Shaba, Zaire (Congo)"
4630,"V. Pulo near Malfetta, Apulien, Italy"
4631,"Antofagasta, Chile"
4633,"Nieder-Schlettenbach, Pfalz, Germany"
4635,"Puchergrube, Schneeberg"
4640,"Norwich, Huntington, USA"
4641,"near Stoneham, Maine, USA"
4642,"Stoneham, Maine, USA"
4643,"Ambatofotsikely, Madagascar"
4645,"Uobrazku near Pisek, Czechoslovakia"
4646,"Moss, Norway"
4647,"Predestrand, Norway"
4649,"Marôme, Dauphiné, France"
4657,"Penig, Saxony, Germany"
4665,"Nantes, Bretagne, France"
4666,"Cap. De Gatere, Spain"
4667,"Mine La Villeder, Morbihan, France"
4668,"Jumilla, Province Murcia, Spain"
4673,Trunissinger
4674,"Untersulzbachtal, Pinzgau, Tirol, Austria"
4678,"Stillup Grund, Hinter-Zillertal, Tirol, Austria"
4680,Miass
4686,"Krageröe, Telemark, Norway"
4691,"Bob's Lake, Canada"
4692,"Rivière de Liêvre, Quebec, Canada"
4695,"Renfrew, Ontario, Canada"
4696,"Lawrence County, New York, USA"
4700,"Trujillo, Spain"
4701,"Bach, Quezey, France"
4702,"Denekamp near Ootmarsum, Holland, Nederland"
4703,"Staffel, Nassau, Germany"
4705,"Eichen, Wetterau, Berstadt, Germany"
4706,"Commern, Pfalz, Germany"
4707,"Holzappel, Nassau, Germany"
4708,"Friedrichssiegen near Braunbach, Germany"
4714,"Tschoppau, Saxony, Germany"
4718,"Nussière, Beaujolais, France"
4719,"La Font-en-Poule, France"
4722,"Rezbanya, Hungary"
4723,"Bleistadt, Germany"
4726,"Neustadt, Bohemia, Czechoslovakia"
4728,"Drygill near Keswick, Cumberland, United Kingdom"
4732,"Minen von Cap Caronne, France"
4744,"Bratta, Transylvania, Romania"
4748,"Salatna, Transylvania, Romania"
3850,"Cowgreen Mine, Durham, Cumberland, United Kingdom"
24021,"Soria, Spain"
24022,"Strasse nach Laghetto, oberh. Valle Maggia, Ticino, Switzerland"
28082,"Saint Louis, Haut Rhin, France"
28083,"Aaremassiv, Switzerland"
28086,"Dürrschrennen, Säntis, Switzerland"
28088,"Alpe Sponda, Ticino, Switzerland"
28090,"Lago Tremorgio, Campolungo, Ticino, Switzerland"
28092,"Val Traversagna, Misox, Switzerland"
3374,Riesengebirge (Czechoslovakia od. Poland)
3375,"Iserwiese, Riesengebirge (Czechoslovakia od. Poland)"
3379,südliches France
3380,"Baye de Salins, Bretagne, France"
3382,"Washington, USA"
3383,"Amboina, Molukken, Indonesia"
3387,"Sitapur, Manganese Mine"
3388,"Dugway, Utah, USA"
3393,"St. Mavul, Piemonte, Italy"
3399,"Centre CtY., Pennsylvania, USA"
3400,"Kasaibrod near Jekaterinburg, Ural, USSR"
3403,"Dilln near Schemnitz, Hungary"
3406,"near Sasso, Toscana, Italy"
3411,"Nadabula, Hungary"
3413,"Gosenbach, Westfalen, Germany"
3416,"Hollerterzug, Siegen, Nassau, Westfalen, Germany"
3417,"Westerwald, Germany"
3424,Ost-Finnland
3426,"Friedrichsrode, Thuringia, Germany"
3430,"Saalfeld, Bavaria, Germany"
3431,Neuenburg (Switzerland od. Germany)
3432,"Sieben, Bavaria, Germany"
3433,"Neula near Bayreuth, Bavaria, Germany"
3436,"Stolzenfels, Hunsrück, Germany"
3439,"Mine Eisenzecke near Eiserfeld, Westfalen, Germany"
3440,"Mine Harzburg, Nassau, Westfalen, Germany"
3446,"Schotsberg near Dransfeld, Göttingen, Harz, Germany"
3448,"Langenthal im Frankensteinischen, Poland"
3449,"Rüdesheim, Eifel, Rheinland, Germany"
3450,"near Montabaur, Nassau, Germany"
3453,"Bethinga, Australia"
3455,"Hohenhegen near Göttingen, Harz, Germany"
3457,"Coeverden, Province Drente, Nederland"
3459,"Wieliczka, Galizien, Poland"
3464,"Metz, France"
3465,"Normandie, France"
3466,"Szenon, Dépt. Rhône, France"
3467,"Aspaly, Haute Loire, France"
3470,"Minden, North Rhine-Westphalia, Germany"
3472,"Stahlberg near Müsen, Westfalen, Germany"
3473,"Iowa, USA"
3474,"Rio de Janeiro, Brazil"
3478,"Cermniky near Kadan, Nordböhmen, Czechoslovakia"
3479,"Trubin near Beroun, Mittelböhmen, Czechoslovakia"
3480,"Perimov near Ilmenice, Riesengebirge (Czechoslovakia od. Poland)"
3481,"Beloves near Nachad, Ostböhmen, Czechoslovakia"
3482,"Prag, Vysocany, Czechoslovakia"
3484,"Zlicin near Prag, Czechoslovakia"
3485,"Valec b. Pdoborany, Westböhmen, Czechoslovakia"
3486,"Cyrilav near V. Nuziuci, Westmähren, Czechoslovakia"
3487,"Trenice near Cerhovice, Westböhmen, Czechoslovakia"
3488,"Vlcak near Cernosin, Westmähren, Czechoslovakia"
3489,"Koietice near Prag, Czechoslovakia"
3490,"Kozakov near Turnov, Nordböhmen, Czechoslovakia"
3492,"Zulova near Jesenik, Silesia, Czechoslovakia"
3493,"Horni Slavkov near Karlovy Vary (Karlsbad), Bohemia, Czechoslovakia"
3495,"Stribio, Westböhmen, Czechoslovakia"
3497,See Tar near Dorf Demawend
3743,"Bamle, Norway"
3744,"Oesel, Pank-Fels, Estonia"
3746,"Riesendamm, Ireland"
3748,"Esri-Fjord, Ost-Island"
3754,"Sacaramb, Transylvania, Romania"
3169,"Cedar Hill, Pennsylvania, USA"
4422,"Ste. Sabine, Dordogne, France"
28094,"Pollux, Zermatt, Valais, Switzerland"
8036,"Urbès (Urbis), Haut-Rhin, France"
8037,"Tempelhof, Bergheim near Ribeauvillé (Rappoltsweiler), Haut-Rhin, France"
8038,"Framont, Schirmeck, Bas-Rhin, France"
8044,"Raedersdorf, Ferrette (Pfirt), Haut-Rhin, France"
8048,"Wittelsheim, Mulhouse, Haut-Rhin, France"
8049,"Soultzmatt (Sulzmatt), Rouffach (Rufach), Haut-Rhin, France"
8050,"Dambach-la-Ville, Bas-Rhin, France"
8051,"Rouffach (Rufach), Haut-Rhin, France"
8052,"Didenheim, Mulhouse, Haut-Rhin, France"
8053,"Wissembourg (Weissenburg), Bas-Rhin, France"
8055,"Hattstatt, Rouffach (Rufach), Haut-Rhin, France"
8056,"Lobsann, Wissembourg (Weissenburg), Bas-Rhin, France"
8057,"Soultz-les-Bains (Sulzbad), Molsheim, Bas-Rhin, France"
8058,"Château Lambert/Ballon de Servance, Haute-Saône, France"
8059,"Giromagny, Territoire de Belfort, France"
8060,"Saint-Maurice-sur-Moselle, Vosges, France"
8064,"Gabriel, Vallée de la Doller (Dollertal), Sewen, Haut-Rhin, France"
8065,"Masevaux (Masmünster), Thann, Haut-Rhin, France"
8067,"Saint Jean, Giromagny, Territoire de Belfort, France"
8069,"Bourbach-le-Haut (Oberburbach), Thann, Haut-Rhin, France"
8071,"Auxelles-Bas, Giromagny, Territoire de Belfort, France"
8072,"Le Val-d'Ajol, Vosges, France"
8075,"Lac d'Alfeld, Vallée de la Doller (Dollertal), Sewen, Haut-Rhin, France"
8076,"Rimbach-Zell, Rimbach-près-Guebwiller, Guebwiller, Haut-Rhin, France"
8081,"Steinbach, Cernay, Thann, Haut-Rhin, France"
8084,"Kettenbachtal, Thann, Haut-Rhin, France"
8085,"Bitschwiller-lès-Thann (Bitschweiler), Thann, Haut-Rhin, France"
8088,"Saint-Amarin, Vallée de la Thur, Thann, Haut-Rhin, France"
8117,"Eichstetten, Kaiserstuhl, Freiburg, Baden-Württemberg, Germany"
8119,"Endhalden, Bötzingen, Kaiserstuhl, Freiburg, Baden-Württemberg, Germany"
8121,"Limberg/Limburg, Sasbach, Kaiserstuhl, Freiburg, Baden-Württemberg, Germany"
8122,"Eichstetten, Kaiserstuhl, Germany"
8123,"Fohburg, Oberschaffhausen, Kaiserstuhl, Freiburg, Baden-Württemberg, Germany"
8126,"Wasenweiler, Kaiserstuhl, Freiburg, Baden-Württemberg, Germany"
8127,"Oberschaffhausen, Kaiserstuhl, Freiburg, Baden-Württemberg, Germany"
8129,"Föhrenberg, Ihringen, Kaiserstuhl, Freiburg, Baden-Württemberg, Germany"
8135,"Kaiserstuhl, Freiburg, Baden-Württemberg, Germany"
8136,"Eichberg, Oberrotweil, Kaiserstuhl, Freiburg, Baden-Württemberg, Germany"
8137,"Niederrotweil/Oberrotweil, Kaiserstuhl, Freiburg, Baden-Württemberg, Germany"
8139,"Horberig, Oberbergen, Kaiserstuhl, Freiburg, Baden-Württemberg, Germany"
8142,"Niederrotweil/Unterrotweil, Kaiserstuhl, Freiburg, Baden-Württemberg, Germany"
8145,"Ihringen, Kaiserstuhl, Freiburg, Baden-Württemberg, Germany"
8146,"Oberbergen, Kaiserstuhl, Germany"
8154,"Oberbergen, Kaiserstuhl, Freiburg, Baden-Württemberg, Germany"
8163,"Schelingen, Kaiserstuhl, Freiburg, Baden-Württemberg, Germany"
8169,"Orberg-Badberg, Schelingen, Kaiserstuhl, Freiburg, Baden-Württemberg, Germany"
8171,"Vogtsburg, Kaiserstuhl, Freiburg, Baden-Württemberg, Germany"
8173,"Quarry Badloch, Orberg-Badberg, Schelingen, Kaiserstuhl, Freiburg, Baden-Württemberg, Germany"
8180,"Sasbach, Kaiserstuhl, Freiburg, Baden-Württemberg, Germany"
8181,"Burkheim-Sponeck, Jechtingen, Kaiserstuhl, Freiburg, Baden-Württemberg, Germany"
8198,"Lützelburg, Sasbach, Kaiserstuhl, Freiburg, Baden-Württemberg, Germany"
8212,"Limberg, Kaiserstuhl, Germany"
8221,"Hohenhewen, Engen, Hegau, Konstanz, Baden-Württemberg, Germany"
8227,Hohenstaufen
8230,"Hohentwiel, Singen, Hegau, Konstanz, Baden-Württemberg, Germany"
8233,"Hilzingen near Hohentwiel, Singen, Hegau, Konstanz, Baden-Württemberg, Germany"
8236,"Rosenegg, Rielasingen, Singen, Hegau, Konstanz, Baden-Württemberg, Germany"
8239,"Rosenegg ob Rielasingen, Hegau, Germany"
8240,"Eichberg, Wutach, Waldshut, Baden-Württemberg, Germany"
8244,"Holunderzug im Siegenschen, Nassau, Westfalen, Germany"
8248,"Wittichen, Freudenstadt, Baden-Württemberg, Germany"
8255,Lohrbach
8256,"Forbach, Freudenstadt, Baden-Württemberg, Germany"
8257,"Reinerzau, Freudenstadt, Baden-Württemberg, Germany"
5152,"Sarntal, Tirol, Austria"
5161,"La Petite Verrière, Saône et Loire, France"
5163,"St.-Déal, Garonne, France"
5164,"St.-Béar, Garonne, France"
5165,"St. Julien, Dépt. Rhône, France"
5166,Meldau
5169,"Schwarzwald, Baden-Württemberg, Germany"
5179,"Weardale, Durham, Cumberland, United Kingdom"
5204,"Almaden, Queensland, Australia"
5205,"Gebirge Kyky, mittlerer Onon (Fluss), USSR"
5208,"Madoc, Canada"
5209,"St.-Prix en Beuvray, France"
5215,"Mine Roland, Wölsendorf, Oberpfalz, Germany"
5217,"Marienburg (= Aluksne, Latvia)"
5219,"Seyfen, Saxony, Germany"
5230,"Arsuk-Fjord, West-Grönland"
5234,"Ivigtut, Greenland"
5241,"Ivigtut, West-Grönland"
5246,"Guchma, Algeria"
5247,"Djebel-Wador, Algeria"
5248,"Cranford, Derbyshire, United Kingdom"
5253,"Boleo, California, USA"
5258,"Stassfurt, Saxony-Anhalt, Germany"
5263,"Muzo, Granada, Spain"
5264,"Napoli, Italy"
5267,"Mendip Hills, Somersetshire, England, United Kingdom"
5268,"Brilon, Westfalen, Germany"
5269,"Bleimine Rockhope, Weardale, Durham, Cumberland, United Kingdom"
5282,"Jemeen, Sibirien, USSR"
5284,"Flekkefjord, Norway"
5290,"Raiz, Moravia, Czechoslovakia"
5293,"Nibbio, Mergozzo, Verbano-Cusio-Ossola, Italy"
5295,"Turmalin, Norway"
5306,"Tromöe, Arendal, Norway"
5310,"Pitkäranta, Finland"
5317,"Julianeh, Greenland"
5319,"Island Los, Guinea"
5320,"Diana, New York, USA"
5321,"St. Lawrence, New York, USA"
5322,"San Benito County, California, USA"
5323,"Eksholmen, Langesund, Norway"
5327,"Grattan, Canada"
5341,"Uznach, St. Gallen, Switzerland"
5342,"Truskawiec, Galizien, Poland"
5343,"Zeitelmoos near Wunsiedel, Fichtelgebirge, Bavaria, Germany"
5345,"Altkirch, Elsass, France"
5346,"Lobsann, Elsass, France"
5347,"Lech im Wylertal, Germany"
5349,"Salzhausen, Wetterau, Hesse, Germany"
5350,"Grossalmerode, Kassel, Hesse, Germany"
5351,"Rive-de-Gier, Saint-Etienne, Loire, Auvergne-Rhône-Alpes, France"
5352,"Steinberg near München, Bavaria, Germany"
5353,"Bach, Westerwald, Germany"
5354,"Newton, New York, USA"
5355,"Altkirch, Haut-Rhin, Grand Est, France"
5356,"Artern, Thuringia, Germany"
5360,"Kaliningrad (Königsberg), USSR"
5361,Ostsee
5366,"Cetami, Sizilien, Italy"
5369,"Allinges near Thonon, France"
5371,"Palmnicken, Samland, Ostpreussen, Poland"
5373,"Walchow, Moravia, Czechoslovakia"
5374,"Castletown, Derbyshire, United Kingdom"
5375,"Wämpin, Fichtelgebirge, Bavaria, Germany"
5376,Nach O. Renz 1977: Germany oder Poland
5379,"Highgate Hill, London, United Kingdom"
5380,"Bukowina, Poland"
5382,"Bonn, North Rhine-Westphalia, Germany"
5384,"Les Ponts near Neuchâtel, Switzerland"
5385,"Bad Gonten, Appenzell, Switzerland"
5386,"Gonten, Appenzell, Switzerland"
5387,"Tüffer, Steiermark, Austria"
5391,"Travers, Neuchâtel, Switzerland"
5393,"Westermanland, Sweden"
5394,"Nordhang des Caledonia-Mountain, Elgin, New Brunswick, Canada"
5395,"Caledonia-Mountain, Elgin, New Brunswick, Canada"
5396,Delligsen
5397,"La Prestaz, Val Travers, Neuchâtel, Switzerland"
5399,"Ninta near Fort Duchess, Utah, USA"
5401,"Dépt. De la Loire, France"
5402,"Deister (Berg) südwestl. Hannover, Germany"
5403,"Cave near Ma'Luta, north of Damaskus, Syria"
5405,"Totes Meer, Israel"
5408,"Saarbrücken, Saarland, Germany"
5409,"Andermatt, Uri, Switzerland"
5410,"Lüttich (Liège), Wallonien, Belgium"
5411,"Aachener Kohlerevier, um Aachen, Nordhrein-Westfalen, Germany"
5414,"Baryslaw, Galizien, Poland"
5415,"Sundsweilen, Bas-Rhin, Grand Est, France"
5416,"Zunsweier, Offenburg, Freiburg, Baden-Württemberg, Germany"
5417,"…berger Adit near Eibach (Dillenburg), Hesse, Germany"
5418,"Island Goto, Präfektur Nagasaki, Japan"
28096,"Trubinasca, Val Codera, Bergell, Switzerland"
28099,"Val Bondasca, Bergell, Grisons, Switzerland"
4424,"Dordogne, France"
4425,"Du Puy, Auvergne, France"
4428,"Auteuil near Paris, France"
4429,"Pantin near Paris, France"
4762,"Tolun, Sweden"
4763,"Besançon, France"
4765,"Mines de Liat, Vallée d'Aros, France"
4766,"Vallée de Lys near Prie Laciré, France"
4767,"Picos d'Europa, Spain"
4768,"Philadelphia, USA"
4770,"Joplin, Missouri, USA"
4774,"Welkenrath near Aachen, Germany"
4777,"Schulenberg, Harz, Germany"
4780,"Otzenhausen, Germany"
4781,"Philadelphia, Arizona, USA"
4783,"Los Lamentos, Chihuahua, Mexico"
4787,"Kappel, Kärnten, Austria"
4792,"Ouaray, France"
4793,"Uszucafluss, Russia"
4794,"Tampere, Finland"
4796,"Höllgraben near Werfen, Salzburg, Austria"
4801,"Montebras, Creuse, France"
4802,"Pans, France"
4805,"Hagendorf-Süd, Oberpfalz, Germany"
4810,"Skipton near Ballarat, Victoria, Australia"
4811,"St. Petersburg, USSR"
4812,"Witimfluss, Daunen, USSR"
4813,Allenton (France)
4820,"Pays de La Vache, Auvergne, France"
4821,"Weglerhausen, Halberstadt, Germany"
4825,"Schneeberg, Hesse od. Saxony, Germany"
4828,"Hagendorf, Oberpfalz, Bavaria, Germany"
4840,"Ivachmuthal, Bohemia, Czechoslovakia"
4841,"Nickelmine Co. Honwood, USA"
4844,"Hagendorf, Oberpfalz, Germany"
4845,"Lingen, Germany"
4849,"Hureaux near Limoges, France"
4852,"Würzburg, Germany"
4854,"Zwiesel, Bavaria, Germany"
4856,"Taunus, Germany"
4858,"Stuttgart, Germany"
4860,"Lanbach am Hunsrück, Germany"
4862,"Suttrop near Warstein, Westfalen, Germany"
4868,"Hunsrück, Germany"
4871,"Ridschapur, India"
4876,"Grootfountain, Namibia"
4877,"Minasagra, Peru"
4878,Calavada Mine
4879,"Otavi-Bergland, Namibia"
4880,"Lamentos-Mine, Mexico"
4881,"Friedrichsroda, Saxony, Germany"
4883,"Motowili, Ural, USSR"
4884,"Sao Tomé, Minas Gerais, Brazil"
4885,"Mimbres Minas, Mexico"
4886,"Mimbres Mines, Georgetown"
4887,"Zacatecas, Mexico"
4889,"Majuba Hill, Pershing Cty., Nevada, USA"
4890,"La Garonne, Dépt. Var, France"
4897,"Minen von Cap Garonne, France"
4899,"Wheal Garland St. Day, Cornwall, United Kingdom"
4904,"Empire-Nevada-Mine near Yerington, Nevada, USA"
4909,"Falkenstein, Tirol, Austria"
4912,"Frauenstein near Wiesbaden, Germany"
4913,"Ehl near Linz am Rhein, Germany"
4921,"Tsumeb Osari, Namibia"
4931,"Huel, Gorland"
4940,"Cerowitz, Bohemia, Czechoslovakia"
4941,"Beran, Bohemia, Czechoslovakia"
4943,"Kommarow, Bohemia, Czechoslovakia"
4944,"Striegitz near Frankenberg, Germany"
4945,"Messbach, Vogtland, Saxony, Germany"
4946,"Garland Cty., Arkansas, USA"
4947,"Meissen, Germany"
4948,"Langen-Striegitz, Saxony, Germany"
4951,"Garland, Arkansas, USA"
4952,"Lérida, Spain"
4955,"Kank near Kutna Hora, Bohemia, Czechoslovakia"
4959,"Ponte Vedra, Spain"
4960,"Werfen, Salzburg, Austria"
4961,"Fischbach, Steiermark, Austria"
4966,"Krieglach, Steiermark, Austria"
4971,"Oelsnitz, Saxony, Germany"
4979,"Freydières, Loire, France"
4980,"Kahl aus Spessart, Germany"
4985,"Mine Eleonore near Giessen, Germany"
4987,"Montabaur, Nassau, Germany"
4989,"Dernbach, Eifel, Germany"
4990,"Gorub (Gorob, Namibia)"
4993,"Phoenix Mine, Cornwall, United Kingdom"
4997,"Bernau near Lüttich (Liège), Belgium"
4999,"Zbilow, Bohemia, Czechoslovakia"
5001,"Striaschitz, Bohemia, Czechoslovakia"
5002,"Beraun, Bohemia, Czechoslovakia"
5004,"Göritz in Friaul, Italy"
5008,"Durango, USA"
5009,"Moab, Utah, USA"
5025,"Daybrake Mine, Washington, USA"
5028,"Nillas, Portugal"
5029,"Bergen, Vogtland, Saxony, Germany"
5030,Schwarzenberg
5035,"Amelia, Virginia, USA"
5040,"Gamba Hill, Uganda"
5045,"Evikosin, Greenland"
5047,"Evitor, Greenland"
5066,"Province Barcelona, Spain"
5070,"Berchtesgaden, Bavaria, Germany"
5075,"Hall, Württemberg, Germany"
5078,"Northwich, England, United Kingdom"
5080,"Cardona, Katalonien, Spain"
5082,"Hallein, Salzburg, Austria"
5083,"Dürrenberg, Hallein, Salzburg, Austria"
5086,"near El Outaia, Algeria"
5090,"near Gerinsar, Teheran, Iran"
5091,Urmia-See near Charif-Khaneh
5096,"Sorata, Transylvania, Romania"
5100,"Mine Holzappel an der Lahn, Germany"
5101,"Chanarcillo, Chile"
5108,"Broken Hill, New South Wales, Australia"
5114,"St.-Etienne, Dépt. Rhône, France"
5129,"Euville, Dept. Meuse, France"
5143,"Kochheim an der Mosel, Germany"
5145,"Giglio, Island Elba, Italy"
3170,"Chittenango Falls, New York, USA"
3173,"Szirk, Hungary"
3175,"Niederengersdorf near Görlitz, Silesia, Poland"
3176,"Obergrund, Silesia, Poland"
3181,"Horrhausen near Trier, Germany"
3185,"Stadtfels near Eisenach, Germany"
3187,"St. Jean du Gard, France"
3189,"Pirmasens, Germany"
3193,"Gross-Kamsdorf, Thuringia, Germany"
3196,"Bergen-Tunnel, New Jersey, USA"
3197,"Hoboken, New Jersey, USA"
3199,"Teyas, Lancaster County, Pennsylvania, USA"
3200,"Lancaster, Texas, USA"
3201,"Woodschrommine, West Chester, Pennsylvania, USA"
3202,"Kittelgrube, Värmland, Sweden"
3498,"Berry, France"
3499,"Delémont, Jura, Switzerland"
3500,"Bergen, Salzburg, Austria"
3501,"Roter Berg, Kairo, Egypt"
3503,"Graul, Saxony, Germany"
3504,"Stalenhoff, Livland"
3505,Island Cypern (Greece od. Turkey)
3506,"Argana-Maden, Kurdistan, Turkey"
3508,"Good Springs, Nevada, USA"
3514,"Acker, Sweden"
3516,"Burg (Fieschergletscher), Fieschertal, Valais, Switzerland"
3519,"Annity, New York, USA"
3520,"Oktae, New Jersey, USA"
3524,"Ronsberg, Bohemia, Czechoslovakia"
3528,"Monzoni-Alp, Fassatal, Tirol, Italy"
3533,"Tilolo, Catanzaro, Kalabrien, Italy"
3536,"Zöptan, Moravia, Czechoslovakia"
3539,"Perrier, Auvergne, France"
3540,"Issoire, Auvergne, France"
3541,"Markstuhl, Eisenach, Germany"
3542,"Warnemünde, Ostsee, Germany"
3543,"Blaue Kuppel, Eschwege, Germany"
3544,"Grund, Harz, Germany"
3545,"Berggriesshübel, Saxony, Germany"
3547,"Jungfernberg, Siebengebirge near Bonn, Germany"
3548,"Laach, Eifel, Rheinland, Germany"
3551,"Danemora, Sweden"
3565,"Noriah-Mine, Essex, United Kingdom"
3567,"Lac de Champlain, France"
3569,"Essex, New York, USA"
3572,"Boekit Raja, Rawas"
3573,"Kusohara, Ural, USSR"
3576,"Katragam, Sri Lanka"
3577,Semnau
3580,"Sterling, New Jersey, USA"
3582,"Loket near Karlovy Vary (Karlsbad), Bohemia, Czechoslovakia"
3586,"Isswich, Queensland, Australia"
3587,"Itkulskaja Gora, Ural, USSR"
3589,"Bouches du Rhône, Gegend von Aix, France"
3590,"Dépt. Var, France"
3591,"Carcade, Dépt. Var, France"
3597,"Sakorvaga, Ural, USSR"
3598,"Takowaga, Ural, USSR"
3600,"Marschendorf, Moravia, Czechoslovakia"
3601,"Nateland Quarry, Iveland, Norway"
3602,"Kaliwerke Hohenfels, Sehnde near Lehrte, Hannover, Germany"
3603,"Sehnde near Lehrte, Hannover, Germany"
3604,"Lüneburger Heide, Germany"
3605,"Lüneburg, Germany"
3607,"Schildstein near Lüneburg, Germany"
3611,"Napa City, California, USA"
3615,"Stinson Beach, Marin County, California, USA"
3616,"St. Bernhard (California, USA)"
3618,"Russell Mine, Mt. Blanco, Death Valley, California, USA"
3620,"San Bernardo, California, USA"
3621,"Seebach, Nassau, Germany"
3623,"Friedberg, Hesse, Germany"
3624,"Wetbergen near Hannover, Germany"
3629,"Maulbronn, Württemberg, Germany"
3630,"Gross-Sachsenheim, Württemberg, Germany"
3631,"Heidelberg, Germany"
3632,"Niederrabenstein near Chemnitz, Saxony, Germany"
3636,"Tharand, Saxony, Germany"
3638,"Mascen near Dresden, Germany"
3643,"Freiburg, Saxony, Germany"
3679,"Manchbach, near Ilmenau, Thuringia, Germany"
3686,Rhisnes. Belgium
3688,"St. Vallier s. R., Drôme, France"
3689,"Cacillaire, Bigore, France"
3690,"Mont d'Or, France"
3691,"Raynal near St. Antoine, Tarn, France"
3692,"Ecoles near Besançon, France"
3694,"Belle-Croix, Fontainebleau, France"
3697,"Maronne, Dauphiné, France"
3698,"Corbes, France"
3701,"Bayeux, Calvados, Bretagne, France"
3702,"Sievering near Wien, Austria"
3707,"Wolfsberg, Kärnten, Austria"
3713,"Monte Pellegrino near Palermo, Sizilien, Italy"
3714,"Grotta S. Giovanni, Sardinien, Italy"
3718,"Dolny, Bory, Czechoslovakia"
3719,"Arnthal, Italy"
3722,"Dragon near Taggiana, Modena, Italy"
3728,"Molignon, Dusontal, Tirol, Italy"
3729,"Raitz, Moravia, Czechoslovakia"
3731,"Kaden in Bohemia, Czechoslovakia"
5419,"Les Diablerets, Vaud, Switzerland"
5420,"Valais, Switzerland"
5422,"Mine Grand Croix, Saint-Etienne, Loire, Auvergne-Rhône-Alpes, France"
5425,"Prinberg, München, Bavaria, Germany"
5426,"Grône, Valais, Switzerland"
5429,"Lancashire, England, United Kingdom"
5431,"Province Hizen, Präfektur Saga und Nagasaki, Japan"
5432,"Hillsborough, Albert County, New Brunswick, Canada"
5433,"Mapprach, Zeglingen, Basel-Landschaft, Switzerland"
5436,"Riehen, Basel-Stadt, Switzerland"
5439,"Meissner, Fulda-Werra-Bergland, Hesse, Germany"
5441,"Wartenberg, Muttenz, Baselland, Switzerland"
5444,"Balingen, Tübingen, Baden-Württemberg, Germany"
5445,"Labouiche, Menat, Puy-de-Dôme, Auvergne-Rhône-Alpes, France"
5446,"Iwaki, Präfektur Fukushima, Japan"
5448,"Thürnen, Basel-Landschaft, Switzerland"
5449,"Ancud, Island Chiloé, Chile"
5450,"Auvergne, Auvergne-Rhône-Alpes, France"
5451,"Ronchamp, Lure, Haute-Saône, Bourgogne-Franche-Comté, France"
5452,"Falkenau, Sokolov, Karlovy Vary, Tschechische Republik"
5453,"Zeche Rheinpreussen, Hochstrass, North Rhine-Westphalia, Germany"
5456,"Rakoniewice (Rakwitz), Grosspolen, Poland"
5457,"Blanzy, Autun, Saône-et-Loire, Bourgogne-Franche-Compté, France"
5459,"Saint-Etienne, Loire, Auvergne-Rhône-Alpes, France"
5461,"Brassac, Issoire, Puy-de-Dôme, Auvergne-Rhône-Alpes, France"
5465,"Zeche Constantin IV, Herne, Bochum, Nordhrein-Westfalen, Germany"
5467,"Island Takashima, Präfektur Nagasaki, Japan"
5470,"St. Gallen, Switzerland"
5471,"Wetzikon, Zürich, Switzerland"
5472,"Käpfnach, Horgen, Zürich, Switzerland"
5473,"Bourgogne-Franche-Compté, France"
5477,"near Brühl, North Rhine-Westphalia, Germany"
5478,"Mine Giagge, San Giovanni Valdarno, Toscana, Italy"
5480,"aus dem Hessischen, Germany"
5482,"Friesland, Lower Saxony, Germany"
5483,"Ostfriesland,Lower Saxony, Germany"
5484,"Liebburg, Lengwil, Thurgau, Switzerland"
5485,"Lutzenberg, Appenzell-Ausserrhoden, Switzerland"
5486,"Anwil, Basel-Landschaft, Switzerland"
5489,"Charolles, Saône-et-Loire, Bourgogne-Franche-Compté, France"
5491,"Lauter, Rhineland-Palatinate, Germany"
5495,"Geistinger Busch, Nordrhein-Wstfalen, Germany"
5496,"Island Kyushu, Präfektur Okinawa, Japan"
5497,"Tonenburg, Weserbergland, Germany"
5498,"Ossenheim, Friedberg, Hesse, Germany"
5499,"Bonn, Nordrhein-Wstfalen, Germany"
5500,"Erpel, Newies, Rhineland-Palatinate, Germany"
5502,"Mellili, Province Siracusa, Sizilien, Italy"
5503,"Bayreuth, Oberbayern, Bavaria, Germany"
5504,"Ugo, Präfektur Agita, Japan"
5505,"Val Bedretto, Airolo, Ticino, Switzerland"
5506,"Pian Secco, Airolo, Ticino, Switzerland"
5508,"Passo San Giacomo, Bedretto, Ticino, Switzerland"
5512,"Gotthard, Switzerland"
5514,"Wildschapbachtal, Schapbach, Freudenstadt, Baden-Württemberg, Germany"
5517,"Lago Ritòm, Quinto, Ticino, Switzerland"
5518,"Val Piora, Quinto, Ticino, Switzerland"
5520,"Lago Ritom, Ticino, Switzerland"
5521,"Val Piora, Quinto, Ticino, Schwei"
5525,"Gotthard, Ticino/Uri, Switzerland"
5526,"Punta Negra (Punta Nera), Quinto, Ticino, Switzerland"
5528,"Piora, Quinto, Ticino, Switzerland"
5530,"Gegend von Airolo, Ticino, Switzerland"
5532,"Ruvino near Airolo, Ticino, Switzerland"
5533,"Sasso rosso near Airolo, Ticino, Switzerland"
5534,"Sasso Rosso near Airolo, Ticino, Switzerland"
5537,"Poncione di Vespero, Airolo, Ticino, Switzerland"
5538,"La Calma, Val di Carassino, Olivone, Ticino, Switzerland"
5539,"Val di Carassino, Olivone, Ticino, Switzerland"
5541,"Sta. Maria, Olivone, Ticino, Switzerland"
5543,"Lukmanier, Grisons/Ticino, Switzerland"
5544,"Olivone, Ticino, Switzerland"
5545,"W-Seite Val Nova, Vals, Grisons, Switzerland"
5549,"Lumnezia (Lugnez), Degen, Grisons, Switzerland"
5550,"Alp Rischuna, St. Martin, Grisons Switzerland"
5552,"Piz Aul, Vrin, Grisons, Switzerland"
5554,"Umgebung von Ilanz, Grisons, Switzerland"
5556,"Breil/Brigels, Grisons, Switzerland"
5557,"Falotta, Sur, Grisons, Switzerland"
5558,"Almensertobel (Val d'Almen), Paspels, Grisons, Switzerland"
5559,"Averstal, Grisons, Switzerland"
5560,"Ausserferrera, Grisons, Switzerland"
5561,"(Bad) Rothenbrunnen, Grisons, Switzerland"
5562,"Thusis, Grisons, Switzerland"
5565,"Piz Beverin, Mathon, Grisons, Switzerland"
5574,"Splügen, Grisons, Switzerland"
5575,"Alp Taspin (Taspegn), Zillis-Reischen, Grisons, Switzerland"
5576,"Avers, Grisons, Switzerland"
5579,"Starleragrube, Innerferrrera, Grisons, Switzerland"
5580,"Mine Starlera, Innerferrera, Grisons, Switzerland"
5582,"Rothenbrunnen, Grisons, Switzerland"
5584,"Val Sumvitg, Sumvitg, Grisons, Switzerland"
5585,"Schmitten, Grisons, Switzerland"
5586,"Davos, Grisons, Switzerland"
5587,"Tiefencastel, Grisons, Switzerland"
5591,"Tinzen, Tinizong-Rona, Grisons, Switzerland"
5592,"Flüela, Schwarzhorn, Grisons, Switzerland"
5594,"Parsettens, Tinizong-Rona, Grisons, Switzerland"
5596,"Airolo, Ticino, Switzerland"
5597,"Pleiv, Vella, Grisons, Switzerland"
5598,"Lago Scuro, Quinto, Ticino, Switzerland"
5599,"Crestalunga, Bondo/Vicosoprano, Grisons, Switzerland"
5600,"Val Codera, Codera, Province Sondrio, Italy"
5602,"Fuss des Piz Trubinasca, Val Codera, Bergell, Switzerland"
5604,"Moräne Vadrec da l'Albigna, Vicosoprano, Grisons, Switzerland"
5605,"Vadrec da l'Albigna (Albignagletscher), Vicosoprano, Grisons, Switzerland"
5607,"Lavinair Crusc, Vicosoprano, Grisons, Switzerland"
5608,"Monte del Forno, Stampa, Grisons, Switzerland"
5610,"Cavlociosee, Fornotal, Bergell, Switzerland"
5611,"Vadret da Fex (Fexgletscher), Sils im Engadin/Segl, Grisons, Switzerland"
5612,"Älpergengletscher (Alpligengletscher), Göschenen, Uri, Switzerland"
5613,"Piz Surlej, Silvaplana, Grisons, Switzerland"
5614,"Silvaplana, Grisons, Switzerland"
5615,"Piz Lunghin, Stampa, Grisons, Switzerland"
5618,"Forcellina, Avers, Grisons, Switzerland"
5619,"Asbestgrube Alpe Quadrada, Poschiavo, Grisons, Switzerland"
5620,"Poschiavo (Puschlav), Grisons, Switzerland"
5621,"Guspis (Eingang des Guspistales), Hospental, Uri, Switzerland"
5622,"Alp Cancian, Poschiavo, Grisons, Switzerland"
5623,"Alpe Quadrada, Poschiavo, Grisons, Switzerland"
5624,"Pischahorn, Klosters-Serneus, Grisons, Switzerland"
5626,"Craist'Ota, Sent, Grisons, Switzerland"
5627,"Chüealphorn, Davos, Grisons, Switzerland"
5628,"Passo superiore del Forno (Ofenpass), Binn, Valais, Switzerland"
5629,"Schwarzhorngletscher, Susch, Grisons, Switzerland"
5630,"Vulpera, Tarasp, Grisons, Switzerland"
5634,"Scuol, Grisons, Switzerland"
5637,"Tarasp, Grisons, Switzerland"
5641,"Kreuzberg near Tarasp, Grisons, Switzerland"
5649,"Clemgiaschlucht, Scuol, Grisons, Switzerland"
5653,"Clemgiaschlucht near Tarasp, Grisons, Switzerland"
5654,"Brusino Arsizio/Meride, Ticino, Switzerland"
5655,"Serpiano, Brusino Arsizio, Ticino, Switzerland"
5656,"Calprino, Paradiso, Ticino, Switzerland"
5657,"Gandria, Ticino, Switzerland"
5659,"Carona, Ticino, Switzerland"
5660,"Madonna d'Ongero, Carona, Ticino, Switzerland"
5663,"Ferrera, Melide, Ticino, Switzerland"
5664,"Melide, Ticino, Switzerland"
5665,"Bironico, Ticino, Switzerland"
5669,"Golino, Intragna, Ticino, Switzerland"
5670,"Tegna, Ticino, Switzerland"
5671,"aus dem Fluss Ticino near Bellinzona, Ticino, Switzerland"
5674,"Collina near Brissago, Ticino, Switzerland"
5679,"Chli Mutsch, Silenen, Uri, Switzerland"
5683,"Simplon-Eisenbahntunnel, Trasquera, Verbano-Cusio-Ossola, Italy"
5688,"Steinbruchgraben, unteres Baltschiedertal, Baltschieder, Valais, Switzerland"
5693,"Baltschiedertal, Baltschieder, Valais, Switzerland"
5704,"Linescio, Ticino, Switzerland"
5705,"Lötschberg-Eisenbahntunnel, Kandersteg, Bern, Switzerland"
5720,"Binntal, Binn, Valais, Switzerland"
5721,"Lercheltini (Lärchultini), Binn, Valais, Switzerland"
5722,"Brusson, Switzerland"
5723,"Pierre Levée Agay, Esterel, France"
5726,"Sassauta, Lavin, Grisons, Switzerland"
5728,"Furcletta, Guarda, Grisons, Switzerland"
5742,"W-Grat Chirchli, Klosters-Serneus, Grisons, Switzerland"
5747,"Scalettapass, Davos, Grisons, Switzerland"
5748,"Scalettahorn, S-chanf, Grisons, Switzerland"
5751,"Pis del Ros, Switzerland"
5752,"Piz Fless, Susch, Grisons, Switzerland"
5753,"Fop Tiamarsch, Susch, Grisons, Switzerland"
5758,"Val Gröss, Susch, Grisons, Switzerland"
5760,"Piz d'Urezza, Zernez, Grisons, Switzerland"
5762,"Noranco, Pambio-Noranco, Ticino, Switzerland"
5767,"Fellital, Gurtnellen, Uri, Switzerland"
5768,"Maderanertal, Silenen, Uri, Switzerland"
5769,"Zinggenstock, Guttannen, Bern, Switzerland"
5770,"Chrüzlipass, Silenen, Uri, Switzerland"
5771,"Lötschental, Wiler (Lötschen), Valais, Switzerland"
5772,"Tavetsch, Grisons, Switzerland"
5776,"Guttannen, Bern, Switzerland"
5797,"Wildschapbach, Schapbach, Freudenstadt, Baden-Württemberg, Germany"
5800,"Gotthard, Uri/Ticino, Switzerland"
5801,"Galenstock, Realp, Uri, Switzerland"
5802,"Piz Cavradi, Tujetsch, Grisons, Switzerland"
5805,"Nägelisgrätli, Oberwald, Valais, Switzerland"
5810,"Pizzo Cavagnöö (P. Cavagnoli), Bignasco, Ticino, Switzerland"
5811,"Belvédère/Rhonegletscher, Oberwald, Valais, Switzerland"
5812,"Lütschenbach, Malsburg, Kandern, Lörrach, Baden-Württemberg, Germany"
5815,"Griesserental, Silenen, Uri, Switzerland"
5816,"Oberwallis, Valais, Switzerland"
5819,"Jägiknubel (rechte Seite Langgletscher), Blatten, Valais, Switzerland"
5829,"Lötschental, Valais, Switzerland"
5831,"Goppenstein, Ferden, Valais, Switzerland"
5844,"Oberwallis, Switzerland"
5846,"""Im Elend"", Galkichumma, Baltschieder, Valais, Switzerland"
5847,"Alpjuhorn (Alpjahorn), Mund, Valais, Switzerland"
5853,"Raron, Valais, Switzerland"
5856,"Val de Trient, Valais, Switzerland"
5857,"Gibelbach (Gibelsbach), Fiesch, Valais, Switzerland"
5858,"Fiesch, Valais, Switzerland"
5869,"Fieschergletscher, Fieschertal, Valais, Switzerland"
5889,"Gibelbach, Fiesch, Valais, Switzerland"
5902,"Egginerjoch, Saas Almagell, Valais, Switzerland"
5903,"Feechopf (Feekopf), Saas Fee, Valais, Switzerland"
5904,"Felskinn, Saas Fee, Valais, Switzerland"
5905,"Grimselsee (E Seeufer-Eck gegen Nägelisgrätli), Guttannen, Bern, Switzerland"
5907,"Pigne d'Arolla, Evolène, Valais, Switzerland"
5908,"Furggbach, Zermatt, Valais, Switzerland"
5909,"Gandegghütte, Zermatt, Valais, Switzerland"
5910,"Grimselstausee, Guttannen, Bern, Switzerland"
5911,"Gornergrat, Zermatt, Valais, Switzerland"
5912,"Zermatt, Valais, Switzerland"
5914,"Findelberg, Zermatt, Valais, Switzerland"
5917,"Theodulgletscher, Zermatt, Switzerland"
5918,"Ampandrauva, Madagascar"
5921,"Fluehorn (Fluhhorn), Zermatt, Valais, Switzerland"
5923,"Fürgangen, Bellwald, Valais, Switzerland"
5926,"Eggishorn, Fieschertal, Valais, Switzerland"
5927,"Gorbisgrat near Lax, Valais, Switzerland"
5928,"Gorbisgrat (W Eggishorn), Fieschertal, Valais, Switzerland"
5930,"W Eggishorn, Fieschertal, Valais, Switzerland"
5931,"Fieschergrund, Fiesch, Valais, Switzerland"
5932,"Eggishorn (Eggischhorn), Fieschertal, Valais, Switzerland"
5939,"Gletsch, Oberwald, Valais, Switzerland"
5941,"Sidelhorn, Guttannen, Bern, Switzerland"
5942,"Rufibach, Steinhaus, Valais, Switzerland"
5944,"Muttgletscher (Gratschliechtgletscher, beim Muttbach), Oberwald, Valais, Switzerland"
5945,"Lax, Valais, Switzerland"
5946,"Gletschberg am Rhonegletscher, Oberwald, Valais, Switzerland"
5947,"Rhonegletscher near Belvédère, Oberwald, Valais, Switzerland"
5951,"Lolenälpetli (Lolenalp), Andermatt, Uri, Switzerland"
5966,"Gibelalp, Grengiols, Valais, Switzerland"
5967,"Oberwald, Valais, Switzerland"
5986,"Bettulbach (Bettelbach/Bettlibach), Niederwald, Valais, Switzerland"
5991,"Lauterbrunnen, Switzerland"
5994,"Sation Eismeer, Grindelwald, Bern, Switzerland"
5995,"Calvarienberg (Eiger), Grindelwald, Bern, Switzerland"
5996,"unterhalb Schreckhorn, Grindelwald, Bern, Switzerland"
5997,"Finsteraarhorn, Fieschertal, Valais, Switzerland"
5998,"Unteraargletscher, Guttannen, Bern, Switzerland"
6002,"Scheuchzerjoch, Guttannen, Bern, Switzerland"
6003,"Chammegg (Kammegg), Guttannen, Bern, Switzerland"
6009,"Summerloch (Sommerloch), Guttannen, Bern, Switzerland"
6010,"Guttannen (eher Trift), Bern, Switzerland"
6013,"Rotlaui, Guttannen, Bern, Switzerland"
6019,"unterhalb Hausegg/Grimselpass, Guttannen, Bern, Switzerland"
6022,"Haslital, Guttannen, Bern, Switzerland"
6029,"Juchlistock, Guttannen, Bern, Switzerland"
6030,"Bächligletscher, Guttannen, Bern, Switzerland"
6031,"Grimsel, Bern/Valais, Switzerland"
6039,"Triebtenseewli (Trübtensee), Guttannen, Bern, Switzerland"
6040,"Mine Finstergrund, Wieden, Todtnau, Lörrach, Baden-Württemberg, Germany"
6042,"Grimsel, Guttannen, Bern, Switzerland"
6045,"Handegg, Guttannen, Bern, Switzerland"
6058,"Oberhasli, Guttannen, Bern, Switzerland"
6060,"Triftgletscher, Gadmen, Bern, Switzerland"
6061,"Trift, Guttannen, Bern, Switzerland"
6063,"Gärstenhörner (Gerstenhörner), Guttannen, Bern, Switzerland"
6067,"Triftgebiet, Guttannen, Bern, Switzerland"
6069,"Triftgebiet (Triftgletscher), Gadmen, Bern, Switzerland"
6076,"Kraftwerk Oberhasli/Zulaufstollen Rotlau-Trift, Guttannen, Bern, Switzerland"
6086,"Pedreposo, Estado Fabon, Venezuela"
6093,"Guferen, Silenen, Uri, Switzerland"
6098,"Poretta near Bologna, Italy"
6101,"Chästal, Silenen, Uri, Switzerland"
6106,"Tujetsch (Tavetsch), Grisons, Switzerland"
6107,"Rimpfischhorn, Saas Almagell, Valais, Switzerland"
6116,"Göscheneralp, Göschenen, Uri, Switzerland"
6118,"Riental, Göschenen, Uri, Switzerland"
6120,"Wassen, Uri, Switzerland"
6125,"Göscheneralp, Switzerland"
6126,"Göschenertal, Göschenen, Uri, Switzerland"
6129,"Wasserstollen des KW Amsteg (Amsteger Adit), Amsteg, Uri, Switzerland"
6134,"Naxberg near Wassen, Uri, Switzerland"
6135,"Wassen, Uri, Gotthard, Switzerland"
6137,"Lochberg-Südwand, Realp, Uri, Switzerland"
6138,"Wassnerwald, Gurtnellen, Uri, Switzerland"
6139,"Schöllenen, Göschenen, Uri, Switzerland"
6140,"Göschenen, Uri, Switzerland"
6145,"neue Sustenstrasse, Wassen, Uri, Switzerland"
6146,"Caroli, Island Elba, Italy"
6147,"Kristallhöhle ob Wassen, Uri, Switzerland"
6148,"S-Wand Lochberg, Realp, Uri, Switzerland"
6149,"Intschialp, Gurtnellen, Uri, Switzerland"
6150,"Quarry Ristelli, Gurtnellen, Uri, Switzerland"
6151,"Meiental (Mayental), Wassen, Uri, Switzerland"
6152,"Stucklistock, Wassen, Uri, Switzerland"
6154,"Wanghorn, Innertkirchen, Bern, Switzerland"
6155,"Sustenjoch- Hinteres Sustenhorn, Wassen, Uri, Switzerland"
6158,"Färnigen, Wassen, Uri, Switzerland"
6159,"Sustenloch, Wassen, Uri, Switzerland"
6161,"Naxberg Stöckli, Wassen, Uri, Switzerland"
6163,"Galengletscher, Oberwald, Valais, Switzerland"
6166,"Tiefengletscher, Realp, Uri, Switzerland"
6176,"Spitzberg (Dammagebiet), Hospental, Uri, Switzerland"
6177,"unterm Fründli, oberhalb Intschi, Gurtnellen, Uri, Switzerland"
6178,"Riedertobel (Ried), Amsteg, Uri, Switzerland"
6181,"Intschitobel, Intschi, Gurtnellen, Uri, Switzerland"
6186,"Chärstelenbach, Silenen, Uri, Switzerland"
6190,"Amsteg, Uri, Switzerland"
6192,"Amsteg, Silenen, Uri, Switzerland"
6194,"Windgälle/Chli Windgällen, Silenen, Uri, Switzerland"
6201,"Bristen(stock), Bristen, Gurtnellen, Uri, Switzerland"
6204,"Hüfifirn, Silenen, Uri, Switzerland"
6206,"Chärstelenbachstollen (Zulaufstollen KW Amsteg), Amsteg, Uri, Switzerland"
6216,"Bristen(stock), Gurtnellen, Uri, Switzerland"
6218,"Schild, Bristen(stock), Gurtnellen, Uri, Switzerland"
6221,"Bristenstock-Tunnel, Amsteg, Uri, Switzerland"
6232,"Wilhelmstollen, Muldenbach, Untermünstertal, Freiburg, Baden-Württemberg, Germany"
6233,"Kandern, Lörrach, Baden-Württemberg, Germany"
6246,"Pizzo Meda, Fusio, Ticino, Switzerland"
6248,"Maderanertal, Uri, Switzerland"
6954,"Gurschen, Andermatt, Uri, Switzerland"
6292,"Uri, Switzerland"
6341,"Piz Vallatscha, Medel (Lucmagn), Grisons, Switzerland"
6431,"Wasserstollen KW Amsteg, Bristen, Uri, Switzerland"
6434,"Staldental, Silenen, Uri, Switzerland"
6436,"Kleines Lungental (oberes Lungental), Silenen, Uri, Switzerland"
6437,"Val Gronda da Cavrein, Disentis/Mustér, Grisons, Switzerland"
6438,"Grosses Lungental (oberes Lungental), Silenen, Uri, Switzerland"
6449,"Steinalp, Etzlital, Silenen, Uri, Switzerland"
6450,"Bändertal, Silenen, Uri, Switzerland"
6451,"Teiftal, Gurtnellen, Uri, Switzerland"
6452,"Schwinkehle (Riedertobel), Hinter Rieder Wald, Silenen, Switzerland"
6458,"Steintal (beim Fruttstock), Silenen, Uri, Switzerland"
6459,"Steintal (Etzlital, Fruttstock), Silenen, Uri, Switzerland"
6460,"Rupletten, Silenen, Uri, Switzerland"
6461,"Etzli (Etzlital), Silenen, Uri, Switzerland"
6473,"oberes Griesserental, Silenen, Uri, Switzerland"
6479,"Chli Düssi oder Gross Düssi (Düssistock), Disentis/Mustér, Grisons, Switzerland"
6481,"Peiden, Suraua, Grisons, Switzerland"
6482,"Schöne Brücke, Wassen, Uri, Switzerland"
6484,"Stbr. Schöllenen, Göschenen, Uri, Switzerland"
6485,"Schijenstock, Andermatt, Uri, Switzerland"
6486,"Fedenstock, Gurtnellen, Uri, Switzerland"
6488,"Mättenberg, Gurtnellen, Uri, Switzerland"
6490,"SE-Fuss des Piz Nair, Tujetsch, Grisons, Switzerland"
6491,"Seeplateau near Caschlè, Tujetsch, Grisons, Switzerland"
6492,"Chrüzlistock, Silenen, Uri, Switzerland"
6493,"Brichplanggenstock, Gurtnellen, Uri, Switzerland"
6496,"Westseite des unteren Val Russein, Disentis/Mustèr, Grisons, Switzerland"
6498,"Bächistock, Glarus, Glarus, Switzerland"
6500,"Schattig Wichel, Tujetsch, Grisons, Switzerland"
6502,"Skolezitkehle, Schattig Wichel, Tujetsch, Grisons, Switzerland"
6504,"Ovi di Scimfuss (Alpe Scinfüs), Airolo, Ticino, Switzerland"
6507,"Val Strem, Tujetsch, Grisons, Switzerland"
6508,"Kalkspatlücke, Piz Giuv, Tujetsch, Grisons, Switzerland"
6509,"zweite Motta, Val Giuv, Tujetsch, Grisons, Switzerland"
6517,"Rätzenkehle (Riental), Göschenen, Uri, Switzerland"
6518,"Rienzenstock, Wassen, Uri, Switzerland"
6520,"Grüntal, Göschenen, Uri, Switzerland"
6528,"Felli-Alp Gurtnellen, Uri, Switzerland"
6529,"oberstes Fellital, Gurtnellen, Uri, Switzerland"
6535,"Bauns, Tujetsch, Grisons, Switzerland"
6537,"Pörtlilücke (Sunnig Wichel), Silenen, Uri, Switzerland"
6539,"Calmut, Tujetsch, Grisons, Switzerland"
6540,"Oberalpstock, Silenen, Uri, Switzerland"
6541,"Krützlital (Drun (Tobel)), Tujetsch, Grisons, Switzerland"
6542,"am S-Grat des Oberalpstock, Silenen, Uri, Switzerland"
6543,"Oberalpstock, Uri, Switzerland"
6547,"Rot Wichel, Tujetsch, Grisons, Switzerland"
6550,"Crispalt, Tujetsch, Grisons, Switzerland"
6553,"Piz Giuv, Gurtnellen, Uri, Switzerland"
6554,"Val Giuv (Grat gegen Val Milar), Tujetsch, Grisons, Switzerland"
6557,"Piz Nair, Tujetsch, Grisons, Switzerland"
6568,"Drun (Tobel), Tujetsch, Grisons, Switzerland"
6569,"Ruinas plaunas/Drun (Tobel), Tujetsch, Grisons, Switzerland"
6573,"aus dem Rhein near Sedrun, Tujetsch, Grisons, Switzerland"
6574,"Sedrun, Tujetsch, Grisons, Switzerland"
6575,"Drun, Tujetsch, Grisons, Switzerland"
6587,"aus dem Rheinbett, Sedrun-Selva, Switzerland"
6589,"Disentis/Mustér, Grisons, Switzerland"
6591,"Zaniu (Alpe Zaniu), Trun, Grisons, Switzerland"
6594,"Russeinbrücke, Sumvitg, Grisons, Switzerland"
6596,"Disentis/Mustèr, Grisons, Switzerland"
6598,"Val Russein, Sumvitg, Grisons, Switzerland"
6599,"Piz Muraun, Medel (Lucmagn), Grisons, Switzerland"
6606,"Val Punteglias, Trun, Grisons, Switzerland"
6607,"Truns, Grisons, Switzerland"
6610,"Mine Teufelsgrund, Muldenbach, Untermünstertal, Freiburg, Baden-Württemberg, Germany"
6612,"Uaul Sciaras (Val Nalps), Tujetsch, Grisons, Switzerland"
6615,"am Rhein near Sedrun, Tujetsch, Grisons, Switzerland"
6618,"Alp Tgom, Tujetsch, Grisons, Switzerland"
6619,"Ruinas, Medel (Lucmagn)/Disentis/Mustér, Grisons, Switzerland"
6620,"Val da Claus (unterstes Val Nalps), Tujetsch, Grisons, Switzerland"
6622,"Ruinas (Medelserschlucht), Disentis/Medel (Lucmagn), Grisons, Switzerland"
6623,"Crap Alv, Medel (Lucmagn), Grisons, Switzerland"
6626,"Bova Gronda, Disentis/Mustér, Grisons, Switzerland"
6627,"Surrein (Rabius), Sumvitg, Grisons, Switzerland"
6628,"Sontg Antoni (St. Antönien-Tavetsch), Surrein, Grisons, Switzerland"
6630,"Medelserschlucht, Disentis/Medel (Lucmagn), Grisons, Switzerland"
6632,"Plauncas Cuflegl (Puozas Cuflegl), Tujetsch, Grisons, Switzerland"
6633,"S-Abhang Calmut (Oberalp), Tujetsch, Grisons, Switzerland"
6636,"Sumsassi, Tujetsch, Grisons, Switzerland"
6639,"Rueras, Tujetsch, Grisons, Switzerland"
6644,"Oberalpsee, Andermatt, Uri, Switzerland"
6645,"Rossboden am Oberalpsee, Andermatt, Uri, Switzerland"
6646,"Calmut (Oberalp), Tujetsch, Grisons, Switzerland"
6648,"Blatten, Valais, Switzerland"
6649,"Sontga Brida, Tujetsch, Grisons, Switzerland"
6651,"Alp Cavradi, Tujetsch, Grisons, Switzerland"
6652,"Pazolastock, Tujetsch, Grisons, Switzerland"
6664,"Cavradi (unteres Val Curnera), Tujetsch, Grisons, Switzerland"
6677,"Val Curnera, Tujetsch, Grisons, Switzerland"
6679,"Cavradischlucht (unteres Val Curnera), Tujetsch, Grisons, Switzerland"
6701,"Medels, Grisons, Switzerland"
6729,"Piz Cavradi, Tavetsch, Grisons, Switzerland"
6731,"Lukmanierschlucht (Ruinas), Disentis/Medel (Lucmagn), Grisons, Switzerland"
6768,"Val Cavrein, Disentis/Mustér, Grisons, Switzerland"
6785,"Vallone di Casaccia, Olivone, Ticino, Switzerland"
6786,"Piz Miez, Medel (Lucmagn), Grisons, Switzerland"
6792,"Vallone di Casaccia, Blenio, Ticino, Switzerland"
6794,"Val Cristallina, Medel (Lucmagn), Grisons, Switzerland"
6800,"Scaleglia (nähe Ragisch), Mompé Medel, Disentis/Mustér, Grisons, Switzerland"
6805,"Solivabach (Curaglia), Medel (Lucmagn), Grisons, Switzerland"
6806,"Mompé Medel, Disentis/Mustér, Grisons, Switzerland"
6807,"Specksteingrube Mompé Medel, Disentis/Mustér, Grisons, Switzerland"
6808,"Lukmanierstrasse, Mompé Medel, Disentis/Mustér, Grisons, Switzerland"
6811,"Scaleglia (E Ragisch), Disentis/Mustér, Grisons, Switzerland"
6812,"Alp de Glievers, Switzerland"
6814,"Val Medel, Medel (Lucmagn), Grisons, Switzerland"
6816,"Biscuolm, Medel (Lucmagn), Grisons, Switzerland"
6818,"Cislina, Val Cristallina, Medel (Lucmagn), Grisons, Switzerland"
6822,"Piz Rondadura, Medel (Lucmagn), Grisons, Switzerland"
6826,"Scopi, Medel (Lucmagn), Grisons, Switzerland"
6830,"Passo Forcla, Cristallina, Switzerland"
6831,"Vallatscha, Medel (Lucmagn), Grisons, Switzerland"
6832,"Medels, Medel (Lucmagn), Grisons, Switzerland"
6837,"Val Blaua, Pardatsch, Tujetsch, Grisons, Switzerland"
6844,"Glatscher da Maighels (Ravetschgletscher), Tujetsch, Grisons, Switzerland"
6846,"Santa Maria, Blenio, Ticino, Switzerland"
6847,"Stgeina Muota (Muota Naira), Tujetsch, Grisons, Switzerland"
6853,"Faido, Ticino, Switzerland"
6869,"Badus, Tujetsch, Grisons, Switzerland"
6872,"Lolen (Alp Lohlen), Andermatt, Uri, Switzerland"
6879,"Val Maighels, Tujetsch, Grisons, Switzerland"
6880,"Piz Blas, Tujetsch, Grisons, Switzerland"
6881,"Six Madun, Tujetsch, Grisons, Switzerland"
6889,"Alp Maighels, Tujetsch, Grisons, Switzerland"
6891,"Piz Tagliola, Tujetsch, Grisons, Switzerland"
6892,"Glatscher da Maighels (Maighelsgletscher), Tujetsch, Grisons, Switzerland"
6899,"Alp Tgom (Alp Toma), Tujetsch, Grisons, Switzerland"
6903,"Piz Uffiern, Medel (Lucmagn), Grisons, Switzerland"
6913,"Piz Gannaretsch, Medel (Lucmagn), Grisons, Switzerland"
6917,"Val Cadlimo, Quinto, Ticino, Switzerland"
6919,"Piz Vatgira, Medel (Lucmagn), Grisons, Switzerland"
6920,"Val Tgom, Tujetsch, Grisons, Switzerland"
6930,"Val Medel (Medels), Medel (Lucmagn), Grisons, Switzerland"
6936,"Unteralptal, Andermatt, Uri, Switzerland"
6937,"Gurschenalp, Andermatt, Uri, Switzerland"
6938,"Unteralp, Andermatt, Uri, Switzerland"
6957,"Sella, Airolo, Ticino, Switzerland"
6959,"St. Annafirn, Andermatt, Uri, Switzerland"
6970,"St. Annagletscher, Gotthard, Switzerland"
6973,"Urserental, Hospental, Uri, Switzerland"
6974,"Hohe Tauern, Stubachtal, Salzburg, Austria"
6975,"Weilerstauden, Andermatt, Uri, Switzerland"
6976,"Gustenberg, Urserental, Switzerland"
6977,"Urseren, Uri, Switzerland"
6978,"Urtal, zwischen Hospental und Realp, Uri, Switzerland"
28101,"Gorduno, Ticino, Switzerland"
7207,"Rimpfischwäng, Zermatt, Valais, Switzerland"
7209,"Theodulpass, Zermatt, Valais, Switzerland"
7215,"Findelgletscher (Findelengletscher), Zermatt, Valais, Switzerland"
7220,"Lichenbretter, Zermatt, Valais, Switzerland"
7228,"Urtal, Uri, Switzerland"
7234,"Sferlun, Chiesa in Valmalenco, Province Sondrio, Italy"
7237,"Fruttlauital, Silenen, Uri, Switzerland"
7251,"Gotthard-Eisenbahntunnel, Andermatt, Uri, Switzerland"
7266,"Findeln, Zermatt, Valais, Switzerland"
7284,"Riffelalp, Zermatt, Switzerland"
7288,"Gagenhaupt, Zermatt, Valais, Switzerland"
7289,"Mettelhorn (Mittelhorn), Zermatt, Valais, Switzerland"
7291,"Gagenhaupt-Süd, Zermatt, Valais, Switzerland"
7296,"Mattertal (Nikolaital), Valais, Switzerland"
7299,"Matterjoch (Theodulpass), Zermatt, Valais, Switzerland"
7301,"Klein Matterhorn, Zermatt, Valais, Switzerland"
7303,"Garten, Zermatt, Valais, Switzerland"
7310,"Moräne Allalingletscher, Saas Almagell, Valais, Switzerland"
7311,"Gabe Gottes, Wildschapbachtal, Schapbach, Freudenstadt, Baden-Württemberg, Germany"
7312,"Furggetälli (Furggetal), Saas Almagell, Valais, Switzerland"
7313,"Saas (Saas Fee/Saas Almagell), Valais, Switzerland"
7314,"Dom, Randa, Valais, Switzerland"
7315,"Vispertal, Valais, Switzerland"
7316,"Allalingletscher, Saas Almagell, Valais, Switzerland"
7318,"Mittaghorn, Saas Almagell, Valais, Switzerland"
7325,"Saastal, Valais, Switzerland"
7388,"Bijapur, India"
7407,"Gotthard, Campolungo, Prato (Leventina), Ticino, Switzerland"
7409,"St. Gotthard, Campolungo, Prato (Leventina), Ticino, Switzerland"
6981,"Hospental, Uri, Switzerland"
6982,"Chämleten (Kemmleten), Hospental, Uri, Switzerland"
6984,"Zumdorf, Hospental, Uri, Switzerland"
6989,"Realp, Uri, Switzerland"
6990,"Gigenstaffel (Geigenstaffel), Andermatt, Uri, Switzerland"
6991,"Fibbia, Airolo, Ticino, Switzerland"
6993,"Pizzo Centrale, Airolo, Ticino, Switzerland"
6998,"Val Tremola, Airolo, Ticino, Switzerland"
6999,"Lucendro, Airolo, Ticino, Switzerland"
7003,"Gotthard-Eisenbahntunnel, Göschenen/Andermatt, Uri, Switzerland"
7005,"Brandenberg, Todtnau, Lörrach, Baden-Württemberg, Germany"
7011,"Giubing/Giubiug Gane di Giubine, Airolo, Ticino, Switzerland"
7012,"Gotthard-Eisenbahntunnel, Switzerland"
7016,"Mätteli (Gotthardmätteli), Hospental, Uri, Switzerland"
7019,"Unterwassern near Oberwald, Valais, Switzerland"
7021,"Unterwassern, Oberwald, Valais, Switzerland"
7022,"Geretal, Oberwald, Valais, Switzerland"
7029,"Ofensteingrube, Geretal, Oberwald, Valais, Switzerland"
7033,"Faulhorn (Felsbastürze N Tällisegg), Oberwald, Valais, Switzerland"
7034,"Gerental, Valais, Switzerland"
7036,"Grünguffurgrat, Lengisalp, Switzerland"
7040,"Moosegge, Geretal, Oberwald, Valais, Switzerland"
7045,"Burggraben, Blasalp, Obergoms, Valais, Switzerland"
7057,"Hohtschugge, Stalden, Valais, Switzerland"
7058,"St. Niklaus, Valais, Switzerland"
7068,"Stalden, Valais, Switzerland"
7070,"Platten, Valais, Switzerland"
7076,"Adit ""Unter dem Hubel"" (unterhalb Zmuttgletscher), Zermatt, Valais, Switzerland"
7077,"Hohtälligrat, Zermatt, Valais, Switzerland"
7097,"Stockhorn near Zermatt, Valais, Switzerland"
7101,"Breithorn, Zermatt, Valais, Switzerland"
7116,"Mine Tannenboden, Wieden, Todtnau, Lörrach, Baden-Württemberg, Germany"
7121,"Monte Rosa, Switzerland"
7139,"Alpe della Sella, Airolo, Ticino, Switzerland"
7163,"Müllhorn near Gletsch, Oberwald, Valais, Switzerland"
7439,"Gotthard, Ticino, Switzerland"
7450,"Ovi di Scimfuss (Scinfüs), Airolo, Ticino, Switzerland"
7456,"Alpe di Fieud, Airolo, Ticino, Switzerland"
7500,"Herznach, Aargau, Switzerland"
7516,"Yverdon, Vaud, Switzerland"
7517,"Le Locle, Neuchâtel, Switzerland"
7519,"Cave v. Montjéran near Orbe, Switzerland"
7520,"Le Crêt-du-Locle, La Chaux-de-Fonds, Neuchâtel, Switzerland"
7521,"Grotte de Cottencher, Rochefort, Neuchâtel, Switzerland"
7522,"Colloz near Sainte-Croix, Vaud, Switzerland"
7523,"Carrière Les Uttins, Chamblon, Vaud, Switzerland"
7524,"Quarry La Neuveville, Bern, Switzerland"
7525,"Ruselsteinbruch, Tüscherz-Alfermée, Bern, Switzerland"
7526,"Salève, Genève, Switzerland"
7527,"St. Verena, Solothurn, Switzerland"
7528,"Quarry Chappeli(cher), Grenchen, Solothurn, Switzerland"
7529,"Lengnau, Solothurn, Switzerland"
7530,"Prêles, Bern, Switzerland"
7531,"Huppergrube Längenmoos, Matzendorf, Solothurn, Switzerland"
7532,"Matzendorf, Solothurn, Switzerland"
7534,"Harzergraben, Gänsbüren/Welschenrohr, Solothurn, Switzerland"
7535,"Günsberg, Solothurn, Switzerland"
7536,"Reuchenette, Péry, Bern, Switzerland"
7538,"Weissenstein, Rüttenen, Solothurn, Switzerland"
7539,"Balmberg, Balm near Günsberg, Solothurn, Switzerland"
7540,"Bechburg, Holderbank, Solothurn, Switzerland"
7542,"Schwänglenweid, Mümliswil, Solothurn, Switzerland"
7546,"Lostorf, Solothurn, Switzerland"
7547,"zwischen Lavaux + Vaufrey, Switzerland"
7548,"Wangen near Olten, Solothurn, Switzerland"
7549,"Quarry Solothurn, Solothurn, Switzerland"
7550,"Oberbuchsiten, Solothurn, Switzerland"
7551,"Hansenboden am Homberg, Hägendorf, Solothurn, Switzerland"
7552,"Olten, Solothurn, Switzerland"
7553,"Hinter Born, Boningen, Solothurn, Switzerland"
7559,"Egerkingen, Solothurn, Switzerland"
7568,"Felssturz Geissflue, Unter Erlimoos, Trimbach, Solothurn, Switzerland"
7572,"Kaltenbrunnen, Switzerland (Chaltennbrunnen, Trimbach, Solothurn, Switzerland)"
7573,"Bad Schinznach, Aargau, Switzerland"
7574,"Quarry am Homberg, Hägendorf, Solothurn, Switzerland"
7575,"Othmarsingen, Aargau, Switzerland"
7578,"Unterehrendingen/Oberehrendingen, Aargau, Switzerland"
7579,"Aarau, Aargau, Switzerland"
7583,"Mellingerstrasse, Baden, Aargau, Switzerland"
7584,"Erlinsbach, Aargau, Switzerland"
7588,"Mülligen, Aargau, Switzerland"
7590,"Birmenstorf, Aargau, Switzerland"
7591,"Kraftwerk Klingnau, Klingnau, Aargau, Switzerland"
7598,"Oberehrendingen, Aargau, Switzerland"
7601,"Mellikon, Aargau, Switzerland"
7603,"Öhningen, Konstanz, Baden-Württemberg, Germany"
7604,"Schleitheim, Schaffhausen, Switzerland"
7606,"Mühlethal, Schaffhausen, Switzerland"
7607,"Schaffhausen, Switzerland"
7608,"Schöntal, Füllinsdorf, Basel-Landschaft, Switzerland"
7609,"Niederschöntal, Füllinsdorf, Basel-Landschaft, Switzerland"
7627,"Nuglar-St. Pantaleon, Solothurn, Switzerland"
7628,"Niederschöntal near Liestal, Baselland, Switzerland"
7631,"Bubendorf, Basel-Landschaft, Switzerland"
7632,"Eisenbahndurchschnitt near Liestal, Basel-Landschaft, Switzerland"
7633,"Liestal, Basel-Landschaft, Switzerland"
7635,"Gegend von Waldenburg, Basel-Landschaft, Switzerland"
7636,"Landschachen, Bubendorf, Basel-Landschaft, Switzerland"
7638,"Heidenloch an der Ergolz, Liestal, Basel-Landschaft, Switzerland"
7639,"Waldmattli, Waldenburg, Basel-Landschaft, Switzerland"
7640,"Titterten, Basel-Landschaft, Switzerland"
7642,"Holzenberg, Seewen, Solothurn, Switzerland"
7643,"Gorisen, Reigoldswil, Basel-Landschaft, Switzerland"
7644,"Reigoldswil, Basel-Landschaft, Switzerland"
7646,"Muniloch, Lauwil, Basel-Landschaft, Switzerland"
7647,"Arboldswil, Basel-Landschaft, Switzerland"
7648,"Waldenburg, Basel-Landschaft, Switzerland"
7649,"Itingen, Basel-Landschaft, Switzerland"
7651,"Eisenbahndurchschnitt near Itingen, Basel-Landschaft, Switzerland"
7653,"Hauensteintunnel, Basel-Landschaft/Solothurn, Switzerland"
7654,"Wisenberg, Häfelfingen, Basel-LandschaftSchweiz"
7655,"Tunnel near Läufelfingen, Basel-Landschaft, Switzerland"
7656,"Tenniken, Basel-Landschaft, Switzerland"
7657,"Lausen, Basel-Landschaft, Switzerland"
7659,"Huppergrube Kohlholz, Lausen, Basel-Landschaft, Switzerland"
7660,"Diegten, Basel-Landschaft, Switzerland"
7661,"Schmutzberg, Eptingen, Basel-Landschaft, Switzerland"
7662,"Läufelfingen, Basel-Landschaft, Switzerland"
7665,"Unter Hauenstein, Hauenstein-Ifenthal, Solothurn, Switzerland"
7667,"Wolfgraben, Itingen, Basel-Landschaft, Switzerland"
7671,"Gipsgrube Wissbrunn, Zeglingen, Basel-Landschaft, Switzerland"
7672,"Hauenstein-Basistunnel, Basel-Landschaft/Solothurn, Switzerland"
7674,"Ormalingen, Basel-Landschaft, Switzerland"
7675,"Burgenrain, Sissach, Basel-Landschaft, Switzerland"
7677,"Böttstein, Aargau, Switzerland"
7681,"Wenslingen, Basel-Landschaft, Switzerland"
7689,"Hauenstein-Basistunnel (Winznau), Switzerland"
7692,"Hauenstein-Tunnel, Tecknau, Basel-Landschaft, Switzerland"
7887,"Laufen, Basel-Landschaft, Switzerland"
7888,"Dornach, Solothurn, Switzerland"
7889,"Schartenflue (Gempenstollen), Gempen, Solothurn, Switzerland"
7890,"Quarry Hornberg, Arlesheim, Basel-Landschaft, Switzerland"
7891,"Münchenstein, Basel-Landschaft, Switzerland"
7893,"Cave (Glitzersteinhöhle) near Gempen, Solothurn, Switzerland"
7895,"Neuewelt, Münchenstein, Basel-Landschaft, Switzerland"
7896,"Quarry oberhalb Dornach, Solothurn, Switzerland"
7897,"Burg Reichenstein, Arlesheim, Basel-Landschaft, Switzerland"
7898,"Arlesheim, Basel-Landschaft, Switzerland"
7901,"Zwingen/ Laufen, Basel-Landschaft, Switzerland"
7902,"Liesbergmühle, Liesberg, Basel-Landschaft, Switzerland"
7903,"Liesberg, Basel-Landschaft, Switzerland"
7904,"Tongrube Liesberg, Basel-Landschaft, Switzerland"
7905,"Quarry im Schachental, Laufen, Basel-Landschaft, Switzerland"
7907,"Umgebung von Aesch, Basel-Landschaft, Switzerland"
7908,"Tschöpperli, Pfeffingen, Basel-Landschaft, Switzerland"
7910,"Umgebung von Kleinlützel, Solothurn, Switzerland"
7911,"Zwingen, Basel-Landschaft, Switzerland"
7912,"Bois du Treuil, Soyhières, Jura, Switzerland"
7915,"Muttenz, Basel-Landschaft, Switzerland"
7918,"Schänzli, Münchenstein, Basel-Landschaft, Switzerland"
7919,"Wartenberg, Muttenz, Basel-Landschaft, Switzerland"
7922,"Eggflue, Nenzlingen, Basel-Landschaft, Switzerland"
7924,"Mine near Zimmerbach, Vallée de la Fecht (Fechttal), Turckheim (Türkheim), Haut-Rhin, France"
7926,"Col de Bagenelles, Echery (Eckirch), Sainte-Marie-aux-Mines (Markirch), Haut-Rhin, France"
7927,"Lapoutroie (Schnierlach), Haut-Rhin, France"
7928,"Ribeauvillé (Rappoltsweiler), Haut-Rhin, France"
7930,"Schlüsselstein, Bergheim near Ribeauvillé (Rappoltsweiler), Haut-Rhin, France"
7936,"Schlüsselstein, Vosges, Haut Rhin, France"
7937,"Bergheim near Ribeauvillé (Rappoltsweiler), Haut-Rhin, France"
7942,"La Croix-aux-Mines, Vosges, France"
7943,"Burg Reichenberg near Ribeauvillé (Rappoltsweiler), Haut-Rhin, France"
7950,"Musloch, Vallée de la Liepvrette (Lebertal) Sainte-Marie-aux-Mines (Markirch), Haut-Rhin, France"
7951,"Quarry St. Philippe, Echery (Eckirch), Sainte-Marie-aux-Mines (Markirch), Haut-Rhin, France"
7957,"Sainte-Marie-aux-Mines (Markirch), Haut-Rhin, France"
7963,"Echery (Eckirch), Sainte-Marie-aux-Mines (Markirch), Haut-Rhin, France"
7966,"Mine Christian, Echery (Eckirch), Sainte-Marie-aux-Mines (Markirch), Haut-Rhin, France"
7967,"Mine Gabe Gottes, Echery (Eckirch), Sainte-Marie-aux-Mines (Markirch), Haut-Rhin, France"
7970,"Phaunoux (Rauenthal), Sainte-Marie-aux-Mines (Markirch), Haut-Rhin, France"
7971,"Mine Chrétien, Phaunoux (Rauenthal), Sainte-Marie-aux-Mines (Markirch), Haut-Rhin, France"
7974,"Mine Engelsbourg (Engelsburg), Vallée de la Liepvrette (Lebertal) Sainte-Marie-aux-Mines (Markirch), Haut-Rhin, France"
28103,Switzerland
28105,"Val Cristallina, Switzerland"
8260,"Eisenbach, Titisee-Neustadt, Freiburg, Baden-Württemberg, Germany"
8261,Wiesbach
8262,"Pforzheim, Baden-Württemberg, Germany"
8263,Weinheim
8266,"Quarry Vulkan, Urenkopf, Haslach, Offenburg, Baden-Württemberg, Germany"
8267,"Quarry Artenberg, Steinach, Haslach, Offenburg, Baden-Württemberg, Germany"
8268,"Triberg, Villingen-Schweningen, Baden-Württemberg, Germany"
8273,"Mine Friedrich-Christian, Wildschapbachtal, Schapbach, Freudenstadt, Baden-Württemberg, Germany"
8277,"Schwarzwald, Germany"
8278,"Wolfach, Offenburg, Baden-Württemberg, Germany"
8279,"Kinzigtal, Schwarzwald, Germany"
8286,"St. Wenzel, Schwarzwald, Germany"
8292,St. Wenzel
5494,"Planitz, Zwickau, Saxony, Germany"
7701,"Hauenstein-Basistunnel, Tecknau, Basel-Landschaft, Switzerland"
7703,"Laufenburg, Waldshut, Baden-Württemberg, Germany"
7705,"Quarry Reibach, Kornberg, Frick, Aargau, Switzerland"
7707,"Bözberg-Eisenbahntunnel, Zeihen, Aargau, Switzerland"
7710,"Oberhofen, Aargau, Switzerland"
7711,"Karsau, Rheinfelden, Lörrach, Baden-Württemberg, Germany"
7712,"Herten, Rheinfelden, Lörrach, Baden-Württemberg, Germany"
7713,"Pelzmühletal, Grellingen, Basel-Landschaft, Switzerland"
7714,"Saline Kaiseraugst, Kaiseraugst, Aargau, Switzerland"
7715,"Staffelegg, Densbüren, Aargau, Switzerland"
7717,"Mergelgrube near Bretzwil, Basel-Landschaft, Switzerland"
7718,"Bretzwil, Baselland, Switzerland"
7720,"Fringeli, Bärschwil, Solothurn, Switzerland"
7722,"Grellingen, Basel-Landschaft, Switzerland"
7724,"Hirnichopf, Meltingen, Solothurn, Switzerland"
7725,"Bärschwil, Solothurn, Switzerland"
7726,"Bözen, Aargau, Switzerland"
7728,"Chrüzboden, Zullwil, Solothurn, Switzerland"
7729,"Meltingen, Solothurn, Switzerland"
7733,"Vorder Bürdis, Solothurn, Switzerland"
7735,"Ramstein, Bretzwil, Basel-Landschaft, Switzerland"
7737,"Neuhäusli, Beinwil, Solothurn, Switzerland"
7739,"Mine von Känel, Moutier, Bern, Switzerland"
7741,"Creux du Vorbourg, Delémont, Jura, Switzerland"
7742,"Vögelisrutsch (Ob. Fringeli), Bärschwil, Basel-Landschaft, Switzerland"
7743,"Ziegelei Moutier, Bern, Switzerland"
7744,"Klus von Court (Gorges de Court), Court, Bern, Switzerland"
7746,"Moutier, Bern, Switzerland"
7751,"Miécourt, Jura, Switzerland"
7752,"Vermes, Jura, Switzerland"
7754,"Glovelier, Jura, Switzerland"
7755,"Quarry La Malcôte, Asuel, Jura, Switzerland"
7764,"Nord-Ural, USSR"
7767,"Wilni, Sibirien, USSR"
7769,"Abo, Finland"
7786,"Petrovice, Westmähren, Czechoslovakia"
7788,"Quarry Chlosterköpfli (Lachenköpfli), Muttenz, Basel-Landschaft, Switzerland"
7794,"Muttenzerberg, Muttenz, Basel-Landschaft, Switzerland"
7797,"Quarry ob Muttenz, Basel-Landschaft, Switzerland"
7799,"Quarry Sulz (Sulzsteingrube), Muttenz, Basel-Landschaft, Switzerland"
7804,"Pratteln, Basel-Landschaft, Switzerland"
7805,"Quarry Adlerberg, Pratteln, Basel-Landschaft, Switzerland"
7807,"Quarry Adler, Pratteln, Basel-Landschaft, Switzerland"
7821,"Bohrloch XII, Saline Schweizerhalle, Augst, Basel-Landschaft, Switzerland"
7822,"(Bad) Schauenburg, Liestal, Basel-Landschaft, Switzerland"
7823,"Füllinsdorf, Basel-Landschaft, Switzerland"
7826,"Rothus, Muttenz, Basel-Landschaft, Switzerland"
7829,"Arisdorf, Basel-Landschaft, Switzerland"
7832,"Magden/ Maisprach, Aargau/Basel-Landschaft, Switzerland"
7834,"Schweizerhalle, Muttenz, Basel-Landschaft, Switzerland"
7841,"Rhein, Switzerland"
7852,"Kraftwerk Birsfelden, Brisfelden, Basel-Landschaft, Switzerland"
7855,"aus dem Rhein, Switzerland"
7856,"Bottmingen, Basel-Landschaft, Switzerland"
7857,"Harzgraben, Wettsteinbrücke, Basel, Basel-Stadt, Switzerland"
7858,"Wettsteinbrücke, Basel, Basel-Stadt, Switzerland"
7859,"Quarry oberhalb Ettingen, Basel-Landschaft, Switzerland"
7861,"Birsig, Basel, Basel-Stadt, Switzerland"
7862,"Bürgerspital Basel, Basel, Basel-Stadt, Switzerland"
7863,"Spiegelhof, Basel, Basel-Stadt, Switzerland"
7869,"St. Jakob, Muttenz, Basel-Landschaft, Switzerland"
7877,"Gipsgrube beim Asp, Münchenstein, Basel-Landschaft, Switzerland"
7880,"Münchensteiner Brücke, Münchenstein, Basel-Landschaft, Switzerland"
7881,"Asp, Münchenstein, Basel-Landschaft, Switzerland"
7883,"Quarry near Münchenstein/Arlesheim, Basel-Landschaft, Switzerland"
8294,"Hausach, Offenburg, Baden-Württemberg, Germany"
8296,"Mine Herrensegen, Wildschapbachtal, Schapbach, Freudenstadt, Baden-Württemberg, Germany"
8303,"Wildschappach, Kinzigtal, Schwarzwald, Germany"
8318,"Heubach, Wittichen, Freudenstadt, Baden-Württemberg, Germany"
8319,"Mine Wenzel, Frohnbachtal, Oberwolfach, Offenburg, Baden-Württemberg, Germany"
8327,"Schapbach, Freudenstadt, Baden-Württemberg, Germany"
8328,"Schappach, Germany"
8297,"Schappachtal, Baden, Germany"
8496,"Britzingen, Badenweiler, Freiburg, Baden-Württemberg, Germany"
8498,"Karlstollen, Badenweiler, Freiburg, Baden-Württemberg, Germany"
8506,"Zähringen, Freiburg, Baden-Württemberg, Germany"
8517,"Altemannfels, Sehringen, Badenweiler, Freiburg, Baden-Württemberg, Germany"
8553,"Wiesental, Schwarzwald, Germany"
8554,"Todtnau, Lörrach, Baden-Württemberg, Germany"
8652,"Mine Münstergrund/St. Trudpert, Münstergrund, St. Trudpert, Obermünstertal, Baden-Württemberg, Germany"
8661,"Mörslin, Kandern, Lörrach, Baden-Württemberg, Germany"
8666,"Auggen, Müllheim, Freiburg, Baden-Württemberg, Germany"
8670,"Auggen near Müllheim, Germany"
8679,"Liel, Kandern, Lörrach, Baden-Württemberg, Germany"
8702,"Grenzach, Lörrach, Baden-Württemberg, Germany"
8703,"Wyhlen, Grenzach, Lörrach, Baden-Württemberg, Germany"
8712,"St. Blasien, Waldshut, Baden-Württemberg, Germany"
8713,"Albtal, Waldshut, Baden-Württemberg, Germany"
8715,"St. Blasien, Schwarzwald, Germany"
8720,"Tiengen, Waldshut, Baden-Württemberg, Germany"
8722,"Detzeln, Waldshut, Baden-Württemberg, Germany"
8724,"Stühlingen, Waldshut, Baden-Württemberg, Germany"
8725,"Murgtal, Laufenburg, Waldshut, Baden-Württemberg, Germany"
8735,"Altinger Adit, Schliengen, Kandern, Lörrach, Baden-Württemberg, Germany"
8738,"Schliengen, Kandern, Lörrach, Baden-Württemberg, Germany"
8746,"Todtmoos, Germany"
8747,"Gersbach, Waldshut, Baden-Württemberg, Germany"
8748,"Hasler Cave/Erdmannshöhle, Hasel, Wehr, Waldshut, Baden-Württemberg, Germany"
8751,"Todtmoos, Waldshut, Baden-Württemberg, Germany"
8754,"Waldshut, Baden-Württemberg, Germany"
8770,"Brombach, Lörrach, Baden-Württemberg, Germany"
8773,"Rötteln, Lörrach, Baden-Württemberg, Germany"
8777,"Todtnau, Wiesental, Schwarzwald, Germany"
8778,"Schönau, Lörrach, Baden-Württemberg, Germany"
8779,"Häg-Ehrsberg, Wiesental, Lörrach, Baden-Württemberg, Germany"
8783,"Mine Anton, Wieden, Todtnau, Lörrach, Baden-Württemberg, Germany"
8784,"Istein, Lörrach, Baden-Württemberg, Germany"
8787,"Efringen, Lörrach, Baden-Württemberg, Germany"
9127,"Fäldbach, Binn, Valais, Switzerland"
9129,Poretta
9132,"Sellenentobel, Silenen, Uri, Switzerland"
9145,"Droselegg (zwischen Chästal und Staldental), Silenen, Uri, Switzerland"
9146,"Lago di Fieud (Alpe Fieud), Airolo, Ticino, Switzerland"
9154,"zwischen Sidelhorn und Löffelhorn, Guttannen, Bern, Switzerland"
9155,"Piz Ault, Tujetsch, Grisons, Switzerland"
9157,"Hillehorn, Grengiols, Valais, Switzerland"
9161,"Fuorcla da Crispalt (Crispaltlücke), Tujetsch, Grisons, Switzerland"
9162,"Gärstengletscher (Gerstengletscher), Guttannen, Bern, Switzerland"
9165,"Mompé Medel, Disentis/Mustér Grisons, Switzerland"
9166,"Rotlauital, Guttannen, Bern, Switzerland"
9168,"Harnischwald near Bristen, Silenen, Uri, Switzerland"
9169,"Scherbadung (Pizzo Cervandone), Binn, Valais, Switzerland"
9174,"Furkafestung, Gale, Oberwald, Valais, Switzerland"
9175,"Feldbrunnen-St. Niklaus, Solothurn, Switzerland"
9177,"Adit Rotlaui-Trift, Guttannen, Bern, Switzerland"
9178,"Piz Giuv, Gurtnellen, Uri/Tujetsch, Grisons, Switzerland"
9179,"Gauligletscher, Innertkirchen, Bern, Switzerland"
9184,"Furka-Tunnel, Oberwald, Valais, Switzerland"
9186,"Sustenhorn, Göschenen, Uri, Switzerland"
9189,"Gebiet des Mont Blanc, Chamonix, Haute-Savoie, Rhône-Alpes, France"
9191,"Val Nalps, Tujetsch, Grisons, Switzerland"
9193,"Aabach, Tirol, Austria"
9194,"Chli/Gross Windgällen, Silenen, Uri, Switzerland"
9196,"Tierberg, Realp, Uri, Switzerland"
9197,"Bortelgletscher, Ried-Brig, Valais, Switzerland"
9203,"Chriegalppass, Grengiols, Valais, Switzerland"
9205,"Leggistein, Wassen, Uri, Switzerland"
9206,"Intschialp-Bachtobel, Intschialp, Gurtnellen, Uri, Switzerland"
9207,"Wittenalpstock, Silenen, Uri, Switzerland"
9209,"Glatscher da Giuv (Giuvgletscher), Tujetsch, Grisons, Switzerland"
9210,"Bellinzona, Ticino, Switzerland"
9213,"Lengenbach, Binntal, Valais, Switzerland"
9218,"Binntal, Valais, Switzerland"
9223,"Viels near Sedrun, Tujetsch, Grisons, Switzerland"
9224,"Cuolm da Vi, Tujetsch, Grisons, Switzerland"
9237,"Guspis, Hospental, Uri, Switzerland"
9244,"Voralp, Göschenen, Uri, Switzerland"
9245,"Calanda, Tamins/Felsberg/Untervaz, Grisons, Switzerland"
9250,"Puntegliasgebiet, Trun, Grisons, Switzerland"
9254,"Standeltal, Wassen, Uri, Switzerland"
9265,"Piz Casanel, Vals, Grisons, Switzerland"
9266,"Summeregg (Sommeregg), Guttannen, Bern, Switzerland"
9269,"Südrampe Lötschbergbahn, Hohtenn, Valais, Switzerland"
9272,"oberhalb Disla, Disentis/Mustèr, Grisons, Switzerland"
9284,"Steigschacht Sidelhorn-Grimsel, Guttannen, Bern, Switzerland"
9303,"Uors, Suraua, Grisons Switzerland"
9314,"Cavrein, Disentis/Mustér, Grisons, Switzerland"
9315,"Bettmerhorn, Lax, Valais, Switzerland"
9317,"Goms, Valais, Switzerland"
9318,"Furkahorn, Realp, Uri, Switzerland"
9319,"Furka, Valais/Uri, Switzerland"
9320,"Wallenburfirn, Göschenen, Uri, Switzerland"
9322,"Voralptal, Göschenen, Uri, Switzerland"
9323,"Voralptal,Göschenen, Uri, Switzerland"
9325,"Wasenhorn, Fieschertal, Valais, Switzerland"
9331,"Val Sabbia, Fusio, Ticino, Switzerland"
9332,"Naxbergkehle, Wassen, Uri, Switzerland"
9335,"Fieschertal, Valais, Switzerland"
9347,"Val Lumpegna, Disentis/Mustèr, Grisons, Switzerland"
9360,"Gegend von Disentis/Mustèr, Grisons, Switzerland"
9361,"(Piz) Cuolmet, Disentis/Mustér, Grisons, Switzerland"
9367,"Wilerhorn, Niedergesteln, Valais, Switzerland"
9372,"Russein near Disentis/Mustèr, Grisons, Switzerland"
9374,"Älpergenbach (Älpligerbach), Göschenen, Uri, Switzerland"
14905,"Val de Moiry, Grimentz, Valais, Switzerland"
14906,"Cornopass, Bedretto, Ticino, Switzerland"
13003,"Alpe Rosso, Valle Vigezzo, Italy"
14779,"Camp de Mar, Mallorca, Spain"
8005,"Ronchamp, Haute-Saône, France"
8007,"Birs near Basel, Basel-Stadt, Switzerland"
8008,"Wildegg, Holderbank, Aargau, Switzerland"
8012,"Steintal, Rothau, Schirmeck, Bas-Rhin, France"
8013,"Schirmeck, Bas-Rhin, France"
8014,"Wackenbach, Schirmeck, Bas-Rhin, France"
8335,"Mine Anton, Heubachtal, Wittichen, Freudenstadt, Baden-Württemberg, Germany"
8341,"near Wittichen, Schwarzwald, Baden, Germany"
8342,"Mine Sophia, Böckelsbachtal, Wittichen, Freudenstadt, Baden-Württemberg, Germany"
8347,"Mine Güte Gottes, Zundelgraben, Wittichen, Freudenstadt, Baden-Württemberg, Germany"
8388,"Münstertal, Schwarzwald, Germany"
8393,"Münstertal, Freiburg, Baden-Württemberg, Germany"
8351,Kupferkies
8401,"Geroldseck, Lahr, Offenburg, Baden-Württemberg, Germany"
8404,"Geroldseck (Geroldsau, Baden-Baden, Germany)"
8399,"near Baltimore, Maryland, USA"
8414,"Schweizergrund, Sulzburg, Müllheim, Freiburg, Baden-Württemberg, Germany"
8415,"Sulzburg, Südschwarzwald, Germany"
8419,"Sulzburg, Müllheim, Freiburg, Baden-Württemberg, Germany"
8455,"Schauinsland, Freiburg, Baden-Württemberg, Germany"
8456,"Kappler Adit, Schauinsland, Freiburg, Baden-Württemberg, Germany"
8457,"Erzkasten, Schauinsland, Freiburg, Baden-Württemberg, Germany"
8464,"Mine Schauinsland, Schwarzwald, Germany"
8488,"Kappel, Freiburg, Baden-Württemberg, Germany"
8492,"Rosskopf, Freiburg, Baden-Württemberg, Germany"
8789,"Huttingen, Efringen-Kirchen, Lörrach, Baden-Württemberg, Germany"
8790,"Kleinkems, Lörrach, Baden-Württemberg, Germany"
8798,"Adelshausen, Rheinfelden, Lörrach, Baden-Württemberg, Germany"
8799,"Inzlingen, Lörrach, Baden-Württemberg, Germany"
8807,"Hornfelsen, Grenzach, Lörrach, Baden-Württemberg, Germany"
8808,"Grenzacherhorn, Grenzach, Lörrach, Baden-Württemberg, Germany"
8813,"St. Antoni ob. Hospental, Uri, Switzerland"
8816,"Furkareussstollen (KW Göschenen), Göschenen, Uri, Switzerland"
8818,"St. Antoni ob Hospental, Uri, Switzerland"
8819,"Hoher Schnabel, Griesserental, Silenen, Uri, Switzerland"
8820,"Feldschijen (Feldschyn), Göschenen, Uri, Switzerland"
8822,"Barbarera, Airolo, Ticino, Switzerland"
8826,"Mittelegg (Bändertal), Silenen, Uri, Switzerland"
8827,"Schinschlucht, Vaz/Obervaz, Grisons, Switzerland"
8829,"Sargans, St. Gallen, Switzerland"
8835,"Heinzenberg, Sarn, Grisons, Switzerland"
8836,"Val Bavona, Cavergno, Ticino, Switzerland"
8838,"Sidelengletscher, Realp, Uri, Switzerland"
8840,"St. Antoni, Hospental, Uri, Switzerland"
8842,"Tiefenbach-Garschen, Realp, Uri, Switzerland"
8844,"Val Cavardiras, Disentis/Mustér, Grisons, Switzerland"
8846,"Rüteli (Etzli), Silenen, Uri, Switzerland"
8849,"Hospezi S. Maria (Steg near Sta. Maria), Medel (Lucmagn), Grisons, Switzerland"
8850,"Surpalits, Tujetsch, Grisons, Switzerland"
8852,"Vorder Feldschijen (Vorder Feldschyn), Göschenen, Uri, Switzerland"
8853,"Fellitobel, Gurtnellen, Uri, Switzerland"
8855,"Blauberg, Göschenen, Uri, Switzerland"
8856,"Grimselwasserstollen, Grimsel, Bern/Valais, Switzerland"
8861,"Nünistock (Mttagstock), Hospental, Uri, Switzerland"
8863,"Muttenz, Baselland, Switzerland"
8870,"Oberaaralp, Guttannen, Bern, Switzerland"
8871,"Granitsteinbruch, Gurtnellen, Uri, Switzerland"
8874,"Alp Vorder Tal, Filzbach, Glarus, Switzerland"
8877,"Runder Firn (Göscheneralp), Göschenen, Uri, Switzerland"
8878,"Chobelwand, Schwende, Appenzell-Innerrhoden, Switzerland"
8880,"Dürrschrennen-Höhle, Schwende, Appenzell-Innerrhoden, Switzerland"
8882,"Alp Cavrein, Disentis/Mustér, Grisons, Switzerland"
8885,"Muotta dadains, Piz Giuv, Tujetsch, Grisons, Switzerland"
8888,"Wilden Matten, Andermatt, Uri, Switzerland"
8890,"Grimsel Hospiz, Guttannen, Bern, Switzerland"
8892,"Quarry ob Sulz, Muttenz, Basel-Landschaft, Switzerland"
8894,"Gletscherzunge des Rhonegletscher, Oberwald, Valais, Switzerland"
8903,"Kohlergraben/Kollergraben, Binntal, Valais, Switzerland"
8904,"Rientalfirn, Göschenen, Uri, Switzerland"
8905,"Fort Bäzberg, Andermatt, Uri, Switzerland"
8908,"Lärchultini (Alp Lercheltini), Binntal, Valais, Switzerland"
8910,"Simplon, Valais, Switzerland"
8918,"Schöni, Wassen, Uri, Switzerland"
8919,"Winterstock, Realp, Uri, Switzerland"
8929,"Strassenbau Hospental, Uri, Switzerland"
8931,"Fuss des Juchlistock, Guttannen, Bern, Switzerland"
8933,"Sils im Domleschg, Grisons, Switzerland"
8934,"Gotthardstrasse near Hospental, Uri, Switzerland"
8937,"Gomergletscher, Zermatt, Valais, Switzerland"
8942,"Wasserschloss, Thusis, Grisons, Switzerland"
8947,"Glaspass, Tschappina, Grisons, Switzerland"
8948,"Leissigen, Bern, Switzerland"
8949,"Windgällenhütte, Silenen, Uri, Switzerland"
8953,"Lalden, Valais, Switzerland"
8955,"Val Cristallina, Bedrettotal!!, Ticino, Switzerland"
8956,"Monte Camperio Camperio, Olivone, Ticino, Switzerland"
8958,"in den Hängen S Mittagstock, Hospental, Uri, Switzerland"
8962,"E-Grat Finsteraarhorn, Fieschertal, Valais, Switzerland"
8968,"Locheggen-Hostettbach, Guttannen, Bern, Switzerland"
8969,"Val Lumpegna (Lumpegnia), Disentis/Mustèr, Grisons, Switzerland"
8971,"KW Göschenen (Göscheneralp), Göschenen, Uri, Switzerland"
8985,"Pizzo dell'Arzo, Bignasco, Ticino, Switzerland"
8989,"Viamala, Zillis-Reischen, Grisons, Switzerland"
8993,"Juchli, Guttannen, Bern, Switzerland"
8997,"Brienz, Bern, Switzerland"
9000,"Mutienik, Bohemia, Czechoslovakia"
9001,"Disla, Disentis/Mustèr, Grisons, Switzerland"
9002,"Rämigletscher (Mättitalgletscher), Grengiols, Valais, Switzerland"
9005,"Mittagstock-Spitzberg, Hospental, Uri, Switzerland"
9012,"Älpergenbach (Älpligerbach), Göscheneralp, Göschenen, Uri, Switzerland"
9033,"Vals, Grisons, Switzerland"
9036,"Vierz near Sedrun, Tavetsch, Grisons, Switzerland"
9043,"Ghiacciaio del Rotondo (Rondogletscher), Bedretto, Ticino, Switzerland"
9053,"Cavradi, Tujetsch, Grisons, Switzerland"
9060,"Ritterpass, Grengiols, Valais, Switzerland"
9065,"unterhalb Fellilücke, Andermatt, Uri, Switzerland"
9068,"Monte Piottino, Prato (Leventina), Ticino, Switzerland"
9071,"Gotthard-Strassentunnel, Airolo, Ticino, Switzerland"
9072,"Laxerbach near Lax, Valais, Switzerland"
9074,"Gischihorn, Binn, Valais, Switzerland"
9078,"Tuors, Medel (Lucmagn), Grisons, Switzerland"
9079,"Bördli Alp (Göscheneralp), Göschenen, Uri, Switzerland"
9084,"Bludri Boden (Göscheneralp), Göschenen, Uri, Switzerland"
9086,"Pizzo Prevat, Andermatt, Uri, Switzerland"
9087,"Scantschalas, Medel (Lucmagn), Grisons, Switzerland"
9093,"Ofenhorn, Binn, Valais, Switzerland"
9098,"Ötztal, Austria"
9099,"Intschi-Waldweg, Intschi, Gurtnellen, Uri, Switzerland"
9102,"Bristen (Bristenstock), Silenen, Uri, Switzerland"
9103,"Wandflue near Göschenen, uri, Switzerland"
9106,"Fruttli, Intschitobel, Intschi, Gurtnellen, Uri, Switzerland"
9107,"Rothenburg, Albulabahn, Switzerland"
9108,"Piz Curvet, Medel (Lucmagn), Grisons, Switzerland"
9109,"Surrein Adit, Tujetsch, Grisons, Switzerland"
9117,"Galenstock (Galengletscher), Oberwald, Valais, Switzerland"
9381,"Brunnifirn (Brunnigletscher), Silenen, Uri, Switzerland"
9395,"Triebtenseewli (Trübtensee am N-Hang Sidelhorn), Guttannen, Bern, Switzerland"
9396,"Simplon-Eisenbahntunnel, Ried-Brig, Valais, Switzerland"
9408,"Ernerlaui, Valais, Switzerland"
9419,"Binzenkehle/Rätzenkehle, Riental, Göschenen, Uri, Switzerland"
9423,"Riedertobel, Switzerland"
9425,"Alpe di Sorescia, Airolo, Ticino, Switzerland"
9435,"near Oberwald, Goms, Valais, Switzerland"
9436,"Valleggia, Bedretto, Ticino, Switzerland"
9454,"Lukmanier, Olivone, Ticino, Switzerland"
9457,"Widenberg, Silenen, Uri, Switzerland"
9458,"Piz Lai Blau, Medel (Lucmagn), Grisons, Switzerland"
9461,"Tour de Duin, Bex, Vaud, Switzerland"
9472,"Ritzlihorn, Guttannen, Bern, Switzerland"
9477,"Russeintobel, Sumvitg, Grisons, Switzerland"
9483,"Rotlauigraben, Guttannen, Bern, Switzerland"
9497,"Chaltwassergletscher, Ried-Brig, Valais, Switzerland"
9502,"Val Seriana-Selvino, Bergamo, Italy"
9552,"Lungental, Silenen, Uri, Switzerland"
9563,"Scheuchzerjoch, Switzerland"
9579,"Val Giuv, Tavetsch, Grisons, Switzerland"
9529,"Pizzo Campo Tencia, Chironico, Ticino, Switzerland"
9536,"Reckingerbach, Reckingen, Valais, Switzerland"
9609,"Val Val, Tujetsch, Grisons, Switzerland"
9611,"Station Eigergletscher (Eigerstation), Lauterbrunne, Bern, Switzerland"
9630,"Frutt Griess, Bristen, Silenen, Uri, Switzerland"
9634,"Lungental, Maderanertal, Uri, Switzerland"
9637,"Rappenloch, Sellenentobel, Silenen, Uri, Switzerland"
9640,"Quarry Etzliwerk, Bristen, Silenen, Uri, Switzerland"
9642,"Finhaut, Valais, Switzerland"
9648,"Dobelbrig (Göscheneralp), Göschenen, Uri, Switzerland"
9652,"Bänderwald, Silenen, Uri, Switzerland"
9653,"Alaska, USA"
9656,"Sunnig Wichel (Wichelschyn), Gurtnellen, Uri, Switzerland"
9663,"Riedertobel (Reuss near Ried), Silenen, Uri, Switzerland"
9664,"Stollenbau Göscheneralp, Göschenen, Uri, Switzerland"
9670,"Laxer Lane/Laue, Lax, Valais, Switzerland"
9685,"Lukmanier, Switzerland"
9688,"Herbriggen, St. Niklaus, Valais, Switzerland"
9694,"Albrunpass, Binn, Valais, Switzerland"
9735,"Intschi, Gurtnellen, Uri, Switzerland"
9758,"Oberaargebiet, Guttannen, Bern, Switzerland"
9760,"Barberine, Salvan, Valais, Switzerland"
9763,"Turbe (Turbenalp), Binn, Valais, Switzerland"
9767,"Twingischlucht, Grengiols, Valais, Switzerland"
9774,"zwischen Wysse Bach und Turbe, Binn, Valais, Switzerland"
9777,"Welschenofen, Ofenhorn, Binn, Valais, Switzerland"
9778,"Eggerofe, Binn, Valais, Switzerland"
9780,"hinnere Chollergrabe (hinterer Kollergraben), Binn, Valais, Switzerland"
9781,"Wyssi Flue (Weisse Fluh), Binn, Valais, Switzerland"
9785,"Helsengletscher, Grengiols, Valais, Switzerland"
9791,"Josefgalerie, Simplon, Valais, Switzerland"
9800,"Blacki(alp), Silenen, Uri, Switzerland"
9801,"Grosstal, Silenen, Uri, Switzerland"
9802,"Standelstock, Wassen, Uri, Switzerland"
9806,"Bristen, Gurtnellen, Uri, Switzerland"
9810,"Niederwald, Valais, Switzerland"
9813,"Selkingen (Selkingertal), Grafschaft, Valais, Switzerland"
9824,"Sidelenhorn, Realp, Uri, Switzerland"
9826,"Chrüzlistock, Switzerland"
9851,"Steinhüshorn (Steinhaushorn), Gadmen, Bern, Switzerland"
9868,"Straligen Stöckli, Silenen, Uri, Switzerland"
9873,"Val d'Almen, Paspels, Grisons, Switzerland"
9875,"Grosstal, Hospental, Uri, Switzerland"
9880,"Almens, Grisons, Switzerland"
9886,"Zwölfihorn, Elm, Glarus, Switzerland"
9888,"Mutsch, Silenen, Uri, Switzerland"
9890,"Adit Furkareuss (KW Göscheneralp), Göschenen, Uri, Switzerland"
9893,"Piz a Spescha/Placida da Spescha, Medel (Lucmagn), Grisons, Switzerland"
9906,"Sogn Gagl, Medel (Lucmagn), Grisons, Switzerland"
9912,"Bratschi (Göscheneralp), Göschenen, Uri, Switzerland"
9917,"Poncione Sambuco, Quinto, Ticino, Switzerland"
9927,"Engelberg, Obwalden, Switzerland"
9935,"Gwüest, Göschenen, Uri, Switzerland"
9944,"vorderes Val Giuv, Tujetsch, Grisons, Switzerland"
9946,"Brunnipass, Disentis/Mustér, Grisons, Switzerland"
9948,"Dangel, Gurtnellen, Uri, Switzerland"
9950,"Piz Terri, Vrin, Grisons, Switzerland"
9973,"La Bianca/Cima della Bianca, Campo (Blenio), Ticino, Switzerland"
9990,"Mutscheneralp im Etzlital, Silenen, Uri, Switzerland"
9991,"Pizzo Lucendro, Realp, Uri, Switzerland"
9994,"Blinnenhorn (Blindenhorn), Ulrichen, Valais, Switzerland"
9995,"am Grat beim Scheuchzerhorn, Guttannen, Bern, Switzerland"
9996,"Welschenofen, Binntal,Binn, Valais, Switzerland"
9997,"Furkapass, Oberwald, Valais, Switzerland"
10000,"Scheuchzerhorn, Guttannen, Bern, Switzerland"
10001,"Chrumme Rigg (Krummrück), Blatten, Valais, Switzerland"
10002,"Gibelhorn, Grengiols, Valais, Switzerland"
10005,"Oberalp, Andermatt, Uri, Switzerland"
10006,"Gärstenegg (Sommerloch), Guttannen, Bern, Switzerland"
10010,"Guggischluecht (Guggischlucht), Blatten, Valais, Switzerland"
10011,"Engstligenalp, Adelboden, Bern, Switzerland"
10014,"Steigschacht Grimselsee-Sidelhorn (KW Oberhasli), Sidelhorn, Guttannen, Bern, Switzerland"
10017,"Gauli, Innertkirchen, Bern, Switzerland"
10019,"unterhalb Gipfel des Scheuchzerhorns, Guttannen, Bern, Switzerland"
10040,"Piz Acletta, Disentis/Mustér, Grisons, Switzerland"
10050,"Tiefengletscher-Galenstock, Realp, Uri, Switzerland"
10069,"Spitzberg, Hospental, Uri, Switzerland"
10074,"Mutschen, Etzlital, Switzerland"
10110,"Planggenstock (Plattenstock), Göschenen, Uri, Switzerland"
10111,"Galen, Oberwald, Valais, Switzerland"
10113,"Plattenstock, Göscheneralp, Switzerland"
10129,"Galen-Dammastockgebiet, Oberwald, Valais, Switzerland"
10132,"Rotlaui-Trifttunnel, Guttannen, Bern, Switzerland"
10145,"Val Camadra, Ghirone, Ticino, Switzerland"
10146,"Wasserstollen (KW Grimsel), Guttannen, Bern, Switzerland"
10147,"Griesserental, Uri, Switzerland"
10148,"Furkareuss-Stollen (KW Göschenen), Göschenen, Uri, Switzerland"
10149,"Monti Campro, Camperio, Olivone, Ticino, Switzerland"
10153,"Hasengadenkehle, Göschenen, Uri, Switzerland"
10155,"Galenstock-Gammastock-Gebiet, Realp, Uri, Switzerland"
10162,"Turbental, Binn, Valais, Switzerland"
10164,"Geisspfad, Binn, Valais, Switzerland"
10172,"Bortelalp, Ried-Brig, Valais, Switzerland"
10177,"Südseite Scherbadung (Pizzo Cervandone), Baceno, Verbano-Cusio-Ossola, Italy"
10178,"Helsenhorn, Grengiols, Valais, Switzerland"
10183,"Gibelmatte, Grengiols, Valais, Switzerland"
10184,"Ausserbinn, Valais, Switzerland"
10203,"Steinenalp, Binntal, Valais, Switzerland"
10205,"Welscher Ofen, E von Albrunpass, Binntal, Valais, Switzerland"
10206,"Turbhorn, Binn, Valais, Switzerland"
10227,"Gegend von Geneva, Geneva, Switzerland"
10317,"Hinter Imfeld, Binntal, Valais, Switzerland"
10389,"Lengenbach, Binn, Valais, Switzerland"
10322,"Kleines Albrunhorn, Binn, Valais, Switzerland"
10410,"Imfeld, Binntal, Valais, Switzerland"
10454,"(Pipe Mit, Jakutien, Ostsibirien, USSR) Itoko, Congo Rep., Zaire"
10465,"Schönau, Sélestat (Schlettstadt), Bas-Rhin, France"
10471,Belfort
10476,"Mine Glückauf (Muttergabe Gottes Adit), Phaunoux (Rauenthal), Sainte-Marie-aux-Mines (Markirch), Haut-Rhin, France"
10494,"Hohenkrähen, Singen, Hegau, Konstanz, Baden-Württemberg, Germany"
10497,"Niederrotweil, Kaiserstuhl, Freiburg, Baden-Württemberg, Germany"
10498,"St. Pantaleon, Niederrotweil, Kaiserstuhl, Freiburg, Baden-Württemberg, Germany"
10507,"Rotweil, Kaiserstuhl, Germany"
10535,"Herbolzheim, Emmendingen, Baden-Württemberg, Germany"
10541,"Mine Termino, Saint-Luc, Valais, Switzerland"
10543,"Chippis, Valais, Switzerland"
10545,"Pas de Lona, Grimentz, Valais, Switzerland"
10546,"Zinal, Valais, Switzerland"
10547,"Mine Barma, Saint-Luc, Valais, Switzerland"
10549,"Prafleuri, Hérémence, Valais, Switzerland"
14715,"Mineral County, Nevada, USA"
14716,"Rico, Colorado, USA"
10551,"Mine Gosan, Chandolin, Valais, Switzerland"
10552,"Mine Collioux, Saint-Luc, Valais, Switzerland"
10553,"Val d'Anniviers, Valais, Switzerland"
10554,"Mine Moulin, Saint-Luc, Valais, Switzerland"
10555,"Praz Torrent, Grimentz, Valais, Switzerland"
10556,"Mine Praz Torrent, Grimentz, Valais, Switzerland"
10560,"Mine Grand-Praz, Ayer, Valais, Switzerland"
10562,"Ayer, Valais, Switzerland"
10565,"Roc d'Orzival, Grimentz, Valais, Switzerland"
10566,"Mines d'Ayère, Saint-Luc, Valais, Switzerland"
10570,"Mine Baicolliou, Grimentz, Valais, Switzerland"
10572,"Champex, Orsières, Valais, Switzerland"
10574,"Sembrancher, Valais, Switzerland"
10575,"Alp Giétroz, Finhaut, Valais, Switzerland"
10577,"Chamoson, Valais, Switzerland"
10578,"Ardon, Valais, Switzerland"
10579,"Corbassière, Bagnes, Valais, Switzerland"
10580,"Bagnes, Valais, Switzerland"
10581,"Railway tunnel near Sembrancher, Valais, Switzerland"
10582,"Evolène, Valais, Switzerland"
10583,"Val de Bagnes, Valais, Switzerland"
10584,"Fionnay, Bangnes, Valais, Switzerland"
10585,"Tournillon blanc, Val de Bagnes, Valais, Switzerland"
10586,"Fionnay, Bagnes, Valais, Switzerland"
10591,"Granges, Sierre, Valais, Switzerland"
10593,"Mont Dolin, Evolène, Valais, Switzerland"
10594,"Grand Torrent d'Eyson, Val d'Hérens, Valais, Switzerland"
10596,"Kalkfabrik Netstal, Glarus, Switzerland"
10598,"Stollenanlage Monte Piottino, Prato (Leventina), Ticino, Switzerland"
10620,"N-Abhang Helse, Grengiols, Valais, Switzerland"
10625,"Turtmanntal, Valais, Switzerland"
10626,"Mine Kaltenberg, Oberems, Valais, Switzerland"
10628,"Railway tunnel vor Sembrancher, Valais, Switzerland"
10630,"Lago Tremorgio, Prato (Leventina), Ticino, Switzerland"
10636,"Alpe Cadonighino, Prato (Leventina), Ticino, Switzerland"
10637,"Passo Vanit (Passo Cadonighino), Prato (Leventina), Ticino, Switzerland"
10652,"Pizzo Forno (""Mte. Campione""), Chironico, Ticino, Switzerland"
10653,"Alpe di Vignone, Rossura, Ticino, Switzerland"
10668,"aus dem Fluss Ticino near Faido, Ticino, Switzerland"
10673,"Alpe Sponda, Chironico, Ticino, Switzerland"
10685,"Lavorgo, Chiggiogna, Ticino, Switzerland"
10697,"Silberberg near Fahl, Todtnau, Lörrach, Baden-Württemberg, Germany"
10706,"Simplon-Eisenbahntunnel II, Ried-Brig, Valais, Switzerland"
10723,"Biasca, Ticino, Switzerland"
10728,"Valle Maggia, Aurigeno, Ticino, Switzerland"
10729,"Valle Maggia, Ticino, Switzerland"
10733,"Ponte della Torretta, Bellinzona, Ticino, Switzerland"
10734,"Lago Bianco, Bignasco, Ticino, Switzerland"
10740,"Traseggio, Mairengo, Ticino, Switzerland"
10752,"Fleschhorn, Binn, Valais, Switzerland"
10754,"Simplonpass, Simplon, Valais, Switzerland"
10755,"Steinental (Steinutal), Termen, Valais, Switzerland"
10759,"Gondo, Zwischenbergen, Valais, Switzerland"
10764,"Gondo, Simplon, Valais, Switzerland"
10765,"Goldmine Gondo, Zwischenbergen, Valais, Switzerland"
10768,"Berisal, Ried-Brig, Valais, Switzerland"
10770,"Ghiacciaio del Cavagnöö (Cavagnoligletscher), Bignasco, Ticino, Switzerland"
10774,"E Lago Bianco, Bignasco, Ticino, Switzerland"
10775,"Alpe Töira, Chironico, Ticino, Switzerland"
10776,"oberes Val Bavona, Bignasco, Ticino, Switzerland"
10777,"Valle Marscia, Maggiatal, Ticino, Switzerland"
10780,"Alpe Arami, Gorduno, Ticino, Switzerland"
10781,"Sementina, Ticino, Switzerland"
10784,"Intragna, Ticino, Switzerland"
10785,"Alpe Matignello near Cimalmotto, Campo (Vallemaggia), Ticino, Switzerland"
10790,"Pizzo Barone, Sonogno, Ticino, Switzerland"
10795,"Passo Cadonighino, Prato (Leventina), Ticino, Switzerland"
10796,"Giornico, Ticino, Switzerland"
10800,"Campo Tencia, Chironico, Ticino, Switzerland"
10806,"Pizzo Forno, Ticino, Switzerland"
10809,"Simplon-Eisenbahntunne II, Valais, Switzerland"
10872,"Val Cavradi (Val Curnera), Tujetsch, Grisons, Switzerland"
10875,"Oberalppass, Andermatt, Uri, Switzerland"
10876,"am Rhein near Tschamut, Tujetsch, Grisons, Switzerland"
10877,"Plauncas Cuflegl (Cuflegl), Tujetsch, Grisons, Switzerland"
10879,"Scalinada pintga, Val Sogn Placi, Disentis/Mustér, Grisons, Switzerland"
10889,"Val Giuv/am Crispalt, Tujetsch, Grisons, Switzerland"
10890,"erste Motta am Glatscher da Giuv (Giuvgletscher), Tujetsch, Grisons, Switzerland"
10895,"Mittelplatten, Tujetsch, Grisons, Switzerland"
10949,"Brüggloch, Hopsental, Uri, Switzerland"
10951,"Alpe di Rodont, Airolo, Ticino, Switzerland"
10952,"Harnisch, Hospental, Uri, Switzerland"
10956,"Gotthard-Hospiz, Airolo, Ticino, Switzerland"
10957,"Lagodi  Lucendro, Airolo, Ticino, Switzerland"
10967,"Gotthardtunnel, Airolo, Ticino, Switzerland"
10972,"Claro, Ticino, Switzerland"
10973,"Bonaduz, Grisons, Switzerland"
10974,"Albigna(gebiet), Vicosoprano, Grisons, Switzerland"
10975,"Albignagebiet, Vicosoprano, Grisons, Switzerland"
10976,"Valle Molino, Claro, Ticino, Switzerland"
10977,"Ago di Sciora, Vicosoprano, Grisons, Switzerland"
11000,"Sella Hospiz, Airolo, Ticino, Switzerland"
11020,"Passo di Lucendro, Airolo, Ticino, Switzerland"
11024,"Val Canaria, Ticino, Switzerland"
11027,"Saissa, Thusis, Grisons, Switzerland"
11036,"Urnerloch, Andermatt, Uri, Switzerland"
11042,"Frunthorn, Vrin, Grisons, Switzerland"
11043,"Leisalp, Vals, Grisons, Switzerland"
11046,"Nufenen(pass), Ulrichen, Valais, Switzerland"
11047,"Wandfluhhorn, Cavergno, Ticino, Switzerland"
11051,"Alp Parsettens, Tinizong-Rona, Grisons, Switzerland"
11052,"Bosco/Gurin, Ticino, Switzerland"
11053,"Monte Rosa, Zermatt, Valais, Switzerland"
10847,"Alp Nalps, Tujetsch, Grisons, Switzerland"
10857,"Barcuns (Barcuns Dadens), Sumvitg, Grisons, Switzerland"
10869,"Val da Claus, Surrhein, Switzerland"
10870,"Rheinufer near Sedrun, Tujetsch, Grisons, Switzerland"
10871,"Val Cavradi (unteres Val Curnera), Tujetsch, Grisons, Switzerland"
11061,"Reben Niederfeld, Nusshof, Basel-Landschaft, Switzerland"
11067,"Gegend von Fiesch, Valais, Switzerland"
11072,"Lammabrücke ob Fiesch, Valais, Switzerland"
11089,"Gasterental, Kandersteg, Bern, Switzerland"
11090,"Boltigen, Bern, Switzerland"
11092,"Torrenthorn, Switzerland"
11093,"Därligen, Bern, Switzerland"
11095,"Berner Oberland, Switzerland"
11096,"Tschingellochtighorn, Adelboden, Bern, Switzerland"
11097,"Wildhorn, Lauterbrunnen, Bern, Switzerland"
11099,"Hohalp, Switzerland"
11100,"Ralligen, Sigriswil, Bern, Switzerland"
11102,"Bäderberg, Boltigen, Bern, Switzerland"
11103,"Frohmatt, Zweisimmen, Bern, Switzerland"
11105,"Chrattighalte, Krattigen/Leissigen, Bern, Switzerland"
11106,"Grindelwald, Bern, Switzerland"
11107,"Wengernalp, Lauterbrunnen, Bern, Switzerland"
11112,"Zweilütschinen, Berner Oberland, Switzerland"
11120,"Quarry Scheregg, Schwende, Appenzell-Innerrhoden, Switzerland"
11127,"Chlus-Gartenalp, Schwende, Appenzell-Innerhoden, Switzerland"
11128,"Langenstein, Schwende, Appenzell-Innerrhoden, Switzerland"
11129,"Kobelwald, Oberriet, St. Gallen, Switzerland"
11133,"Gegend von Brienz (Oltschialp), Bern, Switzerland"
11136,"Planplatten, Hasliberg, Bern, Switzerland"
11144,"Pilatus, Alpnach, Obwalden, Switzerland"
11149,"Geissbüel, Weggis, Lucerne, Switzerland"
11150,"Iberg, Schwyz, Schwyz, Switzerland"
11155,"Rotzloch, Ennetmoos, Nidwalden, Switzerland"
11156,"Gegend v. Rotzloch, Ennetmoos, Nidwalden, Switzerland"
11157,"Hölloch, Schwyz, Switzerland"
11158,"Rothenfluh ob Hergiswil, Nidwalden, Switzerland"
11159,"Lauitobel, Sattel, Schwyz, Switzerland"
11160,"Steinbruch. Bolzbach, Seedorf, Uri, Switzerland"
11163,"Kaiserstuhl near Giswil, Obwalden, Switzerland"
11165,"Widderfeld Stock, Kerns, Obwalden, Switzerland"
11166,"Bannalp, Wolfenschiessen, Nidwalden, Switzerland"
11168,"Mürtschenalp, Obstalden, Glarus, Switzerland"
11169,"Mergelgrube Grisigen near Horw, Lucerne, Switzerland"
11170,"Quarry Bolzbach, Seedorf, Uri, Switzerland"
11171,"Rhinacht, Schattdorf, Uri, Switzerland"
11173,"Vättis, Pfäfers, St. Gallen, Switzerland"
11174,"Pfefferserschlucht (Pfäfers, St. Gallen), Switzerland"
11175,"Chasten, Unterschächen, Uri, Switzerland"
11176,"Beckenried, Nidwalden, Switzerland"
11177,"Falzüber, Elm, Glarus, Switzerland"
11178,"Brunnital, Silenen, Uri, Switzerland"
11183,"Felsberg, Grisons, Switzerland"
11185,"Walenstadt, St. Gallen, Switzerland"
11187,"Gonzen, Sargans, St. Gallen, Switzerland"
11194,"Rifertengrat, Tödi, Switzerland (Bifertengrätli, Linthal, Glarus, Switzerland)"
11195,"Elm, Glarus, Switzerland"
11201,"Grabser Berg, Grabs, St. Gallen, Switzerland"
11202,"Tierwis-Girenspitz, Hundwil, Appenzell-Ausserrhoden, Switzerland"
11204,"Öhrli, Schwende, Appenzell-Innerrhoden, Switzerland"
11206,"Bern, Switzerland"
11207,"Vilters-Wangs, St. Gallen, Switzerland"
11209,"Dürschrennenhöhle, Schwende, Appenzell-Innerrhoden, Switzerland"
11210,"Luegiboden, Habkern, Bern, Switzerland"
11211,"Bremgarten, Aargau, Switzerland"
11213,"Neuenburgersee, Switzerland"
11215,"Geneva, Switzerland"
11219,"Bielersee, Switzerland"
11220,"Burgdorf, Bern, Switzerland"
11221,"Gegend von Montreux, Vaud, Switzerland"
11222,"Cossonay, Vaud, Switzerland"
11226,"Vevey, Switzerland"
11228,"Champéry, Valais, Switzerland"
11229,"Quarry near Dielsdorf, Zürich, Switzerland"
11230,"Charrat, Valais, Switzerland"
11231,"Cave Sesquipliant near Vevey, Vaud, Switzerland"
11232,"La Pissevache, Vernayaz, Valais, Switzerland"
11236,"Ollon, Vaud, Switzerland"
11240,"Gand Meuveran, Faîte de Saille, Valais, Switzerland"
11267,"Galérie des Vauds, Bex, Vaud, Switzerland"
11295,"Val Pintga, Disentis/Mustèr, Grisons, Switzerland"
11296,"Fürstenaubruck, Fürstenau, Grisons, Switzerland"
11306,"Fedenälpeli (Federälpler), Gurtnellen, Uri, Switzerland"
11313,"Fellital (Wichel), Gurtnellen, Uri, Switzerland"
11332,"Coro, Venezuela"
11341,"Piz Pali (Nebengipfel des Chrüzlistock), Tujetsch, Grisons, Switzerland"
11345,"Mutsch, Tujetsch, Grisons, Switzerland"
11347,"Etzlital, Maderanertal, Uri, Switzerland"
11348,"Wieden, Todtnau, Lörrach, Baden-Württemberg, Germany"
11351,"Mürzenstock im Etzlital, Silenen, Uri, Switzerland"
11357,"Brunnistock, Rupletental, Uri, Switzerland"
11378,"Bänderstock, Silenen, Uri, Switzerland"
11385,"Etzlital, Silenen, Uri, Switzerland"
11401,"SW-Grat des Galenstock, Realp, Uri, Switzerland"
11421,"Campolungo, Ticino, Switzerland"
11429,"Cima delle Donne, Bignasco, Ticino, Switzerland"
11431,"Valle Maggia, Maggia, Ticino, Switzerland"
11432,"Alpe di Campo la Torba, Fusio, Ticino, Switzerland"
11468,"Räterichsboden, Guttannen, Bern, Switzerland"
11473,"Grimselstauseegebiet, Guttannen, Bern, Switzerland"
11488,"Martisberg, Valais, Switzerland"
11490,"La Sourde, Mont Blanc, Chamonix, Haute-Savoie, Rhône-Alpes, France"
11491,"Talèfre, Chamonix, Haute-Savoie, Rhône-Alpes, France"
11494,"Faulhorn (Felsabstürze N Tällisegg), Oberwald, Valais, Switzerland"
11495,"Dôme du Goûter, Chamonix, Haute-Savoie, Rhône-Alpes, France"
11498,"Mo-Grube Galkichumma, Baltschieder, Valais, Switzerland"
11500,"Chamonix, Haute-Savoie, Rhône-Alpes, France"
11508,"Simmental, Bern, Switzerland"
11511,"Brienzergrat, Brienz, Bern, Switzerland"
11514,"Dalpe, Ticino, Switzerland"
11515,"Quarry Castione, Castione-Arbedo, Ticino, Switzerland"
11522,"Wiss und Schwarz Nolla, Tschappina, Grisons, Switzerland"
11527,"Bäderhorn, Boltigen, Bern, Switzerland"
11535,"Quarry Redelsflue, Forstberg, Röschenz, Basel-Landschaft, Switzerland"
11539,"Fluhberg near Boltigen (Flüeberg, Därstetten), Bern, Switzerland"
11540,"Titlis, Engelberg, Obwalden, Switzerland"
11544,"Oltscherenalp, Brienzwiler, Bern, Switzerland"
11548,"Kemmeriboden, Schangnau, Bern, Switzerland"
11549,"Plasselbschlucht, Plasselb, Fribourg, Switzerland"
11553,"Basel-Landschaft, Switzerland"
11556,"Birs, Basel-Landschaft/Jura, Switzerland"
11559,"Bohrung Buix, Buix, Jura, Switzerland"
11561,"Gang Fanillaz, Brusson, Aosta, Italy"
11572,"Pratteln, Baselland, Switzerland"
11579,"Boncourt, Jura, Switzerland"
11580,"Stahlberg near Ribeauvillé (Rappoltsweiler), Haut-Rhin, France"
11598,"Fort Bühl, Andermatt, Uri, Switzerland"
11604,"Riental, Disentis/Mustér, Grisons, Switzerland"
11625,"Grisons, Switzerland"
11630,"Hornmattenwald, Mund, Valais, Switzerland"
11648,"Zuzgen, Aargau, Switzerland"
11651,"Lukmanierstrasse, Medel (Lucomagn), Grisons, Switzerland"
11652,"unteres Vallun da la Trubinasca, Bondo, Grisons, Switzerland"
11653,"Piz Cotschen, Ardez, Grisons, Switzerland"
11655,"Chriegalptal, Grengiols, Valais, Switzerland"
11661,"oberhalb Binn, Valais, Switzerland"
11662,"Mine Costa (Alla Costa), Sessa, Ticino, Switzerland"
11663,"NW von Manno, Ticino, Switzerland"
11664,"Monti Laura (N unterhalb Monti di Vif), Roveredo, Grisons, Switzerland"
11666,"Valdo, Verbano-Cusio-Ossola, Italy"
11669,"W-Hang Wasenhorn, Ried-Brig, Valais, Switzerland"
11670,"Alpe Cortino, Valle Maggia, Ticino, Switzerland"
11673,"Hinter Wartenberg, Muttenz, Basel-Landschaft, Switzerland"
11675,"Movelier, Jura, Switzerland"
11676,"Aesch, Basel-Landschaft, Switzerland"
11677,"Kleinlützel, Solothurn, Switzerland"
11685,"Adler, Pratteln, Basel-Landschaft, Switzerland"
11689,"Humbel, Waldenburg, Basel-Landschaft, Switzerland"
11690,"La Neuveville, Bern, Switzerland"
11692,"Kristallhöhle Kobelwald, Oberriet, St. Gallen, Switzerland"
11694,"Kandergrund, Bern, Switzerland"
11696,"Obererlinsbach, Erlinsbach, Aargau, Switzerland"
11700,"Mine Clara, Rankachtal, Wolfach, Offenburg, Baden-Württemberg, Germany"
11701,"Quarry des Etrives, St-Triphon, Ollon, Vaud, Switzerland"
11707,"Quarry La Reuchenette, Péry, Bern, Switzerland"
11711,"Rheinufer near Koblenz, Aargau, Switzerland"
11713,"Sta Marta, Carona, Ticino, Switzerland"
11714,"Olgiasca-Malpensata (Piona), Colico, Lecco, Italy"
11716,"Porto Ceresio, Varese, Italy"
11727,"Farnsburg, Ormalingen, Basel-Landschaft, Switzerland"
11729,"Hinter Kornberg, Fricktal, Aargau, Switzerland"
11741,Nordwest-Spanien
11744,Guatemala
11757,"La Zoma, Spain"
11759,"Schwaderloch, Aargau, Switzerland"
11765,"Schlafegg, Kandergrund, Bern, Switzerland"
11766,"Röschenz, Basel-Landschaft, Switzerland"
11772,"near Brienz, Bern, Switzerland"
11784,"Ryburg, Schwörstadt, Rheinfelden, Lörrach, Baden-Württemberg, Germany"
11788,"Ofteringen, Wutöschingen, Wutach, Waldshut, Baden-Württemberg, Germany"
11790,"Mümliswil, Solothurn, Switzerland"
11792,"Val Sagliains, Susch, Grisons, Switzerland"
11793,"Monti Laura-Roveredo (NW von Monti di Vif), Roveredo, Grisons, Switzerland"
11802,"Sulzburg, Muttenz, Basel-Landschaft, Switzerland"
11804,"Stürmenhof, Bärschwil, Basel-Landschaft, Switzerland"
11807,"Vernier, Genève, Switzerland"
11809,"Born, Kappel, Solothurn, Switzerland"
11810,"Quarry Fontenais, Porrentruy, Jura, Switzerland"
11815,"Il Madone, Airolo, Ticino, Switzerland"
11817,"Bäzberg, Andermatt, Uri, Switzerland"
11838,"Lochberg-Plattenstock, Göscheneralp, Göschenen, Uri, Switzerland"
11852,"Mine Spitzdobel, Wieden, Todtnau, Lörrach, Baden-Württemberg, Germany"
11853,"Kappeler Mine, Schauinsland, Germany"
11860,"Wiesloch, Baden, Germany"
11873,"Isteiner Klotz, Istein, Lörrach, Baden-Württemberg, Germany"
11904,"Mine Teufelsgrund, Münstertal, Schwarzwald, Germany"
11910,Wiesloch
11916,"Zell, Wiesental, Lörrach, Baden-Württemberg, Germany"
11955,"Quarry Münchenstein, Münchenstein, Basel-Landschaft, Switzerland"
11977,"Görlitz, Silesia, Poland"
11978,"Taman, Oberburma"
11981,"Blochmont, Kiffis, Ferrette (Pfirt), Haut-Rhin, France"
11982,"Glaserbergkopf, Blochmont, Kiffis, Ferrette (Pfirt), Haut-Rhin, France"
11984,"Kirchberg, Niederrotweil, Kaiserstuhl, Freiburg, Baden-Württemberg, Germany"
11986,"Essertfallon, Epiquerez, Jura, Switzerland"
11993,"Lexwig, Trondheim, Norway"
11996,"Poschiavo, Grisons, Switzerland"
11997,"Kilchistock, Oberhasli, Guttannen, Bern, Switzerland"
12004,"Tamman, Oberburma"
12005,"Intschitobel, Gurtnellen, Uri, Switzerland"
12006,"Mustafa Kemalpasa, Turkey"
12012,Rio Marina
12013,"Selva, Poschiavo, Grisons, Switzerland"
12018,"Quarry oberhalb Münchenstein, Basel-Landschaft, Switzerland"
12019,"grosser Quarry near Münchenstein, Basel-Landschaft, Switzerland"
12022,"Sichtern ob Liestal, Baselland, Switzerland"
12028,Trinidad
12029,"Menzenschwand, St. Blasien, Waldshut, Baden-Württemberg, Germany"
12034,"Babenhausen, Vogelsgebirge, Hesse, Germany"
12037,"Tenniken, Baselland, Switzerland"
11991,"Quarry am Forstberg, Röschenz, Basel-Landschaft, Switzerland"
11992,"Quarry zwischen Quartino und Ponte, Magadino, Ticino, Switzerland"
12047,"L'Isle, Vaud, Switzerland"
12048,"Meikirch, Bern, Switzerland"
12049,"Takawaja, Ural, USSR"
12050,"Münchenbuchsee, Bern, Switzerland"
12053,"Station Liesberg, Liesberg, Basel-Landschaft, Switzerland"
12058,Rhodesien
12060,"Tsumeb, Otjikoto Region, Namibia"
12062,"Sapucaia, Brazil"
12065,Siegenerland
12068,"Platten, Bohemia, Czechoslovakia"
12071,"Pizzo Prevat, Airolo, Ticino, Switzerland"
12074,Nordhausen
12075,"Felsberger Calanda, Felsberg, Grisons, Switzerland"
12084,"Duflon, Cumberland, United Kingdom"
12086,"Haslach, Offenburg, Baden-Württemburg, Germany"
12088,"Tremorgio, Prato (Leventina), Ticino, Switzerland"
12089,"Fort Wrangel, Alaska, USA"
12095,"Laurikari, Finland"
12097,"Sewen, Haut-Rhin, France"
12099,"Eugui, Navarra, Spain"
12101,"La Bosse, Haute Loire, France"
12106,"Haslach, Offenburg, Baden-Württemberg, Germany"
12109,"Alp d'Err, Tinizong-Rona, Grisons, Switzerland"
12113,"Braubach, Nassau, Germany"
12114,"Sarapulka, Ural, USSR"
12116,"Ragusa, Sizilien, Italy"
12117,"Montambert, France"
12122,"Lake Superior, USA"
12123,"Thunderbay, Lake Superior, USA"
12127,"Landes, France"
12129,"Sundwig near Iserlohn, Westfalen, Germany"
12132,"Mechernich, Eifel, Rheinland, Germany"
12133,"Tödi, Glarus, Switzerland"
12134,"Wyoming, USA"
12137,"Ersa, Corse (Korsika), France"
12138,"Branchville, Connecticut, USA"
12142,"Miemo, Toscana, Italy"
12146,"Piz Vatgira, Medel (Lucomagn), Grisons, Switzerland"
12153,"Rémuzat, Drôme, France"
12156,"Maxonchamp, Le Val-d'Ajol, Vosges, France"
12160,"Quarry Himmelreich, Schallsingen, Lörrach, Baden-Württemberg, Germany"
12168,"Passo della Sella, Andermatt, Uri, Switzerland"
12174,"Dépt. Yonne, France"
12185,Kuba
12193,"Mine Bellaluna, Filisur, Grisons, Switzerland"
12194,"Asturien, Spain"
12198,"Dreuze, Lorraine"
12209,"Carschenna, Sils im Domleschg, Grisons, Switzerland"
12215,"Capcao, Brazil"
12222,"Quarry Lochezen, Walenstadt, St. Gallen, Switzerland"
12227,"Lobenstein, Saxony, Germany"
12229,"Hamm, Westfalen, Germany"
12230,"Pallowfield, Cumberland, United Kingdom"
12232,"Gavorrano, Toscana, Italy"
12234,"Jasper Cty., USA"
12235,"Bärschwil, Basel-Landschaft, Switzerland"
12236,"Rimbach-près-Masevaux, Sewen, Haut-Rhin, France"
12237,"Gloucestershire, United Kingdom"
12240,"Franklin, New York, USA"
12243,Wiesbaden
12274,"Solfatara, Sizilien, Italy"
12281,"Horni Slavkov (Schlaggenwald), Bohemia, Tschechische Republik"
12293,"Lipnitz, Bohemia, Czechoslovakia"
12306,"Zschopau, Saxony, Germany"
12313,"Grenoble, France"
12245,"Lons-le-Saunier, Jura, France"
12248,"Lehesten-Thüringen, Germany"
12249,"Greifenstein, Nassau, Germany"
12256,"Hausen, Baden-Württemberg, Germany"
12257,"Dillenburg, Hesse, Germany"
12259,"Plancher-les-Mines, Giromagny, Haute-Saône, France"
12266,Kehl
12270,Hall
12272,"Persberg, Germany"
12320,"Bergstrasse, Baden, Germany"
12323,"Mexquita, Mexico"
12327,"Kimberley, South Afrika"
12330,Salzkammerdorf
12333,"Perticara, Romagna, Italy"
12335,Canil near Cadiz
12339,"Radoboj, Croatia"
12344,"Sondalo, Valtellino"
12356,"Goldgrube Gondo, Zwischenbergen, Valais, Switzerland"
12358,"Brad, Romania"
12359,Transylvanien
12368,"Mina Esploradora, Chile"
12372,"Höwenegg/Hewenegg, Engen, Hegau, Konstanz, Baden-Württemberg, Germany"
12378,"Faucogney-et-la-Mer, Haute-Saône, France"
12380,near Nizza
12383,Romania
12384,"Kleinasien, Turkey"
12388,Kurdistan
12389,"Burg Ehrenfels, Sils im Domleschg, Grisons, Switzerland"
12400,"Brioude, France"
12402,"near Commern, Rheinpreussen, Germany"
12410,Arnsberg
12415,"St. Just, Cornwall, United Kingdom"
12416,"St. Ives, Cornwall, United Kingdom"
12427,"Dépt. Constantine, Algeria"
12446,"Silberberg near Bodenmais, Bavaria, Germany"
12455,"Parsennfurgga, Davos, Grisons, Switzerland"
12458,"Adit Kraftwerk Oberhasli (Zulaufstollen Rotlau-Trift), Guttannen, Bern, Switzerland"
15413,"Latium, Italy"
14758,"Mariette, South Carolina, USA"
14759,"Clyde Mine, Netherland, Colorado, USA"
14760,"Evigtok, West-Grönland"
13362,"Mörel, Valais, Switzerland"
13367,"Valle di Grana, Pitora, Ticino, Switzerland"
13379,"Passo della Cima di Lago, Bedretto, Ticino, Switzerland"
15097,"Capellitis, Argentina"
15098,"Markirch, Steiermark, Austria"
13368,"San Nazzaro-Vairano, Ticino, Switzerland"
15056,"Raltimo, Finland"
15058,Bagnères en Bigorre
15059,"Mina El Raso, Venezuela"
15060,"Vézère, France"
15061,Thailand (Siam)
14509,"Miniera Bottino, Toscana, Italy"
14511,"Cerro de Pasco, Peru"
14513,"Flöz, Bad Hersfeld, Hesse, Germany"
14781,"Quercy, France"
14782,"Querétaro, Mexico"
14783,"Cadiz, Spain"
14784,"Artesa de Segre, Lerida, Spain"
14786,"Cambrils, Kiera Salada, Lerida, Spain"
25204,"Märjelesee, Fieschertal, Valais, Switzerland"
25401,"Harts Range, Northern Territory, Australia"
25402,"Western Australia, Australia"
30104,"Poncione di Tremorgio, Quinto, Ticino, Switzerland"
15429,"Laven, Langesund, Norway"
15075,"Bühl, Dorf Weimar, Kassel, Germany"
15077,"Tandjung, Senang, Sumatra"
15078,"Lumnezia, Degen, Grisons, Switzerland"
24001,Pica da Facho
24003,"Yellowstone Park, USA"
24004,"Nationalpark, USA"
14725,"Domaring, Ost-Borneo"
14727,"Baikal, USSR"
12348,"Rhein, Basel, Switzerland"
12465,"Müsen near Siegen, Nassau, Westfalen, Germany"
12466,"Schönborn near Mittweida, Saxony, Germany"
12467,"Kogel, Tirol, Austria"
12484,"Fellmesertal (Bristen(stock)), Gurtnellen, Uri, Switzerland"
12486,"Brosso, Piemonte, Italy"
12494,Salburg
12495,"Skutterud, Norway"
12500,"Hohenstein, Saxony, Germany"
12501,"Andenelle, Belgium"
12503,"Stbr. Vricla, Zignau, Grisons, Switzerland"
12508,"Sparta, Illinois, USA"
12594,Celebes
12601,"Massif Central, France"
12612,Fontvieille near Les-Baux-de-Provence
12622,Karstadt
12624,"Rhonitz, Hungary"
12628,"Smyrna, Turkey"
12634,"Oltschialp, Brienzwiler, Bern, Switzerland"
12637,"Wheal Phenix, Cornwall, United Kingdom"
12638,"Norberg, Sweden"
12639,"Iserwiese, Bohemia, Czechoslovakia"
12643,"St.-Lory, Lorraine"
15080,"Grabsteinfabrik Reichenbach, Odenwald, Germany"
12648,"Tobel near Laus, Sumvitg, Grisons, Switzerland"
12653,"Andeer, Grisons, Switzerland"
12656,"Warwick, Moravia, Czechoslovakia"
12658,"Bissersk, Ural, USSR"
12661,"Valtigl, Tirol, Italy"
12665,"Curay, Colorado, USA"
12666,"Herdorf, Siegerland, Westfalen, Germany"
12667,"Elt, Nassau, Germany"
12668,"Dongo, Como, Italy"
12672,"Allecard, Dépt. Isère, France"
12684,"Herrengrund, Czechoslovakia"
12691,"Cliffon-Mine, Arizona, USA"
12701,"Houghton, Michigan, USA"
12702,"Loben, Kärnten, Austria"
12703,"Mine Elba, Mollau, Urbès (Urbis), Haut-Rhin, France"
12708,"Basel-Stadt, Switzerland"
12710,"Leis, Vals, Switzerland"
12714,"Manitou, Colorado, USA"
12715,"Tivoli near Rom, Italy"
12717,"Chasseral, Nods, Bern, Switzerland"
12718,"Firenze, Italy"
12527,"Gipssteinbruch near Bex, Vaud, Switzerland"
12531,"Kamtschatka, USSR"
12540,"Colli Euganei, Padova, Italy"
12545,"Nolla, Thusis, Grisons, Switzerland"
12547,"Schlächtenhaus, Steinen, Kandern, Lörrach, Baden-Württemberg, Germany"
12548,"Hattapä, Finland"
12549,"All'Acqua, Bedretto, Ticino, Switzerland"
12555,"Cheyenne Canon, Colorado Springs, Colorado, USA"
12559,"Ilmensee, Sibirien, USSR"
12561,"Cargnola, Tiefencastel, Grisons, Switzerland"
12564,"Riedertobel, Amsteg, Uri, Switzerland"
12573,"Morton Land, USA"
12575,"Revutza, Hungary"
12580,"Huel Corland, Cornwall, United Kingdom"
12581,"Austle, Cornwall, United Kingdom"
12583,Malacca
12585,"Epsdorf, Lüneburg, Germany"
12590,"Baumgarten, Silesia, Poland"
12592,"Szirk, Czechoslovakia"
12736,"Piz Mundaun, Surcuolm, Grisons, Switzerland"
12737,"Gloucestershire, England, United Kingdom"
12739,"Oudi del Ti, Egypt"
12740,"Jate, Gloucestershire, United Kingdom"
12741,Gloucestershire
12748,"Schapbachtal, Freudenstadt, Baden-Württemberg, Germany"
12763,"Cavorgia, Tujetsch, Grisons, Switzerland"
12764,"Compostela, Spain"
12773,"Montmartre, Argenteuil, Paris, France"
12774,"Tschermig, Bohemia, Czechoslovakia"
12780,"Aussee, Steiermark, Austria"
12781,"Herten near Badisch-Rheinfelden, Germany"
12783,"Guemar, Wüste Sahara, Algeria"
12791,"Hodritsch, Czechoslovakia"
18872,"rechtes Ufer Walensee, Walensee, St. Gallen, Switzerland"
18875,"Sustenpass, Gadmen, Bern, Switzerland"
18876,"Sustenstrasse, Wassen, Uri, Switzerland"
18878,"Belvédère (Rhonegletscher), Oberwald, Valais, Switzerland"
18879,"Alpe Campolungo, Prato (Leventina), Ticino, Switzerland"
18880,"Quarzbruch near Dalpe, Ticino, Switzerland"
18883,"Furtschellas, Sils im Engadin/Segl, Grisons, Switzerland"
18885,"Surrein, Sumvitg, Grisons, Switzerland"
18887,"Val Sogn Placi, Disentis/Mustér, Grisons, Switzerland"
18894,"Medelserschlucht, Disentis/Mustér, Grisons, Switzerland"
18901,"Val Piutga/Plutga (W Val Russein), Sumvtig, Grisons, Switzerland"
18905,"Russeinbrücke, Grisons, Switzerland"
18916,"Cuolmet, Disentis/Mustér, Grisons, Switzerland"
18919,"near Disentis/Mustér, Grisons, Switzerland"
18921,"aus dem Adit Rotlaui-Trift, Guttannen/Gadmen, Bern, Switzerland"
18926,"Nollen (Schwarze Nollen an der Grimsel), Guttannen, Bern Switzerland"
19022,"Saas Fee, Valais, Switzerland"
19023,"Châtillon, Villars-sur-Ollon, Vaud, Switzerland"
19032,"Belvédère, Oberwald, Valais, Switzerland"
19033,"Stockhorngrat, Zermatt, Valais, Switzerland"
19048,"Gipswerk near Bex, Vaud, Switzerland"
19049,"Gipsgrube near Bex, Vaud, Switzerland"
19058,"Val Chironico, Chironico, Ticino, Switzerland"
19059,"Lago Ritom, Quinto, Ticino, Switzerland"
19061,"Valle del Molino, Claro, Ticino, Switzerland"
19063,"Töira, Chironico, Ticino, Switzerland"
19068,"Fuorcla da Stem sut (Stremlücke), Tujetsch, Grisons, Switzerland"
19069,"Monte Prosa, Airolo, Ticino, Switzerland"
19071,"Pizzo Gallina, Oberwald, Valais, Switzerland"
19083,"Passo Campolungo, Prato (Leventina), Ticino, Switzerland"
19087,"oberhalb Alpe Campolungo, Prato (Leventina), Ticino, Switzerland"
19090,"Blenioschlucht, Olivone, Ticino, Switzerland"
19091,"Quarry Lavorgo, Chiggiogna, Ticino, Switzerland"
19109,"Lago di Matörgn, Bignasco, Ticino, Switzerland"
19111,"Lago Nero, Bignasco, Ticino, Switzerland"
19112,"Frodalera, Olivone, Ticino, Switzerland"
19114,"Valle d'Arbedo, Arbedo-Castione, Ticino, Switzerland"
19119,"Binnergale (Galenalp), Binn, Valais, Switzerland"
19123,"Innerferrera, Grisons, Switzerland"
19124,"Gipsgrube near Spiez, Bern, Switzerland"
19125,"Quarry Bettingen, Basel-Stadt, Switzerland"
19128,"Monte Laura, Roveredo, Grisons, Switzerland"
19132,"Bodio, Ticino, Switzerland"
19133,"Valle di Ponte (Valle della Madonna), Brissago, Ticino, Switzerland"
19134,"Feldbachtal, Fäldbach, Binn, Valais, Switzerland"
12794,"Mine Wolfram, Queensland, Australia"
12796,"Mecome Mine, Utah, USA"
12798,"Garmisch, Germany"
12806,"Greifenstein, Saxony, Germany"
12810,"Stillupgrund, Zillertal, Tirol, Austria"
12811,"Twedestrand, Norway"
12812,"Sabugal, Portugal"
12819,"Knochen aus Laibacher Torfmoor, Ljubliana, Yugoslavia"
12824,"Dryhill, Cumberland, United Kingdom"
12829,"Heilbronn, Württemberg, Germany"
12836,"Dieuze, Lothringen"
12853,"Triftgebiet near Guttannen, Bern, Switzerland"
12854,"Giulia, Island Elba, Italy"
12857,"South Australia, Australia"
12864,"Rockeskyll, Eifel, Rheinland, Germany"
12867,"Rüschberg, Nahe"
12869,"Schächental, Unterschächen, Uri, Switzerland"
12872,"Quarry Thayngen, Schaffhausen, Switzerland"
12873,"Bourg d'Oisans, Isère, Rhône-Alpes, France"
12874,"Island St. Paul, Alaska, USA"
12881,Albtal
12882,"Vosges, France"
12883,"Monte Piottino, Rodi-Fiesso, Ticino, Switzerland"
12890,"Schima, Bohemia, Czechoslovakia"
12898,"Rammelsberg near Goslar, Harz, Germany"
16320,Sardinien
16321,"Jakobsgrube, Echery (Eckirch), Sainte-Marie-aux-Mines (Markirch), Haut-Rhin, France"
12906,"Saastal, Saas Almagell, Valais, Switzerland"
12908,"Balmenwald, Silenen, Uri, Switzerland"
12921,"Bündnerchälen (Bündnerkehle), Silenen, Uri, Switzerland"
12931,"Brunnifirn, Silenen, Uri, Switzerland"
12939,"Niderchäseren, Silenen, Uri, Switzerland"
12944,"Fahrlauital (Fahrlaui), Silenen, Uri, Switzerland"
12986,"Fruttli, Intschitobel, Gurtnellen, Uri, Switzerland"
12989,"Littplanggenstock, Maderanteral, Silenen, Uri, Switzerland"
12990,"Lungernstutztal, Silenen, Uri, Switzerland"
13898,"Balme (Balmen), Binn, Valais, Switzerland"
13900,"Rocca Castellaccio, Torre di Santa Maria, Province Sondrio, Italy"
13903,"Mättital, Grengiols, Valais, Switzerland"
13904,"San Bernardino, Grisons, Switzerland"
13905,"Silvretta, Klosters-Serneus, Grisons, Switzerland"
13906,"Acquanegra, Campo Franscia, Province Sondrio, Italy"
13907,"Grono-Buseno, Grisons, Switzerland"
13908,"Lukmanierstrasse, Switzerland"
13909,"Täschalp (Täschtal), Täsch, Valais, Switzerland"
13910,"Muttgletscher (Gratschliechtgletscher), Oberwald, Valais, Switzerland"
13912,"Corno di Ban, Valdo, Verbano-Cusio-Ossola, Italy"
13913,"Moscia, Ascona, Ticino, Switzerland"
13914,"Bocchetta del Lago Nero, Bignasco, Ticino, Switzerland"
13915,"Zmut near Mörel, Valais, Switzerland"
13917,"Pizzo San Giacomo, Bedretto, Ticino, Switzerland"
13918,"Valle d'Ossola, Switzerland"
13924,"Jeizinen,Gampel-Bratsch, Valais, Switzerland"
13952,"unterh. Hausegg/nähe Passhöhe, Guttannen, Bern, Switzerland"
13956,"Firn des Dammagletscher, Göschenen, Uri, Switzerland"
13959,"Tiefjoch am Dammastock, Göschenen, Uri, Switzerland"
13960,"Russein, Sumvitg, Grisons, Switzerland"
13963,"Le Châtelard-Village, Finhaut, Valais, Switzerland"
13967,"Binnlamme, Valais, Switzerland"
13969,"Jennigalp, Fieschergletscher, Fieschertal, Valais, Switzerland"
13973,"Lago Tom, Quinto, Ticino, Switzerland"
13977,"Val Piora (linkes Seeufer), Quinto, Ticino, Switzerland"
13981,"Pizzo Corandoni, Quinto, Ticino, Switzerland"
13982,"Passo delle Colombe, Olivone, Ticino, Switzerland"
13989,"unterhalb Hotel Belvédère, Oberwald, Valais, Switzerland"
14002,"Breuil, Zermatt, Valais, Switzerland"
14004,"Mühlebach, Valais, Switzerland"
14005,"von Moräne des Fieschergletscher, Fieschertal, Valais, Switzerland"
14007,"Grächen, Valais, Switzerland"
14018,"Zeneggen, Valais, Switzerland"
14022,"Gagenhaupt-Ost, Zermatt, Valais, Switzerland"
14024,"Schwärze, Zermatt, Valais, Switzerland"
14033,"Gandeggweg ob Furi, Zermatt, Valais, Switzerland"
14034,"Furi, Zermatt, Valais, Switzerland"
14041,"Rimpfischhorn-Gletscher, Zermatt/Saas Almagell, Valais, Switzerland"
14069,"Adit Birchlaui des KW Oberhasli, Gadmen, Bern, Switzerland"
14090,"Muttbach, Oberwald, Valais, Switzerland"
14093,"Belistock, Uri, Switzerland (Vorder Blistock, Schwanden, Glarus, Switzerland)"
14105,"Fuchslöcher near Muttenz, Basel-Landschaft, Switzerland"
15539,"Bernfjörd, Ost-Island"
15807,"Val Fedoz, Stampa, Grisons, Switzerland"
15808,Val Fedoz
15809,"oberstes Vallun da la Trubinasca, Bondo, Grisons, Switzerland"
15812,"oberes Vallun da la Trubinasca, Bondo, Grisons, Switzerland"
15813,"mittleres Vallun da la Trubinasca, Bondo, Grisons, Switzerland"
15817,"Pizzo Trubinasca (North), Bondo, Grisons, Switzerland"
15820,"unterstes Vallun da la Trubinasca, Bondo, Grisons, Switzerland"
15821,"Pizzo Trubinasca (South), Bondo, Grisons, Switzerland"
15827,"Lavinair Crusc,Vicosoprano, Grisons, Switzerland"
15835,"oberes Val Codera, Codera, Province Sondrio, Italy"
15839,"Fuss des Pizzo di Zocca (North), Vicosoprano, Grisons, Switzerland"
15841,"Passo di Zocca, Vicosoprano, Grisons, Switzerland, Switzerland"
15842,"Piede Ago (Albigna), Vicosoprano, Grisons, Switzerland"
15843,"Fuss des Passo di Zocca, Vicosoprano, Grisons, Switzerland, Switzerland"
15844,"Crestalunga (Bondasca-Seite), Bondo, Grisons, Switzerland"
15846,"Crestalunga (Albigna-Seite), Vicosoprano, Grisons, Switzerland"
15847,"Vadrec dal Cantun (Cantonegletscher), Vicosoprano, Grisons, Switzerland"
15852,"Sot Picoi Laret, Bondo, Grisons, Switzerland"
16239,"Sontga Brida, Sedrun, Tujetsch, Grisons, Switzerland"
16240,Garrorano
16242,"Limburg, Kaiserstuhl, Germany"
16277,"Holderpfad near Sulzburg, Südschwarzwald, Germany"
16286,"Hausen, Wiesental, Schwarzwald, Germany"
16289,"Diepflingen, Basel-Landschaft, Switzerland"
16296,"grosser Quarry near Arlesheim, Basel-Landschaft, Switzerland"
16298,"Aargau, Switzerland"
16304,"Rütihard, Muttenz, Basel-Landschaft, Switzerland"
16308,"Miniera del Bottino Serravezza, Carrara, Italy"
16312,"Chlosterchöpfli (Lachenköpfli), Muttenz, Basel-Landschaft, Switzerland"
16314,"Quarry Chlosterchöpfli (Lachenköpfli), Muttenz, Basel-Landschaft, Switzerland"
16328,"Gebstelli, Pleigne, Jura, Switzerland"
16329,"Neumühle, Pleigne, Jura, Switzerland"
16330,"Lausen/Liestal, Basel-Landschaft, Switzerland"
16334,"Montaney, St-Ursanne, Jura, Switzerland"
16337,"Quarry südwestl. Ferrette, Haut Rhin, France"
16338,"Vilsberg (Wilsberg), Phalsbourg (Pfalzburg), Moselle, France"
16501,"Navarra, Spain"
16508,"Plateau Province, Nord-Nigeria"
16510,"Stolberg near Aachen, Germany"
16663,"Villadossola, Verbano-Cusio-Ossola, Italy"
16664,"Cave di Agrano, Agrano, Omegna, Verbano-Cusio-Ossola, Italy"
16665,"Cava Pavia, Crevoladossola, Verbano-Cusio-Ossola, Italy"
16667,"Camperio, Olivone, Ticino, Switzerland"
16670,"Gennamari, Sardinien, Italy"
16678,"Elias-Zeche, Joachimstal, Bohemia, Czechoslovakia"
16682,Tanzania
16683,"Dolni Bory near Velké, Czechoslovakia"
16685,"Mine Dreislar, Sauerland, Germany"
16686,"near Belohrad, Bohemia, Czechoslovakia"
16689,"Piz Bleis Marscha, Bergün/Bravuogn, Grisons, Switzerland"
16690,"Tiraun, Trun, Grisons, Switzerland"
16691,"Quarry Trübbach, Warttau, St. Gallen, Switzerland"
16692,"Tankeiban Prahn-Vulkan, Java"
16693,"Quarry Forstberg, Röschenz, Basel-Landschaft, Switzerland"
16701,"Ruz de Landeron near Biel, Bern, Switzerland"
16704,"Mine Grimentz, Grimentz, Valais, Switzerland"
16752,"Lötschbergtunnel, Goppenstein, Valais, Switzerland"
16762,"Brione (Verzasca), Ticino, Switzerland"
16941,"Val Antigorio, Piemonte, Italy"
16945,"New Texas, Lancaster County, Pennsylvania, USA"
16947,"Teplitz, Bohemia, Czechoslovakia"
16948,"Waltershausen, Saxony, Germany"
16959,"Pedrozzo, Tirol, Italy"
16557,Myanmar (Burma)
16558,Myanmar (Burma) / Thailand (Siam)
16569,"India / Myanmar (Burma), Grenze"
16574,"Ural, Sibirien, Russia"
17045,"Orphan Mine, Grand Canyon, USA"
17046,Totes Meer near Sodom
17049,"near Mount Sodom, Totes Meer"
17050,"Boylestone, Scotland, United Kingdom"
17058,"Wendajak Mountains, Hindustan"
17060,"S. Joaquim Valley, California, USA"
17065,"Leipa, Bohemia, Czechoslovakia"
17066,"Teigarhorn, Iceland"
17068,"Mursinka, Ural, USSR"
17077,"Manebach, Thuringia, Germany"
17144,"Rattlesnake, South Dakota, USA"
17151,"Harzberg, Horhausen, Siegen, Nassau, Westfalen, Germany"
17157,"Potosi, Bolivia"
17159,"Adamana, Arizona, USA"
17164,"Canadon Blanco, Argentina"
17167,"Serra do Mar, Brazil"
17187,"Tottäli/Totalp, Davos, Grisons, Switzerland"
17217,"Kurunegala, Sri Lanka"
17221,"Geissflue, Unter Erlimoos, Trimbach, Solothurn, Switzerland"
17222,"alte Gipsgrube, Bärschwil, Solothurn, Switzerland"
17224,"Erlabrunn, Bavaria, Germany"
17225,"Valle del Trodo, Rivera, Ticino, Switzerland"
17232,"Gilman, Colorado, USA"
17235,"Hurley, New Mexico, USA"
17236,"Silver King Mine, Park City, Utah, USA"
17237,"nördl. Hurley, New Mexico, USA"
17340,"Cavradi, Val Curnera, Tavetsch, Grisons, Switzerland"
17341,"Alp Ramosa, Vrin, Grisons, Switzerland"
16581,"Rio Belmonte, Menas Gerais, Brasielien"
16585,"Minas Geraes, Brazil"
16587,Thailand
16590,"Puy en Valey, Loire, France"
16591,"Kosice, Slovakia"
16600,"Bohemia, Tschechische Republik"
16601,"Venezia, Italy"
16603,"Silberbach near Hof, Fichtelgebirge, Bavaria, Germany"
16604,"Valle Mesolcina, Lostallo, Grisons, Switzerland"
16606,"Innertkirchen, Bern, Switzerland"
16608,"Flimserstein, Flims, Grisons, Switzerland"
16611,Baud
16616,"Schin, Vaz/Obervaz, Grisons, Switzerland"
16619,"Fianel, Ausserferrera, Grisons, Switzerland"
16622,"Lucendrogletscher, Airolo, Ticino, Switzerland"
16627,"Cornol, Jura, Switzerland"
16628,"Männlisloch, Arisdorf, Basel-Landschaft, Switzerland"
16632,"Böckstein, Badgastein, Austria"
16633,"Mary Katleen, Australia"
16638,"Mine Nemib, Namibia"
16639,"Baltic, Michigan, USA"
16640,"Lombach, Habkern, Bern, Switzerland"
16648,"Nufenenpass, Ulrichen, Valais, Switzerland"
16655,"Gotthardtunnel, Göschenen, Uri, Switzerland"
16658,"Quarry Falli, Plasselb, Fribourg, Switzerland"
16659,Basso Croce di Domini
16660,"Mine Kandana, Malakka"
17198,"San Martin, Peru"
17200,"Porto Longone, Island Elba, Italy"
17201,"Skropshire, England, United Kingdom"
17213,"Koblenz, Aargau, Switzerland"
17241,"Santa Rita Mine, New Mexico, USA"
17243,"Hanover nördl. Hurley, New Mexico, USA"
17247,"Silver City, Utah, USA"
17248,"Eureka Mine, Utah, USA"
17249,"Yerranderie, New South Wales, Australia"
17250,"South Iceland, New Zealand"
17251,"Fermoy, Queensland, Australia"
17254,"Lucky Hill Mine, Candelaria, Nevada, USA"
17256,"Piz Garviel, Medel (Lucmagn), Grisons, Switzerland"
17257,"Potosi Mine, Candelaria, Nevada, USA"
17258,"Candelaria, Nevada, USA"
17260,"Cathedral Peak, Yosemite Park, California, USA"
17261,"Sulfurbank Mine, Nord-California, USA"
17262,"Shasta Mine, Nord-California, USA"
15158,"El Hamraia, Sahara, Algeria"
15159,"El Djeloud, Sahara"
15160,"Ras Mallab, Wüste Sinai, Geb. Suez"
15161,"Castrovirreina, Zentral-Peru"
15163,Zimmersheim
15166,"Buffe de Perréal, Vaucluse, France"
15169,"Friedrichshall, Kochendorf, Heilbronn, Germany"
15173,"Harwood Fell, Teesdale Co., Durham, Cumberland, United Kingdom"
15193,"Hausbaden, Badenweiler, Schwarzwald, Germany"
15218,"Cerro de Mercado, Durango, Mexico"
15221,"Schwefelgruben Caltanissetta, Sizilien, Italy"
15333,"Marienschacht near Wölsendorf, Oberpfalz, Germany"
15339,"Serra di Lanchetto, Appennin near Bologna, Italy"
15348,"St. Peters Dome, Colorado, USA"
15353,"Stanley District, Gradham County, Arizona, USA"
15356,"Daun an der Lieser, Eifel, Rheinland, Germany"
15357,"Tauernik near Görlitz, Silesia, Poland"
15358,"Römerberg near Gillenfeld, Eifel, Rheinland, Germany"
15359,"Kittwein, Austria"
15364,Achmatowskaja
15366,"Tsilaisana, Madagascar"
15367,"Zigleba, Hungary"
15452,"Antsongombato, Madagascar"
15454,Radiska
15473,"Zöbling, Saxony, Germany"
15622,"Quarry Lachenköpfli near Muttenz, Baselland, Switzerland"
15623,"Aiguille d'Argentière, Orsières, Valais, Switzerland"
15624,"Oregon, USA"
15625,Jamaica
15627,"Millemottes Coray, Finistère, France"
15629,"Mine Joplin, Missouri, USA"
15632,"Manno, Ticino, Switzerland"
15638,"Erdgasleitungsstollen Blasenberg-Obergesteln, Obergesteln, Valais Switzerland"
15663,"Erdgasstollen Blasenhorn-Obergesteln, Switzerland"
15858,"Alp Sciora, Bondo, Grisons, Switzerland"
15859,"Piz Balzet (Balzeto), Vicosoprano, Grisons, Switzerland"
15862,"Vadrec del Forno (Fornogletscher), Stampa, Grisons, Switzerland"
15863,"Vadrec d l'Albigna (Albignagletscher), Vicosprano, Grisons, Switzerland"
15865,"Val Malenco, Province Sondrio, Italy"
15867,"Villa Franscia, Franscia, Province Sondrio, Italy"
15869,"Asbestgrube Val Bondasca, Bondo, Grisons, Switzerland"
15871,"Albignagletscher/Vadrec da l'Albigna, Vicosoprano, Grisons, Switzerland"
15877,"oberes Vallun da la  Trubinasca, Bondo, Grisons, Switzerland"
15879,"Laret, Bondo, Grisons, Switzerland"
15880,"Valle Borgonovo, Italy"
15885,"Kosewitz, Saxony, Germany"
15886,"Boron, Kern County, California, USA"
15887,"Schönberg near Marienbad, Czechoslovakia"
15888,"Ellweiler, Rheinland, Germany"
15890,Magnetsorf
15895,"St. Anton near Wieden, Schwarzwald, Germany"
15896,"Antsirabé, Madagascar"
15897,"Hohentwiel, Baden-Württemberg, Germany"
15899,"Mondgebirge, Afrika"
15901,"Ciappianico, Torre di Santa Maria, Province Sondrio, Italy"
15904,"Monte del Forno, Stampa, Graubünen, Switzerland"
15905,"obere Moräne Vadrec del Forno (Fornogletscher), Stampa, Grisons, Switzerland"
15906,"obere Trubinasca, Bondo, Grisons, Switzerland"
15908,"Pizzo Trubinasca, Bergell, Switzerland"
15910,"Piz Duan, Soglio, Grisons, Switzerland"
15990,"Oberkirch, Lothringen"
15995,"Nishapur, Iran"
15997,"Bancroft Mine, Ontario, Canada"
15999,"Kandern, Germany"
16003,"Galgenberge, Bohemia, Czechoslovakia"
16007,Sauerländische Küste
16015,"Fontannen, Giswil, Obwalden, Switzerland"
13369,"Ranzo, Sant'Abbondio, Ticino, Switzerland"
13654,"Lago di Sella, Airolo, Ticino, Switzerland"
13655,"Monte Sella, Airolo, Ticino, Switzerland"
13657,"Lampertsch Alp, Vals, Grisons, Switzerland"
13658,"Abfrutt (Alpfrutt), Göschenen, Uri, Switzerland"
13659,"Naxtal, Wassen, Uri, Switzerland"
13661,"Ägenetal (Aeginental), Ulrichen, Valais, Switzerland"
13692,"Schneehüenerstockli, Gurtnellen, Uri, Switzerland"
13693,"Schwarzstöckli, Göschenen, Uri, Switzerland"
13695,"Lochberg, Göscheneralp, Göschenen, Uri, Switzerland"
13701,"Älpergenlücke (Älpliger Lücke), Realp, Uri, Switzerland"
13723,"Spiez, Bern, Switzerland"
13569,"Chli Windgällen, Silenen, Uri, Switzerland"
13571,"Rossboden, Silenen, Uri, Switzerland"
13575,"Golzern(tal), Silenen, Uri, Switzerland"
13576,"Golzeralpen, Silenen, Uri, Switzerland"
13735,"Valle di Caneggio/Calneggiotal, Isone, Ticino, Switzerland"
13736,"Cave di Marmo, Val di Peccia, Peccia, Ticino, Switzerland"
13740,"Glatscher da Bianca (Biancagletscher), Medel (Lucmagn), Grisons, Switzerland"
13742,"Iragna-Lodrino, Ticino, Switzerland"
13746,"Alpe Stabiello, Bedretto, Ticino, Switzerland"
13748,"Val Torta, Bedretto, Ticino, Switzerland"
13749,"Adit Maffiola, Goldgrube Gondo, Zwischenbergen, Valais, Switzerland"
13750,"Robiei, Cama, Grisons, Switzerland"
13762,"hinteres Val Nalps, Tujetsch, Grisons, Switzerland"
13764,"Alpe Pianascio, Fusio, Ticino, Switzerland"
13771,"Pizzo Campolungo, Prato (Leventina), Ticino, Switzerland"
13779,"Cadonighino, Prato (Leventina), Ticino, Switzerland"
13780,"Fieschergletscher, Switzerland"
13793,"Chummibort-Stollen (Kummenbord-Stollen), Grengiols, Valais, Switzerland"
13794,"Georgschlattengrün, Oberpfalz, Germany"
13800,"Zuleitung zum Kraftwerk Amsteg, Amsteg, Uri, Switzerland"
13803,"Fruttstock, Silenen, Uri, Switzerland"
13812,"Piz Urlaun-Gletscher, Sumvitg, Grisons, Switzerland"
13814,"Selva, Tujetsch, Grisons, Switzerland"
13816,"Mine Goldene Sonne, Felsberg Grisons, Switzerland"
13819,"Drual, Medel (Lucmagn), Grisons, Switzerland"
13821,"Bellwald, Valais, Switzerland"
13822,"Val Milà (Val Milar), Tujetsch, Grisons, Switzerland"
13823,"Tamboalp-Weg, Medels im Rheinwald, Grisons, Switzerland"
13825,"Guppenalp, Schwanden, Glarus, Switzerland"
13826,"Douvaine, Haute-Savoie, Rhône-Alpes, France"
13834,"Pontresina, Grisons, Switzerland"
13837,"Regenstock, Uri, Switzerland"
13838,"Meiental, Switzerland"
13839,"Kridenloch, Unterschächen, Uri, Switzerland"
13842,"Crunas, Medel (Lucmagn), Grisons, Switzerland"
13844,"Vogorno, Ticino, Switzerland"
13846,"Stöckli, Urserental (links von Andermatt), Uri, Switzerland"
13852,"S-Grat Gletschhorn, Realp, Uri, Switzerland"
13857,"aus Umlaufstollen des KW Göscheneralp, Göschenen, Uri, Switzerland"
13873,"Guraletsch, Vals, Grisons, Switzerland"
13885,"Binn, Valais, Switzerland"
13894,"Alp Nursera, Andeer, Grisons, Switzerland"
14106,"Monti di Artore, Bellinzona, Ticino, Switzerland"
14107,"Medeglia, Ticino, Switzerland"
14119,"Arvigo, Grisons, Switzerland"
14120,"Feldiseralp, Felden, Grisons, Switzerland"
14121,"Rüsli, Pfäfers, St. Gallen, Switzerland"
14123,"Vättner Berg, Pfäfers, St. Gallen, Switzerland"
14126,"Galkikumme, Alpjuhorn (Alpjahorn), Mund, Valais, Switzerland"
14130,"Siblingen, Schaffhausen, Switzerland"
14135,"Bocchetta di Formazzòra, Bedretto, Ticino, Switzerland"
14138,"Las Ruinas, Trin, Grisons, Switzerland"
14140,"Albrunhorn, Binn, Valais, Switzerland"
14146,"Zell, Aichelberg"
15093,"Teneriffa, Kanarische Inseln, Spain"
14171,Namibia
14174,"Pas de Callais, France"
14175,"Dry Gill Mine, Caldbeck Falls, Cumberland, United Kingdom"
14178,Schweizer Alpen
14180,"Sta. Rita Mine, Hurley Area, New Mexico, USA"
14185,"Novello Claim, Masvingo (Fort Victoria), Zimbabwe (Rhodesien)"
14187,"Mogaung, Myanmar"
14195,Nibbio
14196,"Baikal-See, Siberien, Russia"
14197,"Stockhorn, Zermatt, Valais, Switzerland"
14203,"Zebirget, Rotes Meer"
14211,"Alpe Sponda, Ticino, CH"
14213,"Campbell Mine, Bisbee, Arizona, USA"
14214,"Michigan, USA"
14217,"Mine Keela, Queensland, Australia"
14224,"Salainische Mine, Sibirien, USSR"
14231,"Natal, West-Sumatra"
14234,"Rio Sinu, Colombia"
14235,"Tambang Padang, Natal, West-Sumatra"
14237,"Goldküste, Westafrika"
14238,Mount Ophir near Malakka
14239,"Sacramento, California, USA"
14240,"Bolaco, Chile"
14241,"Calaveras, California, USA"
14248,"Lebong, Batavia"
14249,"Redyang Libong, Batavia"
14251,Batavia
14253,"Schön Boden, Oberwald, Valais, Switzerland"
14257,"Theresiengrube, Bohemia, Czechoslovakia"
14258,"nordw. San Germano, Chisone"
14275,"Schiltfurgga, Mund, Valais, Switzerland"
14276,"Obri Matte, Ausserberg, Valais, Switzerland"
14284,"Faczebay, Romania"
14285,"Bondasca, Borgo, Grisons, Switzerland"
14286,"Val Sella, Airolo, Ticino, Switzerland"
14289,"Dielsdorf, Zürich, Switzerland"
14292,"Grasso della Froda, Airolo, Ticino, Switzerland"
14294,"Piz Giuv (Giuvstöckli), Tujetsch, Grisons, Switzerland"
14296,"Farlauital, Silenen, Uri, Switzerland"
14304,"südl. Hospental, Uri, Switzerland"
14151,"Fianarantsoa, Madagascar"
14153,Cartagena
14155,"Extertal, Rinteln, Bösingfeld, Germany"
14156,"Bouro Falha, Sahara, Algeria"
14157,"Millemottes Goray, Finistère, Bretagne, France"
14159,"Salto Jacui, Rio Grande do Sul, Brazil"
14160,"Allenda, Sahara, Algeria"
14161,"Santa Eulalia, Baja, Mexico"
14165,"Eichberg, Wutachtal, Schwarzwald, Germany"
14168,"Aouli Mibladen, Morocco"
14314,"Strassenbau südl. Hospental, Uri, Switzerland"
14318,"Thayngen, Schaffhausen, Switzerland"
14323,"Alp Ranasca, Pigniu, Grisons, Switzerland"
14324,"Salbitschijen, Göschenen, Uri, Switzerland"
14325,"Kaffeebalm, Griesserental, Silenen, Uri, Switzerland"
14326,"Feegletscher, Saas Fee, Valais, Switzerland"
14334,"Grosstal, Urseren, Uri, Switzerland"
14338,"Val Piana, Bedretto, Ticino, Switzerland"
14340,"Cavardiras, Disentis/Mustér, Grisons, Switzerland"
14343,"Madison County, Montana, USA"
14350,"Sonnenberg, Altenkirchen, Germany"
14352,Belgium
14353,"Langhari Inseln, Malakka"
14356,"Lautental, Harz, Germany"
14361,"Hornhausen, Westfalen, Germany"
14363,Süd-Java
14364,"Saarn near Müllheim, Ruhr, Germany"
14370,"Montgarri, Val d'Arren"
14371,"Nenthead near Alston, Cumberland, United Kingdom"
14385,"Horhausen, Siegen, Nassau, Westfalen, Germany"
14387,"Menduwara, Finland"
14389,"Val di Cecina, Province Pisa, Italy"
14391,"Hinga, Takanabi"
14393,"Mine de Lormenat, Servoz, Savoyen, France"
14398,Disko
14400,"Bräunsdorf, Freiberg, Saxony, Germany"
14404,Palembangsche Bovenlanden
14405,"Manbacher Bleiberg, Pfalz, Germany"
14406,"Junghohe Birke near Freiberg, Saxony, Germany"
14411,"Island Fuerteventura, Kanarische Inseln, Spain"
14412,"Bendigo, Australia"
14413,"Fahrenberg, Sinkingen"
14414,"La Choix-aux-Mines, Lorraine"
14415,"Mörsfeld, Pfalz, Germany"
14416,Nikitowka
14417,"Benito Mountains, California, USA"
14421,"Anakusa, Japan"
14422,"Anaconda Mine, Cripple Creek, Colorado, USA"
14423,"Chassagne, Brionde, France"
14425,"Ponbo, Vallée de l'Arbourt, Pyrénées, France"
14427,"Ste Marie à Pormenaz, Savoie"
14429,"Pricor, Bohemia, Czechoslovakia"
14431,"Massiac, Auvergne, France"
14432,"Cripple Creek, Colorado, USA"
14441,"Pyrénées, France"
14444,"Tristak Mining District, Missouri, USA"
14446,"Val Antrona, Italy"
14450,"Biezighofen, Wittnau, Breisgau, Germany"
14451,"Bundi Kemaman, Malakka"
14452,"Madiun, Mittel-Java"
14455,Czechoslovakia
14461,Fundort Sehr schön
14463,"Bösingfeld im Lippischen, Germany"
14474,"Lobsann, Bas Rhin, France"
14475,"Ferrette, Haut Rhin, France"
14476,"Villers sur mer, Bretagne, France"
14477,"Litmice near Karlovy Vary (Karlsbad), Bohemia, Czechoslovakia"
14479,"Bad Grund, Harz, Germany"
14480,"Aedermannsdorf, Solothurn, Switzerland"
14481,"Almerode, Harz, Germany"
14490,"Lake County, Colorado, USA"
14495,"Kélémish, Brussa, Kleinasien, Turkey"
14496,"Sennwald, Bohemia, Czechoslovakia"
18222,"Lavertezzo, Ticino, Switzerland"
14608,"St. Prix near Autun, Morvan, France"
14609,"Eubea Mandudi, Greece"
14611,"Knappenberg, Hüttenberg, Kärnten, Austria"
14613,"Halbinsel Sinai, Israel"
14614,"Schmidmatte, Ried-Brig, Valais, Switzerland"
14618,"Gonessa, Sardinien, Italy"
14625,"Radautal, Harzburg near Ilefeld, Harz, Germany"
14626,"Punto di Sansone, Island Elba, Italy"
14627,"British Columbia, Canada"
14629,"Island Mö, Södermannland, Sweden"
14635,"Monte Tabor, Ischia, Italy"
14636,"Paterson, New Jersey, USA"
14729,"Kynance Cove, United Kingdom"
14730,"Kynance Cove, Cornwall, United Kingdom"
14732,"Gorpi-Runse (W Gibelbach), Fiesch, Valais, Switzerland"
14638,"Gaaseland, Greenland"
14647,"Baia Marc, Transylvania, Romania"
14651,"Camoghè, Quinto, Ticino, Switzerland"
14653,"Reneville, Congo Brazzaville"
14660,"Felbertal, Salzburg, Austria"
14661,"Mooseck, Salzburg, Austria"
14662,"Schullerbau Hungau, Salzburg, Austria"
14663,"Rigans, Altenau am Harz, Germany"
14664,"Mitterberger Erzbergwerk, Salzburg, Austria"
14665,"Schullerbau, Lungau, Salzburg, Austria"
14666,Wolfsberg
14670,"Ngamindere, Kamerun"
14671,"San Benito, California, USA"
15715,"Spissen, Lärchultini, Binn, Valais, Switzerland"
15720,"Watungkiata, Java"
15724,"Coscuez, Colombia"
15728,"Island Capri, Italy"
15735,"Ylämaa, Finland"
15918,Anatolien
15927,"Piz Duan (Gipfel North), Soglio, Grisons, Switzerland"
15928,"Mottone, Biasca, Ticino, Switzerland"
15930,"Camprovasco-Acquarossa, Val Blenio, Ticino, Switzerland"
15931,"St. Martin, Grisons, Switzerland"
15938,"La Communance, Develier, Jura, Switzerland"
15942,"Ziegelhütte, Moutier, Bern, Switzerland"
15943,"Blue John Mine, Derbyshire, United Kingdom"
15944,"Courroux, Jura, Switzerland"
15945,"Shaft La Blancherie, Delémont, Jura, Switzerland"
15949,"Develier, Jura, Switzerland"
15955,"Saalfeld, Laufen, Basel-Landschaft, Switzerland"
15956,"Stürmenhöfe, Switzerland"
15957,"Bachtobel Spitzenbühl, Switzerland"
15959,"Johanniterbrücke, Basel, Basel-Stadt, Switzerland"
15960,"Hoher Atlas, Nordafrika"
15965,"Lercara dei Friddi, Palermo, Sizilien, Italy"
15975,"Neu-Seeland, Germany"
16017,"Mine Canciano, Poschiavo, Grisons, Switzerland"
16022,"oberes Val Giuv, Tujetsch, Grisons, Switzerland"
16023,"Baruta, südl. Caracas, Venezuela"
16024,"Zeche Osterfeld near Oberhausen, Germany"
16025,"Mine Itchenc, Morocco"
16026,"Mine Friedrich, Herdorf, Siegerland, Westfalen, Germany"
16032,"Baryt-Mine near Alforjas, Spain"
16035,"Vogesen, France"
16039,"Landarenca, Arvigo, Grisons, Switzerland"
16041,"Alpe della Bolla, Peccia, Ticino, Switzerland"
16051,"Pleystein, Ost-Pfalz, Germany"
16053,Pleystein
16065,"Hillgroove, Australia"
16067,"Tirschenreuth, Oberpfalz, Germany"
16780,"Wetterhorn, Grindelwald, Bern, Switzerland"
16781,"Alp Chamoson, Chamoson, Valais, Switzerland"
16819,"Ühlingen, Waldshut, Baden-Württemberg, Germany"
16852,Ostseeküste
16854,"Samland, Ostseeküste"
16866,"Kapnas R. near Lunko Layang, Borneo"
16873,"Stulln near Wölsendorf, Oberpfalz, Germany"
16881,"Hagendorf near Pleistein, Oberpfalz, Germany"
16886,"Johannesschacht near Wölsendorf, Oberpfalz, Germany"
16889,"Val Ferret, Valais, Switzerland"
16890,"Augst, Basel-Landschaft, Switzerland"
16891,"Kaiseraugst, Aargau, Switzerland"
16894,"Hüfigletscher, Maderanertal, Silenen, Uri, Switzerland"
16895,"Mine Ursera, Ausserferrera, Grisons, Switzerland"
16896,"Mine Kerktade, Switzerland"
16897,"Domaniale, Mine Kerktade, Switzerland"
16900,"Mine Grevasalvas, Bivio, Grisons, Switzerland"
16906,"Kibo, Kilimanjaro, Tanzania"
16907,"Bettingen, Basel-Stadt, Switzerland"
16910,"Ponte, Brissago, Ticino, Switzerland"
16911,"Stazione di Ranzo, Sant'Abbondio, Ticino, Switzerland"
16912,"Passo della Barra, Ticino, Switzerland"
16913,"Porto Ceresio/ Besano,Varese, Italy"
16915,"Porto Ceresio/ Besano, Varese, Italy"
16920,"Besano, Varese, Italy"
16921,"nördl. R. Poncini, Ticino, Switzerland"
16922,"Strasse im Riale Vallone near Besano, Varese, Italy"
16923,"Rivera, Ticino, Switzerland"
16934,"Stanzvik, Finland"
16935,"Untersulzbach, Pinzgau, Tirol, Austria"
14763,Chendroug
14736,"Rhonelamme near Mühlebach, Fiesch, Switzerland"
14738,"Spitzi Flue, Täsch, Valais, Switzerland"
14739,"Laghetti, Fusio, Ticino, Switzerland"
14744,"Goldfield, Esmeralda County, Nevada, USA"
14745,"Forbes Clay Pit, Missouri, USA"
14752,"Rossibrod, Ural, USSR"
14753,"Frederiksvärn, Finland"
14766,"Romanèche, Mâcon, Lyon, Saône et Loire, France"
14802,"Bochovice near Trebic, Czechoslovakia"
14803,"Rosna near Bystrice, Czechoslovakia"
14805,"Dobra Voda near Velké, Czechoslovakia"
14806,"Hermanov near Krizanov, Czechoslovakia"
14807,"Radkovice near Biskubice, Czechoslovakia"
14808,"Vapenna near Jesenik, Czechoslovakia"
14809,"Zulova near Jesenik, Czechoslovakia"
14811,"Nacetin near Pobezovice, Czechoslovakia"
14812,"Komna, Czechoslovakia"
14814,"Borislav near Teplice, Czechoslovakia"
14815,"Domaninek near Bystrice, Czechoslovakia"
14817,"Cyrilov near Velké, Czechoslovakia"
14819,"Nova Ves near Rymarov, Czechoslovakia"
14823,"Nova Ves near Cesky, Czechoslovakia"
14824,"Petrov nad Desnon, Czechoslovakia"
14825,"Zalesi near Jarornik, Czechoslovakia"
14826,"Zverotice near Sobeslav, Czechoslovakia"
14827,"Smpcek near Nedvedice, Czechoslovakia"
14828,"Bukov near Rozna, West-Mähren, Czechoslovakia"
14829,"Vezna near Rozna, Czechoslovakia"
14833,"Bratschi, Göscheneralp, Switzerland"
14838,"Kimberly, Western Australia, Australia"
14840,"Flachsgarten, Guttannen, Bern, Switzerland"
14844,"Gora Blagodat, Ural, USSR"
14847,Lébiajaia
14849,"Boston Hill, Silver City, New Mexico, USA"
14855,"Perak, Malakka, Singapore"
14860,"Djebel Admar, Kairo, Egypt"
14524,"Hohe Tauern, Stubachtal, Austria"
14528,"Blue-John-Grotte near Castletown, Derbyshire, United Kingdom"
14530,"Oberpfalz, Germany"
14531,"Scordale, Westmoreland, United Kingdom"
14540,United Kingdom
14542,"The Open Bit, California, USA"
14544,"Horni Kalua, Riesengebirge, Bohemia, Czechoslovakia"
14545,"Vedrin, Belgium"
14546,"Messel near Darmstadt, Germany"
14548,"Goodsprings, Lincoln County, Georgia, USA"
14550,"Jassing, Steiermark, Austria"
14552,"Sussex County, New Jersey, USA"
14553,"Val d'Arno, Toscana, Italy"
14554,"Lanzada, Val Malenco, Italy"
14556,"Narsasuk, Greenland"
14557,"Nya Kapparberg, Sweden"
14561,"Baker Mine, California, USA"
14563,"Balur Mine, California, USA"
14588,"Monrovia, Liberia"
14589,"Plan Est de l'Ibity, Madagascar"
14591,"Laconi, Island Elba, Italy"
14592,"Evje, Norway"
14606,"Marsikov, Sobotin, Czechoslovakia"
14869,"Villejuif, Paris, France"
14870,"La Chappelle, Bretagne, France"
14871,Ufer des Toten Meeres
14872,"San Pietro, Montagnone, Italy"
14876,"Carschau, Hungary"
14877,"Mine Kaul near Brussa, Kleinasien, Turkey"
14886,Schurwenitza
14887,"Culmatsch, Tujetsch, Grisons, Switzerland"
14891,"Kimberly Goldfields, Western Australia, Australia"
14893,"St. German, Raron, Valais, Switzerland"
14566,"Divide, Nevada, USA"
14568,"Amerika near Långban, Sweden"
14571,"Crafton Center, New Hampshire, USA"
14574,"Regné, Belgium"
14576,"Alpe Rosso, Orcesco, Verbano-Cusio-Ossola, Italy"
14577,"Cava Mergozzoni, Candoglia, Mergozzo, Verbano-Cusio-Ossola, Italy"
14578,"Wergenstein, Schans, Grisons, Switzerland"
14675,"Yinnietharra, Western Australia, Australia"
14678,"Dravograd, Yugoslavia"
14679,"Calatayad, Aragonien, Spain"
14683,"Liegendlager, Ludwigsohle"
14686,"Candoglia, Mergozzo, Verbano-Cusio-Ossola, Italy"
14688,"Courroux near Delémont, Jura, Switzerland"
14690,"Tête Noire, Trient, Valais, Switzerland"
14767,"Tasikmalaya, West-Java"
14768,"Riou Pezziolon, Haute Loire, France"
14769,"Stammbach, Bavaria, Germany"
14773,"La Matriz, Guadalquivir, Spain"
14777,"Suria, Cardonner, Barcelona, Spain"
14778,"Crosol, Cardonner, Barcelona, Spain"
14700,"Massastollen, Naters, Valais, Switzerland"
14702,"Achdorf, Wutachtal, Donaueschingen, Villingen-Schweningen, Baden-Württemberg, Germany"
14704,"Lauibach (auf der Gletscheralp S Fafleralp), Lötschental, Valais, Switzerland"
14706,"Nordfuss der Pollux, Zermatt, Valais, Switzerland"
14708,"Riedlingen, Kandern, Lörrach, Baden-Württemberg, Germany"
15368,"Badamtam, Lebong, Himalaya"
14902,"Mine Altenberg, Littfeld, North Rhine-Westphalia, Germany"
14907,"Mischibach, Binn, Valais Switzerland"
14908,"Binna (nördl. Ufer), Binn, Valais, Switzerland"
14927,"Mühlesteingrube near Waldshut, Germany"
14935,"Erzkasten, Schauinsland, Germany"
28115,"Piz Ault, Grisons, Switzerland"
28116,"Schynschlucht, Switzerland"
28119,"Val Cavrein, Switzerland"
28121,"Calanda, Switzerland"
28122,"Monte San Giorgio, Switzerland"
28123,"Albula, Switzerland"
28124,"Mattmark, Saastal, Switzerland"
14962,"Brenden, Ühlingen-Birkendorf, Waldshut, Baden-Württemberg, Germany"
28127,"Gnapperkopf near Vättis, Calanda, Switzerland"
28133,"Val d'Err, Grisons, Switzerland"
15757,"Gunnis Lake, Cornwall, United Kingdom"
15758,"Island Rouma, Westafrika"
15760,"Sabnyal, Guarda, Portugal"
15761,"Val Bondasca, Bondo, Grisons, Switzerland"
28135,"Alp digl Plaz, Alp Err, Oberhalbstein, Grisons, Switzerland"
28143,"Trubinasca, Bergell, Switzerland"
28152,"Muttgletscher, Furka, Switzerland"
15035,"Egrasund, Norway"
15036,"Florence Mine, Egremont, Cumberland, United Kingdom"
15037,"Magnitgorsk, Ural, USSR"
15038,"Adorf near Waldeck, Kassel, Germany"
15039,"Serra de Aire, Portugal"
15049,"Salberg, Norway"
15050,"Ravas Palembang, Sumatra"
15029,Tampa Bay
16340,Pleisen
16341,"Mine de Fer, Giraumont, France"
16345,"Kirchberg, Sewen, Haut-Rhin, France"
16348,"Hechingen, Hegau, Germany"
14787,"Casas Novas, Barcelona, Spain"
14789,"Christophsan near Freudenstadt, Germany"
14790,"Anna near Jativa, Valencia, Spain"
14792,"Albunuelas, Granada, Spain"
14793,"Mola, Tarragona, Spain"
14794,Velez Benandolla
14795,"Kurmegala, Sri Lanka"
15102,"Lodzinka Gorna, Galizien, Poland"
15104,"Pulu Sadow, Tarakan, Borneo"
14992,"Bernau-Hof, Bernau im Schwarzwald, Waldshut, Baden-Württemberg, Germany"
14994,"Niederhövels, Siegen, Nassau, Westfalen, Germany"
14995,"Freising-Schwandorf, Oberpfalz, Germany"
14998,"Susyghyrly, Turkey"
15005,"Seboruco, Estado Tachira"
15007,"Sterling Hill Quarry, Scotland, United Kingdom"
15009,"Udjon, Kulon, West-Java"
28158,"Alp Danatz, Switzerland"
15019,Nord-Sumatra
15025,Rikianes Iceland
15026,"Neuvelles, Haute Saône, France"
15030,"Wadas, Mittel-Java"
15031,Nicolaie Maximilianowskaja
15177,"Buckshof, Mine Morgan Cty, Missouri, USA"
15191,"Ylöjärvi, Tampere, Finland"
15234,"Ural, Sibirien, USSR"
15235,"Margasati, Balapulang, Mittel-Java"
15237,"Sulzbach, Rosenberg, Oberpfalz, Germany"
15240,"Antsongombalo, Madagascar"
15241,"Maroando, Madagascar"
15244,"Mount Diablo, San Benito, California, USA"
15256,"Tetchina, Madagascar"
15257,"Antaloko, Madagascar"
15259,"Nertschinsk, Russia"
15262,"Perak, Malaya"
15263,"Habendorf, Reichenbach, Silesia, Poland"
15266,"Piermont, New York, USA"
15267,"Kirgisensteppe, Sibirien, USSR"
15269,"Granvernor, New York, USA"
15287,"Lago di Selle, Monzoni, Fassatal, Tirol, Italy"
15289,"Werchturic, Ural, USSR"
15304,"Niederkirchen, Pfalz, Germany"
15309,"Welni (Nebenfluss der Lena), USSR"
15311,"rote Felsen near Kreuznach, Germany"
15316,Gegend von Predazzo
15318,"Nilnifl, Sibirien, USSR"
15322,"Haslauer Burgstall, Eger, Bohemia, Czechoslovakia"
15373,Savoyen
15381,"Schawaldberg, Bavaria, Germany"
15384,"Gargellen, Montafon, Vorarlberg, Austria"
15433,"Vette di Vrezcna, Tirol, Italy"
15436,"Santa Barbara, California, USA"
15437,"Ozark Mountain, Missouri, USA"
15439,"Leithagebirge, Burgenland, Austria"
15440,"Camp Walker, Neu Guinea"
15441,"Sierra del Mico, Golfo Dulce"
15478,Rauschenmühle zw. Lauterecken und Kaiserslautern
15480,"G. Batuha, Südwest-Bandung, West-Java"
15481,"Mine Taritipan, Mavudu Bay, Borneo"
15482,"Ziel, Salzburg, Austria"
15491,"Schina, Bohemia, Czechoslovakia"
15495,"Einsiedeln, Bohemia, Czechoslovakia"
29201,"Duranos, France"
29202,"Manhatten, Nevada, USA"
29203,"Province Hunan, China"
29204,"Långban, Värmland, Sweden"
29205,"Ste.-Marie-aux-Mines, Haut Rhin, France"
29206,"Djebel Debar, Algeria"
29207,"Getschell Mine, Humboldt County, Nevada, USA"
29208,"Bull Moore Mine, South Dakota, USA"
29209,"Carrboyd Nickel Mine, Western Australia, Australia"
29210,"Saga, Tvedalen, Langesundfjord, Norway"
29211,innere Mongolia
29212,"near Ovan, New South Wales, Australia"
29215,"Transvaal, South Africa"
29216,"Zastava, Czechoslovakia"
29217,"Grand Junction, Colorado, USA"
29218,"Transbaikal, USSR"
29220,"Province Liaoning, China"
29221,"Sao Paulo, Brazil"
29223,"Shiromaru, Tokyo, Japan"
29224,"Matagami, Quebec, Canada"
29225,"Caralcoles, Chile"
29228,"Bicchu-cho, Okayama, Japan"
29230,"Ambrosia Lake, New Mexico, USA"
29231,"Kazakhstan, USSR"
29233,"Yellow Cal. Distr., Nevada, USA"
29234,"Jaipur, India"
29235,"Eureka County, Nevada, USA"
29237,"Evans, Quebec, Canada"
29238,USSR
29240,"Curitiba, Brazil"
29241,"Powder River, Basin, Wyoming, USA"
29242,"Sterling Hill Mine, New Jersey, USA"
29243,"Francon Quarry, Montreal, Canada"
29244,"Paramirim, Bahia, Brazil"
29245,"Ost-Transbaikal, USSR"
29247,"Alp Fortunai (Göscheneralp), Göschenen, Uri, Switzerland"
29248,"Betroka Bekily, Madagascar"
29251,"Schliersee, Oberbayern, Germany"
29252,"Montalban, Teruel, Spain"
29253,"Hall, Tirol, Steiermark, Austria"
29254,"Alpli, Elm, Glarus, Switzerland"
29260,"Giesse, Binn, Valais, Switzerland"
29261,"Gnapperchopf, Pfäfers, St. Gallen, Switzerland"
29263,"Sand, Chur, Grisons"
29264,"Gore Mt. Garnet Mine, New York, USA"
29268,"Triphylin Mine, Saudemab, Urakos, Namibia"
29269,"Bruch, Hannebacher Ley, Eifel, Germany"
29270,"Cava di Castellaccio, Val Malenco, Italy"
29271,"Pizzo di Soveltra, Prato-Sornico, Ticino, Switzerland"
29284,"Monte Camorcio, Baveno, Verbano-Cusio-Ossola, Italy"
29444,"Isiodag, Turkey"
29445,"Morogocha, Peru"
29448,"Muzsai, Beregkomitat"
29450,"Ulvityaya Oya, Sri Lanka"
29453,"Wilpattu-Nationalpark, Sri Lanka"
29454,"Blausee, Grengiols, Valais, Switzerland"
29455,"Nesté de Louron, Hautes Pyrénées, France"
29459,"Cuzzago near Pallanza, Piemonte, Italy"
29461,"Brenham, Kiowa County, Kansas, USA"
29462,"Morococha, Peru"
29463,"Irai, Rio Grande do Sul, Brazil"
29464,"Hohtenn-Tunnel, Steg-Hohtenn, Valais, Switzerland"
29471,"Mellichen, Täsch, Valais, Switzerland"
29477,"Grotta d'Oggi, Island Elba, Italy"
29478,"Capo S. Andrea, Island Elba, Italy"
29479,"Tiefenstein, Schwarzwald, Germany"
29480,"Brusson, Val de l'Evançon, Piemonte, Italy"
29482,"Roveredo, Grisons, Switzerland"
29367,"Urberg, St. Blasien, Waldshut, Baden-Württemberg, Germany"
29368,"Baerofen, Koralpe, Kärnten, Austria"
29370,"St. Leonhard, Kärnten, Austria"
29372,"Alpe della Madonna, Ticino, Switzerland"
29373,"Koblenz, Germany"
29374,"Baceno, Fonnazza, Italy"
29376,"Abtenau, Salzburg, Austria"
29378,"Mina Pereta, Scansano, Grosseto, Italy"
29379,"Sacrofano, Lazio, Italy"
29381,"Montalto di Castro, Lazio, Italy"
29382,"San Venanzo, Rieti, Italy"
29383,"Fortullino, Livorno, Italy"
29384,"Mina Buca della Vena, Alpi Apuani, Italy"
29385,"Cupaello, Casa Rufina, Rieti, Italy"
29386,"Cantiere Salvene, Italy"
29387,"Monterotondo, Toscana, Italy"
29416,"Cornaux, Neuchâtel, Switzerland"
29419,"Escalet, Opalküste, France"
29421,"Intelvai, Crodo, Italy"
29423,"Fischbachtal, Idar-Oberstein an der Nahe, Germany"
29424,"Mine la Macklaine, Neu-Kaledonien"
29425,"Arlesberg near Aalen, Württemberg, Germany"
29426,"Mine Rossbach, Germany"
29428,"Altenberge, East Germany, Germany"
29429,"Arlsberg, Thuringia, Germany"
29431,Colombia
29435,"Tarakan, Ost-Borneo"
29437,"Kommern, Eifel, Germany"
29438,"Rengersdorf, Silesia, Poland"
29442,"Bad Ischl, Germany"
29484,"Riedisheim, Mulhouse, France"
29485,"Zakynthos, Kalamaki, Greece (Coll. N. Mayo)"
29487,"Mina Augustina, Spain"
29488,"Mina Nieves, Spain"
29489,"Col de Montmirat, France"
29490,"Mine 79, Gila County, Arizona, USA"
29491,"Bouse, Arizona, USA"
29492,"Virgin Valley, Nevada, USA"
29493,"Lanzarote, Kanarische Inseln, Spain"
29494,"Larvik, Norway"
29497,"Val Graveglia, Italy"
29498,"unterhalb Chummibord, Grengiols, Valais, Switzerland"
29499,"Thomas Mountains, Utah, USA"
29500,"ehemalige Bleimine Goppenstein, Ferden, Valais, Switzerland"
29508,"Lötschen, Rothenberg, Wiler (Lötschen), Valais, Switzerland"
29511,"Mica, Duncan, Arizona, USA"
29514,Antarktis
29515,"Bellerberg, Eifel, Germany"
29517,"Barkevik, Norway"
29521,"Syssersk, Ural, USSR"
29525,"Bukov, Czechoslovakia"
29528,"Emmelsberg near Daun, Eifel, Rheinland, Germany"
29529,"Nickenicher Sattelberg, Eifel, Rheinland, Germany"
29531,"Arensberg, Eifel, Rheinland, Germany"
29559,"Mine Leonie, Auerbach, Oberpfalz, Germany"
29571,"Champagnole, Jura, Franche-Comté, France"
29574,"Lötschen, Valais, Switzerland"
29578,"Segnes, Disentis/Mustér, Grisons, Switzerland"
29579,"Wannigletscher, Binn, Valais, Switzerland"
29580,Nigeria
29582,"Wessel Mine, South Africa"
29583,"Mont Saint Hilaire, Quebec, Canada"
29587,"Ludvina, Sweden"
29588,"Nordmark, Sweden"
29589,"Lana, Karlshoge, Sweden"
29596,"Bernau, St. Blasien, Schwarzwald, Germany"
29600,"Bad Säckingen, Waldshut, Baden-Württemberg, Germany"
29605,"Ojos Negros, Teruel, Spain"
29608,"Teruel, Spain"
29609,"Cuevas Labradas, Spain"
29610,"Cerro de la Plata, Teruel, Spain"
29612,"Minglanilla, Spain"
29613,"Aljezar, Spain"
29615,"Castralvo, Spain"
29617,"Pechtelsgrün, Vogtland, Saxony, Germany"
29618,"Burg am Fieschergletscher, Fieschertal, Valais, Switzerland"
29628,"Hostettbach, Guttannen, Bern, Switzerland"
29633,"Grimselpasshöhe, Guttannen, Bern, Switzerland"
29634,"Sidelhorn/Sidelenhorn Oberaar, Guttannen, Bern, Switzerland"
29635,"Nickenicher Sattel, Eifel, Rheinland, Germany"
29649,"Valle della Creda, Morbio superiore, Ticino, Switzerland"
29650,"Phang Daen, Thailand"
29652,"San Obispo, California, USA"
29653,Korea
29654,"Tanatzalp (Alp Danaz), Splügen, Grisons, Switzerland"
29659,"Onverwacht, Transvaal, South Africa"
29660,"La Coruna, Spain"
29663,"Mannersdorf, Nieder-Österreich"
29664,"Mieslingtal, Nieder-Österreich"
29665,"Amstall, Nieder-Österreich"
29666,"Stixneusiedl, Nieder-Österreich"
29667,"Männersdorf, Nieder-Österreich"
29672,"Maiersch, Nieder-Österreich"
29533,"Mt. Pass Station Co., California, USA"
29537,"Bad Ems, Germany"
29540,"Herborn-Seelbach, Germany"
29542,"Peine, Germany"
29543,"Montreal, Canada"
29544,"Yukon Territory, Canada"
29549,"Rissani, Morocco"
29554,"Ebenalp, Schwende, Appenzell-Innerrhoden, Switzerland"
29555,"Solothurn, Switzerland"
29556,"Wilera, Bellwald, Valais, Switzerland"
29558,"Ramsbeck, Sauerland, Germany"
29675,"Karlstetten, Nieder-Österreich"
29676,"Neusiedl, Burgenland, Austria"
29677,"Hof-Lgb, Nieder-Österreich"
29678,"Alland, Nieder-Österreich"
29679,"Schlaining, Burgenland, Austria"
29693,"Gere, Oberwald, Valais, Switzerland"
29702,"Minstigertal (Münstigertal), Münster, Valais, Switzerland"
29703,"Faflertal (near Chrindelspitza), Blatten, Valais, Switzerland"
29704,"Castione, Castione-Arbedo, Ticino, Switzerland"
29707,"Pisella (Val Pisello), Castaneda, Grisons, Switzerland"
29711,"Elbensgebirge, Mazenderan, Iran"
29712,"Redjang Lebong, Sumatra, Indonesia"
29714,"Mine Gonzen, Sargans, St. Gallen, Switzerland"
29715,"Rothenberg, Bell, Eifel, Rheinland, Germany"
29716,"Rivasco, Premia, Verbano-Cusio-Ossola, Italy"
29717,"Tieftobel, Wiesen, Grisons, Switzerland"
29720,"Soengei Serdang, Djelapang, Sumatra, Indonesia"
29740,"südöstl. Grevasalvas, Sils im Engadin/Segl, Grisons, Switzerland"
29741,"nordöstl. Blaunca, Sils im Engadin/Segl, Switzerland"
29747,"Emmelberg near Üdersdorf, Eifel, Rheinland, Germany"
29751,"Wetterau, Berstadt, Germany"
29753,"Val dalla Siara, Medel (Lucmagn), Grisons, Switzerland"
29755,"Lisa, Ivanjica, Serbia, Yugoslavia"
29756,"Val Calanca, Rossa, Grisons, Switzerland"
29757,Firma Zeiss
29758,"Gipsgrube, Zeglingen, Basel-Landschaft, Switzerland"
29759,"Passo delle Uoci, Stromboli, Italy"
29760,"Mendig am Laacher See, Eifel, Rheinland, Germany"
29762,"Roggeli, Plasselb, Fribourg, Germany"
29766,"Island Nea Kaimeni, Greece"
29776,"West-Ufer vom Payette-See near Mc. Call, Idaho, USA"
29777,"Pizzi dei Rossi, Stampa, Grisons, Switzerland"
29778,"Quarry Promontogno, Bondo, Grisons, Switzerland"
29780,"Valun dei Rossi, Stampa, Grisons, Switzerland"
29783,"Val Fex, Sils im Engadin/Segl, Grisons, Switzerland"
29784,"Thessaloniki, Greece"
29785,"Klein Furkahorn, Realp, Uri, Switzerland"
29786,"Chriegalp-Wasserstollen, Grengiols, Valais, Switzerland"
29793,"Wadas, Indonesia"
29794,"Pelkovice, Czechoslovakia"
29799,"Florida, USA"
29800,"Alzey, Mainzerbecken, Germany"
29803,"Tampa, Florida, USA"
29804,"Valle di Ponte, Brissago, Ticino, Switzerland"
29863,"Valle di Vantarone, Brissago, Ticino, Switzerland"
29866,"Olgiasca, Lago di Como, Italy"
29939,"Colico, Lago di Como, Italy"
29968,"Kreuzberg, Plegstein, Germany"
29969,"Hewenegg, Hegau, Germany"
29971,"Muzo, Colombia"
29972,"Orinoco, Venezuela"
29973,Burma
29975,"Gornergletscher (Bodengletscher), Zermatt, Valais, Switzerland"
29976,"Wasseralfingen, Jura, Switzerland"
29977,"Beutelsbach, Remstal, Germany"
29978,"Hausäcker, Rötenbach, Germany"
29979,"Chehka, Tripoli, Lebanon"
29980,"Alta Brianca, Canzo, Como, Italy"
29981,"Sunshine, Arizona, USA"
29983,"Udaipur, India"
29984,"Zwischbergen, Valais, Switzerland"
29985,"Adit Celina, Gondo, Zwischenbergen, Valais, Switzerland"
29986,"nordwestl. Bruderholzspital, Binningen, Baselland, Switzerland"
30000,"Alp di Cristallina, Bedretto, Ticino, Switzerland"
30002,"Mutschnengia, Medel (Lucmagn), Grisons, Switzerland"
30003,"Segl Baselgia, Sils im Engadin/Segl, Grisons, Switzerland"
30006,"Ortliboden (Windgällenhütte), Silenen, Uri, Switzerland"
30019,"Astano, Ticino, Switzerland"
30022,"Le Gabiare, Vermes, Jura, Switzerland"
30023,"Pizzo di Soveltra, Chironico, Ticino, Switzerland"
30024,"Pizzo Maron, Chironico, Ticino, Switzerland"
30028,"Lago di Tom, Quinto, Ticino, Switzerland"
30032,"Quarry Schächental, Laufen, Basel-Landschaft, Switzerland"
30035,"Julierstrasse near Andeer, Grisons, Switzerland"
30036,"Gwasmet near Gross Windgällen, Unterschächen, Uri, Switzerland"
30037,"Oberalpstock, Silenen oder Griessstock, Unterschächen, Uri, Switzerland"
30039,"roter Quarry am Forstberg, Röschenz, Basel-Landschaft, Switzerland"
30040,"Val des Dix, Hérémence, Valais, Switzerland"
30041,"Serra Neire, Evolène, Valais, Switzerland"
30042,"Pipjitälli, Oberems, Valais, Switzerland"
30044,"Rothorn, Grengiols, Valais, Switzerland"
30047,"oberes Fäldbachtal, Binn, Valais, Switzerland"
30049,"Val Traversagna, Roveredo, Grisons, Switzerland"
30050,"Oberalp- od. Griessstock (Kohlplatz, Bristen), Maderanertal, Uri, Switzerland"
15398,"Siebenlohn, Freiburg"
15399,kleines Nebeltal near Schillberg
15401,"Neubau im Fichtelgebirge, Bavaria, Germany"
15404,"Tirol, Austria"
15501,"near Miask, Ilmengebirge, Ural, USSR"
15502,"Koh-e-Safed, Afghanistan"
15507,Afghanistan
15509,"Albano oder Frascati, Colli Albani near Rom, Italy"
15512,"Niedermendig am Laacher See, Eifel, Rheinland, Germany"
15520,"Kilpatrickhills, Dunbarton, Scotland, United Kingdom"
15522,"Puy-de-Marman, Auvergne, France"
15549,"Strontian Argelshire, Middle Sope"
15553,"Sewosein near Usti nad Labem (Aussig), Bohemia, Czechoslovakia"
15561,"Tjibanggala, West-Java"
15562,"Dept. Doubs, Bourgogne-Franche-Compté, France"
15566,"Central City, Colorado, USA"
15567,"Epirus, Aidelea"
15570,"Ojamo, Finland"
15572,"Bufaura-Alp, Fassatal, Tirol, Italy"
15574,"Carriacon, Westindien"
15587,"Alp Schwarzen, Tirol, Austria"
15599,"Lauteraarhorn, Guttannen, Bern, Switzerland"
15600,"Fort Victoria, Rhodesien"
15601,Dubnik
15602,"Hodalen Tellemarken, Tördal, Norway"
15604,"Cevio, Ticino, Switzerland"
15606,"Namanga-Gebirge, Tanzania"
15607,"Ljosland, Norway"
15608,"Strickland Quarry, Portland, Connecticut, USA"
15610,"Corocoro, La Paz, Bolivia"
15614,"Rio Campo, Brazil"
15615,"Black Hills, Nevada, USA"
15616,"Pöschnik, Austria"
15618,"Minglanilla, Cuenca, Spain"
15619,"Hassi Noumar, nördl. El Golea"
16962,"Muota Naira, Val Nalps, Tavetsch, Grisons, Switzerland"
16968,"Oravicza, Banat, Romania"
16969,"Larinkari, Sweden"
16970,"Pierpoint, New York, USA"
16972,"Norwich, Connecticut, USA"
16976,"Carrière d'Auxelles, Ayolles, France"
16977,"Boal Asturias, Spain"
16981,"Rabenstein, Zwiesel, Bavaria, Germany"
16990,"Bovey, Devonshire, United Kingdom"
16994,"Teigarhorn, Berufjord, Iceland"
16995,"Glasgow, Scotland, United Kingdom"
16999,Unkel am Rhein
17017,"Tamman, Ober-Birma"
17019,"Salvan, Valais, Switzerland"
17022,"Island St. Paul, USA"
17089,"Moos, Norway"
17091,"Monte Donato, Bologna, Italy"
17092,"Biskra, Algeria"
17093,"Drygill Mine near Keswick, Cumberland, United Kingdom"
17095,"Ocajo, Spain"
17105,"Meaux, Paris, France"
17112,"Bollenbach near Herdorf, Siegerland, Westfalen, Germany"
17115,"Côte d'Albot, Puy de Dôme, Auvergne, France"
17116,"Frizington, Cumberland, United Kingdom"
17119,"Haard, Siegen, Nassau, Westfalen, Germany"
17121,"Bockenrode, Odenwald, Germany"
17344,"Tongrube Unter Erlimoos, Trimbach, Solothurn, Switzerland"
17345,"Habkern, Bern, Switzerland"
17346,"Tschampigewyssi, Binn, Valais, Switzerland"
17347,"Volterra, Italy"
17349,"Frickberg, Frick, Aargau, Switzerland"
17350,"Alp Taspegn, Zillis-Reischen, Grisons, Switzerland"
17354,St. Priest
17357,"Birs near St. Jakob, Muttenz, Baselland, Switzerland"
17363,"Andreasberg, Saxony, Germany"
17395,"Lauta, Germany"
17404,"Ausserberg, Valais, Switzerland"
17426,"Trohlender Graben, Baltschiedertal, Baltschieder, Valais, Switzerland"
17431,"Alpe Les Esserts, Le Châtelard, Finhaut, Valais, Switzerland"
17432,"Tongrube Frick, Aargau, Switzerland"
17434,"Junkholz, Flühli, Lucerne, Switzerland"
17437,"Blyschgraben, unteres Baltschiedertal, Baltschieder, Valais, Switzerland"
17439,"Unter Erlimoos, Trimbach, Solothurn, Switzerland"
17440,"Tongrube Hauenstein, Hauenstein-Ifenthal, Solothurn, Switzerland"
17445,"Quarry Cornaux, Neuchâtel, Switzerland"
17447,"Seewi-Steinbruch, Schleitheim, Schaffhausen, Switzerland"
17450,"Candoglia, Mergozzo, Verbano-Cusio-Ossola, Piemont, Italy"
17452,"Mine Primaluna, Valsassina, Lecco, Lombardia, Italy"
17453,"Grosser Aletschgletscher, Betten, Valais, Switzerland"
17455,"Hauenstein, Hauenstein-Ifenthal, Solothurn, Switzerland"
17456,"Rechtenberg, Seewen, Solothurn, Switzerland"
17461,"Bleimine Albrun, Binn, Italy"
17505,"Gotthard-Strassentunnel, Switzerland"
16102,"Conselheiro Mata, Brazil"
16105,"Manbach, Eifel, Rheinland, Germany"
16107,"Pfulwe, Zermatt, Valais, Switzerland"
16116,"Arschchumme, Täsch, Valais, Switzerland"
16122,"Fluealp, Zermatt, Valais, Switzerland"
16127,"Hubeltini, Täsch, Valais, Switzerland"
16128,"Quarry Madonna d'Ongero, Carona, Ticino, Switzerland"
16136,"Orismühle, Seltisberg, Basel-Landschaft, Switzerland"
16139,"La Malcôte, Asuel oder Montmelon, Jura, Switzerland"
16143,"Gipsgrube, Oberdorf, Basel-Landschaft, Switzerland"
16144,"Choindez, Courrendlin, Jura, Switzerland"
16145,"Quarry near  Weisse Fluh, Liestal, Basel-Landschaft, Switzerland"
16148,"Quarry Thomann, Liesberg, Basel-Landschaft, Switzerland"
16149,"Vendlincourt, Jura, Switzerland"
16150,"Grammont/Grammet, Liestal, Basel-Landschaft, Switzerland"
16151,"Stelli, Trimbach, Solothurn, Switzerland"
16152,"Boécourt, Jura, Switzerland"
16154,"Asuel, Jura, Switzerland"
16155,"Belchen-Strassentunnel, Hägendorf, Solothurn, Switzerland"
16156,"Belchen-Strassentunnel, Basel-Landschaft/Solothurn, Switzerland"
16159,"Bassecourt, Jura, Switzerland"
16164,"Warmbach, Rheinfelden, Lörrach, Baden-Württemberg, Germany"
16165,"Rheinufer zw. Augst und Rheinfelden, Switzerland"
16166,"Maisprach, Baselland, Switzerland"
16169,"Maienburg, Wiesental, Lörrach, Baden-Württemberg, Germany"
16171,"Birseck, Arlesheim, Basel-Landschaft, Switzerland"
16172,"Aspbach, Münchenstein, Basel-Landschaft, Switzerland"
16181,"Schloss Landegg, Wangen a. Aare, Switzerland"
16185,"Malsenberg, Basel-Landschaft, Switzerland"
16188,"Tiergarten, Vermes, Jura, Switzerland"
15793,"Lehmbach ob Fäld, Binn, Valais, Switzerland"
15777,"Mine Ramo di Flores, Almeria, Spain"
15780,"Lac de Tseuzier, Ayent, Valais, Switzerland"
15782,"Halbinsel Koli, Finland"
15787,"Alta Gracia, Sierra de Cordoba (Spain od. Argentina)"
16192,"Waidhof, Inzlingen, Lörrach, Baden-Württemberg, Germany"
16194,"Kanton Basel, Switzerland"
16197,"Basel, Base-Stadt, Switzerland"
16199,"Seltisberg, Basel-Landschaft, Switzerland"
16200,"Pfeffingen, Basel-Landschaft, Switzerland"
16201,"Dornach/Gempen, Solothurn, Switzerland"
16207,"Calatayud, Spain"
16212,"Quarry Bollenberg, Switzerland"
16221,"Scheidertobel (Val da Sched), Scheid/Sched, Grisons, Switzerland"
16226,"Pizzo Lucendro (South), Airolo, Ticino, Switzerland"
16227,"Taminser Calanda, Tamins, Grisons, Switzerland"
16230,"Churfirsten, Alt St. Johann, St. Gallen, Switzerland"
16462,"Oltrafiume, Baveno, Cave di Agrano, Agrano, Verbano-Cusio-Ossola, Italy"
16464,"Sohayina, Madagascar"
16465,"La Cabrera, Spain"
16466,"Andronondamba, Madagascar"
16468,"Volkesfeld, Eifel, Rheinland, Germany"
16472,"Fort Worth, Texas, USA"
16474,"Florestini near Grottacalda, Sizilien, Italy"
16477,"Quarry NW Soriolo, Lavertezzo, Ticino, Switzerland"
16480,"unterer Quarry, Liesberg, Basel-Landschaft, Switzerland"
16489,"Bachtalen, Oftringen, Aargau, Switzerland"
16496,"schwarze Mine, Liesberg, Basel-Landschaft, Switzerland"
16516,Eisenbahn a. Ilmen
16517,"Pielavesi, Finland"
16520,"Island Sylt, Nordsee, Germany"
16521,"Burros Mountains, Mexico"
16522,"Gabel, Mont Blanc, Chamonix, Haute-Savoie, Rhône-Alpes, France"
16523,"N-Seite Alpjahorn, Mund, Valais, Switzerland"
16524,"Längisalp/Langis-Alp, Goms, Valais, Switzerland"
16529,"Griekwasted, Namagualand, South Africa"
16531,"Rabenstein, Bavaria, Germany"
16533,Egypt / India
16538,"Sierra Morena, Spain"
16547,"Idar-Oberstein, Birkenstein, Rhineland-Palatinate, Germany"
16551,"Ilmengebirge, Ural, Siberien, Russia"
17026,Ingermanland
17034,"Imatra, Finland"
17037,Lachen
17041,"Leitmeritz, Usti nad Labem (Aussig), Bohemia, Czechoslovakia"
17044,"Mottlet Zone, zw. Totem Meer und Arad"
17376,"Ilfeld, Thuringia, Germany"
17378,"Stolberg, Harz, Germany"
17513,"Gotthard-Strassentunnel, Hospental, Uri, Switzerland"
17515,"Gotthard-Strassentunnel, Uri/Ticino, Switzerland"
17516,"Gotthard-Strassentunnel, Andermatt, Uri, Switzerland"
17519,"Gotthard-Strassentunnel, Göschenen, Uri, Switzerland"
17528,"Iragna, Ticino, Switzerland"
17529,"La Bianca, Campo (Blenio), Ticino, Switzerland"
17532,"Adit Furkareuss, Göscheneralp, Göschenen, Uri, Switzerland"
17533,"Boron Cty, California, USA"
17556,"Valle Traversagna (Valle d'Arbedo), Arbedo-Castione, Ticino, Switzerland"
17557,"Blattenberg, Oberriet, St. Gallen, Switzerland"
17633,"Blindtälli, Naters, Valais, Switzerland"
17567,"Chrüzbachtobel, Pfäfers, St. Gallen, Switzerland"
17571,"Charcas, Switzerland"
17576,"Schwarz Nolla, Tschappina, Grisons, Switzerland"
17586,"Val Sax, Flims, Grisons, Switzerland"
17587,"Churwalden, Grisons, Switzerland"
17588,"Trinserhorn, Flims, Grisons, Switzerland"
17593,"Ihrem, Morocco"
17594,Fossingfjord
17595,"Cruttiser Tobel, Realta, Cazis, Grisons, Switzerland"
17598,"Staumauer Griesssee, Ulrichen, Valais, Switzerland"
17599,"Val Russein, Grisons, Switzerland"
17601,"Napfgebiet, Bern/Lucerne, Switzerland"
17602,"Aeltstadte, Nederland"
17604,"Schisshyttan, Sweden"
17609,"Poncione di Braga, Peccia, Ticino, Switzerland"
17610,"Fürgangen(-Lamme), Bellwald, Valais, Switzerland"
17611,"Twäregg (Twärenegg), Oberwald, Valais, Switzerland"
17614,"Bahnstation Goppenstein, Ferden, Valais, Switzerland"
17616,"Bolsiten, Habkern, Bern, Switzerland"
17617,"Gremmelsbach, Triberg, Villingen-Schweningen, Baden-Württemberg, Germany"
17618,"Diemtigen, Simmental, Switzerland"
17622,"Fieschergletscher (unterhalb Rotloch), Fieschertal, Valais, Switzerland"
17625,"Stürleren, Bern, Bern, Switzerland"
17627,"Bone en Bez-Dessous, Glovelier, Jura, Switzerland"
17628,"Grimselstrasse, Guttannen, Bern, Switzerland"
17699,"Gotthard-Strassentunnel (Seitenstollen), Hospental, Uri, Switzerland"
17793,"Langgletscher, Blatten, Valais, Switzerland"
17798,"zwischen Gletsch und Belvédère, Oberwald, Valais, Switzerland"
17804,"Moctezuma Mine, Sonora, Mexico"
17830,"Cavrein, Disentis/Mustèr, Grisons, Switzerland"
17838,"Burgund, France"
17844,"Newport-Mine, Curaçao"
17846,"Finsterthüelen, Oftringen, Aargau, Switzerland"
17850,"Birgisch, Valais, Switzerland"
17869,"Sette Gama, Gabon"
17880,"Binnultini (Binneltini), Binn, Valais Switzerland"
17888,"Rheinwaldhorn, Grisons, Switzerland"
17889,"Ararat (Gipfel), Turkey"
17890,"Düssistock, Uri, Switzerland"
17891,"untere Mine, Liesberg, Basel-Landschaft, Switzerland"
17893,"Shaft Cäcilie, Wölsendorf, Oberpfalz, Germany"
17896,"Johanneszeche near Göpfersgrün, Bavaria, Germany"
17897,"Ackerwiese near Schönbrunn, Germany"
17900,"Daniel's Kuil, Cape-Provinz, South Africa"
17903,"Bath, Brown County, South Dakota, USA"
17904,"Bur-Gheluai, Bur-Hagaba District, Somalia"
17905,"Butsura, Champaran District, Bihar, India"
17906,"Forest City, Winnebago County, Iowa, USA"
17909,"Hessle, Uppsala, Sweden"
17910,"Kernouve, Morbihan, Bretagne, France"
17912,"Khetri, Jaipur, Rajasthan, India"
17913,"Ochansk, Perm, Russia"
17918,"Pultusk, Warsaw, Poland"
17925,"Salles, Villefranche, Dépt. Rhône, France"
17926,"Trenzano, Brescia, Lombardei, Italy"
17927,"Weston, Fairfield County, Connecticut, USA"
17929,"Alfianello, Brescia, Lombardei, Italy"
17932,"Ausson, Haute Garonne, France"
17933,"Bachmut, Ekaterinoslav, Ukraine"
17934,"Bjurböle, Nyland, Finland"
17938,"Château Renard, Montargis, Loiret, France"
17939,"Farmington, Washington County, Kansas, USA"
17942,"Homestead, Iowa County, Iowa, USA"
17944,"Knyahinya, Ungvar, Ukraine"
17946,"L'Aigle, Orne, France"
17950,"Long Iceland, Phillips County, Kansas, USA"
17951,"McKinney, Collin County, Texas, USA"
17952,"Mocs (Cluj), Transsylvanien, Romania"
17965,"Parnallee, Madura District, Tamil Nadu, India"
17966,"Parnallee, Madura District,Tamil Nadu, India"
17968,"Waconda, Mitchell County, Kansas, USA"
17969,"Wold Cottage, Yorkshire, England"
17970,"Ensisheim, Haut Rhin/Elsass, France"
17972,"Ensisheim, Haut Rhin, France"
17977,"Jelica, Serbia, Yugoslavia"
17978,"Manbhoom, West-Bengalen, India"
17979,"Savtschenskoje, Tiraspo, Province Odessa, Ukraine"
17980,"Siena, Toscana, Italy"
17981,"Grosnaja, Kaukasus, Russia"
17982,"Cold Bokkeveld, Cape-Provinz, South Africa"
17983,"Bishopville, Lee County, South Carolina, USA"
17984,"Stannern, Iglau, Jihomoravsky, Tschech. Republik"
17986,Herkunft unklar: Ensisheim oder L'Aigle
17987,"Bitburg, Rhineland-Palatinate, Germany"
17991,"Brenham,  Kiowa County, Kansas, USA"
17996,"Finmarken, Finmark, Norway"
17997,"Imilac, Atacama, Chile"
18001,"Krasnojarsk, Yeniseisk, Russia"
18008,"Springwater, Saskatchewan, Canada"
18009,"Steinbach, Erzgebirge, Saxony, Germany"
18012,"Estherville, Emmet County, Iowa, USA"
18017,"Vaca Muerta, Atacama, Chile"
18020,"Rafrüti, Emmental, Bern, Switzerland"
18021,"Chesterville, Chester County, South Carolina, USA"
18022,"Cincinnati, Ohio, USA"
18024,"La Primitiva, Tarapaca, Chile"
18025,"Siratik, Bambouk, Mali"
18026,"Seeläsgen, Zielona Gora, Poland"
18027,"Sao Juliao de Moreira, Ponte de Lima, Minho, Portugal"
18028,"Black Mountain, North Carolina, USA"
18029,"Canon Diablo, Coconino County, Arizona, USA"
18034,"Magura, Region Zilina, Slovakia"
18035,"Youndegin, Western Australia, Australia"
18036,"Elbogen, Zapadocesky, Tschech. Republik"
18037,"Merceditas, Atacama, Chile"
18038,"Toluca, Mexico"
18052,"Carlton, Hamilton County, Texas, USA"
18053,"Gibeon, Great Namaland, Namibia"
18054,"Butler, Bates County, Missouri, USA"
18055,"N'Goureyma, Ke Macina, Mali"
18058,"Santa Rosa, Tunja, Boyaca, Colombia"
18060,"Braunau, Vychodocesky, Bohemia, Tschech. Republik"
18061,"Coahuila, Mexico"
18062,"Cape of Good Hope, South Africa"
18064,"Sao Juliao de Moreira, Minho, Portugal"
18066,"Ceske Budejovice (Budweis), Bohemia, Tschech. Republik"
18069,"Starvey, Trebovice, Bohemia, Tschech. Republik"
18072,"Vrabce (Budweis), Bohemia, Tschech. Republik"
18077,"Island Billiton, Indonesia"
18117,"Höri, Untersee, Bodensee, Switzerland"
18119,"Wienberger Ziegelei near Wien, Austria"
18122,Rheingold (Rehinsand)
18130,"Mine Margarethe near Leisa, Battenberg, Hesse, Germany"
18132,"Büchelsdorf, Hesse, Germany"
18134,"Mine near Dillenburg, Nassau, Germany"
18177,"Quarry Nuglar, Nuglar-St. Pantaleon, Solothurn, Switzerland"
18178,"oberer Quarry Münchenstein/Arlesheim, Basel-Landschaft, Switzerland"
18180,"Tschumels, Switzerland"
18181,"Kapelle near St. Niklaus, Oberwald, Valais, Switzerland"
18184,"Vorgipfel Galenstock, Realp, Uri, Switzerland"
18185,"Sattel des Galenstock (Walliser Seite), Oberwald, Valais, Switzerland"
18188,"Mine Chalkidike, Stratoniki, Greece"
18192,"Lengisalpe, Goms, Valais, Switzerland"
18193,"Feutersoey, Gsteig, Bern, Switzerland"
18196,"Hägeler, Baden, Aargau, Switzerland"
18210,Guinea (französisch)
18215,"Heidenloch, Aarburg, Aargau, Switzerland"
18217,"Frick, Aargau, Switzerland"
18220,"""Beim Hammer"", Aedermannsdorf, Solothurn, Switzerland"
18223,"Val Formazza, Verbano-Cusio-Ossola, Italy"
18224,"Allende, Chihuahua, Mexico"
18225,"Henbury, Northern Territory, Australia"
18229,"Toondina, South Australia, Australia"
18231,"Lake Eyre District, South Australia, Australia"
18236,"Farnsberg, Ormalingen, Basel-Landschaft, Switzerland"
18239,"Val Lamterma, Val Malenco, Italy"
18240,"Provola, Finero, Verbano-Cusio-Ossola, talien"
18241,"Erzurum, Nordost-Anatolien, Turkey"
18249,"Nordost-Anatolien, Turkey"
18250,"Stoneham, Colorado, USA"
18251,"Alexandrow near Moskau, Russia"
18254,"Cima della Bianca, Medel (Lucmagn), Grisons, Switzerland"
18255,"Ferden, Valais, Switzerland"
18262,"Ferden, Lötschental, Valais, Switzerland"
18265,"Cripple Creek, Illinois, USA"
18266,"Mine de Bérbés, Asturias, Spain"
18267,"Sefrou, Morocco"
18271,"Trientgletscher, Trient, Valais, Switzerland"
18272,"ehemaliges Mine, Gonzen near Sargans, Switzerland"
18273,"Vorder Zinggenstock, Guttannen, Bern, Switzerland"
18080,"Tutong, Brunei"
18082,"Lang Bian, Dalat, Vietnam"
18087,"Starvey, Trebovice, Bohemia, Czechoslovakia"
18094,Baltikum
18096,"Bogotá, Colombia"
18098,"Waldkirch, Schwarzwald, Germany"
18153,"Rutherford Mine, Amelia, Virginia, USA"
18161,"Lomagundi, Rhodesien"
18162,"Monte Acquanera, Franscia, Province Sondrio, Italy"
18170,"Val Sissone, Chiareggio, Province Sondrio, Italy"
18171,"Sasso Moro, Campo Franscia, Province Sondrio, Italy"
18172,"Cengiasc, Monte Acquanegra, Campo Franscia, Province Sondrio, Italy"
18277,"Sondierstollen Staumauer, Gletsch, Oberwald, Valais, Switzerland"
18279,"Nufenenstrasse, 700 m v. Ulrichen, Valais, Switzerland"
18280,"Blauberg, Realp, Uri, Switzerland"
18281,"Cornwall, England"
18327,"Gasleitung-Stollen Blasenhorn-Obergesteln, Valais, Switzerland"
30057,"Cabane des Dix, Hérémence, Valais, Switzerland"
30058,"oberer Fäldbach, Binn, Valais, Switzerland"
18390,"Strahlegg, Grindelwald, Bern, Switzerland"
18391,"Passo del Muretto, Stampa, Grisons, Switzerland"
18403,"Scherbadung (Pizzo Cervandone), Baceno, Verbano-Cusio-Ossola, Italy"
18405,"Osilo, Sardinien, Italy"
18409,"Muota Naira, Val Nalps, Tajetsch, Grisons, Switzerland"
18413,"Zeglingen, Basel-Landschaft, Switzerland"
18419,"Conteschas, Vrin, Grisons, Switzerland"
18421,"Tête Noire, Savoie"
18429,"Möhntal, Aargau, Switzerland"
18431,"Gere (Geren), Oberwald, Valais, Switzerland"
18441,"Tongrube, Rechtenberg, Seewen, Solothurn, Switzerland"
18442,"Baumholder, Idar-Oberstein an der Nahe, Germany"
18443,"Fluminimaggiore, Sardinien, Italy"
18453,"Rickenbacherflue, Rickenbach, Basel-Landschaft, Switzerland"
18454,"Rotacker, Ober Diegten, Diegten, Basel-Landschaft, Switzerland"
18455,"Wanzenau, Rheinfelden, Aargau, Switzerland"
18457,"unterer Quarry Münchenstein, Basel-Landschaft, Switzerland"
18458,"Erlimatt, Arisdorf, Basel-Landschaft, Switzerland"
18465,"Gipsbruch Leissigen, Bern, Switzerland"
18467,"Quarry Orismühle, Seltisberg, Basel-Landschaft, Switzerland"
18468,"Viaplana, Sils im Domleschg, Grisons, Switzerland"
18473,"Silberberg, Wassen, Uri, Switzerland"
18480,"Wischnewy-Berge, Ural, USSR"
18483,"Mysore, India"
18486,"Mine Jooste, Farm Etiro, Namibia"
18491,"China Lake, California, USA"
18496,"Armsberg near Zilsdorf, Eifel, Rheinland, Germany"
18498,"Quarry near Davilaz, Forel (Lavaux), Vaud, Switzerland"
18499,"Cave Teufelsloch, Dinkelberg, Lörrach, Baden-Württemberg, Germany"
18501,"Togwotee-Pass, Nordwest-Wyoming, USA"
18502,"Quarry Flüh-Hofstetten, Solothurn, Switzerland"
18575,"Holzplatz, Lierbach, Schwarzwald, Germany"
18584,"Voltennes, 12 km nordwestl. Autun, France"
18586,"Aveyron, France"
18591,"Schweighausen, Schwarzwald, Germany"
18592,"Alberswiler near Landau, Germany"
18510,"Pazolabach, Andermatt, Uri, Switzerland"
18511,"Riedenboden, Bubendorf, Basel-Landschaft, Switzerland"
18512,"Parker Mine, Franklin, New Jersey, USA"
18513,"Karlsgang, Rambeck, Ruhrgebiet, Germany"
18514,"La Vraconne, Sainte-Croix, Vaud, Switzerland"
18539,"Mans, Thuringia, Germany"
18542,"Stetfeld near Eisenach, Germany"
18544,"Mine Morgenstern, Mittelberg, Germany"
18556,"SBB-Kehrtunnel, Wattingen, Uri, Switzerland"
18561,"Chlüsgrabe, Ritzigeralpe, Gluringen, Valais, Switzerland"
18562,"Gletschbode, Oberwald, Valais, Switzerland"
18596,"Freisen near Baumholder, Germany"
18603,"Alpfen, Schwarzwald, Germany"
18604,"Nonnenmattweiher, Neuenweg, Schönau, Lörrach, Baden-Württemberg, Germany"
18606,"Ramlinsburg, Basel-Landschaft, Switzerland"
18608,"Soppe-le-Bas (Niedersulzbach), Haut-Rhin, France"
18609,"Baerenbach (Bärenbach), Vallée de la Doller (Dollertal), Sewen, Haut-Rhin, France"
18612,"Ober- und Unteralpfen, Waldshut, Baden-Württemberg, Germany"
18614,"Ferrania (Fellaria), Sasso Moro, Campo Franscia, Province Sondrio, Italy"
18629,"Stgegia, Medel (Lucmagn), Grisons, Switzerland"
18631,"Poncione Cavagnolo, Bedretto, Ticino, Switzerland"
18632,"Bernstein im Burgenland, Austria"
18638,"Namagua, Island Tasmania, Australia"
18643,"Weissbad, Appenzell, Switzerland"
18644,"La Vraconne, Ste. Croix, Vaud, Switzerland"
18646,"Thana, India"
18647,"Rock Quarry, Aurangabad, Maharashtra, India"
18648,"Pashan, India"
18649,"21 miles due West of Poonah, Ostindien"
18653,"Langendenzlingen, Germany"
18654,"Stranke, Bohemia, Czechoslovakia"
18657,"Elterode, Germany"
18705,"Glatscher da Maighels (Borelgletscher), Tujetsch, Grisons, Switzerland"
18708,"Rueras, Sedrun, Tujetsch, Grisons, Switzerland"
18710,"Piz Borel, Tujetsch, Grisons, Switzerland"
18713,"Piz Maler, Tujetsch, Grisons, Switzerland"
18719,"Alp Mut (Alp Mott), Tschamut, Tujetsch, Grisons, Switzerland"
18726,"neue Mine neben Cuflegl, Plauncas Cuflegl, Tujetsch, Grisons, Switzerland"
18728,"Cuolm Val (Cuolm östl. Val Val), Tujetsch, Grisons, Switzerland"
18734,"oberstes Val Giuv, Tujetsch, Grisons, Switzerland"
18660,"Val du Noir, Valais, Switzerland"
18661,"Alpe di Cava, Biasca, Ticino, Switzerland"
18665,"Grossmatthübel, Schafmatt, Oltingen, Basel-Landschaft,Switzerland"
18667,"Adit Anton, Wieden, Todtnau, Lörrach, Baden-Württemberg, Germany"
18669,"Holzplatz, Lierbach, Oppenau, Baden, Germany"
18670,"Abt Blasius, Ausgrabung in Wislikofen, Aargau, Switzerland"
18675,"Wrangell, Alaska, USA"
18678,"Sondiertunnel Göscheneralp, Göschenen, Uri, Switzerland"
18679,"Hüenerboden/Galengletscher, Oberwald, Valais, Switzerland"
18680,"Culmatsch (Piz Culmatsch), Tujetsch, Grisons, Switzerland"
18745,"See oberhalb Alp Caschlè, Tujetsch, Grisons, Switzerland"
18764,"(Val Nalps oder eher) Val Giuv, Grisons, Switzerland"
18766,"oberstes Val Val, Tujetsch, Grisons, Switzerland"
18802,"Druntobel, Sedrun, Tavetsch, Grisons, Switzerland"
18811,"Feriolo, Baveno, Verbano-Cusio-Ossola, Italy"
18816,"Parsenn, Davos, Grisons, Switzerland"
18819,"Mine Cavegn, Oberalp, Andermatt, Uri, Switzerland"
18827,"aus Runse oberhalb Sedrun, Tujetsch, Grisons, Switzerland"
18830,"Sumsassi am Rhein, Tujetsch, Grisons, Switzerland"
18832,"aus dem Rheinbett zwischen Sedrun und Selva, Tujetsch, Grisons, Switzerland"
18837,"Val Bugnei, Tujetsch, Grisons, Switzerland"
18841,"Piz Uffiern, Tujetsch, Grisons, Switzerland"
18843,"Quarzsteinbruch near Dalpe, Ticino, Switzerland"
18846,"Gipsgrube am See near Spiez, Bern, Switzerland"
18848,"Dazioschlucht, Prato (Leventina), Ticino, Switzerland"
18851,"oberhalb Dalpe, Ticino, Switzerland"
18864,"Üsseri Urweid (Äussere Urweid), Innterkirchen, Bern, Switzerland"
18865,"Plasselb, Fribourg, Switzerland"
18931,"Gipsbergwerk Felsenau, Leuggern, Aargau, Switzerland"
18935,"Passo del Lucomagno (Lukmanierpasshöhe), Olivone, Ticino, Switzerland"
18947,"Felsenau, Leuggern, Aargau, Switzerland"
18954,"Gipswerk Windlete, Kienberg, Solothurn, Switzerland"
18964,"Surrein, Tujetsch, Grisons, Switzerland"
18965,"Alp Caschlè, Tujetsch, Grisons, Switzerland"
18967,"See near Caschlè, Tujetsch, Grisons, Switzerland"
18976,"Rheinufer zwichen Sedrun und Surrein, Tujetsch, Grisons, Switzerland"
18979,"L'Ondadusa, Tujetsch, Grisons, Switzerland"
18981,"zwischen Sontga Brida und Selva, Tujetsch, Grisons, Switzerland"
18984,"Plaun Uaul Cavorgia, Tujetsch, Grisons, Switzerland"
18990,"Pardatsch, Grisons, Switzerland"
18993,"Rheinbett near Sedrun, Tujetsch, Grisons, Switzerland"
19138,"Mine Cuflegl, Plauncas Cuflegl, Tujetsch, Grisons, Switzerland"
19144,"Piz Vial, Vrin, Grisons, Switzerland"
19145,"Greina, Vrin, Grisons, Switzerland"
19155,"Castione, Arbedo-Castione, Ticino, Switzerland"
19159,"Passo del Lucomagno, Olivone, Ticino, Switzerland"
19173,"Paradiso, Ticino, Switzerland"
19175,"Gorino, Valle Maggia, Ticino, Switzerland"
19176,"Acquacalda, Olivone, Ticino, Switzerland"
19177,"Pizzo dell'Uomo, Olivone, Ticino, Switzerland"
19178,"Ceneri-Tunnel II, Bironico, Ticino, Switzerland"
19179,"Cresciano, Ticino, Switzerland"
19184,"Loderio, Biasca, Ticino, Switzerland"
19235,"Passo Cadonighino, Ticino, Switzerland"
19244,"Valle di Ponte (Valle Madonna), Brissago, Ticino, Switzerland"
19015,"Plauncas Verdas, Tujetsch, Grisons, Switzerland"
19019,"Meiggertal (Meiggerental), Saas Almagell, Valais, Switzerland"
19021,"Combin de Valsorey, Bourg-Saint-Pierre, Valais, Switzerland"
19248,"Valle Madonna, Brissago, Ticino, Switzerland"
19297,"Val Tremola (Tremolaschlucht), Airolo, Ticino, Switzerland"
19298,"Motto Bartola, Airolo, Ticino, Switzerland"
19301,"Lago Ritom (Ritomsee), Quinto, Ticino, Switzerland"
19304,"near Biasca, Ticino, Switzerland"
19306,"Val dal Sfrac near Curaglia, Medel (Lucmagn), Grisons, Switzerland"
19307,"Punteglias, Trun, Grisons, Switzerland"
19308,"Cherbadung (Pizzo Cervandone), Switzerland"
19309,"Vadret da Grialetsch (Grialetschgletscher), Susch, Grisons, Switzerland"
19310,"Monstein, Davos, Switzerland"
19311,"Dischmatal, Davos, Grisons, Switzerland"
19403,"Alp Soliva, Medel (Lucmagn), Grisons, Switzerland"
19422,"Quarry Sichteren, Liestal, Basel-Landschaft, Switzerland"
19426,"Sichteren, Liestal, Basel-Landschaft, Switzerland"
19450,"Quarry Röschenz, Basel-Landschaft, Switzerland"
19452,"Quarry near Röschenz, Basel-Landschaft, Switzerland"
19313,"Mönchalp, Klosters-Serneus, Grisons, Switzerland"
19318,"Alp digl Plaz, Tinizong-Rona, Grisons, Switzerland"
19320,"Quarry Leissigen, Bern, Switzerland"
19322,"Schutthalde Molybdängrube, Baltschiedertal, Baltschieder, Valais, Switzerland"
19323,"Rotlauitobel, Guttannen, Bern, Switzerland"
19325,"Passo di Verra (Zwillingsjoch), Zermatt, Valais, Switzerland"
19329,"Moräne Oberer Theodulgetscher, Zermatt, Valais, Switzerland"
19330,"Kraftwerk Fiesch, Fiesch, Valais, Switzerland"
19333,"Grat zwischen Gischihorn und Scherbadung (Pizzo Cervandone), Binn, Valais, Switzerland"
19343,"Fleschalp, Binn, Valais, Switzerland"
19347,"Bortelhorn, Ried-Brig, Valais, Switzerland"
19355,"Binnergale (Alp Galen), Binn, Valais, Switzerland"
19380,"Meiggertal (Meiggerental), Saas Almagell,  Valais, Switzerland"
19385,"Hörnliwald, Riehen, Basel-Stadt, Switzerland"
19387,"Schinpass, Vaz/Obervaz, Grisons, Switzerland"
19390,"Glatscher dallas Tuors, Medel (Lucmagn), Grisons, Switzerland"
19527,"Wehr, Waldshut, Baden-Württemberg, Germany"
19532,"Diefental, Germany"
19537,"Tüllingen, Lörrach, Baden-Württemberg, Germany"
19538,"Koli, Finland"
19543,"St. Columb, Cornwall, United Kingdom"
19548,"Wolfstein, Pfalz, Germany"
19549,"Kalilager Buggingen, Müllheim, Freiburg, Baden-Württemberg, Germany"
19550,"Niederkirchen, West-Pfalz, Germany"
19551,"Pozzuoli, Napoli, Italy"
19553,Germany (West Germany)
19555,"Hesselbach, Oberkirch, Offenburg, Baden-Württemberg, Germany"
19556,"Okelampton, Devonshire, United Kingdom"
19558,"Schwarzberg, Saas Almagell, Valais, Switzerland"
19559,"Perran, St. Georgis, Cornwall, United Kingdom"
19560,"Eg, Denmark"
19567,"Mine Sachtleben, Wolfach, Offenburg, Baden-Württemberg, Germany"
19569,"Ruschberg near Idar-Oberstein an der Nahe, Germany"
19571,"Niederkirchheim, Germany"
19578,"St. Hilary, Cornwall, United Kingdom"
19579,"St. Stephan, Cornwall, United Kingdom"
19604,"Kridenloch, Schächental, Unterschächen, Uri, Switzerland"
19606,"""Pechgrube"", Röschenz, Basel-Landschaft, Switzerland"
19609,"Ghiacciaio di Lucendro (Lucendrogletscher), Airolo, Ticino, Switzerland"
19611,"Ritzlital, Guttannen, Bern, Switzerland"
19616,"Greinapass/Passo della Greina, Vrin, Grisons, Switzerland"
19622,"Ofenhorn, Binntal, Valais, Switzerland"
19626,"Kistenpass, Breil/Brigels, Grisons, Switzerland"
19627,"untere Schyn/Schin, Vaz/Obervaz, Grisons, Switzerland"
19633,"Torri del Vannino, Valdo, Verbano-Cusio-Ossola, Italy"
19636,"Naters, Valais, Switzerland"
19637,"Connecticut-River, USA"
19642,"Brändli, Alt St. Johann, St. Gallen, Switzerland"
19652,"Chilchzimmer, Langenbruck, Basel-Landschaft, Switzerland"
19656,"Griessen near Tiengen, Waldshut, Baden-Württemberg, Germany"
19689,"Weinberg, Eifel, Rheinland, Germany"
19690,"Sattelberg, Eifel, Rheinland, Germany"
19691,"Mine Daniel, Gallenbachtal, Wittichen, Freudenstadt, Baden-Württemberg, Germany"
19692,"Tsumeb Mine, Namibia"
19695,"Poopo, Bolivia"
19696,"Bolanos, Jalisco, Mexico"
19697,"Heazlewood-River, Island Tasmania, Australia"
19698,"Montschegorsk, Halbinsel Kola, USSR"
19699,"Sahla, Westmanland, Sweden"
19700,"Avena Nezike, Sweden"
19701,"Mine Herja, Baja Mare, Transylvania, Romania (Kisbanya near Cluj, Hungary)"
19702,"Maria Loretto Mine, Transylvania, Romania"
19704,"Mine Grünau, Siegerland, Westfalen, Germany"
19705,"Müsen, Siegerland, Westfalen, Germany"
19706,"Erdöbenye, Hungary"
19707,"Römerstollen near Abfaltersbach, Austria"
19708,"Bhunas, Rajasthan, India"
19716,"Barfüsserkirche, Basel, Basel-Stadt, Switzerland"
19717,"Schutthalde Furka-Basistunnel, Oberwald, Valais, Switzerland"
19719,"Monte Bianco, Lodrino, Ticino, Switzerland"
19724,"Cernay, Thann, Haut-Rhin, France"
19726,"Hégenheim (Hegenheim), Saint-Louis, Haut-Rhin, France"
19727,"San Miguel di Piracicaba, Minas Gerais, Brazil"
19732,"Bou Azzer, Morocco"
19734,"Ajo, Arizona, USA"
19735,"Bikita, Namibia"
19736,"Maevatana, Madagascar"
19741,"Grünenberg, Silesia, Poland"
19744,"Kassandra, Greece"
19747,"Rans, Sevelen, St. Gallen, Switzerland"
19750,"Balmeregghorn, Hasliberg, Bern, Switzerland"
19751,"Caslano, Ticino, Switzerland"
19756,"Riale Vallone near Besano, Varese, Italy"
19759,"Le Bévieux, Bex, Vaud, Switzerland"
19763,"Le Châtel, Bex, Vaud, Switzerland"
19768,"Tödigebiet, Glarus, Switzerland"
19769,"Lierbach, Oppenau, Baden, Germany"
19773,"Island Rügen, Ostsee, Germany"
19774,"Lerbach, Harz, Germany"
19780,"Schweningen, Germany"
19790,"Kaltenberg, Oberems, Valais, Switzerland"
19792,"Mont Chemin, Vollèges, Valais, Switzerland"
19794,"Jumilla, Alicante, Spain"
19795,"Steckberg, Amt Geheren, Ilmenau, Thuringia, Germany"
19798,"Kladno, Czechoslovakia"
19800,"Diamantina, Brazil"
19801,"Strigan, Poland"
19802,"Calmut (Val Strem), Tujetsch, Grisons, Switzerland"
19803,"Lago della Sella, Airolo, Ticino, Switzerland"
19813,"Buggingen, Ober-Baden, Germany"
19814,"Arsch, Oberwald, Valais, Switzerland"
19829,"Schwarzenstedt, Germany"
19830,"Orberg, Kaiserstuhl"
19831,"Norra Kärr near Granne, Smäland, Sweden"
19832,"Slick Rock, Colorado, USA"
19835,"Mont Semiol, Montbrison, Auvergne, France"
19836,"Schmiedestollenhalde, Wittichen, Freudenstadt, Baden-Württemberg, Germany"
19868,"Sjögruvan, Sweden"
19869,"Harstygen, Värmland, Sweden"
19870,"Sörläzäs, Ultevis, Sweden"
19871,"Stollberg, Sweden"
19873,"Krantzberg, Namibia"
19874,"Namib-Wüste, Namibia"
19875,"Pöhla, Erzgebirge, (Germany od. Czechoslovakia)"
19877,"Tachgagalt, Morocco"
19878,"Kamoriza near Laurion, Greece"
19881,"Vertaizon, Auvergne, France"
19883,"Fontana Rossa near Ghisoni, Corse (Korsika), France"
19884,"St. Lyphard, Loire Atlantique, France"
19886,"Xichu, Chihuahua, Mexico"
19890,"Searles Lake, California, USA"
19894,"Westvaco near Green River, Wyoming, USA"
19897,"Boron, Kern Cty, California, USA"
19916,"Quarry Kinnwald, Tegernau, Schopfheim, Lörrach, Baden-Württemberg, Germany"
19850,"Dürnstein near Friesach, Steiermark, Austria"
19851,"Korretsberg, Eifel, Rheinland, Germany"
19852,"Hauzenberg, Ost-Bayern, Germany"
19853,"Island Sandöya, Langesund, Norway"
19854,"Brunsjögruvan, Sweden"
19856,"Gjerdingen, Nordmarka, Norway"
19859,"Horrsjöberget, Värmland, Sweden"
19861,"Storgangen, Sogndal in Rogaland, Norway"
19862,"Bamble, Telemark, Norway"
19863,"Oe Moland near Arendal, Modum, Norway"
19865,"Öedegarten, Bamble, Telemark, Norway"
19927,"Furka-Basistunnel, Oberwald, Valais, Switzerland"
19960,"Oristal, Liestal, Basel-Landschaft, Switzerland"
19975,"Büsserach, Solothurn, Switzerland"
19987,"Löwenburg, Pleigne, Jura, Switzerland"
19990,"Pass Diesrut, Vrin, Grisons, Switzerland"
19996,"Mine Coronel Murta, Minas Gerais, Brazil"
19998,"Monti di Gorduno, Gorduno, Ticino, Switzerland"
47636,"La Crettaz inférieur, Mont Chemin, Vollèges, Valais, Switzerland"
47637,"Col de Milon, Ayer, Valais, Switzerland"
47638,"Tête des Econduits, Mont Chemin, Vollèges, Valais, Switzerland"
47640,"Quarry Clef, Poschiavo, Grisons, Switzerland"
47641,"Vadrec da l'Albigna, Vicosoprano, Grisons, Switzerland"
47645,"Mine des Moulins, Saint-Luc, Valais, Switzerland"
47646,"Salzminen von Bex, Vaud, Switzerland"
47647,"Bella Tola, Saint-Luc, Valais, Switzerland"
47648,"Mine Plantorin, Oberems, Valais, Switzerland"
47649,"Mine de Cruitaz, Mottec, Ayer, Valais, Switzerland"
47650,"Bruneggjoch, St. Niklaus, Valais, Switzerland"
47651,"Moräne Vadrec del Forno (Fornogletscher), Stampa, Grisons, Switzerland"
47652,"Chez Larze I, Mont Chemin, Vollèges, Valais, Switzerland"
47654,"Mine Collioux inférieur, Saint-Luc, Valais, Switzerland"
47658,"Pipji, Oberems, Valais, Switzerland"
47660,"Chez Larze, Mont Chemin, Vollèges, Valais, Switzerland"
47663,"Chandolin, Valais, Switzerland"
47664,"Mine de Barma, Saint-Luc, Valais, Switzerland"
47668,"Roche Rouge, Leysin, Vaud, Switzerland"
47669,"La Creusaz, Les Marécottes, Salvan, Valais, Switzerland"
47675,"Küferalp, Leuk, Valais, Switzerland"
47676,"Sur Frête, Mont Chemin, Vollèges, Valais, Switzerland"
47679,"Moräne Turtmanngletscher, Oberems, Valais, Switzerland"
47682,"Fôret de Lâche, Saint-Luc, Valais, Switzerland"
47683,"Glacier de Pièce, Evolène, Valais, Switzerland"
47685,"Schmorrasgrat, Rioms-Parsonz, Grisons, Switzerland"
47687,"Litzirüti, Langwies, Grisons, Switzerland"
47688,"Rote Platten Schröterwiti, Peist, Grisons, Switzerland"
47700,"Silenen, Uri, Switzerland"
47702,"Gotschnatunnel, Klosters, Grisons, Switzerland"
47703,"Cluj (Klausenberg), Transylvania, Romania"
47704,"Minas del Cofre de Perote, Jalappa, Veracruz, Mexico"
47710,"Mine Fianell, Ausserferrera, Grisons, Switzerland"
47711,"Gorkha (Gurkha), Gandaki Zone, Nepal"
47712,"Saranovskii Mine, Saranovsakya (Saranje, Sarany), Gorozavod, Permskaya Oblast, Ural, Russia"
7589,"Erzmatte near Balsthal, Solothurn, Switzerland"
16697,"Communance, Delémont, Jura, Switzerland"
23203,"Cave del Piombo, Campiglia Marittima, Italy"
23206,"Ballèe, Neste de Laurion, Greece"
23208,"Mine von Cananea, Sonora, Mexico"
23210,"Acquarossa, Leontica, Ticino, Switzerland"
23213,"Bifertenalpeli, Linthal, Glarus, Switzerland"
23229,"Asbestos, Quebec, Canada"
23237,"Wassonis Bluff, Nova Scotia, Canada"
23238,"La Motte, Quebec, Canada"
23239,"Cove, Arkansas, USA"
23240,"Val Soi (Val Soja), Aquila, Ticino, Switzerland"
23241,"Colma, Aquila, Ticino, Switzerland"
23249,"Trimbach near Olten, Solothurn, Switzerland"
23253,"Leukerbad, Valais, Switzerland"
23255,"Schwarzhorn/Punta Marani, Binn, Valais, Switzerland"
23258,"Deloro Township, Ontario, Canada"
23259,"Columbian Mine, Oka, Quebec, Canada"
23260,"Sudbury, Ontario, Canada"
23261,"Lyndoch, Canada"
23262,"St. Eustache, Canada"
23263,"Cadillac, Canada"
23264,"Silver Crater Mine, Bancroft, Ontario, Canada"
23265,"Lyndoch Township, Canada"
23266,"Bay of Fundy, Nova Scotia, Canada"
23267,"Lyndhurst, Ontario, Canada"
23268,"Colborne, Ontario, Canada"
23269,"Deloro, Ontario, Canada"
23271,"Peacerdell, British Columbia, Canada"
23272,"Newry, Maine, USA"
23273,"Elliot, Lake Ontario, Canada"
23274,"Strathona Mine, Sudbury, Ontario, Canada"
23275,"Oka, Quebec, Canada"
23276,"Pierrepont, New York, USA"
23279,"François Lake, British Columbia, Canada"
23280,"Bird's Creek, Ontario, Canada"
23281,"Glen Lake Mine, Cobalt, Ontario, Canada"
23282,"Vermillion Mine, Sudbury, Ontario, Canada"
23283,"Mine Les Trappistes, Mont Chemin, Vollèges, Valais, Switzerland"
23285,"Mine Chez Larze, Mont Chemin, Vollèges, Valais, Switzerland"
23287,"Pochwerk ""Senntum"", Oberems, Valais, Switzerland"
23290,"Grimentz, Valais, Switzerland"
23291,"Mine Viver, Obersaxen, Grisons, Switzerland"
23292,"Mine Comtesse, Praz-Jean, Saint-Martin, Valais, Switzerland"
23297,"Sondierstollen Chalttal, Obstalden, Glarus, Switzerland"
23299,"Mine Viver, Obersaxen, Switzerland"
23300,"Hotel Belvédère, Oberwald, Valais, Switzerland"
23478,"Muttgletscher, Oberwald, Valais, Switzerland"
23480,"Vintirov, Westböhmen, Czechoslovakia"
23485,"Quarry Ghisletta, Lodrino, Ticino, Switzerland"
23313,"Ziegelei Keller, Frick, Aargau, Switzerland"
23317,"Mine Sitzenkirch, Sehringen, Badenweiler, Freiburg, Baden-Württemberg, Germany"
23318,"Tizi'n, Titchka, Morocco"
23319,"Wrangel, Alaska, USA"
23320,"Garvera, Sumvitg, Grisons, Switzerland"
23321,"Bächital, Reckingen, Valais, Switzerland"
23324,"Platta, Medel (Lucmagn), Grisons, Switzerland"
23325,"Cuflon, Disentis/Mustèr, Grisons, Switzerland"
23327,"Alpe di Luzzone (Val Luzzone), Malvaglia, Ticino, Switzerland"
23330,"Cadagno di Dentro, Quinto, Ticino, Switzerland"
23332,"Monti di Vif, Roveredo, Grisons, Switzerland"
23333,"Rhoneufer near Mündung Mundbach, Mund, Valais, Switzerland"
23336,"Valsertal, Vals, Grisons, Switzerland"
23337,"Affeier (Viver), Obersaxen, Grisons, Switzerland"
23338,"Fenster near Ronco, Furka-Basistunnel, Ticino, Switzerland"
23342,"Iguassu-Wasserfälle, Brazil"
23345,"Wergenstein, Grisons, Switzerland"
23347,"Trepca, Yugoslavia"
23348,"Jujurieux, France"
23349,"Valle del Sacro Monte, Brissago, Ticino, Switzerland"
23351,"Egginer, Saas Almagell, Valais, Switzerland"
23356,"Laurion, Attika, Greece"
23357,"Nordhang, Albrunhorn, Binn, Valais, Switzerland"
23358,"Mässerbach near Lengenbach, Binn, Valais, Switzerland"
23359,"Quarry Poligiros, Greece"
23361,"Skelett Grab, Ausgrabung in der Predigerkirche, Basel-Stadt, Switzerland"
23362,"Balmes, Savoyen, France"
23368,"Quarry Zingel, Seewen, Schwyz, Schwyz, Switzerland"
23374,"Kaistenberg, Aargau, Switzerland"
23375,"Munifeld, Nuglar-St. Pantaleon, Solothurn, Switzerland"
23381,"Mönthal, Aargau, Switzerland"
23382,"Runal, Mathon, Grisons, Switzerland"
23387,"Rettigheim, Baden, Germany"
23390,"Mederbode (Innerwängsboden), Ausserberg, Valais, Switzerland"
23391,"east of Piz Beverin, Mathon, Grisons, Switzerland"
23392,"Grappnerstein, Tamins, Grisons, Switzerland"
23396,"Gründenwald, St. Ulrich, Freiburg, Baden-Württemberg, Germany"
23398,"Trimbach, Solothurn, Switzerland"
23401,"obere Tongrube, Hauenstein-Ifenthal, Solothurn, Switzerland"
23405,"von Binn Richtung Albrunpass, Binn, Valais, Switzerland"
23408,"Val Bregaglia (Bergell), Vicosoprano, Grisons, Switzerland"
23527,"Tagbau 60 - 70 m, Hagendorf-Süd, Oberpfalz, Germany"
23530,"Tvedalen, Langesundfjord, Norway"
23531,"Erongogebirge, Namibia"
23532,"Chillagoe, Queensland, Australia"
23533,"Mine Berlepsch, Stassfurt, Magdeburg, Germany"
23535,"Trontano, Verbano-Cusio-Ossola, Italy"
23536,"Vallerano, Rom, Italy"
23537,"Castello Rupe di Aci, Calabria, Italy"
23540,"Kambalda, Australia"
23541,"Talmessi, Iran"
23542,"Dufresne Hill, Latrappe Vill., Quebec, Canada"
23544,"Visé, Belgium"
23545,"Wickenburg, Potter Claim, Arizona, USA"
23547,"Monte Civillina, Vicenza, Italy"
23549,"Cascade, Lake Keene, New York, USA"
23553,"Nardo, Brescia, Italy"
23554,"Val Posina, Vicenza, Italy"
23560,"Torrente Scoltenna, Modena, Italy"
23563,"Bov Skour, Morocco"
23564,"Crystal Bay, Minnesota, USA"
23565,"Ca' dei Ladri, Bologna, Italy"
23566,"Orli Fassa, Alpe di Siusi, Italy"
23569,"Grandview Mine, Grand Canyon, Coconino County, Arizona, USA"
23570,"Gold Hill, Tooele County, Utah, USA"
23571,"Darvazeh, Isfahan, Iran"
23572,"Vendrogno, Como, Italy"
23573,"San Venanzo, Italy"
23575,"Plat Erje, Norway"
23576,"Laagendalen, Norway"
23578,"Le Cetine, Siena, Italy"
23579,"Pyöränmaa, Finland"
23580,"Horrsjäberget, Värmland, Sweden"
23581,"Kerch, Ukraine"
23582,"Monte Formella, Campagno, Italy"
23586,"Angers, France"
23587,"La Bessade, France"
23589,"Persberg, Sweden"
23590,"Pyöronmaa, Finland"
23591,"Laytonville, Mendocino County, California, USA"
23592,"Baccano, Lago di Braggiono, Italy"
23593,"Ariccia, Colli Albani near Rom, Italy"
23595,"Vestana, Sweden"
23597,"Vallone della Collonata, Italy"
23601,"Monti Monzoni, Trento, Italy"
23602,"La Faye, France"
23603,"Sörhäräs, Ultevis, Sweden"
23604,"Kaatiala, Finland"
23605,"Val d'Astico, Vicenza, Italy"
23606,"Libiola, Genova, Liguria, Italy"
23607,"Stallberg, Sweden"
23608,"""Le Beauvoir"" near Les Colettes, Alliers, France"
23610,"Iwate-Ken, Honshu, Japan"
23611,"Richelle, Belgium"
23612,"Emet, Turkey"
23617,"Alpe Machetto, Biella, Italy"
23619,"La Nizzière, France"
23620,"Kanariza, Laurion, Greece"
23621,"Takap, Iran"
23622,"Orciatico, Pisa, Italy"
23625,"Laghetto, Rom, Italy"
23639,"Briantskwa, USSR"
23648,"Graphit Albert Mine, USSR"
23649,"Hohentwiel, Hegau, Germany"
23684,"Crazy Lace, Mexico"
23690,"Idar-Oberstein, Rhineland-Palatinate, Germany"
23712,"""aus dem Orient"""
23714,"""Orient"""
23718,"Brescia, Italy"
23719,"Pikes Peak, Arizona, USA"
23720,"Baikal, Siberien, Russia"
23728,"Neyshabur, Iran"
23730,Montfort-Gipfel
23731,Strasse Ditro-Putna
23732,"Morsum Kliff, Island Sylt, Nordsee, Germany"
23734,"Ullrichsreuth, Voigtland, Germany"
23735,"PS 1094, Merryvale Quarry, Devon, United Kingdom"
23737,"Mine Rossdorf, Darmstadt, Germany"
23738,"Odenwald, Darmstadt, Germany"
23740,"Halle, Thuringia, Germany"
23741,"Schrattenfluh, Flühli, Lucerne, Switzerland"
23745,"La Scheulte, Courroux, Jura, Switzerland"
23747,"Hohenwald, Odenwald, Germany"
23749,"Glitzersteinhöhle, Ramstel, Gempen, Solothurn, Switzerland"
23751,"Rheinhardsbrunn, Germany"
23753,"Hällesta, Sweden"
23756,"Huppergrube in Münster, Germany"
23757,"Emmental, Bern, Switzerland"
23758,"Aosta, Italy"
23760,"Münsterappel, Germany"
23766,"Tagbau Wabana, Belle Isle, Newfoundland, Canada"
23768,"Portoferraio, Island Elba, Italy"
23770,"Ladève, Hérault, France"
23772,"Freudenstadt, Germany"
23774,"Solnhofen, Bavaria, Germany"
23778,"Cottham near Bristol, England, Grossbritannnien"
23780,"Lons-le-Saunier, Jura, Franche-Comté, France"
23782,"Corund, Transsylvanien, Transylvania, Romania"
23784,"Wiesbaden, Germany"
23788,"Puy St. Romain, Auvergne, France"
23789,"Montiers, Savoyen, France"
23794,"near Bayreuth, Bavaria, Germany"
23795,"Schönbrunn, Germany"
23796,"Mammuthöhle in Kentucky, USA"
23797,"Hasler Cave, Hasel, Wehr, Waldshut, Baden-Württemberg, Germany"
23803,Dominican Republic
23804,"Kembs, Haut-Rhin, France"
23805,"Schönau-Aitern, Lörrach, Baden-Württemberg, Germany"
23806,"Val di Prato, Prato-Sornico, Ticino, Switzerland"
23807,"Orcesco, Verbano-Cusio-Ossola, Italy"
23809,"Manangotrapass, Madagascar"
23810,"Fort Dauphin, Madagascar"
23813,"Mas d'Alary, Hérault, France"
23814,"Chaméane, Puy de Dôme, Auvergne, France"
23815,"Le Remouzat, Loire, France"
23816,"Saint Véran, Itavtes Alpes, France"
23817,"Annalea, Algeria"
23818,"Fresnay sur Sarthe, France"
23820,"Heloup, France"
23821,"Leforest, France"
23822,"Laize la Ville, France"
23824,"Dielette, France"
23827,"Miyakeshing, Japan"
23828,"Danielsknill, South Africa"
23829,"Valle Giove, Rio Marina, Island Elba, Italy"
23832,"Rubicon Mine, Okongawa, South Africa"
23833,"Kraftwerk Oberaa (Grimsel), Guttannen, Bern, Switzerland"
23836,"Lago di Robiei, Cavergno, Ticino, Switzerland"
23838,"Val d'Illiez, Valais, Switzerland"
23839,"Risihorn, Bellwald, Valais, Switzerland"
23843,"Cerniat, Fribourg, Switzerland"
23845,"San Martino near Viterbo, Lazio, Italy"
23846,"Kupfermine Outokumpu, Kuwsjärvi, Finland"
23847,"Unterbächhorn, Naters, Valais, Switzerland"
23851,"Felsbergerwäldli (Crapteig), Thusis, Grisons, Switzerland"
23853,"Wellhorn, Innertkirchen, Bern, Switzerland"
23859,"Kissimee, Florida, USA"
23862,"Hinter Tal, Untervaz, Grisons, Switzerland"
23865,"Bou Azzer, Algeria"
23866,"Timna, Israel"
23868,"Timna, Halbinsel Sinai, Israel"
23871,"Glockentürmli, Sella, Airolo, Ticino, Switzerland"
23893,"Val Stira gegen Piz Starlera, Medel (Lucmagn), Grisons, Switzerland"
23894,"Casatscha, Medel (Lucmagn), Grisons, Switzerland"
23898,"Palermo Nr. 1 Mine, New Hampshire, USA"
23899,"Val Plottas (Val Platta), Tujetsch, Grisons, Switzerland"
23900,"Gasstollen, Obergesteln, Valais, Switzerland"
23901,"Saronoc Uran Mine, Ontario, USA"
23902,"Faulensee, Spiez, Bern, Switzerland"
23903,"Quarry Kleinlützel, Solothurn, Switzerland"
23904,"Orcesco, Val Vigezzo, Italy"
23905,"Grande Dixence, Hérémence, Valais, Switzerland (oder Afrika)"
23909,"Holralm, Brixlegg, Tirol, Austria"
23913,"Gotthard-Strassentunnel, Göschenen/Andermatt/Hospental, Uri, Switzerland"
23917,"Mittetaghorn, Haslen, Glarus, Switzerland"
23921,"Münster Basel, Basel, Basel-Stadt, Switzerland"
23936,"Mine Katzenmühle, Niedereggenen, Liel, Kandern, Lörrach, Baden-Württemberg, Germany"
23938,"Kupfergrube Alp Flix, Sur, Grisons, Switzerland"
23939,"Barton Garnet Mine, Yore Mountain, USA"
23940,"Pizzo Trubinasca, Bondo, Grisons, Switzerland"
23944,"Rockville Quarry, Rockville, Maryland, USA"
23951,"Steinheim, Baden-Württemberg, Germany"
23953,"Valle Sta Maria, Olivone, Ticino, Switzerland"
23956,"Alpe Forno superiore, Lago di Devero, Verbano-Cusio-Ossola, Italy"
23959,"Mine Albrunpass, Binn, Valais, Switzerland"
23960,"Andamoska, South Australia, Australia"
23961,"Hilfsstollen Reichenstein, Vaskö, Banat, Romania"
23963,"Pizzo Campo Tenio-Pizzo Penca, Prato-Sornico, Ticino, Switzerland"
23965,"Curaglia, Medels, Switzerland"
23967,"Tremola-Serie, Airolo/Sasso Rosso, Switzerland"
23968,"Ritzgletscher, Saas Fee, Switzerland"
23969,"Val Sesvenna, Scuol, Grisons, Switzerland"
23970,"Piano Segno, Lukmanier, Switzerland"
23971,"Ganna Nero, Scopi (Südseite), Tavetsch, Grisons, Switzerland"
23972,"oberes Val Cadera, Italy"
23973,"Barr-Andlau, Switzerland"
23978,"Hohsandhorn, Binntal, Valais, Switzerland"
23979,"Val Cadera, Italy"
23982,"Puy de Beaunit, Auvergne, France"
23983,"Roc Courlande (Puy de Saney), Mont Dore, France"
23986,"Puy Paumat, Auvergne, France"
23987,"Dandrio, Val Malvaglia, Switzerland"
23988,"Quarry Thommen, Bärschwil, Basel-Landschaft, Switzerland"
23989,"Quarry Obermatt, Ennetbürgen, Nidwalden, Switzerland"
23991,"Diamond Quarry, Arkansas, USA"
23992,"Flinders Ranges, South Australia, Australia"
23993,"Mohawk Mine, Mohawk, San Bernardi County, California, USA"
23994,"Soccor Creek, Oregon, USA"
23997,"(gefallen in Batavia) Krakatao, Sumatra"
23998,"Eichberg, Kaiserstuhl"
24000,"Kluszkowce near Czorsztyn, West-Galizien, Poland"
24005,"Hayden Valley, Yellowstone Park, USA"
24006,"Manmad an der Bahn, Jubulport, India"
24007,"Roccatederghi, Arcidosso"
24009,"Burkheim near Niederrotweil, Kaiserstuhl, Germany"
24011,"Marcia Marina, Island Elba, Italy"
24012,"Capo Bianco, Island Elba, Italy"
24013,"Finero, Italy"
24014,"Quarry Lütschenbach-Wildberg, Kanderntal, Schwarzwald, Germany"
24015,"Quarry an der Strasse, Lütschenbach, Kanderntal, Schwarzwald, Germany"
24016,"St. Moritz, Switzerland"
23943,"Hot Springs, Arkansas, USA"
24019,"Salama-Taitic, Guatemala"
24024,"Idarado Telluride, Colorado, USA"
24025,"Trotter Mine, Franklin, New York, USA"
24026,"ehemalige Kupfergrube, Obersaxen, Grisons, Switzerland"
24027,"Herkimer, New York, USA"
24028,"Sleepy Creek, West-Virginia, USA"
24030,"Quarry Aumühle, Hainsfarth, Nördlinger Ries, Baden-Württemberg, Germany"
24031,"Ötting near Wending, Nördlinger Ries, Baden-Württemberg, Germany"
24032,"near Ederheim, Nördlinger Ries, Baden-Württemberg, Germany"
24033,"Quarry Otting, Nördlinger Ries, Baden-Württemberg, Germany"
24036,"Berg Hebron, Israel"
24037,"Bugad Babuy, Luzon, Philippines"
24038,"Verenenkirche Zurzach, Zurzach, Aargau, Switzerland"
24039,"Furka-Basistunnel, Uri/Valais, Switzerland"
24042,"Schutthalde Furka-Basistunnel (West), Oberwald, Valais, Switzerland"
24043,"Längisalp, Goms, Valais, Switzerland"
24045,"Nickenich, Eifel, Germany"
24046,"Bellberg, Eifel, Germany"
24052,"Thaita, Kenya"
24061,"Vintirov, Czechoslovakia"
24062,"Guchab, Namibia"
24063,"Rudabanya, Hungary"
24078,"Mine Neuglück, Urberg, St. Blasien, Waldshut, Baden-Württemberg, Germany"
24080,"Mine Christian Friedrich, Urberg, St. Blasien, Waldshut, Baden-Württemberg, Germany"
24136,"Kupfergrube Saint-Luc, Valais, Switzerland"
24164,"Winkel, Ferrette (Pfirt), Haut-Rhin, France"
24165,"Auenstein, Aargau, Switzerland"
24167,"Ostseeküste, Germany"
24169,"Wieden, Schwarzwald, Germany"
24171,"Hanavma Bay, Island Oahu, Hawai, USA"
24172,"San Gabriel Mountains, California, USA"
24173,"Grosse Fontanne, Doppleschwand/Schüpfheim, Lucerne, Switzerland"
24174,"Motherland, Coulterville, California, USA"
24176,"Waikiki Beach, Island Oahu, Hawai, USA"
24179,"Island Kilanea, Hawai, USA"
24182,"Island Kallva-Kona, Hawai, USA"
24183,"Huppergrube Lausen/Liestal, Basel-Landschaft, Switzerland"
24189,"Aspen, Colorado, USA"
24192,"Ngaundere, Kamerun"
24193,"Palermo Mine, N. Groton, New Hampshire, USA"
24201,"Strasse Ste. Croix-La Vraconne, Vaud, Switzerland"
24202,"Gemsmättlischlucht, Pilatus, Switzerland"
24203,"Tick Canyon, California, USA"
24204,"Crestmore, California, USA"
24206,"Dehessa, California, USA"
24207,"Mount Pars, California, USA"
24208,"Lunning, Nevada, USA"
24209,"Klau Mine, California, USA"
24210,"Pacoma Canyon, California, USA"
24212,"Yermo, California, USA"
24214,"Acton, California, USA"
24217,"Boron, California, USA"
24223,"Köfels, Tirol, Austria"
24224,"Camarisa, Laurion, Greece"
24225,"Margnac II, Haute Vienne, France"
24229,"Gladsax, Sweden"
24234,"Stavas, Denmark"
24235,"Thal, St. Gallen, Switzerland"
24254,"Val Blaua, Tujetsch, Grisons, Switzerland"
24256,"Böckstein, Salzburg, Austria"
24257,"Maienberg, Wiesental, Schwarzwald, Germany"
24259,"ca. 40 km östl. von Bedford, Wyoming, USA"
24260,"Salt Lake, Utah, USA"
24265,"Zeleznice near Jcin, Czechoslovakia"
24276,"Jeschken (Jested), Bohemia, Czechoslovakia"
24278,"Neupaka (Nová Paka), Ostböhmen, Czechoslovakia"
24279,"Kosakov-Gebirge near Semil, Bohemia, Czechoslovakia"
24280,"Dul, Cerný, Schwarzental, Neupaka (Nová Paka), Ostböhmen, Czechoslovakia"
24281,"Levin-Gebirge, Neupaka (Nová Paka), Ostböhmen, Czechoslovakia"
24282,"Ujezd, Kimburg-Berg, Bohemia, Czechoslovakia"
24285,"Gipsgrube Leissigen, Bern, Switzerland"
24292,"Hotzler Horst, Blauen, Basel-Landschaft, Switzerland"
24293,"Ritteberg, Dittingen, Basel-Landschaft, Switzerland"
24296,"Val Ferret, Orsières, Valais, Switzerland"
24297,"Kirka Eskisehir, Turkey"
24375,"Djambi, Soengi, Liso near Gedang, Sumatra"
24376,"Djambi, Soengi, Menkarang, Sumatra"
24377,"Djambi, Soengi, Ampar, Sumatra"
24378,"Djambi, Doebasgebirge, Mekekàl, Sumatra"
24380,"Djambi, Soengi, Koenjit I, Sumatra"
24400,"Griesgletscher, Ulrichen, Valais, Switzerland"
24401,"Remurat, France"
24405,Nord-Amerika
24406,"Wolfs Island, USSR"
24408,"Bodnar-Quarry, Rudeville, New York, USA"
24409,"Ogdensburg, New York, USA"
24411,"Mount Adam, Edenville, Orange County, New York, USA"
24412,"Amity, Orange County, New York, USA"
24436,"Faraday Uran Mine, Bancroft, Canada"
24437,"St. Laurenzen, St. Gallen, St. Gallen, Switzerland"
24439,"Quarry Freisen, Pfalz, Germany"
24440,"Hella-Glück-Stollen, Neubulach, Calw, Baden-Württemberg, Germany"
24441,"Essweiler, Pfalz, Germany"
24442,"Rudabämga, Hungary"
24443,"Chöpfli, Röschenz, Basel-Landschaft, Switzerland"
24448,"Timman, Halbinsel Sinai, Israel"
24458,"Welnitschia, Namibwüste"
24460,"Ibitiara, Brazil"
24462,"Farm Etemba, Namibia"
24463,"Laret (Alp Laret), Bondo, Grisons, Switzerland"
24464,"Dobbelsberg, Namibia"
24466,"Harasib, Namibia"
24470,"Mine Namib II, Namibia"
24472,"Plattenzug, Felsberg, Grisons, Switzerland"
24474,"Christmas Mine, Arizona, USA"
24478,"Bruch Melirfeld, Eifel, Rheinland, Germany"
24480,"Willnauer Halden, Schauinsland, Freiburg, Baden-Württemberg, Germany"
24481,"Bruch Sattelberg, Eifel, Rheinland, Germany"
24483,"Otting, Nördlinger Ries, Baden-Württemberg, Germany"
24488,"Forstberg, Röschenz, Jura, Switzerland"
24489,"Sitzenkirch, Kandern, Lörrach, Baden-Württemberg, Germany"
24490,"Piz Corandoni, Quinto, Ticino, Switzerland"
24492,"Simplon-Eisenbahntunnel, Termen, Valais, Switzerland"
24304,"Chrome Pit, Montreal, Canada"
24305,"Ayer's Cliff, Quebec, Canada"
24307,"Topaz Mt., Utah, USA"
24308,"Christmas Mine, Gila County, Arizona, USA"
24318,"Zentralkrater Timanfaya, Lanzarone"
24320,"Scrub Oak Iron Mine, Dover, New York, USA"
24321,"Teide, Teneriffa, Kanarische Inseln, Spain"
24322,"Napf, Trub, Bern, Switzerland"
24324,"Feschel, Guttet-Feschel, Valais, Switzerland"
24326,"NE-Seite Alpjahorn, Mund, Valais, Switzerland"
24327,"Glatscher da Nalps (Nalps-Gletscher), Tujetsch, Grisons, Switzerland"
24331,"Mohawk Mine, Mohawk, Keweenaw County, Michigan, USA"
24333,"Soengi Ketapang, Sumatra"
24334,"aus dem Sand d. Anak Loentard d. Soengi, Sumatra"
24336,"aus dem Sand, Pankalan Diamboe, Sumatra"
24337,"aus dem Sand Soengi Tankoi, Sumatra"
24338,"aus dem Sand der Batang Moesemai, Sumatra"
24339,"aus dem Konglomerat am Tankoi, Sumatra"
24340,"aus dem Sand der Soengi Sengajo, M. Bator, Sumatra"
24341,"Pankalan Diamboe, Sumatra"
24342,"Gelimbang, Sqi. Impoe Koenjit I, Sumatra"
24343,"Liodeng am Batang Timoesi, Sumatra"
24344,"Djambi Jungei Nenang, Sumatra"
24345,"Djambi, S. Gloegoer-Melipoen, Sumatra"
24351,"Djambi, Asai, Poboengo, Sumatra"
24352,"Djambi, Krotok, Krandji Berar, Sumatra"
24353,"Ketalo, Sumatra"
24354,"Djambi, Soengi Empajang, Sumatra"
24355,"Djambi, Soengi, Laboe, Kanan, Sumatra"
24356,"Djambi, Soengi, Ampioel, Sumatra"
24357,"Djambi, Tebo, Soengi, Lima, Sumatra"
24358,"Djambi, Senamat, Soengi, Broegang, Sumatra"
24359,"Soengi, Imat, Bagko-Kontji, Sumatra"
24360,"Batang, Iboel-Oede, Saban, Sumatra"
24361,"Djambi, Soengi, Impoe, Melantiar, Sumatra"
24362,"Djambi, Soengi, Impoe, Sumatra"
24363,"Kroeng Pentoè, Sumatra"
24364,"Djambi, Soengi, Graho, Sumatra"
24366,"Anak Berendam, Rawas-Gebiet, Sumatra"
24372,"Djambi, Soengi, Mekekàl, Sumatra"
24373,"Djambi, Soengi, Sumatra"
24771,"NP 9499 m, Simplontunnel, Valais, Switzerland"
24824,"NP 9732 - 9766 m, Simplontunnel, Valais, Switzerland"
25080,"Cligga Head, Cornwall, United Kingdom"
25081,"Wheal Carpenter, Cornwall, United Kingdom"
25082,"Pannecé near Châteaubriand, France"
25083,"La Faye, Grury, France"
25084,"Les Molerats St. Prix, France"
25085,"St. Rome de Taru, Aveyron, France"
25087,"Canigou, Dépt. Pyrénées orientales, France"
25089,"Jas Roux, Hautes Alpes, France"
25091,"Marans, France"
25092,"Filon des Anglais, Massiac, France"
25093,"Ratséjac, Hérault, France"
25099,"Durans, OB, France"
25101,"Whealgorland, Cornwall, United Kingdom"
25102,"Anorel, France"
25103,"Le Beauvoir, Allier, France"
25105,"Big Creek, Fresno County, California, USA"
25107,"Meldon Quarry, Dartmoor, Devonshire, England, United Kingdom"
25109,"Faymont, Val d'Ajoie, France"
25112,"Zur Treue, Ste.-Marie-aux-Mines, Haut Rhin, France"
25115,"Nontron, Dordogne, France"
25116,"Mine de la Betraole, Haute Loire, France"
25118,"Mine de Compreignac, Limousin, France"
25119,"Les Oncins, Rhône, France"
25120,"La Bade, Cantal, Auvergne, France"
25121,"Matra, Corse (Korsika), France"
25122,"Rabejac, Mas d'Alary, Hérault, France"
25123,"Kersegalec en Lignol, Vendée, France"
25125,"Mine de Chamcane, Puy de Dôme, Auvergne, France"
25127,"Du Château, Urbeis, France"
25128,"Le Cayrou, Aveyron, France"
25129,"Mont Poirot near Gerardmer, Vosges, France"
25130,"Tiger, Arizona, USA"
25131,"White Mine, San Juan, Colorado, USA"
25133,"Filon 2 (Halden), Tachgagalt Quarz, Morocco"
25135,"Halbinsel Kola, USSR"
25136,"Pitigliano, Italy"
25137,"Campagnano Romano, Rom, Italy"
25138,"Terlano, Bolzano, Italy"
25139,"Old Gold Hill Mine, Tooele County, Utah, USA"
25140,"Lyon County, Royston Distr., Nevada, USA"
25141,"Boleo District, Baja California Sur, Mexico"
25142,"Clara County, California, USA"
25143,"Gonnesa, Cagliari, Sardinien, Italy"
25145,"Urgeirica, Portogallo, Italy"
25146,"Le Cetine, Toscana, Italy"
25149,"Mackenheim, Odenwald, Germany"
25150,"El Sherana Mine, South Alligator Valley, Northern Territory, Australia"
25151,"Villanova, Monteleone, Sardinien, Italy"
25152,"Le Cetine di Cotorgnano, Siena, Italy"
25153,"Basaltbruch Klöch, Ost-Steiermark, Austria"
25155,"Chah Khuny, Iran"
25156,"Zandorbio, Bergamo, Italy"
25157,"Gladhammar, Sweden"
25158,"Minas de Rio Tinto, Huelva, Spain"
25159,"Crastu Murado o Silo, Sardinien, Italy"
25165,"Murzo, Colombia"
25166,"Reaphook Hill nördl. Yunta, Australia"
25167,"Spoil heap Harstygen, Värmland, Sweden"
25168,"Risetenstock, Isenthal, Uri, Switzerland"
25176,"linkes Rhoneufer near Mörel, Valais, Switzerland"
25179,"Berg Ankas, Otawi Bergland, Namibia"
25180,"Uitenhage, South Africa"
25181,"Predigerkirche Basel, Basel, Basel-Stadt, Switzerland"
25182,"Serra da Mesa, Goyas, Brazil"
25183,"Quiruvilca, Peru"
25185,"Christmas Gift Mine, Chillagoe, Queensland, Australia"
25186,"Bim Quarry, Huntly, Aberdeensh., Australia"
25187,"Finke River, Mission, Central Australia, Australia"
25188,"Castasegna, Grisons, Switzerland"
25190,"Val Pavona, Bergamo, Italy"
25192,"Riffelhorn, Zermatt, Valais, Switzerland"
25194,"Grüensee, Zermatt, Valais, Switzerland"
25199,"Gandegg(hütte), Zermatt, Valais, Switzerland"
25200,"Theodulgletscher, Zermatt, Valais, Switzerland"
25214,"Bahnhofsplatz, Göschenen, Uri, Switzerland"
25216,"Monte San Giorgio, Brusino Arsizio, Ticino, Switzerland"
25219,"Val Gava, Liguria, Italy"
25222,"Piz Runal, Switzerland"
25227,"Saranac, Tory Hill, Ontario, Canada"
25228,"Wilberforce, Ontario, Canada"
25229,"Anderson Mine, Yavapai County, Arizona, USA"
25230,"Barkine Spider Mine, Hayden, Arizona, USA"
25231,"Stratford, Connecticut, USA"
25232,"Mena, Arkansas, USA"
25233,"Christmas Mine, Gila, Arizona, USA"
25234,"Jefferson County, Colorado, USA"
25236,"Zeeham, Island Tasmania, Australia"
25237,"Soc. Girl Mine, Moyie, British Columbia, Canada"
25239,"Nordseite Gärstenhörner (Gerstenhorn), Guttannen, Bern, Switzerland"
25241,"Tieftobel, Schmitten, Grisons, Switzerland"
25247,"Autern, France"
25248,"Bühlhorn (Chli Bielenhorn), Realp, Uri, Switzerland"
25250,"Arcille-Baccinella, Italy"
25251,"Civignano, Italy"
25253,"Roch Nahikra, Israel"
25258,"Quarry Lodrino, Ticino, Switzerland"
25260,"Luesche, Kieru Zaire, Zaire (Congo)"
25264,"Weissensteintunnel, Gänsbrunnen/Rüttenen/Oberdorf, Solothurn, Switzerland"
25269,"Autobahntunnel Ebenrain, Sissach, Basel-Landschaft, Switzerland"
25273,"Schinznach-Dorf, Aargau, Switzerland"
25278,"Bärstel, Arisdorf, Basel-Landschaft, Switzerland"
25281,"Eisenhammer, Aedermannsdorf, Solothurn, Switzerland"
25285,"Erlimoos, Trimbach, Solothurn, Switzerland"
25289,"Tunnel Brunnenberg, Lausen, Basel-Landschaft, Switzerland"
25290,"Mieserenflüe, Trimbach, Solothurn, Switzerland"
25292,"Searles Lake, Majove Desert, California, USA"
25294,"Mountain Pass, Birthday Schaft, California, USA"
25296,"Val di Lareccio, Ticino, Switzerland"
25298,"Lavra Sao Roque, Minas Gerais, Brazil"
25299,"Panasqueira, Portugal"
25302,"Kopdag, Erzurum, Nordost-Anatolien, Turkey"
25306,"Cherry, France"
25307,"St. Clair, Pennsylvania, USA"
25308,"Risör, Norway"
25309,"Mackay, Ost-Australien"
25311,"Cobalt, Ontario, Canada"
25312,"Betafo, Madagascar"
25314,"Mitchel County, North Carolina, USA"
25316,"Mattawan Township, Ontario, Canada"
25318,"Vesuvius, Virginia, USA"
25320,"Ahi-Trombe, Madagascar"
25321,"Voandelaka, Madagascar"
25323,"Worthington, Ontario, Canada"
25324,"Olary, South Australia, Australia"
25325,"Bastnaes, Sweden"
25326,"Madioamby, Madagascar"
25327,"Ruggles Mine, Grathon, North Hampshire, USA"
25328,"Askagen, Sweden"
25329,"Patagonien, Argentina"
25330,"in der Nähe von Bedford, Indiana, USA"
25332,"Hillgrave, New South Wales, Australia"
25333,"Moore River, Nova Scotia, Canada"
25335,"Sohurina, Sonora, Mexico"
25422,"Crevoladossola, Verbano-Cusio-Ossola, Italy"
25423,"Craveggia, Verbano-Cusio-Ossola, Italy"
25424,"Alpe i Mondir, Montescheno, Val Antrona, Italy"
25426,"Kanab, Utah, USA"
25427,"Mine Floristella, Caltanissetta, Sizilien, Italy"
25439,"Ettringer Bellerberg, Eifel, Germany"
25443,"Schnellingen, Haslach, Offenburg, Baden-Württemberg, Germany"
25444,"Acker near Hammam Zaïd, Algeria"
25445,"Djebel Hamimat near Constantine, Algeria"
25447,"Djebel Ain Barber, Algeria"
25450,"Campbell Quarry, Gettysburg, Pennsylvania, USA"
25452,"Mono Lake, California, USA"
25453,"Indian Mountain, Alabama, USA"
25454,"Piche, Nevada, USA"
25461,"Richardson Ranch, Oregon, USA"
25467,"Palm Canon, Swakopmund, Namibia"
25473,"oberhalb Steinbrüche von Arzo, Ticino, Switzerland"
25475,"Stockhorn, Oberstocken, Bern, Switzerland"
25476,"Binnaschlucht near Wasen, Valais, Switzerland"
25482,"Palo Alto, Santiago, Dominikanische Republik"
25489,"Palo Quemado, Santiago, Dominikanische Republik"
25491,"Mina Juan de Nina, Puerto Plata, Dominikanische Republik"
25492,"Hidalgo Bayaguana, Dominikanische Republik"
25494,"El Valle Sbana de la Mar, Dominikanische Republik"
25496,"La Toca, Dominikanische Republik"
25497,"Mata Santiago, Bayaguana, Dominikanische Republik"
25498,"Mina Juan de None, Puerto Plata, Dominikanische Republik"
25499,"Rio Yuan, Sabana de la Mar, Dominikanische Republik"
25502,"Geisshorn, Naters, Valais, Switzerland"
25504,"Krab la, Iceland"
25507,"Röros, Norway"
25514,"Hünerseckel, Ottoschwanden, Germany"
25516,"Schellkopf, Brenk, Eifel, Germany"
25347,"Merligen, Sigriswil, Bern, Switzerland"
25349,"Reckingen, Valais, Switzerland"
25354,"Heiligkreuz, Binn, Valais, Switzerland"
25356,"Mine Palmricken, Samland, Ostpreussen, Poland"
25358,"Königsberg, Czechoslovakia"
25359,"Ostseeküste near Gross-Kuhren, Samland, Ostpreussen, Poland"
25360,"Wangenkrug, Samland, Ostpreussen, Poland"
25361,"Samland, Ostpreussen, Poland"
25369,"Attenschwiller, Elsass, France"
25370,"Niragongo-Krater, Zaire (Congo)"
25371,"Geisspfadpass, Binn, Valais, Switzerland"
25374,"Murum Massiv, Yakutsk, Sibirien, USSR"
25375,"Vale Rio Doce, Minas Gerais, Brazil"
25377,"Staldbach, Visperterminen, Valais, Switzerland"
25379,"nordöstl. Bützistöck, Engi oder Rüti, Glarus, Switzerland"
25380,"Mine de Termino, Saint-Luc, Valais, Switzerland"
25385,"Charo, Murum Massiv, Yakutsk, Russia"
25389,"Aci Castello, Sizilien, Italy"
25390,"Vorderes Galmihorn, Gluringen, Valais, Switzerland"
25391,"Ambatofingndra Lama, Madagascar"
25392,"Huitzuco, Mexico"
25393,"Botes, Romania"
25395,"Las Cunadas, Teneriffa, Kanarische Inseln, Spain"
25396,"In der Ahl, Mayen, Eifel, Rheinland, Germany"
25399,"Falconbridge, Dominikanische Republik"
25404,"Grants, New Mexico, USA"
25406,"Hamersley Range, Western Australia, Australia"
25408,"San Luis, Obispo County, California, USA"
25412,"Kern County, California, USA"
25414,"Yavapai County, Arizona, USA"
25418,"Premosello, Verbano-Cusio-Ossola, Italy"
25420,"Crevadossola, Verbano-Cusio-Ossola, Italy"
25522,"Calberg, Ostsee"
25523,"Zeiland, Denmark"
25525,"Strand near Catania, Sizilien, Italy"
25528,"Dolomit-Lagerstätte Halse, Binn, Valais, Switzerland"
25533,"Pleisling-Decke, Radstätter Tauern, Austria"
25534,"Zakinthos, Messenien, Greece"
25535,"Negon. 1 : 5000 Coroza, Dominikanische Republik"
25538,"Big Fish River, Yukon Territory, Canada"
25552,"Weihersbuch, Eifel, Germany"
25555,"Uto Södermanlund, Sweden"
25558,"Deming, New Mexico, USA"
25602,"Pian della Mussa, Province Torino, Italy"
25603,"Sonja-M. Guandacol., Province Rijoia, Argentina"
25604,"Bodner-Quarry, Ruderille New York, New Jersey, USA"
25605,"Los Condores, San Luis, Argentina"
25606,"Sta. Lucia Comasine, Val di Sole, Trento, Italy"
25607,"Himanssag, Greenland"
25608,"Min. El Abueto, Province Chukul, Argentina"
25609,"San Raphael Swell., Utah, USA"
25610,"Crestmore Quarry, Riverside County, California, USA"
25611,"Monte Loreto, Sestri Levante, Italy"
25612,"Union Carbide Mine, Hot Springs, Garland County, Arkansas, USA"
25613,"Loma Bianca, Province Jujuy, Argentina"
25615,"Camp. Maskuido, Anelo, Province Neuquen, Argentina"
25616,"Salar, Tinkalaya, Province Salto, Argentina"
25617,"Mine Jakobsberg near Nordmarken, Sweden"
25618,"Hedley, British Columbia, Canada"
25619,"Christmas near Winkelm., Pinal County, Arizona, USA"
25620,"Kavcard-Luarsuk, Greenland"
25623,"Bürkheim near Weinheim an der Weinstrasse, Germany"
25628,"Roth near Herborn, Germany"
25631,"Schwarzgrat, Zermatt, Valais, Switzerland"
25633,"Dristelen, Zermatt, Valais, Switzerland"
25635,"Sunnegga, Zermatt, Valais, Switzerland"
25636,"Uf der Mur, Zermatt, Valais, Switzerland"
25564,"79 Mine, Chilito, Arizona, USA"
25566,"Pipestone Quarries, Minnesota, USA"
25568,"Barberton, South Africa"
25569,"Mine de Houille, Rodern, Ribeauvillé (Rappoltsweiler), Haut-Rhin, France"
25571,"Schweizerhalle, Augst, Baselland, Switzerland"
25572,"Münsterplatz, Basel, Basel-Stadt, Switzerland"
25573,"Aletschgletscher, Riederalp, Valais, Switzerland"
25574,"Monte Faiallo, Liguria, Italy"
25575,"Quarry der Schweiz. Sodafabrik Zurzach, Mellikon, Aargau, Switzerland"
25577,"Illimausaq, Greenland"
25578,"Seh-Changi, Tabas, Iran"
25579,"Saghand Yatd, Iran"
25580,"Besse en Chandesse, Puy de Dôme, Auvergne, France"
25581,"Oannecé, Nante Loire Atlantique, France"
25583,"oberh. Leuk, Valais, Switzerland"
25586,"Val d'Ayas, Monte Rosa, Aosta, Italy"
25588,"Val Cacci, Rio Marina, Island Elba, Italy"
25592,"Kropbach, Schwarzwald, Germany"
25593,"Brussa (Brusa), Kleinasien, Turkey"
25685,"Kuruman, Nordcap, South Africa"
25688,"Nickenicher-Sattel, Eifel, Germany"
25690,"Larwik, Süd-Norwegen"
25697,"Mine Rubicon, Okongawa, South Africa"
25700,"Gorb, Binn, Valais, Switzerland"
25701,"Pizzo Lucomagno, Grisons/Ticino, Switzerland"
25705,"Saint-Maurice, Valais, Switzerland"
25706,"Matthorn, Alpnach, Obwalden, Switzerland"
25707,"Regensberg, Zürich, Switzerland"
25710,"Sandaman, Namibia"
25711,"Sumit Lake Mine, Wisconsin, USA"
25715,"Tälli, Gental, Innertkirchen, Bern, Switzerland"
25717,"San Piedro de Atacama, Chile"
25718,"Mine Maria Estena, Chile"
25719,"Chuquicamala, Chile"
25725,"Chuquicamata-Minbe, Calama, Chile"
25726,"Andacollo Mine, Chile"
25731,"Egg, Bad Säckingen, Waldshut, Baden-Württemberg, Germany"
25732,"near Säckingen, Schwarzwald, Germany"
25736,"Beura-Cardezza, Verbano-Cusio-Ossola, Italy"
25749,"Tälligletscher, Binn, Valais, Switzerland"
25753,"Chollerhorn (Kohlerhorn), Binn, Valais, Switzerland"
25754,"Pizzo Canariscio, Airolo, Ticino, Switzerland"
25756,"Crevola, Crevadossola, Verbano-Cusio-Ossola, Italy"
25759,"Cima di Valtendra, Baceno, Verbano-Cusio-Ossola, Italy"
25760,"Talsperre Robiei, Cama, Grisons, Switzerland"
25761,"Poncione Val Piana,  Bedretto, Ticino, Switzerland"
25763,"Pizzo dei Piodisc, Chironico, Ticino, Switzerland"
25765,"Hohsandhorn, Binn, Valais, Switzerland"
25767,"Dürrschrennen, Schwende, Appenzell-Innerrhoden, Switzerland"
25768,"N'chwaning, Black Rock, Kalahari, South Africa"
25771,"Pinal County, Arizona, USA"
25772,"Aqua Prieta, Sonora, Mexico"
25774,"Christmas Mine, Hayden, Gila County, Arizona, USA"
25777,"Torendrika Ifasina, Madagascar"
25782,"Madras, Oregon, USA"
25785,"Santa Eulalia, Chihuahua, Mexico"
25787,"Iron Knob, South Australia, Australia"
25788,"Williamstown, South Australia, Australia"
25790,"Gettysburg, Pennsylvania, USA"
25791,"Scrub Oaks Mine near Dover, Morris County, New Jersey, USA"
25793,"Kap Mine, Dundas, Island Tasmania, Australia"
25795,"Madawasta, Ontario, Canada"
25797,"Moculta Mine, Flinders Range, South Australia, Australia"
25798,"Londonderry, Western Australia, Australia"
25799,"Kapunda, South Australia, Australia"
25803,"Bancroft, Ontario, Canada"
25804,"El Alemo, Baja, California, USA"
25805,"Mendocino County, California, USA"
25806,"Laytonville, California, USA"
25810,"Yakal Bigadjc, Turkey"
25812,"Graham County, Arizona, USA"
25813,"Mohave County, Arizona, USA"
25815,"Alabama, USA"
25816,"Robertstown, South Australia, Australia"
25819,"Kazabazua, Ontario, Canada"
25820,"Blinman, South Australia, Australia"
25823,"Gila, Arizona, USA"
25825,"Tombstone, Cochise County, Arizona, USA"
25826,"Washoe County, Nevada, USA"
25827,"Siena, Italy"
25829,"Sterung Hill, Ogdensberg, New Jersey, USA"
25832,"Death Valley, California, USA"
25834,"Mackenzie Pass, Lane county, Oregon, USA"
25837,"Hudson Bay Mine, Cobalt, Ontario, Canada"
25840,"Paratoo, South Australia, Australia"
25851,"Carr Boyd, Western Australia, Australia"
25852,"New Hampshire, USA"
25854,"Yinnietharra Station, Western Australia, Australia"
25856,"Spray, Oregon, USA"
25857,"Beech Creek, Grant County, Oregon, USA"
25860,"Crestmore, Riverside County, California, USA"
25862,"Pioche, Nevada, USA"
25863,"Bigadic, Turkey"
25864,"Rattail Claim, Maricopa County, Arizona, USA"
25866,"Agnew, Western Australia, Australia"
25868,"Champion Mine, Mono County, California, USA"
25871,"Thomas Range, Utah, USA"
25874,"Quarry Meurin, Switzerland"
25876,"Üdensdorf near Daun, Eifel, Rheinland, Germany"
25878,"Djebel Nador, Algeria"
25881,"Schellkopf near Brenk, Eifel, Germany"
25893,"Radium Hill, South Australia, Australia"
25905,"Fianell, Grisons, Switzerland"
25909,"Mount Bonnie, Northern Territory, Australia"
25910,"Portrush, Co. Antrim, Nordirland"
25911,"Parkgate Q., Co. Antrim, Nordirland"
25915,"Topas Mountain, Thomas Range, Utah, USA"
25917,"Browns Deposit, Rum Jungle, Australia"
25919,"Furka-Tunnel, Valais/Uri, Switzerland"
25922,"Bachman Iron Mine, Hellertown, Pennsylvania, USA"
25928,"Candoglia, Italy"
25929,"Rockenberg nördl. Frankfurt, Germany"
25931,"Jezzine, Südlibanon"
25934,"Mine Kuanuni, Oruro, Bolivia"
25936,"Gadims, Mels, St. Gallen, Switzerland"
25937,"Lago Barone, Sonogno, Ticino, Switzerland"
25938,"Barbarastollen, Kinzigtal, Schwarzwald, Germany"
25939,"Höllbach, Plasselb, Fribourg, Switzerland"
25941,"Djebel Nador, Viljia, Constantine, Algeria"
25943,"Bois de Robe, Develier/Delémont, Jura, Switzerland"
25946,"Isenbach, Vallée de la Doller (Dollertal), Sewen, Haut-Rhin, France"
25949,"Yuma, Arizona, USA"
25950,"Produkt von F. Hiess, Wien um 1910"
25951,gebraucht in Schwarzafrika
25952,"Ellington, Missouri, USA"
25953,"Ambrosia Lake Distr., Grants, New Mexico, USA"
25954,"Coso Hot Springs, Inyo County, California, USA"
25955,"Cantier Saviere, Brosso Mi., Ivrea-Torino, Italy"
25956,"Jobes Shaft, Rowley Mine, Maricopa County, Arizona, USA"
25957,"Horseshoe Dam., Maricopa County, Arizona, USA"
25958,"Itinga, Minas Gerais, Brazil"
25959,"Glory Hole Mine, Little Mountain, Wyoming, USA"
25960,"Beunet Mine, Buckfield Mine, USA"
25961,"Shady Polk County, Arkansas, USA"
25963,"Eutopia Mine, Sweetwater County, Wyoming, USA"
25964,"Produkt von Firma Köllner, Stuttgart"
25968,"Produkt 1910/20 Palmnicken, Samland, Ostpreussen, Poland"
25978,"Mine Djebel Hamimat near Constantine, Algeria"
26003,Indonesia
26010,"Hannebacher Ley, Eifel, Germany"
26016,"Obersdorf, Eifel, Germany"
26018,"Alte Bach (Altbach), Lax, Valais, Switzerland"
26019,"Morvant, St. Prix, France"
26022,"Tschamut, Tujetsch, Grisons, Switzerland"
26024,"Odro, Vogorno, Ticino, Switzerland"
26025,"Niederernen, Ernen, Valais, Switzerland"
26029,"Alp Iöl, Fibbia, Airolo, Ticino, Switzerland"
26030,"Cher-S, Geretal, Oberwald, Valais, Switzerland"
26031,"Böckenstein, Tauern, Austria"
26032,"Kentsk Massiv, Zentral-Kazachka, USSR"
26034,"Stremhörner, Silenen, Uri, Switzerland"
26042,"Graphitmine Kurunegala, Sri Lanka"
26046,"Simojovel, Province Chiapas, Mexico"
26047,"Mine am Stausee, St. Fleur, France"
26048,"Rémuzat, Laget, France"
26049,"St.-Prix, France"
26050,"Rapid Creek, Yukon Territory, Canada"
26051,"Porto Alegre, Rio Grande do Sul, Brazil"
26055,"Mine de Molera, Morvan, France"
26056,"Nieder-Beerbach, Odenwald, Germany"
26061,"Schellkopf, Eifel, Rheinland, Germany"
26071,"Poncione dei Laghetti, Fusio, Ticino, Switzerland"
26072,"Alpe Masnee, Peccia, Ticino, Switzerland"
26077,"Corte dei Laghetti, Fusio, Ticino, Switzerland"
26082,"Grasso di dentro, Fusio, Ticino, Switzerland"
26087,"Monghirolo, Fusio, Ticino, Switzerland"
26099,"Pizzo del Lago Scuro, Fusio, Ticino, Switzerland"
26108,"Alpe Sciresa, Fusio, Ticino, Switzerland"
26114,"Alpe Sròdan, Peccia, Ticino, Switzerland"
25986,"Polsingen, Nördlinger Ries, Baden-Württemberg, Germany"
25988,"Fleschsee, Binn, Valais, Switzerland"
25989,"Ban Kha Cha Mine, Chantaburi, Thailand"
25991,"Torreglia, Italy"
25994,"Val Gronda, Strem, Tujetsch, Grisons, Switzerland"
25995,"Caschlè, Tujetsch, Switzerland"
25997,"N-Insel, New Zealand"
25998,"Elmwood, Tennessee, USA"
26001,"Elmwood Mine, Carthage, Tennessee, USA"
26144,"Lago Scuro, Fusio, Ticino, Switzerland"
26145,"Passo di Cristallina, Fusio, Ticino, Switzerland"
26148,"Piatto, Fusio, Ticino, Switzerland"
26152,"Valle Benedetta, Torrente Limoncino, Livorno, Italy"
26153,"Riparbella, Pisa, Italy"
26155,"Leuvigliani-Lucca, Italy"
26157,"Levane-Arezzo, Val d'Arno, Italy"
26158,"Cetine di Cotorniano, Siena, Italy"
26159,"Mine Levigliani, Levigliani-Lucca, Italy"
26160,"Montioni, Livorno, Italy"
26161,"Figline, Val d'Arno-Arezzo, Italy"
26163,"Figline di Prato, Firenze, Italy"
26164,"Casciana Terme, Pisa, Italy"
26165,"Eureka Mine, Grassvalley, California, USA"
26166,"Northampton, Western Australia, Australia"
26167,Goldmine Kandana am Mount Ophir near Malakka
26169,"Hydrolin-Mine, Smartsville, California, USA"
26170,"Witewatersrand, Johannesburg, Transvaal, South Africa"
26171,"Reclesne, Saône et Loire, France"
26175,"Quarry Crevola, Crevadossola, Verbano-Cusio-Ossola, Italy"
26176,"Neustadt, Schwarzwald, Germany"
26177,"Sulzsteingrube, Muttenz, Basel-Landschaft, Switzerland"
26182,"Rotlauischlucht, Guttannen, Bern, Switzerland"
26185,"Turbegletscher, Binn, Valais, Switzerland"
26190,"Pufler Loch, Puflatsch, Alpe di Seiss, Fassatal, Tirol, Italy"
26193,"Hinterst Fankhus, Trub, Bern, Switzerland"
26202,"Umgebung von Delémont, Jura, Switzerland"
26204,"Lützel, Kleinlützel, Solothurn, Switzerland oder Lucelle, Haut-Rhin, France"
26208,"Bohrloch gen Lucheren near Wiedlisbach, Bern, Switzerland"
26209,"Moutier, Bern, Switzerland (oder Kienberg abklären!!)"
26210,"Lopper(berg), Hergiswil, Nidwalden, Switzerland"
26215,"Blumberg, Freiburg, Baden-Württemberg, Germany"
26218,"Gipsgrube Riepel, Küttigen, Aargau, Switzerland"
26260,"Wiesental, Lörrach, Baden-Württemberg, Germany"
26261,"Wildschapbachtal, Schapbach, Freundenstadt, Baden-Württemberg, Germany"
26265,"Hasel, Wehr, Waldshut, Baden-Württemberg, Germany"
26270,"Schlüchttal, St. Blasien, Waldshut, Baden-Württemberg, Germany"
26277,"Kleinwiesental, Schopfheim, Lörrach, Baden-Württemberg, Germany"
26281,"Friedenweiler, Titisee-Neustadt, Freiburg, Baden-Württemberg, Germany"
26293,"Le Bonhomme (Diedolshausen), Lapoutroie (Schnierlach), Haut-Rhin, France"
26294,"Kleiner Langenberg, Vallée de la Doller (Dollertal), Sewen, Haut-Rhin, France"
26296,"Fréland (Urbach), Haut-Rhin, France"
26297,"Catogne, Sembrancher, Valais, Switzerland"
26298,"Eich, Zeneggen, Valais, Switzerland"
26300,"Niouc, Saint-Luc, Valais, Switzerland"
26304,"Les Trappistes, Mont Chemin, Vollèges, Valais, Switzerland"
26305,"Mine Isérables, Isérables, Valais, Switzerland"
26306,"Moräne near Nendaz, Valais, Switzerland"
26307,"Pormenaz, Aiguilles Rouges, Haute-Savoie, France"
26308,"Mine Salins, Salins, Valais, Switzerland"
26309,"Champ de Praz, Val d'Aosta, Italy"
26312,"Bocheresse, Bagnes, Valais, Switzerland"
26320,"Turtmann, Valais, Switzerland"
26321,"Goppenstein, Valais, Switzerland"
26322,"Salanfe, Evionnaz, Valais, Switzerland"
26323,"Mine Galkichumma, Baltschieder, Valais, Switzerland"
26326,"Gebiet von Lugano, Ticino, Switzerland"
26328,"zwischen Melide und Morcote, Ticino, Switzerland"
26329,"Alp Lairedo, Sonogno, Ticino, Switzerland"
26331,"Cima di Medeglia, Medeglia, Ticino, Switzerland"
26333,"Val Morobbia, Pianezzo, Ticino, Switzerland"
26335,"Quarry near Marmo, Valstrona, Verbano-Cusio-Ossola, Italy"
26337,"Pizzo Cramosino, Personico, Ticino, Switzerland"
26338,"Passo del Sole, Quinto, Ticino, Switzerland"
26342,"Colma, Blenio, Ticino, Switzerland"
26347,"Nordhang Matro, Isone, Ticino, Switzerland"
26351,"Vogornesco/Vogornesso, Vogorno, Ticino, Switzerland"
26354,"Schlucht near Cadenazzo, Ticino, Switzerland"
26355,"Piatto, Alpe di Ceresa, Valle Maggia, Ticino, Switzerland"
26356,"Edelfohs, Sweden"
26357,"Leventina, Ticino, Switzerland"
26359,"Camoghè, Quinto, Switzerland"
26361,"Marmorbruch Gheiba, Val di Peccia, Peccia, Ticino, Switzerland"
26362,"Basòdinogebiet, Bignasco, Ticino, Switzerland"
26363,"Brissago, Ticino, Switzerland"
26365,"Block von Sasso Guida, Arbedo-Castione, Ticino, Switzerland"
26367,"Strasse Monti Laura-Roveredo, Ticino, Switzerland"
26368,"Melirolo, Sant'Antonio, Ticino, Switzerland"
26369,"Pizzo del Lambro, Dalpe, Ticino, Switzerland"
26370,"Monte Arbostora, Morcote, Ticino, Switzerland"
26372,"Lago near Alpe Campolungo, Prato (Leventina), Ticino, Switzerland"
26374,"Valle di Caneggio, Isone, Ticino, Switzerland"
26375,"Quartino, Sotto Ceneri, Ticino, Switzerland"
26377,"Arbedo-Castione, Ticino, Switzerland"
26380,"Vadrec dal Castel North, Vicosoprano, Grisons, Switzerland"
26381,"Vadrec de la Bondasca (Bondascagletscher), Bondo, Grisons Switzerland"
26383,"Vadrec da la Bondasca (Bondascagletscher), Bondo, Grisons, Switzerland"
26390,"Sibilufluegrat (Grat vor Sibelenhorn), Simplon, Valais, Switzerland"
26391,"Strahlerloch Kaffeebalm, Griesserental, Silenen, Uri, Switzerland"
26392,"Les Aiguilles Rouges, Argentière, Haute-Savoie, France"
26393,"Sibilufluegrat (Grat vor Sibelenfluh-Horn), Simplon, Valais, Switzerland"
26395,"unteres Griesserental, Silenen, Uri, Switzerland"
26400,"Tuttersteig, Switzerland"
26402,"Kraftwerk Amsteg, Amsteg, Uri, Switzerland"
26403,"Bettbach, Frutigen, Bern, Switzerland"
26405,"Serpentingrube Andermatt, Uri, Switzerland"
26409,"Schwarzbalmen, Simplon, Switzerland"
26414,"Wannihorn, Binn, Valais, Switzerland"
26417,"Saflischpass, Grengiols, Valais, Switzerland"
26432,"obere Rimpfischwängi, Zermatt, Valais, Switzerland"
26435,"Triftgletscher, Zermatt, Valais, Switzerland"
26441,"Canicül, Grisons, Switzerland"
26443,"südl. Bögia, Bivio, Grisons, Switzerland"
26444,"Parsenn, Davos, Switzerland"
26445,"Tavetschtal, Tujetsch, Grisons, Switzerland"
26446,"Baccarischuna, Furth-Vals, Grisons, Switzerland"
26449,"Totalp, Davos, Grisons, Switzerland"
26454,"Erbalpweg, Davos, Grisons, Switzerland"
26455,"St. Moritz, Grisons, Switzerland"
26459,"Moräne Vadret da Grialetsch (Grialetschgletscher), Susch, Grisons, Switzerland"
26460,"Sotto Ceneri, Ticino, Switzerland"
26461,"Lukmanierstrasse near Camperio, Olivone, Ticino, Switzerland"
26463,"Poncione Sambuco (Alpe Sambuco), Quinto, Ticino, Switzerland"
26464,"La Valletta, Sant'Antonio, Ticino, Switzerland"
26465,"Comprovasco, Leontica, Ticino, Switzerland"
26466,"Piz Linard, Switzerland"
26468,"Castione, Ticino, Switzerland"
26470,"Valetta Carena, Sant'Antonio, Ticino, Switzerland"
26476,"Biscia, Arbedo-Castione, Ticino, Switzerland"
26478,"Carena, Sant'Antonio, Ticino, Switzerland"
26479,"Bocchetta di Lareccio, Val Vogornesso, Ticino, Switzerland"
26483,"Lago di Porcheiro, Ticino, Switzerland"
26484,"Imfeld (Fäld), Binn, Valais, Switzerland"
26488,"St. Gotthard, Switzerland"
26508,"Vaskö Moraviza, Banat, Romania"
26510,"Alpe Nuovo, Switzerland (Geisspfad, Binn, Valais, Switzerland)"
26514,"Kaiserstuhl, Germany"
26516,"Alp Natons, Marmorera, Grisons, Switzerland"
26518,"Clemgia, Scuol, Grisons, Switzerland"
26520,"Cava di Amianto südl. Franscia, Val Malenco, Italy"
26522,"Lanzada, Province Sondrio, Italy"
26527,"Quarry Monte Cattini, Baveno, Verbano-Cusio-Ossola, Italy"
26529,"Predazzo, Italy"
26534,"Unt. Szlana near Rosenau, Hungary"
26538,"Rheinbreitenstein, Germany"
26539,"Rich Hill Creek, Stanton, Arizona, USA"
26540,"Silverton, San Juan, Colorado, USA"
26541,"Bamanga am oberen Congo, Zaire (Congo)"
26542,"Virnenberg near Rheinbreitenbach südl. Bonn, Germany"
26544,"Gnade Gottes, Andreasberg, Harz, Germany"
26549,"Neulager (1942), Hüttenberger Erzberg, Austria"
26551,"Grottacalda, Sizilien, Italy (1929)"
26553,"La Brea, Südwest-Trinidad"
26555,"Minen Val Salso, 20 km von Caltanissetta, Sizilien, Italy"
26557,"Solfatara, Napoli, Italy"
26564,"Khan, Deutsch Südwestafrika"
26565,"Mines du Charrier, Laprugne, Allier, Auvergne, France"
26566,"Monte Catini, Toscana, Italy"
26567,"Silver Bill Mine, Glesson, Arizona, USA"
26571,"Fürstenberg, Germany"
26572,"W-Mayflower Mine, Madison County, Montana, USA"
26573,"Pedrazini Minen, Mexico"
26574,"Mine Diepenlinchen, Stolberg, Eifel, Germany"
26577,"Oronogo, Webb County, Missouri, USA"
26580,"Andarra, Picos d'Europa, Spain"
26583,"San Cristobal, Peru"
26584,Boliden
26585,"Zlaté Hory, Silesia, Czechoslovakia"
26588,"Allomont, Aosta, Italy"
26590,"Rio Guavio, Colombia"
26595,"grosser Römerbau (1950), Hüttenberger Erzberg, Austria"
26599,"Mogul, Alpine County, California, USA"
26600,"Tintic, Utah, USA"
26603,"Tegabredja, Pulung, Mittel-Java"
26604,"Eschbroich, Aachen, Germany"
26608,"Holzappeler Gangzug, Nassau, Germany"
26609,"Wheal Agar, Cornwall, United Kingdom"
26610,Venezuela
26611,Eiterfjord
26614,"Francisci-Stollen, Schladming, Austria"
26615,"Hirt, Kärnten, Austria"
26617,"Cottonwood-Canyon, Churchill County, Nevada, USA"
26618,"Lancaster County, Pennsylvania, USA"
26619,"II Concess. Monterecchio, Italy"
26621,"Rosia Montana, Banat, Romania"
26624,"Zahao near Cano, Liberia"
26626,"Blyklippen, N-Mesters Vig, Ost-Grönland"
26629,"Eastgate, Bleimine Rockhope, Weardale, Durham, Cumberland, United Kingdom"
26630,Malaculzetta
26631,"Neue Hoffnung Gottes, Bräunsdorf, Freiberg, Saxony, Germany"
26632,Aragonien
26636,"Picos d'Europa, Andarra, Spain"
26637,"Redington Lake County, California, USA"
26638,"Stahlberg, Bayrische Pfalz, Germany"
26643,"Yansicocha, Peru"
26646,"Gurserkammer near Oberdrauberg, Kärnten, Austria"
26647,"Concession d'Espezolles, Cantal, Auvergne, France"
26649,"Pricov, Bohemia, Czechoslovakia"
26650,"Sb-Bergwerk Rabaut near Nörsach, Drautal, Tirol, Austria"
26652,"Quechissla, Bolivia"
26655,Muderleano Tabin
26656,"Malmberget, Gellivara, Lappland"
26657,"zw. Covaccie + Fabbriche, Rio Marina, Island Elba, Italy"
26661,"Schachthauptlager, Hüttenberger Erzberg, Germany"
26662,"Zinkwand near Schladming, Austria"
26664,"Marmorbruch Auerbach an der Bergstrasse, Germany"
26666,"Azegour, Haut Atlas, Morocco"
26672,"Felixbau near Hüttenberg, Kärnten, Austria"
26674,"Alais, Gard, France"
26677,"Mine Bayerland, Germany"
26679,Britisch Nord-Borneo
26680,"Ravin d'Enfer, Mont Crussol, Ardèche, France"
26681,"Zriba, Tunisia"
26683,"Berchtesgaden, Bavaria, Germany (1875)"
26689,"Wittelsheim, Haut Rhin, France"
26691,"Salzderhelden, Germany"
26694,"Remolinos, Zaragoza, Spain"
26695,"Silurian Mountains, California, USA"
26698,"Rastel d'Agay, Midi, France"
26699,"aus dem Fürstenbergischen, Germany"
26700,"Ribeauvillé, Elsass, France"
26738,"Yebel Midar, Kabila de Beni Tuzin"
26739,Almagrera
26740,"Yebel Tanarda, Kabila de Beni Ulixek"
26741,"Kudia el Maaden, Kabila de Tafersit"
26742,"Calendazio, Island Elba, Italy"
26745,"Wetzlar, Germany"
26748,"Schabry, Jekaterinburg, Ural, USSR"
26756,"Le Fabbriche, Rio Marina, Island Elba, Italy"
26760,"Pamlico District, Mineral County, Nevada, USA"
26761,"Antanifosti, Madagascar"
26763,"Deayul, Uroyul, Transsylvanien, Romania"
26764,"nördl. Simeria, Dena, Transsylvanien, Romania"
26767,"Rageröl, Norway"
26769,"Estado Bahia, Brazil"
26770,"Craigmont, Ontario, Canada"
26772,"Twin Peaks, Utah, USA"
26778,"Dolni Bory near Velké Mezíríci, Czechoslovakia"
26780,"Junai, Ugo, Japan"
26786,"Gosol, Cardonner, Lerida, Spain"
26787,"Agay, Esterel, France"
26792,"S. Pietro Montagnon, Colli Euganei, Padova, Italy"
26797,"Pampa alta, Argentina"
26798,"Waltsch, Karlovy Vary (Karlsbad), Bohemia, Czechoslovakia"
26702,"Hepposelkä, Pitkäranta, Finland"
26703,"Regensburg, Germany"
26708,"Cobar Mines, Robinson County, New South Wales, Australia"
26712,"Lichtenberg, Fichtelgebirge, Bavaria, Germany"
26717,"Calumet Mine, Bisbee, Arizona, USA"
26719,"Grängesberg, Sweden"
26720,"La Plata City, Colorado, USA"
26721,"Schurf zw. Reichenstein + Archan., Vaskö, Banat, Romania"
26722,"Kyschtim, Ural, USSR"
26724,"Schinderhügel, Marschendorf, Moravia, Czechoslovakia"
26726,"Kikombo, östl. Dodoma, Tanganjika, Tanzania"
26729,"Kutais, Kaukasus"
26736,"Waldenstein, Kärnten, Austria"
26737,"Kabila de Tensaman, Iiudaudo cou Beni Tuzin"
26801,"aus einem Geysir, Iceland"
26803,"Romarontin, Südfrankreich"
26808,Untereichsel
26811,"Mine Vinere Mare, Dognacska, Banat, Romania"
26813,"Rouen, France"
26819,"Kiel, Germany"
26820,"Hamur, Agri, Turkey"
26821,"Kosemütz, Glaz, Silesia, Poland"
26824,"Erzgebirge, Saxony, Germany"
26828,"Zamora, Spain"
26829,"El Karit, Oulmès"
26831,"Gellnauer Zinngang, Schönfeld, Erzgebirge, Bohemia, Czechoslovakia"
26835,"Graves Mountains, Lincoln County, Arkansas, USA"
26838,"Gang Erni, Erbstollen, Imsbach, Bayr. Pfalz, Germany"
26839,"Chambourg, Moselle, France"
26840,"Sulzbach, Germany"
26844,"Waldmichelbach, Germany"
26848,"Spittal, Drau, Kärnten, Austria"
26849,"Chorolque, Bolivia"
26850,"Campanario, Spain"
26851,"Lucky Disc Mine, Plata Mountains, California, USA"
26852,"Petrovice, Nove Mistrona Morave, Moravia, Czechoslovakia"
26858,"Weisselberg, Oberkirchen, Oberstein an der Nahe, Germany"
26861,"Zöpfingen near Lauingen an der Donau, Germany"
26863,"Grosse Führung des Herrn, Kleinfriese, Lobenstein, Thuringia, Germany"
26864,"Orcanera Mine, Bilbao, Spain"
26865,"Mine Friederike, Lautental, Harz, Germany"
26866,"Fluorn near Oberndorf, Württemberg, Germany"
26867,"Schlema, Schneeberg, Saxony, Germany"
26869,"Eiserner Hut, Hersdorf, Rheinprovinz, Germany"
26870,"Kesselberg near Triberg, Baden, Germany"
26878,"Oberdorf near St. Kathrein an der Laming, Steiermark, Austria"
26880,"Ramon de Flores, Almagrera, Spain"
26886,"Nebida, Italy"
26887,"Masua, Sardinien, Italy"
26897,"Goslar, Harz, Germany"
26898,"Trieste, Italy"
26900,"Aït Labès, Morocco"
26901,"Aqua Resi, Sardinien, Italy"
26906,"Malfidano, Sardinien, Italy"
26908,"Gellivara, Lappland"
26910,"Grosssachsenstein, Württemberg, Germany"
26912,"Mont Crusol, Valence, France"
26913,"Farayab Mine, Bandar Abbas, Iran"
26917,"Treviso, Picos d'Europa, Spain"
26918,"Erzberg near Eisenerz, Steiermark, Austria"
26921,"Logrosan, Caceres, Spain"
26922,"Sarezza, Bergamo, Italy"
26925,"Montevecchio, Sardinien, Italy"
26926,"Mine Victoria, Müsen, Westfalen, Germany"
26930,"Bewick Vein, Hayden Bridge, England, United Kingdom"
26934,"Fallowfield, Northumberland, United Kingdom"
26939,"Schrohmühle Steinen, Schwarzwald, Germany"
26940,"Bösenbrunn, Oelsnitz, Saxony, Germany"
26944,"Neubülach near Calw, Schwarzwald, Germany"
26947,"Borax Lake, San Bernardino County, California, USA"
26948,"Panderma, Kleinasien, Turkey"
26949,"Mine Sultan Tshaiyre, Susyghyrly südl. Panderma, Kleinasien, Turkey"
26951,"Segeberg, Holstein, Germany"
26952,"300 m Sohle, Leopoldshall II, Stassfurt, Magdeburg, Germany"
26953,"Miniera Trabia-Talarita, Caltanissetta, Sizilien, Italy"
26956,"Gessolungo, Sizilien, Italy"
26961,Mokatam
26963,"Neurod, Wiesbaden, Germany"
26964,"Hohe Waid near Heidelberg, Odenwald, Germany"
26965,"Cow Green Mine, Harwood Fell, Teasdale County, Durham, Cumberland, United Kingdom"
26968,"Silberberg near Aach, Württemberg, Germany"
26969,"Primaluna, Val Sassina, Lombardia, Italy"
26971,"Almagrera, Portugal"
26973,"Mine Consequentior, Zassa Major, Spain"
26981,"Gelbe Birke, Schwarzenberg, Erzgebirge, Germany"
26985,"Preble Mountain, Goldfield, Esmeralda County, Nevada, USA"
26986,"Wilhelmsglück, Württemberg, Germany"
26988,"Las Saladas near Alcañiz, Spain"
26990,"Guma County, Arizona, USA"
26991,"Nassereit, Tirol, Austria"
26992,"Höllental near Garmisch, Bavaria, Germany"
26997,"Namafiall, Myvatn, Iceland"
26999,"El Oued, Sahara, Algeria"
27000,"Quarry Noisy-le-Sec, Paris, France"
27003,"Fordjana, zw. Tanygandt + El Oued, Sahara, Algeria"
27005,"Cöthen, Anhalt, Germany"
27006,"Postelberg, Bohemia, Czechoslovakia"
27007,"Allendorf near Königsee, Thüringer Wald, Germany"
27008,"Bettendorf an der Unstaut, Thuringia, Germany"
27012,"Santolea, Teruel, Spain"
27013,"Erbstollen, Hallstadt, Austria"
27014,"Thiengen, Oberrhein, Germany"
27015,"Bosco, Sizilien, Italy"
27018,"Burke County, North Carolina, USA"
27019,"Raade, Moss, Norway"
27022,"Montebras, France"
27024,"Geyer, Saxony, Erzgebirge, Germany"
27025,"Oedegarden, Bamle, Norway"
27027,"Bedford, Canada"
27036,"Broken Hill, Northern Rhodesia"
27037,"Ocajo, Ciudad Real, Spain"
27039,Thasos
27040,"Mullina Hill, New Jersey, USA"
27042,"Nickel-Mine, Cottonwood-Canyon, Churchill County, Nevada, USA"
27046,"Mine Saltana, Cañaveral, Caceres, Spain"
27047,"Dove Creek, Colorado, USA"
27050,"San Miguel de Piracicaba, Minas Gerais, Brazil"
27052,"Piedpain en S. Philbert de G., Loire, France"
27053,"Tagbau Archangel, Veskö, Banat, Romania"
27054,"Orawitza, Banat, Romania"
27056,"Ala, Piemonte, Italy"
27057,"Pic de Péguères, Canterets, Hautes Pyrénées, France"
27058,"Ocna de Fer, Banat, Romania"
27060,"Auerbach, Odenwald, Germany"
27067,"Bühl, Kassel, Germany"
27068,"Klovstenen, Sönderlet, Norway"
27070,Batchimale
27071,"Herzogau, Bavaria, Germany"
27072,"Neualbenreuth, Fichtelgebirge, Bavaria, Germany"
27073,"Strasse Monti Laura-Gesero, Ticino, Switzerland"
27080,"Pontivy, Morbihan, France"
27083,"Bonburg, Massachusetts, USA"
27084,"Goray, Bretagne, France"
27087,"Erlenbach, Odenwald, Germany"
27088,"Filone I, Malpensata, Halbinsel Piona, Lago do Como, Italy"
27095,"Iglesias, Sardinien, Italy"
27096,"Broken Hill, Rhodesien"
27097,"Zoptau, Moravia, Czechoslovakia"
27099,ob. Kainsbach
27201,"Krumlov, Czechoslovakia"
27203,"Eger, Germany"
27204,"Roccamonfina, Italy"
27208,"Utö near Stockholm, Sweden"
27210,"Diträu, Romania"
27211,"Katzenbuckel, Germany"
27101,St.
27102,"Chivor, Somondaca, Colombia"
27103,"Ri d'Alochet, Fassa, Tirol, Italy"
27104,"Finistère, Bretagne, France"
27105,"Montagne de Sénel, Catalogne, France"
27106,"Westmähren, Czechoslovakia"
27107,"Ogasul Dealovat, Banat, Romania"
27108,"Westböhmen, Czechoslovakia"
27112,"Auerbach, Germany"
27113,"Fjorde near Hangesun, Norway"
27114,"Lukow, Bohemia, Czechoslovakia"
27116,"Andernach am Rhein, Germany"
27127,"Almunge, Norway"
27130,"Müchenhübel, Bohemia, Czechoslovakia"
27131,"Sonoma County, California, USA"
27132,"Punta della Contessa, Island Elba, Italy"
27134,"Prägarten, Tirol, Austria"
27135,"Calamita, Island Elba, Italy"
27136,"Krater, Vesuv, Italy"
27138,"Takalekadjo-Gebirge, Celebes, Indonesia"
27139,Sala
27143,"Gèdres, Pyrénées, France"
27146,"Werch-Newinsky, Ural, USSR"
27149,"Barthelemy-Massiv, Ariègetal, Pyrénées, France"
28063,"Quarry Rötelsfluh am Forstberg, Röschenz, Basel-Landschaft, Switzerland"
28066,"Halbinsel Paracas, Pisco, Peru"
28067,"Gran Sabana, Santa Helena, Venezuela"
28363,"The Fish, Eureka County, Nevada, USA"
28365,"Santa Clara, California, USA"
28366,"Alleghany County, North Carolina, USA"
28367,"Nickel Mine, Carr Boyd, Western Australia, Australia"
28369,"Sarawak, Borneo"
28370,"Organ Mountains, Dona Ana County, New Mexico, USA"
28373,"Ogdensburg, Franklin, New Jersey, USA"
28374,"Copper Harbor, Michigan, USA"
28375,"Kiru, Zaire (Congo)"
28376,"Lueshe, Zaire (Congo)"
28381,"Hayden, Arizona, USA"
28383,Senegal
28384,"Cordobà, Argentina"
28385,"Big Chief, South Dakota, USA"
28386,"Tomstone, Nevada, USA"
28388,"Silver Peak, Esmeralda County, Nevada, USA"
28391,"Golconda, Humboldt, Nevada, USA"
28392,"Lucca, Italy"
27156,"Val d'Aspra, Massa Marittima, Italy"
27158,"Radkovice, Czechoslovakia"
27159,"Bare Hill, Maryland, USA"
27160,"Bozen, Moravia, Czechoslovakia"
27164,Markirch
27165,"Le Brugneron, Auvergne, France"
27166,"Cordoba, Argentina"
27167,Suracqua
27169,"Morogoro, Tanzania"
27170,"Fasanerie near Aschaffenburg, Bavaria, Germany"
27175,"Skergard, Abo, Finland"
27176,"Mägdeberg, Germany"
27180,"Rhodefjord, Ost-Island"
27181,"Esterel, France"
27183,"N-Midelt, Morocco"
27188,"Manalach, Eifel, Rheinland, Germany"
27189,"Bathurst, New Brunswick, Canada"
27193,"Breidehur, Ost-Island"
27196,"Höfn, Ost-Island"
27197,"Elbogen, Bohemia, Czechoslovakia"
28183,"Mulato-Berg, Erdöbénie, Hungary"
28185,"Broken Hill, Zambia"
28186,"Monte Formello, Sacrofano, Rom, Italy"
28189,"Morro Velho, Minas Gerais, Brazil"
28190,"Kostalov, Czechoslovakia"
28191,"Alperschällihorn, Splügen, Grisons, Switzerland"
28192,"Cupaello quarry, Casa Rufina, Rieti, Italy"
28193,"Novella quarry, Pollena, Monte Somma, Vesuv, Italy"
28197,"Mine Schöne Aussicht, Dernbach, Eifel, Germany"
28200,"Liedenbachtal, Waldshut, Baden-Württemberg, Germany"
28208,"Uludog, Bursa, Turkey"
28210,"Burdur, Turkey"
28211,"Anamour, Turkey"
28212,"Fethie, Turkey"
28213,"Karaburun, Izmir, Turkey"
28214,"Salzmine Zipaquira, Bogota, Colombia"
28216,"Smaragdmine Chivor, Colombia"
28218,"Pointe de l'Au, Val d'Illiez, Valais, Switzerland"
28219,"Miregn, Personico, Ticino, Switzerland"
28220,"Miniera di Gambatera, östl. Genova, Liguria, Italy"
28236,"Lengtal (Längtal), Grengiols, Valais, Switzerland"
28237,"Chobelwand, Sennwald, St. Gallen, Switzerland"
28247,"Val di Lembra, Cavalese, Italy"
28250,"Piz Starlera, Medel (Lucmagn), Grisons, Switzerland"
27294,"Galilia, Minas Gerais, Brazil"
27295,"Big Fish, Yukon Territory, Canada"
27296,"Nullagin Station, Western Australia, Australia"
27301,"Old Reliable, Pimal County, Arizona, USA"
27306,"Lac Nicolet, Canada"
27313,"Richmond, Quebec, Canada"
27316,"Mattmark, Saas Almagell, Valais, Switzerland"
27318,"Herschenberg, Rheinbrohl, Eifel, Germany"
27320,"Weierbach, Üdersdorf near Daun, Eifel, Rheinland, Germany"
27324,"Krufter-Ofen near Obermendig am Laacher See, Eifel, Rheinland, Germany"
27325,"Zielsdorf, Arensberg, Eifel, Rheinland, Germany"
27332,"Ödenwald, Mühltal, Germany"
27336,"Quarry Kinnwald, Salneck, Germany"
27339,"Drôme, France"
27341,"Passo dei Laghi, Binn, Valais, Switzerland"
27342,"Hegdorn, Naters, Valais, Switzerland"
27343,"Mugla (Milas), West-Türkei"
27345,"Tunnel Goppenstein, xx, Valais, Switzerland"
27350,"Muotta Rochonder, Engadin, Switzerland"
27359,"Rickenbach-Bergelinen, Waldshut, Baden-Württemberg, Germany"
27364,"Te Aroha, Nordinsel, New Zealand"
27368,"Mogok, Burma"
27374,"Tunnel Goppenstein, Ferden, Valais, Switzerland"
27376,"Weinberg, Schliersee, Oberbayern, Germany"
27377,"Steigschacht Oberaar (Kraftwerk Oberhasli), Guttannen, Bern, Switzerland"
27381,"Ampandrandave, Süd-Madagaskar"
27383,"Valle di Gredo, Brissago, Ticino, Switzerland"
27384,"Zeltberg, Lüneburg, Germany"
27386,"Callenburg, Saxony, Germany"
27390,"Albigna, Vicosoprano, Grisons, Switzerland"
27391,"Piz Vizan, Andeer, Grisons, Switzerland"
27397,"Val Parona, Bergamo, Italy"
27402,"Csordakut, Coumaron, Hungary"
27426,"N'chwaning, South Africa"
27427,"Armazem, Rio Grande do Sul, Brazil"
27429,"Anak Béréndam, Rawasgebiet"
27430,Rio Uruguay
27431,"Kosakov near Semil, Bohemia, Czechoslovakia"
27433,"Sao Leopoldo, Brazil"
27434,"Jacuizinho, Rio Grande do Sul, Brazil"
27250,"Kipushi, Shaba, Zaire (Congo)"
27251,"near Kamina, Nord-Shaba, Zaire (Congo)"
27252,"Kolwezi, Shaba, Zaire (Congo)"
27253,"Luambo, Shaba, Zaire (Congo)"
27255,"Shaba, Zaire (Congo)"
27256,"Kambove, Shaba, Zaire (Congo)"
27260,"Kakanda, Shaba, Zaire (Congo)"
27279,"Tunnel nach Disentis, Disentis/Medel (Lucmagn), Grisons, Switzerland"
27280,"Maasmünster, Elsass, France"
27282,"Tomstone, Arizona, USA"
27283,"Serpieri-Schacht, Laurion, Attika, Greece"
27284,"Fresno County, California, USA"
27292,"Saskatchewan, Canada"
27464,"Soledade, Rio Grande do Sul, Brazil"
27466,"Fontouro, Rio Grande do Sul, Brazil"
27468,"Salto Yacui, Soledade, Rio Grande do Sul, Brazil"
27475,"Agate Creek, Queensland, Australia"
27511,Nord-Mexiko
27513,"Artiges-Quaray, Brazil"
27515,"Vernon, British Columbia, Canada"
27518,Botswana
27519,"Thermas Arrabey, Uruguay"
27554,"Reichweiler, Rheinpfalz, Germany"
27555,"Geisberg, Schweighausen, Schwarzwald, Germany"
27556,"Freisen, Saargebiet, Germany"
27595,"Hor. Halze near Medenec, Czechoslovakia"
27596,"Lewin-Gebirge, Czechoslovakia"
27597,"Jeschken, Berg südwestl. Reichenberg, Czechoslovakia"
27599,"Turnov, Kozakov, Czechoslovakia"
27600,"Zelenice near Jicín, Czechoslovakia"
27609,"Zeleznice, Bohemia, Tschechische Republik"
27613,"Dulcot, Cornwall, United Kingdom"
27617,"Lierbach, Schwarzwald, Germany"
27626,"Baden-Baden, Germany"
27627,"Egidin (ehem. East Germany), Germany"
27643,"Marlborough, Queensland, Australia"
27649,"near Waldshut, Germany"
27650,"Unteralpfen, Schwarzwald, Germany"
27651,"Kamloops, Frazer River, Canada"
27656,"Bois de Robe, Jura, Switzerland"
27659,"Tula Hill, Mexico"
27669,"Nördlinger Ries, Germany"
27670,"Courtemaiche, Ajoie, Switzerland"
27671,"Kleinkembs, Baden, Germany"
27673,"Lausen-Ramlinsburg, Baselland, Switzerland"
27679,"Dinkelberg, Lörrach, Baden-Württemberg, Germany"
27681,"Dinkelberg near Wehr, Germany"
27682,"Lausen, Baselland, Switzerland"
27684,"Meyer-Spinnler Kiesgrube near Muttenz, Baselland, Switzerland"
27685,"Löwenburg, Kleinlützeltal, Jura, Switzerland"
27699,"Riedern, Waldshut, Germany"
27706,"Liel od. Auggen, Germany"
27707,"Altinger Adit near Schliengen, Germany"
27710,"Liel, Schliengen, Germany"
27712,"Birsfelden, Baselland, Switzerland"
27724,"Mookait, Western Australia, Australia"
27725,"Grand Pressigny, France"
27727,"Sunggi Kuamut, Nord-Borneo"
27728,"Prenilli sur Claire, France"
27729,"Turnov, Nordböhmen, Czechoslovakia"
27736,"Sirnitz, Badenweiler, Freiburg, Baden-Württemberg, Germany"
27737,"Kiesgrube near Muttenz, Baselland, Switzerland"
27739,"Framont, Vosges, France"
27740,"Confaivre (Courfaivre, Jura, Switzerland)"
27741,"Striberg, Sweden"
27744,"Queretaro, Mexico"
27748,"Chinchilla, Queensland, Australia"
27750,"Wollongong, New South Wales, Australia"
27751,"Punung, Java"
27752,Les Maisonettes
27753,"Schweinfurt, Germany"
27754,"Bouxwiller, Bas Rhin, France"
27757,"Ind Old, Chinchilla, Queensland, Australia"
27761,"Glass Butters, Süd-Oregon, USA"
27763,"Glass Bolters, Süd-Oregon, USA"
27764,"Obsidian Cliff, Yellowstone Park, USA"
27766,"Glass Botten, Süd-Oregon, USA"
27767,"Little Lake, Inyo County, California, USA"
27771,"Superior, Arizona, USA"
27772,"Ayo, Arizona, USA"
27775,"Strand Brighton, England"
27777,"Teolo, Colli Euganei, Padova, Italy"
27778,"Sonnenberg near Möhlin, Aargau, Switzerland"
27782,"Moutas Mragl, Engadin, Switzerland"
27783,"Szokolya-Börzsony, Hungary"
27784,"Thermas Arapey, Uruguay"
27789,"Ruacov near Lomnice, Czechoslovakia (Levin)"
27794,"Meerstrand, Ost-Island"
27797,"Husaik, Lambatalur, Nordost-Island"
27798,"Keetmanshoop, Namibia"
27801,"Lambatalur, Nordost-Island"
27803,"Kiesgrube Soissons, France"
27805,"Silberberg near Fahl, Todtnau, Lörrach, Baden-Württemberg, Germany_x000d_
Silberberg near Fahl, Todtnau, Lörrach, Baden-Württemberg, Germany"
27813,"Bachbett der Sterza near Sta. Maria Pian delle Rose, Bibbona, Province Livorno, Italy"
27827,"Portiglione, Grosseto, Italy"
27828,"Fluoritgrube near La Cette en Morvan, France"
27831,"zw. Somabula + Shabani, Süd-Rhodesien, Zimbabwe"
27833,"Telköbaunga, Hungary"
27839,"Piz Corvatsch, Samedan, Grisons, Switzerland"
27840,"Formacelle Cavo, Island Elba, Italy"
27842,"Bagdad, Arizona, USA"
27843,"Monte Calamita, Island Elba, Italy"
27845,"Gila County, Arizona, USA"
27846,"Kaokoveld, Namibia"
27850,"Eilat-Stone, Timna Coppea Mine, Israel"
27851,"Girrevore Mine, Calamita, Island Elba, Italy"
27852,"Eronga River, Namibia"
27858,"Monrepos, Karibib, Namibia"
27860,"Lucin, Utah, USA"
27868,"Quarry West, Waldhambach, Pfalz, Germany"
27875,"Cave-in-Rock, Illinois, USA"
27876,"Amur-Becken, China"
27878,"Kalifornien, USA oder Durango, Mexico"
27880,"Sambesi-Fluss, Zambia"
27900,"Val d'Arno, Firenze, Italy"
27903,"Balingen, Württemberg, Germany"
27904,"Holzmaden, Germany"
27906,"Dotternhausen, Schwarzwald, Germany"
27907,"Hechingen, Germany"
27910,"Teufelsloch, Karsau near Badisch Rheinfelden, Germany"
27913,"Grünstadt an der Weinstrasse, Pfalz, Germany"
27914,"Stare Hory, Slovenia, Czechoslovakia"
27918,"beim Schloss Tarasp, Grisons, Switzerland"
27919,"Julier, Silvalpana, Grisons, Switzerland"
27920,"Conemara, Ireland"
27921,"Kynance-Cove, Südwest-England, United Kingdom"
27923,"Gips-Steinbruch (Gipsfabrik) Leissigen, Bern, Switzerland"
27926,"Dépt. Lozère, France"
27931,"Ausgrabung im Münster, Basel-Stadt, Switzerland"
27936,"Sursee, Lucerne, Switzerland"
27938,"Meerstrand near Forte di Bibbona, Province Livorno, Italy"
27942,"Wadi Maghara, Halbinsel Sinai, Israel"
27943,"Brasseren, Bahia, Brazil"
27946,"Pyrenäen, France od. Spain"
27949,"Montpellier, France"
27952,"Les Coperies, Boécourt, Jura, Switzerland"
27953,"Mont Choisi, nordöstl. Bassecourt, Jura, Switzerland"
27954,südl. Les Esserts
27955,L. Boulies
27956,Les Lavoires
27969,"beim amerikanischen Friedhof, Cambridge, United Kingdom"
27971,"aus dem Rhein near Basel-Stadt, Switzerland"
27972,"Peridot-Mesa, Peridot, Arizona, USA"
27984,"Hauingen im Badischen, Germany"
27986,"Bäumlihof-Gymnasium, Basel-Stadt, Switzerland"
27987,"nordwestl. Neufs Champs, nördl. Courfaivre, Jura, Switzerland"
27988,"East Kimberley, Western Australia, Australia"
27990,"Granatkogel, Zillertal, Tirol, Austria"
27994,"Phosphat-Lagerstätte Quercy, France"
28020,"Kleinkems, Lörrach, Freiburg, Baden-Württemberg, Germany"
28031,"Hallaluja Junction, Nevada, USA"
28056,"Quarry Mouzaki, Pentelikon (Westseite), Attika, Greece"
28057,"Quarry Landskronberg, Leymen, Haut Rhin, France"
28059,"Chentou, Tunisia"
28295,"Ostseeküste, Schleswig-Holstein, Germany"
28297,"Artigas, Uruguay"
28299,"Cava Bulgheroni, Iragna, Ticino, Switzerland"
28332,"Valletta, Airolo, Ticino, Switzerland"
28334,"Cavagnöö (Cavagnoli), Bignasco, Ticino, Switzerland"
28336,"Fluoritgrube Voltennes near Celte en Movan, France"
28351,"Nullagin, Western Australia, Australia"
28353,"Guanjavato, Mexico"
28355,"Thomson, Utah, USA"
28361,"San Luis Obispo, California, USA"
28394,"Runge Mine, South Dakota, USA"
28398,"Lake Valley, New Mexico, USA"
28400,"Tomstone, Cochise, Arizona, USA"
28402,"Långban, Norway"
28405,"Mantia Hill, Tanzania"
28406,"Calumet, Michigan, USA"
28407,"Lagendalen, Norway"
28408,"Belmont, Nye County, Nevada, USA"
28409,"Big Chief Pegmatite, Pennington, South Dakota, USA"
28411,Longvale Quarry
28412,"Caldbeck Falls, Cumberland, United Kingdom"
28415,"Lovozero, Mt. Punkur, Halbinsel Kola, USSR"
28416,"Krupka, Czechoslovakia"
28417,"Gladhammer, Sweden"
28419,"Edgemont, South Dakota, USA"
28420,"Mattagami Lake Mine, Quebec, Canada"
28421,"Palermo Mine, North Groton, New Hampshire, USA"
28422,"Høgetveit, Setestal, Norway"
28423,"Kingsmountain, North Carolina, USA"
28427,"Espeland, Norway"
28428,"Candelari, Mineral County, Nevada, USA"
28429,"Alta Mine, Del Norte County, California, USA"
28430,"Margaritas Open, Sierra Pena, Chihuahua, Mexico"
28431,"M. Kathloo, Queensland, Australia"
28432,"Talnach, Novilisk, USSR"
28434,"Humboldt County, Nevada, USA"
28435,"Mosonoi, Zaire (Congo)"
28436,"Hazelton, British Columbia, Canada"
28437,"Marble Canyon, Texas, USA"
28438,"Chibiny, Mt. Rasvumcha, Halbinsel Kola, USSR"
28440,"Mina Numero Una, California, USA"
28441,"Poltimore, Quebec, Canada"
28443,"Silver City, New Mexico, USA"
28445,"Okayama Praf, Japan"
28446,"Marble Bar, Western Australia, Australia"
28449,"Moray, Nevada, USA"
28452,"Pirquitos, Argentina"
28455,"Carbon County, Wyoming, USA"
28456,"West-Colorado, USA"
28457,"Weymouth, Dorset, England, United Kingdom"
28458,"Uravan, West-Colorado, USA"
28459,"Leadville, Colorado, USA"
28461,"Heazlewood, Island Tasmania, Australia"
28464,"Granada, Spain"
28465,"Maricopa County, Arizona, USA"
28466,"Vila Real, Portugal"
28467,"Raymond, Colorado, USA"
28469,"Pimaco, Arizona, USA"
28470,"Yawapai County, Arizona, USA"
28471,"Keystone, South Dakota, USA"
28472,"Grafton, New Hampshire, USA"
28473,"Buckfield, Maine, USA"
28474,"Bat Caves, Skipton, Victoria, Australia"
28476,"St. Johns Quarry, Kapunda, South Australia, Australia"
28478,"Baja California, Mexico"
28479,"Kolin, Bohemia, Czechoslovakia"
28480,"Junction, California, USA"
28481,"Bradlécka Lhota, Czechoslovakia"
28482,"Sennilsko, Czechoslovakia"
28484,Pazifik
28485,"Alpe Sissone, Chiareggio, Province Sondrio, Italy"
28486,"Val Graveglia, Liguria, Italy"
28487,"Rotgülden, Lungan-Salzburg, Austria"
28489,"Ronco, Airolo, Ticino, Switzerland"
28491,"Dunseverick, Co. Antrim, Nordirland"
28492,"Trebenice, Tschechische Republik"
28497,"Mine Apollo, Rembach, Westerwald, Germany"
28499,"Dernbach, Westerwald, Germany"
28501,"Ruppachtal, Taunus, Germany"
28502,"Metahorns, Trun, Grisons, Switzerland"
28531,"Winterswijk, Gelderland, Nederland"
28533,"Baceno, Verbano-Cusio-Ossol, Italy"
28536,"Golf von Laconi, Italy"
28537,"Szokoly Börzsony-Geb., Hungary"
28540,"zw. Fondi + Lido di Fondi, Italy"
28541,"Fraz. Bibbona, Province Livorno, Italy"
28542,"Cave di Tufo, Savana di Sorano, Grosseto, Italy"
28547,"near Sta. Maria Pian delle Rose, Bibbona, Province Livorno, Italy"
28558,"Murchison, Victoria, Australia"
28560,"Edmonson, Hale County, Texas, USA"
28561,"Boxhole, Northern Territory, Australia"
28563,"Odessa, Ector County, Texas, USA"
28566,"Lake Rebecca, Western Australia, Australia"
28567,"Pailin District, Thailand"
28569,"San Francisco del Norte, Province Rizal, Philippines"
28570,"Villa Alliance, Dalat, Vietnam"
28572,"Linhorka, Böhmisches Mittelgebirge, Czechoslovakia"
28575,"Island Faroe, Sweden"
28576,"Fuss des Dammagletscher, Göschenen, Uri, Switzerland"
28579,"Maitschlingen, Switzerland"
28583,"Trebenice, Czechoslovakia"
28584,"Furkapasshöhe, Switzerland"
28592,"San Bernardo, Sestri Levante, Italy"
28633,"Kropfmühle, Passau, Bavaria, Germany"
28634,"Cloucuroy, Queensland, Australia"
28635,"Almaden, Ciudad Real, Spain"
28636,"Mangfallsberget, Vasterbotten"
28638,"Schneeberg, Czechoslovakia"
28641,"Sierrita Mountains, Tucson, Arizona, USA"
28642,"Mühlbach am Hohkönig, Germany"
28643,"Giellebeck, Norway"
28644,"Herringen, North Rhine-Westphalia, Germany"
28646,"Santa Rosalia, Mexico"
28651,"Bralthagen, Norway"
28654,"See-Holdernoch, Tirol, Austria"
28656,"Froland, Arendal, Norway"
28657,"Notre Dame, Quebec, Canada"
28658,"Valle de Aran, Spain"
28660,"Seryüberg, Norway"
28662,"Kylla, Ontario, Canada"
28664,"Skoplie, North Macedonia, Yugoslavia"
28665,St. Charente-Maritime
28666,"Ultevis, Sweden"
28668,Mozambique
28669,"Mine Geyer, Waldalgesheim, Bingen, Germany"
28670,"Great-Dyke, Süd-Rhodesien"
28671,"Mona, California, USA"
28674,"St.-Prix, Bourgogne, France"
28675,"Mine Baumholder, Baumholder, Rhineland-Palatinate, Germany"
28676,"Vinnitharra, Western Australia, Australia"
28601,"Nieder-Schlema, Schneeberg, Erzgebirge, Saxony, Germany"
28603,"Zwingeranerschacht, Pfaffenreuth, Passau, Bavaria, Germany"
28605,"Jugendschacht, Schneckenstein near Auerbach, Vogtland, Saxony, Germany"
28607,"Timmins, Ontario, Canada"
28608,"Barocoles, Chile"
28617,"Gowgandar, Ontario, Canada"
28618,"Buchliholzgraben, Stockenbos, Kärnten, Austria"
28621,"Brandford, Ontario, Canada"
28623,"Pölich near Trier, Mosel, Germany"
28624,"Gr. Velsen, Holland, Nederland"
28627,"Dellbach a. d. Drau, Austria"
28629,"Schleining, Austria"
28679,"Waldalgesheim, Bingen, Germany"
28681,"Mine Geyer, Erzgebirge, Czechoslovakia"
28683,"Cap Calamita, Island Elba, Italy"
28685,"Auering, Mallnitz, Kärnten, Austria"
28686,"Mallnitz, Kärnten, Austria"
28687,"Güleman, Turkey"
28690,"Usingen, Taunus, Germany"
28692,"Friedrichsgrube, Tarnowitz, Silesia, Poland"
28694,"von Alm, Salzburg, Austria"
28697,"Jefferson, Colorado, USA"
28698,"Kraubach, Steiermark, Austria"
28699,"Sandefjord, Norway"
28700,"Alpirsbach, Schwarzwald, Germany"
28703,"Büyük-Günevi, Anatolien, Turkey"
28704,"Hentjesbay, Südwestafrika"
28706,"Ascheberg, Westfalen, Germany"
28709,"Tide Canyon, California, USA"
28710,"Ost-Transvaal, South Africa"
28713,"Monthyon near Paris, France"
28714,"Mine Nauenheim near Borken, Kassel, Germany"
28716,"Tongrube Klein Steimke, Wolfsburg, Germany"
28718,Sulheim
28723,"Tweit, Norway"
28725,"Epprechtotens, Oberpfalz, Germany"
28726,"Sulzbach, Oberpfalz, Germany"
28778,"Schörl, See, Tirol, Austria"
28783,"Vindal, Sandefjord, Norway"
28786,"Dreiser Weiher, Eifel, Germany"
28789,"Delusa, California, USA"
28791,"Wippra, Harz, Germany"
28793,"Bjurdam, Bamble, Telemark, Norway"
28794,"Ponta Contessa, Island Elba, Italy"
28796,"Kuppler-Brünn, Saualpe, Kärnten, Austria"
28797,"Kupferberg, Namibia"
28801,"Wilhelmsschacht, Zwickau, Saxony, Germany"
28803,"Busenrode, Harz, Germany"
28804,"Biskila, Süd-Rhodesien, Zimbabwe"
28806,"Weisberggraben, Saualpe, Kärnten, Austria"
28807,"Varutväss, Nord-Schweden"
28811,"Kematen, Nieder-Österreich"
28815,"Mine Junge Kalbe, Schneeberg-Neustädtel, Germany"
28816,"Farmsen, Hildesheim, Germany"
28817,"Piz Sella, Switzerland"
28819,"Freisen, Pfalz, Germany"
28820,"Siebenschleen, Schneeberg-Neustädtel, Germany"
28821,"Bellgrowe Mine, Scotland, United Kingdom"
28822,"Pack, Steiermark, Austria"
28823,"Unterdrauburg, Yugoslavia"
28730,"Mono County, California, USA"
28731,"Grafton County, New Hampshire, USA"
28732,"Riesenwald, Ohlsbach, Schwarzwald, Germany"
28733,"Autun, Bourgogne, France"
28737,"Ronneburg, Thuringia, Germany"
28738,"Neubulach, Calw, Baden-Württemberg, Germany"
28739,"Hagendorf-Nord, Oberpfalz, Germany"
28741,Erkerreuth / Tirschenreuth
28742,Südwestafrika
28743,"Neutershausen, Herzberg, Harz, Germany"
28748,"Holzalm, Bischegg, Tirol, Austria"
28750,"Chancon, France"
28752,"Mine Messel near Darmstadt, Germany"
28754,"Sellrain, Tirol, Austria"
28759,"Habachtal, Austria"
28764,"Maricopa, Arizona, USA"
28765,"Neustädtel, Niederschlesien, Germany"
28770,"near Ludovika, Dalama"
28772,"St.-Philippe, Ste.-Marie-aux-Mines, Haut Rhin, France"
28773,Lolling
28774,"Überdorf, Eifel, Rheinland, Germany"
28775,"New Britain, Connecticut, USA"
28864,"Hocharn, Böckstein, Salzburg, Austria"
28865,"Stahlberg, Rimbach-près-Guebwiller, Guebwiller, Haut-Rhin, France"
28866,"Schmiedestollenhalde, Wittichen, Schwarzwald, Baden, Germany"
28871,"Quarry Streitberg, Schweighausen, Offenburg, Baden-Württemberg, Germany"
28923,"Cabane de Saleina CAS, Orsières, Valais, Switzerland"
28927,"Bruderlochhöhle, Tecknau, Basel-Landschaft, Switzerland"
28930,"Wattingen, Uri, Switzerland"
28933,"Trient, Valais, Switzerland"
28947,"Medelserhütte, Medel (Lucmagn), Grisons, Switzerland"
28951,"Alp Giesenen, Blausee-Mitholz, Bern, Switzerland"
28952,"Feldbachwand, Fäld, Binn, Valais, Switzerland"
28953,"Bächistock, Uri, Switzerland"
28954,"Schwarzstöckli, Silenen, Uri, Switzerland"
28958,"mittleres Griesserental, Silenen, Uri, Switzerland"
28961,"Droselegg, Chästal, Silenen, Uri, Switzerland"
28962,"B'Schlucht near Wassen, Uri, Switzerland"
28272,"Geisspfad, Baceno, Verbano-Cusio-Ossola, Italy"
28827,"Palmdale, California, USA"
28829,"Grafenzeche, Saualpe, Kärnten, Austria"
28830,"Schlangenberg, Namibia"
28835,"Aroya, Langesundfjord, Norway"
28837,"Hörteknollen, Norway"
28838,"Halden, Süd-Norwegen"
28843,"Niederkirchen, Rhineland-Palatinate, Germany"
28848,"Goble, Oregon, USA"
28849,"Palmenhorst Canion, Sandamap, Namibia"
28860,"Mines de Potasse, Mulhouse, France"
28862,"Fohberg, Bötzingen, Kaiserstuhl, Freiburg, Baden-Württemberg, Germany"
28863,"Nassfeld, Böckstein, Salzburg, Austria"
28872,"Wiesloch, Schwarzwald, Germany"
28893,"Steintal (Maderanertal, Fruttstock), Silenen, Uri, Switzerland"
28904,"Ponte Brolla, Locarno, Ticino, Switzerland"
28908,"nähe Etzlihütte SAC, Silenen, Uri, Switzerland"
28913,"Medelserschlucht near Sils, Grisons, Switzerland"
28914,"Fundogn, Casti-Wergenstein, Grisons, Switzerland"
28275,"Val Vigezzo, Italy"
28321,"Pne di Fieudo/Fibbia, Airolo, Ticino, Switzerland"
28968,"Sidelnbach near Adelboden, Bern, Switzerland"
28969,"Münchenstein, Baselland, Switzerland"
28976,"Riedertobel, Grächen, Valais, Switzerland"
28981,"Mine Kaltenberg (Chalte Berg), Oberems, Valais, Switzerland"
28982,"Weiler, Reichenbach, Tuttlingen, Baden-Württemberg, Germany"
28986,"Val Bregaglia (Bergell), Stampa, Grisons, Switzerland"
28991,"Manibode, Binn, Valais, Switzerland"
28993,"Oberrieter Chienberg (Ries), Oberriet, St. Gallen, Switzerland"
29002,"Dual, Tavetsch, Grisons, Switzerland"
29005,"Adit Gampel, Gampel, Valais, Switzerland"
29018,"Sackgraben near Adelboden, Bern, Switzerland"
29036,"Rona, Tinizong-Rona, Grisons, Switzerland"
29039,"Rappetal, Ernen, Valais, Switzerland"
29052,"Chironico, Ticino, Switzerland"
29082,"Obersaxen, Grisons, Switzerland"
29103,"Mine Hagendorf-Süd, Oberpfalz, Germany"
29107,"Küste vor Laurion, Greece"
29108,"Hartschell Mine, Patagonia, Arizona, USA"
29110,"Mine Hagendorf, Oberpfalz, Germany"
29111,"Rio Timonchiello, Province Vicenza, Italy"
29113,"Washington Pass, Washington, USA"
29116,"Snarum, Buskernd, Norway"
29117,"Bergmannssegen, Lehrte, Hannover, Germany"
29118,"Bou Skour, Morocco"
29119,"Quarry Griesserhof near Hirt, Kärnten, Austria"
29121,"nähe St. Ana, Sonora, Mexico"
29125,"Mine Clara, Kinzigtal, Schwarzwald, Germany"
29126,"Mayenerfeld, Eifel, Rheinland, Germany"
29127,"Miami, Roberts County, Texas, USA"
29128,"Harrisonville, Cass County, Missouri, USA"
29129,"Willamette, Clackamas County, Oregon, USA"
29130,"Monkira, Queensland, Australia"
29131,"Esterville, Emmet County, Iowa, USA"
29132,"Norton County, Kansas, USA"
29133,"Holbrook, Navajo County, Arizona, USA"
29136,"Springlake, Lamb County, Texas, USA"
29137,"Gilgoin, New South Wales, Australia"
29138,"Beaver, Beaver County, Oklahoma, USA"
29139,"Nuevo Mercurio, Zacatecas, Mexico"
29140,"Abbott, Colfax County, New Mexico, USA"
29145,"Vielsam, Belgium"
29149,"Monte Caro near Rom, Italy"
29155,"Schleifensteintal, Goslar, Harz, Germany"
29156,"Brandbach near Todtnau, Wiesental, Schwarzwald, Germany"
29157,"Mühlebach, Asprain, Muttenz, Basel-Landschaft, Switzerland"
29160,"Tui Mine, Te Aroha, North Iceland, New Zealand"
29163,"Toms Mine, Flinders Range, South Australia, Australia"
29164,"St. Johns Mine, Flinders Range, South Australia, Australia"
29165,"Toms Phosphate Quarry Mine, Kapunda, South Australia, Australia"
29166,"Dookey, South Australia, Australia"
29168,"Marlboraugh, Queensland, Australia"
29169,"Flinders Range, South Australia, Australia"
29170,"Reaphook Hill nördl. Yunta, Flinders Range, South Australia, Australia"
29172,"Val Combe, Val d'Aosta, Italy"
29173,"Pasto Bueno, Dept. Ancash, Peru"
29174,"Gaubach, Golling, Salzburg, Austria"
29175,"Mooseck, Golling, Salzburg, Austria"
29176,"Wolfsberg, Spittal an der Drau, Kärnten, Austria"
29180,"Gredetschtal, Mund, Valais, Switzerland"
29182,"Boulder Ca, Colorado, USA"
29183,"Rudersdorf, Switzerland (od. Rüdersdorf near Berlin, Brandenburg, Germany)"
29184,"Vulkan, Sizilien, Italy"
29185,"Philippsburg, Montana, USA"
29186,"Caracoles, Chile"
29187,"Gierdingen, Oslo, Norway"
29190,"Darwin, Inyo County, California, USA"
29195,"Succov, Oregon, USA"
29196,"Buranga, Rwanda"
29197,"Mammot Mine, Tiger, Arizona, USA"
30060,"N-Fuss Steinenrothorn (ob Blausee), Grengiols, Valais, Switzerland"
30062,"Gammertalkehle, Switzerland"
30065,"Giuvgebiet, Disentis/Mustér, Grisons, Switzerland"
30084,"Pizzo Forno, Ticino oder Binntal, Valais, Switzerland"
30085,"Alpe di Brogoldone, Lumino, Ticino, Switzerland"
30122,"oberhalb Blausee, Grengiols, Valais, Switzerland"
30127,"Wildstrubel, Lenk, Bern, Switzerland"
30132,"Kohlholz, Lausen/Liestal, Basel-Landschaft, Switzerland"
30147,"Oxefeld (Ochsenfeld),  Binn, Valais, Switzerland"
30149,"zwischen Alpe Sombrei und Alpe Chiera, Faido, Ticino, Switzerland"
30151,"Pizzo d'Era, Olivone, Ticino, Switzerland"
30152,"Valle dei Cani, Prato (Leventina), Ticino, Switzerland"
30153,"Cima Bianca, Chironico, Ticino, Switzerland"
30154,"Soveltra, Chironico, Ticino, Switzerland"
30159,"Cima di Biasca, Biasca, Ticino, Switzerland"
30165,"Pizzo Piodisci, Chironico, Ticino, Switzerland"
30094,"Bocca di Cadlimo, Airolo, Ticino, Switzerland"
30095,"Poncione del Laghetto, Chironico, Ticino, Switzerland"
30098,"Laghetto, Chironico, Ticino, Switzerland"
30632,"Sattelberg, Eifel, Germany"
30635,"Krufter Ofen, Eifel, Germany"
30638,"Arensberg, Eifel, Germany"
30659,"Lägern, Boppelsen, Zürich, Switzerland"
30660,(aus Nachlass Frau Loewe in der Sommergasse in Basel)
30662,"Rochenberg near Frankfurt, Germany"
30664,"Quarry Liniger near Courtemaîche, Jura, Switzerland"
30666,"Kartataha, India"
30667,"Unter-Elsass, France"
30668,"Punung, Java, Indonesia"
30670,"Dollertal, Alsace, France"
30672,"Mine Saalfeld, Laufen, Basel-Landschaft, Switzerland"
30676,"Atacama, Chile"
30816,"Rhodopengebirge, Bulgaria"
30679,"Pressigny, France"
30680,Luxembourg
30681,"Andalagala, Argentina"
30682,"Halleluja Junction, Nevada, USA"
30683,"Sawmill Peak, Butte County, California, USA"
30684,"Halleluja Junction, nördl. Reno, USA"
30685,"near Sloat, Plumas County, California, USA"
30686,"San Bruno, San Francisco, California, USA"
30688,"Thompson Deah, California, USA"
30689,"Washington, Nevada, USA"
30691,"Fehérág, N-Ditro, Romania"
30693,"Druckstollen Rhowag, Mörel, Valais, Switzerland"
30694,"Salzgäbchnubel, Mörel, Valais, Switzerland"
30695,"Erli, Filet, Valais, Switzerland"
30697,"Gifrischgrabe, Bister, Valais, Switzerland"
30704,"Little River, Queensland, Australia"
30705,"Ebersbach, Saar-Pfalz, Germany"
30709,Luxembourg oder Belgium
30710,Belpen
30712,"Alpe Mussa, Val d'Ala, Piemonte, Italy / Mussaalp, Austria"
30715,"Altiplano, Bolivia"
30716,"Felsöpeteny, Cserhàt-Hegység, Hungary"
30717,"Gyöngyösoroszi, Matra-Gebirge , Hungary"
30719,"Legyesbènye, Hungary"
30720,"Erdöhorvati, Tokajergebirge, Hungary"
30722,"Komloska, Tokajergebirge, Hungary"
30723,"Erdöbènye, Tokajergebirge, Hungary"
30725,"Tarpa, Szatmarer Ebene, Hungary"
30726,"Felsövaca, Erzgebirge, Transylvania, Romania"
30727,"Recsk, -900 Niveau, Matra-Gebirge , Hungary"
30728,"Csordakut, Pilis-Gebirge , Hungary"
30729,"Goldgruben-Gang, Gyöngyösoroszi, Matra-Gebirge , Hungary"
30737,"Miniera di Molinello, Val Graveglia, Liguria, Italy"
30748,"Oy, Norway"
30750,"Betroka, Madagascar"
30751,"Erschwil, Solothurn, Switzerland"
30752,"Rio Tinto Mine, Riotinto, Spain"
30753,"Papial, Spain"
30754,"Brugnes, Spain"
30755,"El Molar, Spain"
30756,"Gualba, Spain"
30758,"Mediana, Spain"
30760,"E-Seite Le Catogne, Sembrancher, Valais, Switzerland"
30761,"Eggerberg-Tunnel BLS, Eggerberg, Valais, Switzerland"
30779,"Mahada, Arabischer Golf, Oman"
30784,"Kodama, Bihar, India"
30785,"Rajasthan, India"
30786,"Wheal Bosett, Cornwall, United Kingdom"
30787,"Kloster Wittichen, Freudenstadt, Baden-Württemberg, Germany"
30793,"Zignau, Trun, Grisons, Switzerland"
30802,"Cherbadung (Pizzo Cervandone), Italy"
30809,"Sannedal, Norway"
30811,"Silver Hill Mine, Puma County, Arizona, USA"
30812,"Elbossan, Albania"
30813,"Ohlsbach, Schwarzwald, Germany"
30814,"nördl. Naters, Valais, Switzerland"
30815,"ca. 70 km nordöstl. V. Farafra, Egypt"
30820,"Kurna, Egypt"
30821,"Madi-Wüste, Egypt"
30822,"Chriegalp-Stollen, Grengiols, Valais, Switzerland"
30823,"Tammaw near Magung, Burma"
30838,"near Potosi, Missouri, USA"
30839,"Südost-Missouri, USA"
30840,"Iron Mountain, Missouri, USA"
30841,"near Sullivan, Missouri, USA"
30843,"Sheepyard, Australia"
30844,"Taquaral, Brazil"
30847,"Kutna Hora, Czechoslovakia"
30848,"Phalaborwa, Nordost-Transvaal, South Africa"
30849,"Bärenbad, Pinzgau, Austria"
30850,"Pezinok, Czechoslovakia"
30853,"Banska Hodrusa, Czechoslovakia"
30854,"Pereta, Scansano, Grosseto, Italy"
30855,"Imiter, Morocco"
30856,"Urucum, Brazil"
30857,"Chizeuil, Saône et Loire, France"
30858,"Okumanza, Gunma, Japan"
30862,"San Rafael Swell, Utah, USA"
30865,"Cameron, Arizona, USA"
30867,"Harrsjoberg, Sweden"
30868,"Jerington, Nevada, USA"
30870,"Ice River, British Columbia, Canada"
30871,"Tooele County, Utah, USA"
30872,"San Juan County, Utah, USA"
30873,"Davier Mine, South Dakota, USA"
30874,"Ma. Derwist Mine, Nevada, USA"
30875,"Shady, Arkansas, USA"
30876,"Ködnitztal, Austria"
30881,"N-Ende Mittal-Tunnel, Gampel, Valais, Switzerland"
30885,"Ilanz, Grisons, Switzerland"
30890,"Redelsflue am Forstberg, Röschenz, Basel-Landschaft, Switzerland"
30897,"Findelengletscher, Zermatt, Valais, Switzerland"
30898,"Campigliola, Toscana, Italy"
30900,"Uivfag, Greenland"
30901,"Geissberg, Schweighausen, Schwarzwald, Germany"
30902,"Cernay, Vosges, France"
30907,"Tupica, Bolivia"
30912,"Castiglione d'Ossola, Verbano-Cusio-Ossola, Italy"
30913,"Cuzzago, Verbano-Cusio-Ossola, Italy"
30914,"Finero, Malesco, Verbano-Cusio-Ossola, Italy"
30915,"Premosello, Novara, Italy"
30917,"Arvogno, Verbano-Cusio-Ossola, Italy"
30925,"Rustler Mine, Tooele County, Utah, USA"
30926,"Black Pine Mine, Phillipsburg, Montana, USA"
30928,"Wilson Springs, Arizona, USA"
30929,"Red Canyon, Utah, USA"
30932,"Zlate Hory, Czechoslovakia"
30933,"Jilove, Czechoslovakia"
30938,"Hochrhein (zwischen Rheinfelden und Bodensee), Switzerland"
30940,"Zufrittsee, Tirol, Italy"
30942,"Grialetsch, Sils im Engadin/Segl, Grisons, Switzerland"
30944,"Rientallücke, Göschenen, Uri, Switzerland"
30947,"unterhalb Belvédère (Rhonegletscher), Oberwald, Valais, Switzerland"
30951,"Fringeli ob Bärschwil, Laufental, Switzerland"
30953,"unterhalb Piz Grevasalvas, Stampa, Grisons, Switzerland"
30955,"Mina de la Refugia, Guanajuato, Mexico"
30956,"Santa Lucia di Tallano, Corse-du-Sud, Korsika, France"
30961,"Mine Sophienruhe, Badenweiler, Freiburg, Baden-Württemberg, Germany"
30972,"Marovoalava, Madagascar"
30978,"Matra-Gebirge, Hungary"
30979,"Karoly-Stollen, Hungary"
30981,"Autsisate, Madagascar"
30982,"Druckstollen Rotlaui-Handegg, Guttannen, Bern, Switzerland"
30983,"Bysta, Czechoslovakia"
30984,"Neukirch, Poland"
30985,"Hancova Hurka, Pribar, Czechoslovakia"
30987,"Sulitelmo, Norway"
30988,"Torstad, Norway"
30989,"Asztagkö, Hungary"
30990,"Gamsberg-Pass, Namibia"
30991,"Abendsmatte, Liesberg, Basel-Landschaft, Switzerland"
30992,"Bei Titiribi, Colombia"
30996,"Tagbau Montanto, Toscana, Italy"
31355,"Fischingen, Lörrach, Baden-Württemberg, Germany"
31358,"Chrähwäldli, Einsiedeln, Schwyz, Switzerland"
31359,"Ergolzufer, Niederschöntal, Füllinsdorf, Basel-Landschaft, Switzerland"
31362,"Rammelsbacher Eck, Münstertal, Freiburg, Baden-Württemberg, Germany"
31364,"Bleiche, Waldshut, Baden-Württemberg, Germany"
31368,"Alte Bach (Alter Bach), Lax, Valais, Switzerland"
31369,Südfrankreich
31370,"Hagendorf, Bavaria, Germany"
31373,"Tongrube Lungelen, Seewen, Solothurn, Switzerland"
31374,"Lärcheltini (Lercheltini), Binntal, Valais, Switzerland"
31377,"Sernftal, Elm, Glarus, Switzerland"
31379,"Geretal (Gerental), Oberwald, Valais, Switzerland"
31382,"Knappenwand, Salzburg, Austria"
31387,"Ardennen, Calamine"
31388,"Reichenbach, Aalen, Baden-Württemberg, Germany"
31389,Origin unknown
31391,"Gemeindewerkhof Badhof, Arlesheim, Basel-Landschaft, Switzerland"
31392,"Mine Fürstenfreude, Badenweiler, Freiburg, Baden-Württemberg, Germany"
31393,"Breithorn, Grengiols, Valais, Switzerland"
31397,"Boarezzo, Varese, Italy"
31398,"Christmas Mine, Christmas, Gila County, Arizona, USA"
31399,"Zitna, Jizni Cechy, ihočeský kraj, Czech Republic"
31400,"Komorany, Most, Bohemia, Czech Republic"
31401,"Quarry Rothenberg, Bell (Mendig), Mayen-Koblenz, Rhineland-Palatinate, Germany"
31402,"Leksvik, Nord-Trøndelag, Norway"
31404,"Cuasso al Monte, Varese, Italy"
31405,"Poona, Maharashtra, India"
31406,"Quarry Zingel, Seewen, Nidwalden, Switzerland"
31408,"Mine Herznach, Aargau, Switzerland"
31409,"Cavnic, Maramureş, Romania"
31411,"Arensberg, Walsdorf, Rhineland-Palatinate, Germany"
31412,"near Guttannen, Bern, Switzerland"
31414,"Santa Rita, Junin, Peru"
31419,"Mine Lengenbach, Binn, Valais, Switzerland"
31420,"Plattenberg, Vals, Grisons, Switzerland"
31421,"Rossgrabeneck, Zell am Harmersbach, Freiburg, Baden-Württemberg, Germany"
31422,"Etzli, Silenen, Uri, Switzerland"
31423,"Alp Palfris, Wartau, St. Gallen, Switzerland"
31424,"Alpe di Valleggia, Bedretto, Ticino, Switzerland"
31425,"Cima della Bianca, Campo (Blenio), Ticino, Switzerland"
31426,"Wah Wah Mountains, Beaver County, Utah, USA"
31428,"Stbr. Ruggell, Liechtenstein"
31429,"Triesen, Liechtenstein"
31432,"Gotthard-Strassentunnel ca. 5700 m ab NP, Hospental, Uri, Switzerland"
31434,"Mount Taylor, Cibola County, New Mexico, USA"
31435,"Kurunegala, North Western Province, Sri Lanka"
31437,"Geisspfadsee, Binn, Valais, Switzerland"
31438,"Val-d'Illiez, Valais, Switzerland"
31439,"Taminserköpfli, Tamins, Grisons, Switzerland"
31441,"Tsumeb, Otjikoto (Oshikoto) Region, Namibia"
31443,"Kridenloch im Brunnital, Unterschächen, Uri, Switzerland"
31446,"near Nürnberg, Bavaria, Germany"
31450,"Sennwald, St. Gallen, Switzerland"
31451,"Traversella, Canavese, Torino, Italy"
31456,"Catalan Grande, Artigas, Uruguay"
31458,"Katanga (Shaba), Demokratische Republik Congo (Zaire)"
31459,"Dom Pedro, Brazil"
31460,"Quarry Nr. 7, Limberg/Limburg, Sasbach, Kaiserstuhl, Freiburg, Baden-Württemberg, Germany"
31461,"Hoher Atlas, Morocco"
31464,"Rio Marina, Elba, Livorno, Italy"
31465,"St. Johann, Salzburg, Austria"
31468,"Bou Azzer, Ouarzazate, Morocco"
31469,"Eupel, Niederhövels, Altenkirchen, Rhineland-Palatinate, Germany"
31470,"Rocalmuto, Sizilien, Italy"
31474,"Quarry Thomann, Liesbergermüli, Liesberg, Basel-Landschaft, Switzerland"
31478,"Freichi, Binn, Valais, Switzerland"
31479,"Eggerstanden, Rüte, Appenzell-Innerrhoden, Switzerland"
31484,"Ilimaussaq, Narsaq, Kitaa, Greenland"
31485,"Rosiclare, Hardin County/Pope County, Illinois, USA"
31486,"Dreiser Weiher, Dreis-Brück, Vulkaneifel, Rhineland-Palatinate, Germany"
31487,Schweizer Jura
31488,"Chur, Grisons, Switzerland"
31489,"Horngraben, Eisenhammer, Aedermannsdorf, Solothurn, Switzerland"
31490,"Drun-Tobel, Tujetsch, Grisons, Switzerland"
31492,"Südseite Simplonpass, Valais, Switzerland"
31493,"Mine Hüttenberg, Kärnten, Austria"
31495,"Hallelujah Junction, Washoe County, Nevada, USA"
31659,"Beilkes Quarry, Rib Mountain, Marathon County, Wisconsin, USA"
31661,"Crystal Peak, Teller County, Colorado, USA"
31669,"Cornog, Chester County, Pennsylvania, USA"
31671,"Freisen, St. Wendel, Saarland, Germany"
31673,"oberes Brunnital, Silenen, Uri, Switzerland"
31674,"McDermitt, Humboldt County, Nevada, USA"
31677,"Dehnel's pit, Stettin, Marathon County, Wisconsin, USA"
31679,"Bärensteinbruch, Radautal, Lower Saxony, Germany"
31682,"Huanzala, Dos de Mayo, Huánuco, Peru"
31683,"Whyalla, South Australia, Australia"
31684,"Quarry Schelklingen, Alb-Donau-Kreis, Baden-Württemberg, Germany"
31685,"Fäldbach (Feldbach), Binn, Valais, Switzerland"
31686,"Murun-Massiv (Murunskyi Massif), Jakutien, Russia"
31687,"Fanellhorn, Vals, Grisons, Switzerland"
31688,"Owyhee Res., Malheur County, Oregon, USA"
31689,"Strassenbau near Bellelay, Jura, Switzerland"
31690,"Playa Blanca, Lanzarote, Kanarische Inseln, Spain"
31691,"Viloco, Loayza, Bolivia"
31692,"Lime City, Wood County, Ohio, USA"
31706,"Rotgülden, Lungau, Salzburg, Austria"
31707,"Kolsva, Köping, Västmanland, Sweden"
31708,"Quarry Lautertal, Herrlingen, Blaustein, Alb-Donau-Kreis, Baden-Württemberg, Germany"
31710,"Hunan, China"
31714,"Stbr. Wagner, Münchenstein, Basel-Landschaft, Switzerland"
31716,"Quarry Hastenrath, Eschweiler, Aachen, North Rhine-Westphalia, Germany"
31717,"Betriebsstelle Shaft Henriette, Mine Diepenlinchen, Stolberg, Achen, North Rhine-Westphalia, Germany"
31723,"Baugrube in Kleinhüningen, Basel, Basel-Stadt, Switzerland"
31725,"Quarry, Mönthal, Aargau, Switzerland"
31726,"Nickenich, Mayen-Koblenz, Rhineland-Palatinate, Germany"
31756,"Alpe Stgegia, Medel (Lucmagn), Grisons, Switzerland"
31763,"Grampielpass, Binn, Valais, Switzerland"
31764,"Grimselpass, Oberwald, Valais, Switzerland"
31769,"Lukmanierschlucht, Disentis/Mustér, Grisons, Switzerland"
31776,"Fäldbachwand (Feldbachwand), Binn, Valais, Switzerland"
31778,"Cavradischlucht, Tujetsch, Grisons, Switzerland"
31782,"Steintal, Silenen, Uri, Switzerland"
31784,"Portland-Cementwerke Holderbank, Aargau, Switzerland"
31785,"Seiland, Finnmark, Norway"
31816,"Sierra de Cruces, Coahuilla, Mexico"
31817,"Durlinsdorf near Altkirch, Haut Rhin, France"
31823,"Quiruvilca, Santiago de Chuco, Peru"
31860,"Mine Osikovo, Smolyan Oblast, Bulgaria"
31861,"Trepca, Kosovska Mitrovica, Kosovo"
31863,"Muzquiz, Coahuila, Mexico"
31864,"Mine Friedrichssegen, Bad Ems, Rhineland-Palatinate, Germany"
31865,"Bad Ems, Rhineland-Palatinate, Germany"
31867,"Schneckenstein, Tannenbergstahl, Vogtland, Saxony, Germany"
31868,"Mibladen, Khénifra, Morocco"
31872,"Davidschacht, Freiberg, Mittelsachsen, Saxony-Anhalt, Germany"
31873,"Wetterau, Hesse, Germany"
31877,"Mönthal, Aargau, Jura, Switzerland"
31880,"Qued El Amenda, El Oued, Algeria"
31882,"Wilhelmstollen, Muldenbach, Belchen, Untermünstertal, Freiburg, Baden-Württemberg, Germany"
31883,"Berbes, Asturien, Spain"
31885,"Minas Capillitas, Argentina"
31886,"Schellkopf, Brenk, Ahrweiler, Rhineland-Palatinate, Germany"
31887,"Mine Machow, Tarnobrzeg, Karpatenvorland (Podkarpackie), Poland"
31890,"Erzberg, Eisenerz, Steiermark, Austria"
31892,"Zeche Haniel, Oberhausen, North Rhine-Westphalia, Germany"
31900,"Malad, Mumbai (Bombay), Maharashtra, India"
31902,"Piz Cotschen, Grisons, Switzerland"
31903,"Wangental, Osterfingen, Schaffhausen, Switzerland"
31913,Himalaya
31915,"Pfänden, Vorarlberg, Austria"
31920,"Mittlebärg, Binn, Valais, Switzerland"
31921,"Grimselgebiet, Bern/Valais, Switzerland"
31922,"Halsesee, Binn, Valais, Switzerland"
31925,"Namangagebirge, Kenya"
31928,"Quinten, Quarten, St. Gallen, Switzerland"
31931,"Hägendorf, Solothurn, Switzerland"
31932,"Schürhalden, Arisdorf, Basel-Landschaft, Switzerland"
31933,"Zentralalpen, Switzerland"
31935,"Penge Mine, Limpopo Province, South Africa"
31937,"Solnhofen, Weissenburg-Gunzenhausen, Bavaria, Germany"
31938,"Domleschg/Sils im Domleschg, Grisons, Switzerland"
31941,"Piz Rondadura, Medel (Lucomagn), Grisons, Switzerland"
31942,"Grafton, Jersey County, Illinois, USA"
31948,"Greit, Höhronen, Oberägeri, Zug, Switzerland"
31951,"St. Egidien, Zwickau, Saxony, Germany"
31954,"Verdabbio, Grisons, Switzerland"
31955,"Lägern-Steinbruch I, Dielsdorf, Zürich, Switzerland"
31956,"Hallauerberg, Hallau, Schaffhausen, Switzerland"
31961,"Evje, Aust-Agder, Norway"
31963,"Furkatunnel, Valais, Switzerland"
31964,"Muota Naira/Stgeina Muota, Tujetsch, Grisons, Switzerland"
31969,"Gipsgrube near Bergheim, Haut-Rhin, France"
31973,"Chriegalp (Kriegalp), Binntal, Valais, Switzerland"
31974,"Amden, St. Gallen, Switzerland"
31978,"Quartz Hill, Washington Camp/Duquesne, Santa Cruz County, Arizona, USA"
32009,"Eisleben, Mansfeld-Südharz, Saxony-Anhalt, Germany"
32010,"Lamme, Fiesch, Valais, Switzerland"
32014,"Arolla, Valais, Switzerland"
32018,"Calanda, Pfäfers, St. Gallen, Switzerland"
32019,"Stbr. Thomann, Liesberg, Basel-Landschaft, Switzerland"
32027,"Segnas, Disentis/Mustér, Grisons, Switzerland"
32028,"Sarelli-Stollen, Bad Ragaz, St. Gallen, Switzerland"
32031,"Guenfouda, Morocco"
32032,"Plattenzüge, Felsberg, Grisons, Switzerland"
32033,"Fedenstock, Tujetsch, Grisons, Switzerland"
32036,"Apache Mine, Globe, Gila County, Arizona, USA"
32039,"Alpe Cadagno, Quinto, Ticino, Switzerland"
32040,"Hof Unter Erlimoos, Trimbach, Solothurn, Switzerland"
32045,"Lord Hill Quarry, Stoneham, Oxford County, Maine, USA"
32050,"Gasleitungsstollen Obergesteln, Valais, Switzerland"
32056,"Mission Mine, San Xavier, Pima County, Arizona, USA"
32057,"Furka-Strassentunnel, Valais, Switzerland"
32059,"Braunkohletagebau Heuchelheim, Giessen, Hesse, Germany"
32060,"Piz Tanelin, Tujetsch, Grisons, Switzerland"
32061,"Schwarzstöckli, Riental, Göschenen, Uri, Switzerland"
32065,"Parpaner Rothorn, Lantsch/Lenz, Grisons, Switzerland"
32066,"Lukmanier, Grisons, Switzerland"
32067,"Aranno, Ticino, Switzerland"
32070,"Muota, Tujetsch, Grisons, Switzerland"
32072,"Scherbadung/Pizzo Cervandone, Binn, Valais, Switzerland"
32075,"West Maroon Pass, Pitkin County, Colorado, USA"
32078,"Flat Rock, Seneca County, Ohio, USA"
32081,"Grant County, New Mexico, USA"
32082,"Motech de Meya, Lerida, Spain"
32084,"Rothorn, Binn, Valais, Switzerland"
32086,"Spoil heap Mine Sophia, Böckelsbachtal, Freudenstadt, Baden-Württemberg, Germany"
32096,"Zollhaus an der Sense, Plaffeien, Fribourg, Switzerland"
32099,"Grasberg near Bergheim, Haut-Rhin, France"
32103,"Hardangervidda, Hordaland, Norway"
32109,"Remuzat, Drôme, France"
32111,"Dugway, ; Utah, USA"
32112,"Deponie/Quarry Orismühle, Seltisberg, Basel-Landschaft, Switzerland"
32113,"Agrigento, Sizilien, Italy"
32114,"Sondierstollen Chli Chalttal, Obstalden, Glarus, Switzerland"
32116,"Baikalsee, Sibiren, Russia"
32118,"Lupsingen, Basel-Landschaft, Switzerland"
32124,"Binnultini, Binn, Valais, Switzerland"
32128,"Bözingenberg, Biel, Bern, Switzerland"
32129,"Naica, Chihuahua, Mexico"
32133,"Old Yuma Mine, Pima County, Arizona, USA"
32134,"Le Clapier, Aveyron, France"
32135,"Keweenaw, Michigan, USA"
32140,"Montgomery County, Arkansas, USA"
32141,"Chessiloch, Oberriet, St. Gallen, Switzerland"
32142,"Les Rouges Terres, Jura, Switzerland"
32147,"Windsor, Québec, Canada"
32159,"Praz-Jean, Saint-Martin, Valais, Switzerland"
32160,"Road tunnel Mittal-Hohtenn, Gampel, Valais, Switzerland"
32164,"Chummibort, Grengiols, Valais, Switzerland"
32165,"Schneehüenerstock, Andermatt, Uri, Switzerland"
32166,"Lauigraben, Fiesch, Valais, Switzerland"
32170,"Leymen, Haut-Rhin, France"
32171,"Miami, Arizona, USA"
32173,"Stavel da Nuorsas, Tujetsch, Grisons, Switzerland"
32174,"Gipsgrube Oberehrendingen, Aargau, Switzerland"
32175,"Lägern-Steinbruch III, Dielsdorf, Zürich, Switzerland"
32179,"Winfield Quarry, Winfield, Union County, Pennsylvania, USA"
32181,"Willnau, Schauinsland, Freiburg, Baden-Württemberg, Germany"
32182,"Chantilly Quarry, Chantilly, Loudoun County, Virginia, USA"
32183,"Strasse zw. Châtelat und Bellelay, Jura, Switzerland"
32184,"Stbr. Zementfabrik, Thayngen, Schaffhausen, Switzerland"
32186,"Pit 11, Essex, Illinois, USA"
32188,"Orogrande, Oro County, New Mexico, USA"
32190,"Gotthard-Strassentunnel 626 m ab NP, Göschenen, Uri, Switzerland"
32195,"Goose Creek, Loudoun County, Virginia, USA"
32199,"Jura, Switzerland"
32202,"Euba, Chemnitz, Saxony-Anhalt, Germany"
32203,"El Oued, Algeria"
32204,"alpine Herkunft, Switzerland"
32228,Schwarzwald
32230,"Nova Lima, Minas Gerais, Brazil"
32233,"Salina del Janubio, Lanzarote, Kanarische Inseln, Spain"
32236,"Schelklingen, Alb-Donau-Kreis, Baden-Württemberg, Germany"
32237,"near Erlimoos, Trimbach, Solothurn, Switzerland"
32256,"Red Lead Mine, Dundas, Tasmania, Australia"
32257,"Stockchöpf, Calanda, Grisons, Switzerland"
32260,"Logroño, La Rioja, Spain"
32262,"Chlosterköpfli (Lachenköpfli), Muttenz, Basel-Landschaft, Switzerland"
32263,"Mine Romani, Cuasso al Monte, Varese, Italy"
32264,"Herja Mine, Baia Mare, Maramureş, Romania"
32265,"Druckschacht KW Oberaar, Guttannen, Bern, Switzerland"
32266,"Alsace, France"
32268,"Glacier d'Orny, Orsières, Valais, Switzerland"
32269,"Gambach, Münzenberg, Wetteraukreis, Hesse, Germany"
32271,"Cavo, Elba, Livorno, Italy"
32272,"Michaelstollen, Mine Teufelsgrund, Muldenbach, Belchen, Untermünstertal, Freiburg, Baden-Württemberg, Germany"
32273,"Nassfeldkar, Mallnitz, Kärnten, Austria"
32274,"Sumvitg, Grisons, Switzerland"
32276,"Mollau, Urbès (Urbis), Haut-Rhin, France"
32279,"Stassfurt, Salzlandkreis, Saxony-Anhalt, Germany"
32283,"Furggulti (Furggelti), Binn, Valais, Switzerland"
32288,"Melissa Mine, La Paz County, Arizona, USA"
32289,"Plumbago Mtn, Newry, Oxford County, Maine, USA"
32290,"Quarry Felsberg, Grisons, Switzerland"
32298,"Gorb, Binn, Valais Switzerland"
32303,"Emmelberg, Üdersdorf, Vulkaneifel, Rhineland-Palatinate, Germany"
32305,"Misox, Grisons, Switzerland"
32310,"Egglisgraben, Pratteln, Basel-Landschaft, Switzerland"
32312,"Saint-Laurent-le-Minier, Gard, France"
32313,"Wittnau, Freiburg, Baden-Württemberg, Germany"
32315,"Leontica, Ticino, Switzerland"
32316,"N2-Road tunnel Oberburg, Giebenach/Diegten, Basel-Landschaft, Switzerland"
32317,"Oberriet, St. Gallen, Switzerland"
32320,"Platta, Medel (Lucomagn), Grisons, Switzerland"
32321,"Brunnenberg, Rüthi, St. Gallen, Switzerland"
32323,"Strontian, North West Highlands, Scotland"
32326,"Molina de Aragon, Guadalajara, Spain"
32329,"Gnapperchopf, Vättis (Pfäfers), St. Gallen, Switzerland"
32330,"Gundeldinger_Quartier, Basel, Basel-Stadt, Switzerland"
32331,"Spoil heap Mine Teufelsgrund, Muldenbach, Belchen, Untermünstertal, Freiburg, Baden-Württemberg, Germany"
32333,"Lichtenberg, Hof, Bavaria, Germany"
32336,"Tunnel Mompé Medel, Disentis/Mustér, Grisons, Switzerland"
32338,"Val Sogn Placi, Disentis/Mustér, Grisons Switzerland"
32339,"Madonna d'Ongero, Carona, Ticino Switzerland"
32340,"Oyamo, Finland, oder Ilämmaa, Finland"
32342,"Hirschberg (Langen), Vorarlberg, Austria"
32347,"unterird. Adit Gundeldinger-Quartier, Basel, Basel-Stadt, Switzerland"
32350,"Soazza, Grisons, Switzerland"
32354,"Mürtschen, Obstalden, Glarus, Switzerland"
32359,"Mine Teufelsgrund, Muldenbach, Belchen, Untermünstertal, Freiburg, Baden-Württemberg, Germany"
32360,"Chrüzbach, Pfäfers, St. Gallen, Switzerland"
32363,"Teufelsgrund, Muldenbach, Belchen, Untermünstertal, Freiburg, Baden-Württemberg, Germany"
32368,"Ray, Pinal County, Arizona, USA"
32373,"Hohentwiel, Singen, Baden-Württemberg, Germany"
32374,"Wölsendorf, Schwandorf, Bavaria, Germany"
32379,"Piz Badile, Bondo, Grisons, Switzerland"
32381,"Stromboli, Liparische Inseln, Italy"
32382,"Zillis, Grisons, Switzerland"
32388,"Mine Fahl, Silberberg near Fahl, Todtnau, Lörrach, Baden-Württemberg, Germany"
32392,"Miniera di Calamità, Elba, Livorno, Italy"
32395,"Schlächtenhaus, Steinen, Lörrach, Baden-Württemberg, Germany"
32404,"Hauenstein, Laufenburg, Waldshut, Baden-Württemberg, Germany"
32411,"Gakihaupt, Zermatt, Valais, Switzerland"
32418,"Virgental, Osttirol, Austria"
32419,"East Haven, New Haven County, Connecticut, USA"
32420,"Outokumpu, Nordkarelien, Finland"
32423,"Sardona, Pfäfers, St. Gallen, Switzerland"
32424,"Wimmers Quarry, Rib Mountain, Marathon County, Wisconsin, USA"
32432,"Unteralpfen, Waldshut, Baden-Württemberg, Germany"
32434,"Pizzo Badile, Bondo, Grisons, Switzerland"
32442,"Zähringerhof, Münstertal, Freiburg, Baden-Württemberg, Germany"
32449,"Hegau Vulkane, Germany"
32457,"Vlotho, Herford, North Rhine-Westphalia, Germany"
32461,"La Bianca (Cima della Bianca), Campo (Blenio), Ticino, Switzerland"
32468,"Böllen, Lörrach, Baden-Württemberg, Germany"
32470,"Mine Cäcilia, Wölsendorf, Bavaria, Germany"
32473,"Südseite Chli Aubrig, Vorderthal, Schwyz, Switzerland"
32477,"Quarry Madonna d'Ongero, Carona, Ticino Switzerland"
32483,"Schwarzhorn, Binn, Valais, Switzerland"
32486,"Quarry Nr. 1, Limberg/Limburg, Sasbach, Kaiserstuhl, Freiburg, Baden-Württemberg, Germany"
32487,"Blauen, Basel-Landschaft, Switzerland"
32488,"Hünersedel (Hühnersedel), Elzach, Freiburg, Baden-Württemberg, Germany"
32494,"Rimpfischwäng, Saas Almagell, Valais, Switzerland"
32505,"Pico de Teneriffa, Kanarische Inseln, Spain"
32512,"vorderes Saflischtal, Grengiols, Valais, Switzerland"
32514,"Hofstetten-Flüh, Solothurn, Switzerland"
32520,"Valmalenco, Sondrio, Italy"
32523,"Grauleiten, Ankogel, Kärnten, Austria"
32525,"Wülfrath, Mettmann, North Rhine-Westphalia, Germany"
32539,"Piz Lunghin, Stampa, Grisons Switzerland"
32540,"near Oberbergen, Kaiserstuhl, Freiburg, Baden-Württemberg, Germany"
32542,"Nunningen, Solothurn, Switzerland"
32550,"vorderes Val Nalps, Tujetsch, Grisons, Switzerland"
32555,"Quarry Nr. 1, Limberg, Sasbach, Kaiserstuhl, Freiburg, Baden-Württemberg, Germany"
32557,"Rhonegletscher (Belvedère), Oberwald, Valais, Switzerland"
32560,"Obergesteln, Valais, Switzerland"
32562,"Wattingen, Wassen, Uri, Switzerland"
32566,"Haut Poirot, Gérardmer, Vosges, France"
32580,SW-Afrika
32589,"Rio Gara, Italy"
32591,"Rhonegletscher unterhalb Belvedère, Oberwald, Valais, Switzerland"
32595,"unteres Val Nalps, Tujetsch, Grisons, Switzerland"
32603,"El Djeloud, Algeria"
32608,"Fichtelgebirge, Germany"
32612,"Gempen, Solothurn, Switzerland"
32619,"Mine Romani, Cuasso al Monte, Varese, Italy (eher Boarezzo)"
32623,"Giebenach, Basel-Landschaft, Switzerland"
32624,"Alp Ursera, Poschiavo, Grisons, Switzerland"
32626,"Uors near Vals, Suraua, Grisons Switzerland"
32635,"Chessiloch (Kessiloch), Oberriet, St. Gallen, Switzerland"
32636,"untere Cavradischlucht, Tujetsch, Grisons, Switzerland"
32645,"Zunzgen, Basel-Landschaft, Switzerland"
32652,"March near Oberbergen, Kaiserstuhl, Freiburg, Baden-Württemberg, Germany"
32671,"Jáchymov (St. Joachimsthal), Karlovarský kraj, Czech Republic"
32674,"Herdorf, Altenkirchen, Rhineland-Palatinate, Germany"
32679,"Schutzbach, Altenkirche, Rhineland-Palatinate, Germany"
32680,"Quarry Oberschaffhausen, Kaiserstuhl, Freiburg, Baden-Württemberg, Germany"
32688,"Wasserreservoir Muttenz, Basel-Landschaft, Switzerland"
32692,"Lubietova (Libethen), Banskobystrický kraj, Slovakia"
32694,"Baustelle Tennisplatz, Grächen, Valais, Switzerland"
32698,"Heringen (Werra), Hersfeld-Rotenburg, Hesse, Germany"
32704,"Wanderweg nach Fäldbach, Binn, Valais, Switzerland"
32707,"Wisler, Böckten, Basel-Landschaft, Switzerland"
32711,"Bot digl Uors, Filisur, Grisons, Switzerland"
32713,"Zwingnauer Shaft der Kropfmühl AG, Hauzenberg, Passau, Bavaria, Germany"
32718,"St. Prix near Autun, Saône-et-Loire, France"
32734,"oberer Quarry, Liesberg, Basel-Landschaft, Switzerland"
32738,"La petite Verrière près Autun, Autun, Saône-et-Loire, France"
35573,"Quarry Istein, Efringen-Kirchen, Lörrach, Baden-Württemberg, Germany"
35574,"Mina Ampliacion a Victoria, Navajun, La Rioja, Spain"
35577,"Batopilas, Chihuahua, Mexico"
35580,"Panasqueira Mine, Panasqueira, Covilha, Castelo Branco District, Portugal"
35581,"Quarry Heming, Lorquin, Moselle, Lothringen, France"
35583,"Haut de Cry, Chamoson, Valais, Switzerland"
35585,"Mine de Sel (Mine de Bouillet), Le Bouillet, Bex, Vaud, Switzerland"
35586,"Argentière-Gletscher, Chamonix, Haute-Savoie, Rhône-Alpes, France"
35587,"Loliondo, Arusha-Region, Tanzania"
35589,"Plaun da Lej, Sils im Engadin (Segl), Grisons, Switzerland"
35590,"Roccatederighi, Monte Amiata, Province Grosseto, Toscana, Italy"
35591,"Carrière de Miéville, Miéville, Vernayaz, Valais, Switzerland"
35592,"Quarry Thomann, Laufen, Basel-Landschaft, Switzerland"
35602,"Mangangrube Starlera, Innerferrera, Grisons, Switzerland"
35603,"Alpe Soveltra (Val di Prato), Lavizzara, Ticino, Switzerland"
35604,"Pizzo dell'Arzo, Ghiacciaio del Cavagnöö (Cavagnoligletscher), Bignasco, Ticino, Switzerland"
35605,"Masügg, Tschappina, Grisons, Switzerland"
35606,"Val Vatgira, Medel (Lucmagn), Grisons, Switzerland"
35607,"Ibach, Steinegg, Appenzell-Innerrhoden, Switzerland"
35608,"Dabo, Walscheid, Moselle, Lothringen, France"
35609,"Pardatsch da Stiarls/Plaun Palits, Tujetsch, Grisons, Switzerland"
35611,"Chete, Villa di Chiavenna, Province Sondrio, Italy"
35612,"Saline Schweizerhalle, Pratteln, Basel-Landschaft, Switzerland"
35615,"Cava Maurino, Linescio, Ticino, Switzerland"
35616,"Moctezuma Mine (Bambolla Mine), Moctezuma, Sonora, Mexico"
35618,"Kraftwerkstollen Grimselpass, Bern, Switzerland"
36135,Myanmar
39401,"Bad Waldsee, Ravensburg, Tübingen, Baden-Württemberg, Germany"
39403,"Neue Welt, Münchenstein, Basel-Landschaft, Switzerland"
39404,"Mühlegg, Ebikon, Lucerne, Switzerland"
39405,"Zeche Zollverein, Essen-Altenessen, Nordhrein-Westfalen, Germany"
39407,"Königin Luise-Grube, Zabrze, Silesia, Poland"
39408,"Tarnowskie Gory (Tarnowitz), Silesia, Poland"
39409,"Quarry auf dem Hinteren Kornberg (near Frick), Aargau, Switzerland"
39410,"Quarry Fürte NE Udligenswil, Lucerne, Switzerland"
39411,"Baldismoos Adligenswil, Lucerne, Switzerland"
39412,"Oberschachen, Ebikon, Lucerne, Switzerland"
39413,"Hoher Meissner, Fulda-Werra-Bergland, Hesse, Germany"
39414,"Bad Flüh, Flüh-Hofstetten, Solothurn, Switzerland"
39415,"N-Hang Berg Mantegola, Boeton, Indonesia"
39417,"Quarry near Eclèpens, Vaud, Switzerland"
39418,"La Verrerie, Semsales, Fribourg, Switzerland"
39419,"Pfaffenwald, Stuttgart, Baden-Württemberg, Germany"
39420,"Holzmaden, Esslingen, Baden-Württemberg, Germany"
39421,"Alaró, Mallorca, Spain"
39422,"Lloseta, Mallorca, Spain"
39423,"Dunarobba, Terni, Umbrien, Italy"
39802,"Coober Pedy, Australia"
39803,"Amaranth Mine, Manitoba, Canada"
39806,"Aichi, Hokaido, Japan"
39807,"Lake Superior, Minnesota, USA"
39808,"Graudenz, Poland"
39809,"Danzig, Poland"
39811,"Ostsee, Poland"
39812,Tibet / India / Myanmar
39814,Orient
39816,"Prag, Czech Republic"
39820,---
39881,"Andamoka, Australia"
39882,"Lang, Californien, USA"
39885,Brasielien
39886,"Siberien, Russia"
40001,Romania (Hungary)
40002,"Tokajergebirge, Hungary"
40003,"Vrancise, Czechoslovakia"
40004,"Busovaca, Bosnia, Yugoslavia"
40005,"Male Zelegen, Czechoslovakia"
40006,"Vrancim, Czechoslovakia"
40008,"Dunajug-Gebirge, Hungary"
40011,"Plattensee-Gebiet, Hungary"
40012,"zwischen Scheuchzerjoch und Oberaarlücke, Guttannen, Bern, Switzerland"
40013,"Hausen, Wiesental, Lörrach, Baden-Württemberg, Germany"
40015,Jogjaharta
40017,"Kreis Lippe, Detmold, Germany"
40020,"Quarry Tiefenstein, Albtal, Waldshut, Baden-Württemberg, Germany"
40022,Ost-Madagaskar
40026,"Sweetwater Mine, Reynolds County, Missouri, USA"
40031,"Libya, Sahara"
40049,"Magnesium Mine, Michigan, USA"
40050,"New Melones, California, USA"
40051,"Harosjoberg, Sweden"
40033,"Esztergom (Gran), Hungary"
40035,"Little Rock, Arkansas, USA"
40036,"Gold Hill Mine, Tooele County, Utah, USA"
40037,"Tiger, Pinal County, Arizona, USA"
40042,"Paradox Valley, Colorado, USA"
40043,"Parwan, Victoria, Australia"
40044,"Yellowstone Park, Wyoming, USA"
40047,"Kipawa River, Quebec, Canada"
40053,"Moskau-Region, USSR"
40058,"Matriniana, Piemonte, Italy"
40060,"Gr. Japan, Långban, Värmland, Sweden"
40061,"Glamis, California, USA"
40062,"Odda, Norway"
40063,"Janos, Chihuahua, Mexico"
40064,"Jakutien, Ostsibirien, USSR"
40065,"Uchu-Chacua, Peru"
40066,"Falun, Uppsala, Sweden"
40068,"Aichi, Japan"
40069,"Keckita River, Canada"
40070,"Värmland, Sweden"
40071,"Moctezuma, Sonora, Mexico"
40072,"Altmark, Ex-DDR, Germany"
40073,Kamerun
40074,"Bergslagen, Sweden"
40076,"Araudis, South Africa"
40077,Wissu Sieg
40078,"Kalahari, South Africa"
40080,"Monnana, Gabun"
40081,"Ras el Auz, Morocco"
40082,"La Paz County, Arizona, USA"
40083,"Mittweida, Saxony, Germany"
40084,"Wessel Mine, Kalahari, South Africa"
40085,"Yavapi County, Arizona, USA"
40087,"Sissevsk, Ural, USSR"
40092,"Wah Wah Mountains, Utah, USA"
40093,"Sommerloch, Grimsel, Switzerland"
40095,"Cloover Creek, Idaho, USA"
40096,"Alice Mary Mine, Kundip, Australia"
40097,"Eagle Mine, Gilman, Colorado, USA"
40098,"Harding Mine, Taas County, New Mexico, USA"
40099,"Lyles Clay Dep. Hillside, Yavapai County, Arizona, USA"
40100,"Bozeman, Montana, USA"
40101,"Van Nar San Claim, Fish Creek Range, Eur. USA"
40106,"Quarry Mehrfeld, Eifel, Rheinland, Germany"
40107,"Bellerberg, Eifel, Rheinland, Germany"
40108,"Altmannfels, Badenweiler, Schwarzwald, Germany"
40116,"Le Grand Pressigny, Tourraine, France"
40119,"Schergenbach, Samnaun, Grisons, Switzerland"
40123,"Rocche Rosse, Acquacalda, Lipari, Italy"
40124,"Italian Mountain, Colorado, USA"
40126,"Röti, Möhlin, Aargau, Switzerland"
40127,"Santa Rosalia, Baja, Mexico"
40133,"Tongrube Hägendorf, Solothurn, Switzerland"
40134,"Attiswil, Bern, Switzerland"
40135,"Szelim-Höhle, Gereose-Gebirge, Hungary"
40136,"Horzsabánya, Romania (Hungary)"
40137,"Csordakut, Hungary"
40138,"Kossuth-Grube, Ajka, Hungary"
40140,"Betroka, Süd-Madagaskar"
40146,"Galerie Baglioni, Goldmine Gondo, Zwischenbergen, Valais, Switzerland"
40147,"Portmasburg, South Africa"
40149,"Illimaussaq, Greenland"
40150,"Westana, Sweden"
40151,"Hizencho, Japan"
40154,"Manciano, Toscana, Italy"
40157,"Garenstock, Vals, Grisons, Switzerland"
40160,"Horrsjöberg, Sweden"
40161,"Poona, India"
40164,"Lake Superior, Minneapolis, USA"
40165,"Liguria, Italy"
40168,"Ouenza, Souk-Ahras, Algeria"
40169,"Tebessa, Algeria"
40173,"near Annaba, Algeria"
40174,Ecuador
40183,"Reinwath, Eifel, Germany"
40193,"Rädersberg, Eifel, Germany"
40194,"Schellkopf, Eifel, Germany"
40199,"Krasno by Horni, Slavkov, Czechoslovakia"
40201,"Mali Zelezne, Czechoslovakia"
40202,"Schoeller Mine, Kladno, Czechoslovakia"
40206,"Moldawa, Bohemia, Czechoslovakia"
40208,"Vrancice near Przibram, Bohemia, Czechoslovakia"
40213,"Huanaco, Tal Province, Chile"
40215,"Lookout Pass, Tooele County, Utah, USA"
40216,"Cottonwood Can, Nevada, USA"
40217,"Catron County, New Mexico, USA"
40218,"Squaw Creek Tin Mine, New Mexico, USA"
40219,"Mammoth-St., Arizona, USA"
40220,"Red Pit, Panama, USA"
40221,"Resplendor, Minas Gerais, Brazil"
40223,"Joe Dandy Mine, Colorado, USA"
40225,"San Miguel County, Colorado, USA"
40226,"Blaton Hainant, Belgium"
40227,"Canama, Santa Cruz, Mexico"
40229,"near Bratislava, Czechoslovakia"
40230,"White Caps Mine, Manhattan, Nevada, USA"
40233,"Burro Mine, San Miguel County, Colorado, USA"
40235,"Big Creek, California, USA"
40236,"Posey Mine, Utah, USA"
40237,"Jomac Mine, White Canyon, Utah, USA"
40240,"Ray Mine, Pinal County, Arizona, USA"
40243,"Taminatal, Pfäfers, St. Gallen, Switzerland"
40244,"Kloster Wittichen, Schwarzwald, Baden, Germany"
40246,"Capnik, S-bergen, Czechoslovakia"
40251,"Chuguicamala, Chile"
40253,"Taft, Yázd, Iran"
40254,"Mönchner Kar, Zillertal, Tirol, Austria"
40256,"Padragi Bánya, Ajka, Hungary"
40268,"Quarry Bodenwald, Oberdorf, Seedorf, Uri, Switzerland (Coll. R. Ruzicka 1990)"
40270,"Mine Cetine, Rosia, Siena, Italy"
40275,"Mine Cetine di Cotorniano, Siena, Italy"
40276,"Grotta di Faraglione, Vulcano, Lipari, Italy"
40277,"Faraglione-Felsen, Vulcano, Liparische Inseln, Italy"
40278,"Mine Harstigen, Värmland, Sweden"
40279,"Schlackenhalde Wanlockhead, Leadhills, Scotland, United Kingdom"
40280,"Büjük-Günevi, Anatolien, Turkey"
40283,"Gey, Eifel, Germany"
40284,"Høgetveit, Evje, Setestal, Norway"
40286,"Malmberget-Gellivare, Sweden"
40287,"Tuftane, Iveland, Norway"
40291,"Limani, Laurion, Greece"
40294,"Kupfertal, Chorixas, Namibia"
40296,"Holmestrand, Norway"
40297,"Uni Mix Quarry, Mont Saint Hilaire, Quebec, Canada"
40300,"Mine Tunnelen, Hiltveit, Iveland, Norway"
40301,"Ryddarhyttan, Sweden"
40304,"Sandamab, Namibia"
40308,"Etoil, Lubumbashi, Zaire (Congo)"
40311,"Bellerberg, Ettringen, Eifel, Germany"
40312,"Mine Blumenthal, Recklinghausen, Germany"
40313,"Mine Schöne Aussicht, Dernbach, Westerwald, Germany"
40316,"Gjerdingen, Nordmarken, Norway"
40317,"Mine Bottino, Massa, Toscana, Italy"
40322,"Postmasburg, South Africa"
40330,Prats Sampsor
40331,"Verbrannter Berg, Namibia"
40332,"Valteira-Tobel, Val Tearm, Alvaneu, Grisons, Switzerland"
40333,"Frikstad, Iveland, Setesdal, Norway"
40334,"Winfeld, Ettringen, Eifel, Germany"
40335,"Carro, La Spezia, Italy"
40336,"Mine Lüderich, Bergisch Gladbach, Germany"
40337,"Mine Emil Mayrisch, Altendorf, Aachen, Germany"
40339,"Morenci, Coconino County, Arizona, USA"
40340,"Mine Caspari, Uentrop, Arnsberg, Sauerland, Germany"
40342,"Hüttenberg, Wehr, Eifel, Germany"
40344,"Ober-Schlema, Erzgebirge, Saxony, Germany"
40346,"Farm Eureka, Usakos, Erongo, Namibia"
40347,"Tvedalen, Larvik, Norway"
40349,"Hua Hin, Thailand"
40350,"Ria de Laye, Coruña, Spain"
40354,"Ahl, Eifel, Germany"
40356,Süd-Norwegen
40359,"Bergama, Turkey"
40360,"Plattenberg, Flossenbürg, Oberpfalz, Germany"
40363,"Sandamap, Usakos, Namibia"
40366,"Meschede, Sauerland, Germany"
40367,"Yumale, Arizona, USA"
40368,"Quarry Corcolle, La Capenelle, San Vittorio, Italy"
40369,"Harstigen, Värmland, Sweden"
40370,"Potter Kramer, Wickenburg, Arizona, USA"
40371,"Burguillos del Cerro, Badajoz, Spain"
40375,"Bugarden, Sandefjord, Norway"
40378,"Bölet, Undenäs, Sweden"
40379,"La Bade, Massif Central, France"
40380,"Scawt Hill, Larne, Nordirland"
40387,"Hagendorf-West, Oberpfalz, Bavaria, Germany"
40389,"Hagendorf-Süd, Oberpfalz, Bavaria, Germany"
40416,"Grant County, Oregon, USA"
40417,"Berry-Haley-Quarry, Poland, Maine, USA"
40418,"unterer Sophiastollen, Wittichen, Schwarzwald, Baden, Germany"
40420,"Am Kupferberg, Letmathe, Iserlohn, North Rhine-Westphalia, Germany"
40421,"Weissenstadt, Fichtelgebirge, Bavaria, Germany"
40422,"Braubach, Bad Ems, Germany"
40424,"Alter Schmiedestollen, Wittichen, Schwarzwald, Baden, Germany"
40429,"Kararvet, Sweden"
40436,"Lützingen, Eifel, Germany"
40437,"Getchell Mine, Humboldt County, Nevada, USA"
40444,"Ettringen, Eifel, Germany"
40445,"Mine Pfannenberger Einigkeit, Siegerland, Westfalen, Germany"
40446,"Ditrau (Ditro), Romania (Hungary)"
40447,"Maubach, Düren, Germany"
40450,"Richelsdorf, Hesse, Germany"
40451,"Letmathe, Iserlohn, North Rhine-Westphalia, Germany"
40452,"Mine Friedrich, Wissen an der Sieg, Westerwald, Germany"
40454,"Tilly Foster Mine, Brewster County, New York, USA"
40455,"Lake François, British Columbia, Canada"
40458,"Delpratt Tip, Broken Hill, New South Wales, Australia"
40459,"Sierra de Umango, Argentina"
40460,"Mine Käfersteige, Pforzheim, Germany"
40462,"Santa Rosa Antequera, Bolivia"
40464,"Kupfermine Alcaparozza, Tierra Amarilla, Province Atacama, Chile"
40465,"20-Mule-Canyon, Death Valley, Inyo County, California, USA"
40466,"Cerro Tachique Pueblo, Mexico"
40467,"Rosslode, Custer, Blackhills, South Dakota, USA"
40470,"Asbest-Mine, Eden Milss, Lamoille County, Vermont, USA"
40471,"Weiler near Lahr, Germany"
40472,"Athmeek II, Ahmeek, Keweenaw-Halbinsel, Lake Superior, Michigan, USA"
40480,"Mine Silberwiese, Oberlahr, Westerwald, Germany"
40481,"Rozna Bukov, Moravia, Czechoslovakia"
40486,"North Macedonia, Yugoslavia"
40487,"Hobart Butte, Lane County, Oregon, USA"
40488,"Üdersdorf, Eifel, Rheinland, Germany"
40490,"Grosser Teichelberg, Zinsterkuppe, Oberpfalz, Germany"
40491,"Chah Chouni, Anarak, Iran"
40492,"Viitaniemi, Eräjärvi near Tampere, Finland"
40494,"Sulheim, Lom, Norway"
40495,"Heubach near Schiltach, Kinzigtal, Schwarzwald, Germany"
40496,"Shah Kuh Gebirge, Iran"
40497,"Chuquicamata, Chile"
40499,"Taquarel, Minas Gerais, Brazil"
40500,"Skipton-Caves, Ballarat, Victoria, Australia"
40501,"Bongues, Spain"
40502,"Erongo-Schlucht, Erongogebirge, Namibia"
40503,"Wheal Edward, St. Just, Cornwall, United Kingdom"
40504,"Basaltbruch Weitendorf, Steiermark, Austria"
40507,"Antofogasta, Chile"
40508,"Monti Livornesi, Italy"
40510,"Steinbach near Johanngeorgenstadt, Saxony, Germany"
40512,"Abenab, Namibia"
40513,"Kleine Spitzkopje, Namibia"
40514,"Namib II, Namibia"
40515,"Fuchsbau near Wunsiedel, Fichtelgebirge, Bavaria, Germany"
40517,"Bikita Lithium Mine, Bikita, Rhodesien"
40519,"Neutershausen, Hesse, Germany"
40521,"West Germany, Germany"
40522,"Mine St. Anton, Heubach, Schwarzwald, Germany"
40523,"Lurisia, Province Cuneo, Italy"
40526,"Jennifer Mine, Boron, Kern County, California, USA"
40529,"Poonah, India"
40530,"Kamariza, Laurion, Greece"
40531,"San Petro, Chihuahua, Mexico"
40533,"Mine Mathias, Pittersberg, Germany"
40534,"Mine St. Anton, Heubach near Schiltach, Schwarzwald, Germany"
40537,"Hilsborow, New Mexico, USA"
40541,"Mount Diablo, San Benito County, California, USA"
40544,"Limares, Huesca, Spain"
40545,"Waldsassen, Oberpfalz, Germany"
40547,"Weissberggraben, Kärnten, Austria"
40551,"Mine Junge Kalbe, Schneeberg-Neustädtel, (East Germany) Germany"
40552,"Searles Lake, Trona, San Bernardino County, California, USA"
40553,"Searles Lake, San Bernardino County, California, USA"
40554,"Nucice near Prag, Bohemia, Czechoslovakia"
40555,"Mine Schöne Aussicht, Dernbach, Montabaur, Germany"
40556,"Mine Berlepsch, Stassfurt, Magdeburg, (East Germany) Germany"
40557,"Bärenstein near Lehesten-Thüringen, Germany"
40558,"Boron Open Pit, Kern County, California, USA"
40559,"Lehrte, Hannover, Germany"
40560,"Kermac Mine, Carlsbad, New Mexico, USA"
40561,"Pacific Coast Borax Mine, Boron, California, USA"
40562,"Wittelsheim near Mulhouse, Haut Rhin, France"
40563,"Heringen, Werra, Germany"
40564,"Duval Mine, Carlsbad, New Mexico, USA"
40568,"Mine Sigmundshall, Bokeloh near Wunstorf, Hannover, Germany"
40572,"Kaliwerk Sigmundshall, Bokeloh near Wunstorf, Hannover, Germany"
40573,"Adolfsglück, Hope, Schwarmstedt, Germany"
40574,"Schubau near Hannover, Germany"
40578,"Mine Hattorf, Philipsthal, Werra, Germany"
40581,"Wachlingen, Hannover, Germany"
40582,"Kaliwerk Adolfsglück, Hope, Schwarmstedt, Germany"
40584,"Mine Adolfsglück, Hope, Schwarmstedt, Germany"
40587,"Ronneberg, Hannover, Germany"
40590,"Bischofferode, Thuringia, Germany"
40593,"Mina Cerro de Mercado, Durango, Mexico"
40595,Burundi
40596,"Mine Rotläufchen, Waldgirmes, Lahnau, Germany"
40597,"Valley Ford, Sonoma County, California, USA"
40598,"Ramona, San Diego, California, USA"
40599,"Etiro Mine, Namibia"
40600,"Green River, Wyoming, USA"
40601,"Gunnislake, Cornwall, United Kingdom"
40603,"Cava di Gambatesa, Val Reppia, Liguria, Italy"
40605,"Bratthagen, Larvik, Norway"
40606,"Mendes Pimentil, Brazil"
40608,"Hard Luck Mine Baker, San Bernardino County, California, USA"
40609,"Svartbergsgruven, Sweden"
40610,"Prilep, North Macedonia, Greece"
40611,"Serre, Hautes Alpes, France"
40612,"Saubachtal, Muldenberg, Vogtland, Saxony, Germany"
40614,"Neurode, Eulengebirge, Niederschlesien, Germany"
40615,"Geffental, Ronneburg, Thuringia, Germany"
40616,"Cordillera Mine, Tuena, New South Wales, Australia"
40617,"Ludwig Mine, Yererigton, Nevada, USA"
40618,"Saubachbruch, Muldenberg, Vogtland, Saxony, Germany"
40621,"Varurtäsk, Nord-Schweden"
40622,"Ojuela, Mapimi, Durango, Mexico"
40623,"Mine Fromm, Sulzbach, Oberpfalz, Germany"
40624,"Mine Tannenberg, Mühlleiten, Vogtland, Saxony, Germany"
40626,"San Rafael, Segovia, Spain"
40628,"Copiapo, Chile"
40629,"Griesserhof near Hirt, Kärnten, Austria"
40632,"Hoosier Mine, Cripple Creek, Colorado, USA"
40633,"Schmiedestollen, Wittichen, Schwarzwald, Baden, Germany"
40634,"Total Wreek Mine, Arizona, USA"
40635,"Mine Clara, Wolfach, Kinzigtal, Schwarzwald, Germany"
40638,"Castle-on Dinas Mine, Cornwall, United Kingdom"
40639,"Boissejour, Clermont-Ferrand, France"
40640,"Mine Wilhelmine, Sommerkahl, Aschaffenburg, Germany"
40644,"Chindron, Toledo, Spain"
40645,"Segen Gottes, Wiesloch near Heidelberg, Germany"
40647,"Latrappe, Quebec, Canada"
40649,"Stormyr, Kleppe, Tördal, Norway"
40650,"Mearhead, Somerset, England, United Kingdom"
40651,"Reeneville, Zaire (Congo)"
40652,"Habri, Moravia, Czechoslovakia"
40654,"Longvale Quarry, Laytonville, Mendocino County, California, USA"
40657,"Weissbergerhütte, Saualpe, Kärnten, Austria"
40659,"Ellweiler, Hunsrück, Germany"
40660,"Hoher Hagen, Göttingen, Germany"
40661,"Neu St. Jürgen, Worpswede, Bremen, Germany"
40662,"Badakschan, Afghanistan"
40663,"Maubacher Bleiberg, Düren, Germany"
40666,"Mine Charlotte, Claustal, Harz, Germany"
40668,"Sierra Blanca, Malaga, Spain"
40669,"Margnac, Haute Vienne, France"
40678,"Ottoschwanden, Heuberg, Germany"
40680,"Meschede, Neheim-Hüsten, Arnsberg, Sauerland, Germany"
40683,"Gulsen, Steiermark, Austria"
40684,"Mine Junge Kalbe, Schneeberg, Erzgebirge, Germany"
40686,"Noro de Miguel, Minas Gerais, Brazil"
40687,"Keban, Ost-Türkei"
40691,"Mine Rotläufchen, Waldgirmes, Wetzlar, Germany"
40693,"St. Leger, Saône et Loire, France"
40694,"Mine Schonen, Sweden"
40695,"Popoo, Bolivia"
40696,"Monument Valley, Arizona, USA"
40699,"Umbaltal, Ost-Tirol, Austria"
40700,"Mine Brosso, Piemonte, Italy"
40701,"Forêt de la Haut-Poirot, Vosges, France"
40704,"Oedegaarden, Bamble, Telemark, Norway"
40706,"Niederlützingen, Eifel, Rheinland, Germany"
40708,"Mine Fortuna, Breitenbrunn, Germany"
40710,"Aosta, Piemont, Italy"
40711,"Rauschermühle, Niederkirchen, Pfalz, Germany"
40716,"Skjerpemyr Grua, Hadeland, Norway"
40717,"Etrembieres, France"
40718,"Redondo, Uruguay"
40719,"Rauschermühle, Kaiserslautern, Germany"
40722,"Grossglockner, Austria"
40724,"Sattelberg, Nickenich, Eifel, Rheinland, Germany"
40727,"Rodna Veche (Oradna), Transylvania, Romania (Hungary)"
40729,"Hartsteinwerk Vulkan, Haslach, Kinzigtal, Schwarzwald, Germany"
40730,"Dypingdal, Snarum, Norway"
40734,"Khan-Mine, Namibia"
40739,"Karibib, Namibia"
40741,"Grosse Spitzkopje, Namibia"
40742,"Palmenhorst, Sandamap, Namibia"
40743,"alter Triphylin-Tagbau, Sandamab, Usakos, Namibia"
40757,"Okongawa, Karibib, Namibia"
40758,"Neuschwaben, Karibib, Namibia"
40759,"Mine Humann, Karibib, Namibia"
40760,"Rubicon Mine, Karibib, Namibia"
40761,"Okongawa-Farm, Rubicon Mine, Karibib, Namibia"
40763,"Schurf Becker, Karibib, Namibia"
40765,"Rössingberge, Karibib, Namibia"
40766,"Rubicon Mine, Okongawa, Karibib, Namibia"
40767,"Giftkuppe, Namibia"
40768,"Usakos, Namibia"
40770,"Quarry near Karibib, Namibia"
40772,"Farm Etemba, Karibib, Namibia"
40774,"Al Hyat Mine, Fort Viktoria, Bikita, Rhodesien"
40775,"Rössingberg, Karibib, Namibia"
40780,"Omaruru (Okorusu) Farm, Otjiwarongo-Waterberg, Namibia"
40802,"Dobbelsberg, Karibib, Namibia"
40809,"Nubeb Berg, Usakos, Namibia"
40812,"Richtersfeld, Spodumen Kopje, Kenhardt, Namaqualand, South Africa"
40817,"Mine Gisela, Nabburg, Bavaria, Germany"
40819,"Pinge Geyer, Erzgebirge, Germany"
40820,"Coalcleugh-Mine, Nenthead near Alston, Cumberland, United Kingdom"
40822,"Teufelsgrund, Münstertal, Schwarzwald, Germany"
40823,"Mine Clara, Ober-Wolfach, Kinzigtal, Schwarzwald, Germany"
40824,"Mine Beihilfe Churprinz, Halsbrücke, Freiberg, Saxony, Germany"
40828,"Mine Hermine, Nabburg, Bavaria, Germany"
40833,"Winnets Pass near Castleton, Derbyshire, United Kingdom"
40837,"Mine Hermine, Stuhlen, Nabburg, Bavaria, Germany"
40839,"Wachsenberg, Kärnten, Austria"
40844,"Kaiserbachtal, Albersweiler, Pfalz, Germany"
40845,"Djebel Toubkal, Morocco"
40846,"Albersweiler, Pfalz, Germany"
40848,"Quarry Weiherschleife, Tiefenbach, Pfalz, Germany"
40849,"Oberschlottwitz near Dresden, Saxony, Germany"
40852,"Halsbach near Freiberg, Saxony, Germany"
40853,"Waldhambach, Pfalz, Germany"
40858,"Mine Traversella, Piemonte, Italy"
40860,"Umgebung der Khan-Mine, Namibia"
40863,"Iron Monarch Quarry, South Australia, Australia"
40869,"Dome Rock Copper Mine, Olary, South Australia, Australia"
40872,"St. John's Quarry, Kapunda, South Australia, Australia"
40874,"Kintore Open Cut, Broken Hill, New South Wales, Australia"
40875,"Orberg, Schelingen, Kaiserstuhl, Germany"
40877,"Solbad Hall, Austria"
40878,"Great Salt Plains, Utah, USA"
40879,"Bad Aussee, Austria"
40885,"Arbaz, Aosta, Italy"
40886,"Kanonensattel, Alp Flix, Sur, Grisons, Switzerland"
40890,"Miguel Vacas, Alentejo, Portugal"
40891,"Miguel Vacas Mine, Alentejo, Portugal"
40894,"Vrancice, Czechoslovakia"
40897,"Vechec, Czechoslovakia"
40898,"Freital near Dresden, Saxony, Germany"
40906,"Jahymov, Czechoslovakia"
40907,"Kökapu, Palhaza, Hungary"
40908,"Lesenceistvand, Tapolca, Hungary"
40909,"Nyiri, Zemplen-Gebirge, Hungary"
40911,"Giuzhou, Südwest-China"
40912,"Hunan, Mittel-China"
40913,"Kanton, Süd-China"
40914,"Henan, Mittel-China"
40921,"Spoil heap ""Neuer Shaft"", Mine Longban, Värmland, Sweden"
40922,"Khibny, Halbinsel Kola, USSR"
40923,"Garron Point Tower, Antrim, Nordirland"
40925,"Têtêtice, Klatovy, Czechoslovakia"
40926,"Kombat Mine, Namibia"
40927,"Vihorlat, Slovakei, Czechoslovakia"
40928,"Nanisivik Mine, Baffin Iceland, Canada"
40929,"Kälberlahner Peak, Haupental, Zillertal, Austria"
40930,"Laghman, Nuristan, Afghanistan"
40931,"Csordakö, Hungary"
40932,"Henderson Nr.2-Mine, Chibougamau, Quebec, Canada"
40954,"Rüti, Splügen, Grisons, Switzerland"
40955,"Pizzo Tambo, Splügen, Grisons, Switzerland"
40957,"Tamboalp, Splügen, Grisons, Switzerland"
40960,"Eisenerzgrube Alp Sut Fuina, Ausserferrera, Grisons, Switzerland"
40961,"Planatsch, Alp Taspegn, Zillis-Reischen, Grisons, Switzerland"
40962,"Spunda Verde, Innerferrera, Grisons, Switzerland"
40964,"Neuhof-Ellers, Hesse, Germany"
40966,"Waldsassen, Bavaria, Germany"
40968,"Shaft 371, Hartenstein near Schlema, Schneeberg, Saxony, Germany"
40969,"Bruch Askagen, südl. Torskebäken near Grytthyttan, Värmland, Sweden"
40970,"76-85 m Bereich, Mine Hagendorf-Süd, Bavaria, Germany"
40971,"Mine Bastnaes (Spoil heap), Riddarhyttan, Västmansland, Sweden"
40972,"Mine La Garonne, Cap Garonne near Toulon, France"
40973,"Herzog-Julius-Hütte near Astfeld, Harz, Germany"
40975,"Paros, Greece"
40976,"Emmelberg near Üdersdorf, Eifel, Rhineland-Palatinate, Germany"
40977,"Mayener Grubenfeld, Eifel, Germany"
40981,"Dorénaz, Valais, Switzerland"
40984,Nord-Libanon
40985,"Sieburg, Rhineland-Palatinate, Germany"
40986,"Issaquah, Washington, USA"
40987,"Helmstedt, Germany"
40992,"Mina de San Rafael, Pachuca Hidalgo, Mexico"
40993,"Meiggbach, Gampel, Valais, Switzerland"
40995,"Eskhisehir, Turkey"
40997,"Safoz, Haute Saône, France"
40998,"Tonkoido, Japan"
40999,"Mina la Fe, Tequisquiapan, Querétaro, Mexico"
41001,"Cava di Vetro, Montegrotto, Torreglia, Italy"
41003,"Halsbach, Saxony, Germany"
41005,"Euganeen, Albano, Italy"
41006,"Monte Olivetto, Turri, Euganeen, Montegrotto, Italy"
41010,"Vaison La Romanie, France"
41011,"Sugarloaf Mountains, Coso Hot Springs, Inyo County, California, USA"
41012,"Zinster Kuppe, Oberpfalz, Germany"
41013,"Quarry near Turri, Euganeen, Montegrotto, Italy"
41017,"Berg Aukas Mine, Rössing, Namibia"
41019,"Sauberg, Ehrenfriedersdorf, Saxony, Germany"
41020,"Waldsheimbach, Pfalz, Germany"
41022,"Vitigudini, Salamanca, Spain"
41023,"Quarry Bleiwäsche, Brilon, Germany"
41024,"Eingeborenen-Siedlung near Usakos, Namibia"
41029,"Pedrogoso, Estado Failon, Venezuela"
41030,"11. Sohle, Bergwerksglücker-Gang, Mine Wiemannsbucht, Claustal, Harz, Germany"
41031,"Mine Clarashall, Dreislar, Medebach, Sauerland, Germany"
41034,"Khan Mine, Namibia"
41037,"Maubacher Bleiberg, Eifel, Germany"
41039,"Mine Hühn, Trusetal, Thüringer Wald, Germany"
41040,"Bjordam, Krageröe, Telemark, Norway"
41041,"Bjordam, Bamle, Krageröe, Telemark, Norway"
41067,"Mine Stanija Albini (Sztanizsa), Transylvania, Romania"
41068,"Mine Acra Fericel, Transylvania, Romania"
41075,"Rudolfsschacht, Marienberg, Saxony, Germany"
41078,"Mine Santiago, Catigna, Chile"
41079,"Mine Junge Kolbe, Schneeberg, Neustädtel, Germany"
41080,"St. Just, Landsend, England, United Kingdom"
41081,"Zschorlaub, Schneeberg, Erzgebirge, Saxony, Germany"
41082,"Mine Weisser Hirsch, Schneeberg, Erzgebirge, Saxony, Germany"
41042,"Palmenhorst Canion, Swakopmund, Namibia"
41043,"Granatkogel, Oetztal, Tirol, Austria"
41044,"Wilde Kreuzspitze, Pfitschtal, Südtirol, Austria"
41045,"Granathütte, Zemmgrund, Zillertal, Tirol, Austria"
41046,"Moräne Gaissberggletscher, Obergurgl, Oetztal, Tirol, Austria"
41085,"Sherif Abad, Iran"
41088,"Kristiansand, Iveland, Norway"
41090,"Custer County, Colorado, USA"
41091,"Romtedal, Norway"
41092,"Hodalen, Tördal, Telemarken, Norway"
41095,"Schneeberg, Erzgebirge, Saxony, Germany"
41096,"Iveland, Norway"
41097,"Steinach, Kinzigtal, Schwarzwald, Germany"
41100,"Quarry near Malsburg, Kandern, Schwarzwald, Germany"
41102,"Halden, Norway"
41105,"Joplin, Kansas, USA"
41106,"Bölet, Vatternsee, Sweden"
41111,"Korretsberg, Krufter Ofen, Eifel, Germany"
41113,"Evje, Iveland, Norway"
41114,"Kaprun, Unterpinzgau, Austria"
41118,"Hochobir, Kärnten, Austria"
41121,"Altenberg, Erzgebirge, Saxony, Germany"
41122,"Castle-on-Dinas-Mine, Cornwall, United Kingdom"
41123,"Fossbekk, Iveland, Norway"
41124,"Granit-Bruch am Henneberg, Weitisberga, Lobenstein, Ostthüringer Schiefergebirge, Germany"
41125,"Worbener Heide, Eifel, Germany"
41127,"Auernigg, Mallnitz, Kärnten, Austria"
41128,"Falkenberg, Oberpfalz, Bavaria, Germany"
41129,"Wheatly Mine, Phoenixville, Pennsylvania, USA"
41130,"Quarry Orberg, Schelingen, Kaiserstuhl, Germany"
41131,"Maubacher Bleiberg, Germany"
41132,"Mine Wiemannsbucht, Bad Grund, Germany"
41134,"Mitterberg, Salzburg, Austria"
41136,"7½ Sohle, Zeche Pluto, Wanne-Eickel, Germany"
41138,"Pauls Shaft, Eisleben, Saxony, Germany"
41139,"Kleine Steimke, Königslutter, Germany"
41140,"El Golea, Sahara, Algeria"
41141,"Jettenhöhle, Osterode, Harz, Germany"
41142,"Eichelberger Gang, Shaft Wiemannsbucht, Bad Grund, Germany"
41144,"Mine Georg, Horhausen, Kreis Altenkirchen, Koblenz, Germany"
41145,"Kropfmühl, Passau, Bavaria, Germany"
41147,"Mine Clarashall, Dreislar, Sauerland, Germany"
41150,"Mine Bollenbach near Herdorf, Siegerland, Westfalen, Germany"
41153,"Oehrenstock, Ilmenau, Thuringia, Germany"
41155,Germany
41156,"Keban, Ost-Anatolien, Turkey"
41160,"Rio Tinto, Spain"
41161,"Mine Huth, Hamm, Siegen, Westfalen, Germany"
41162,"Badaksh, Taft, Iran"
41163,"Mammoth Mine, Pinal County, Arizona, USA"
41164,"Kelly Mine, Magdalena, Socorro County, New Mexico, USA"
41166,"Okorusu Farm, Marburg, Namibia"
41167,"Raibl, Udine, Italy"
41169,"Thasos, Greece"
41171,"Kupferbergwerk Letmathe, Iserlohn, North Rhine-Westphalia, Germany"
41174,"Revier II, Mine Hermann Danz, Trusetal, Thüringer Wald, Germany"
41177,"Alpe Tom, Quinto, Ticino, Switzerland"
41178,"Quarry Oberwiesental, Erzgebirge, Germany"
41184,"Ahrensberg, Zilsdorf, Eifel, Rheinland, Germany"
41187,"Gembeck, Adorf, Germany"
41189,"Weisseck, Lungau, Salzburg, Austria"
41190,"Johnsbach, Steiermark, Austria"
41191,"Erzberg, Steiermark, Austria"
41192,"Stratoniki, Chalkidiki, Greece"
41193,"Palade Lena, Nievez, Spain"
41195,"Oberzeiring, Austria"
41196,"Mine Christiane, Adorf near Waldeck, Kassel, Germany"
41197,"Sunk, Hohen Tauern, Austria"
41199,"Mine Beihilfe, Halsbrücke, Freiberg, Saxony, Germany"
41200,"Ahrbrück, Eifel, Rheinland, Germany"
41202,"Wittmannsgereuth, Saalfeld, Saale, Thuringia, Germany"
41203,"San Giovanni, Toscana, Italy"
41204,"Kaligrube Wathlingen-Hänigsen, Germany"
41205,"Mine Trepca, Yugoslavia"
41206,"Mine Friedrichsegen, Ehrlinghausen, Dillkreis, Germany"
41208,"11. Sohle, Bergwerksglücker-Gang, Mine Wiemannsbucht, Bad Grund, Harz, Germany"
41210,"Bergwerksglücker-Gang, Mine Wiemannsbucht, Bad Grund, Harz, Germany"
41211,"Zellidja, Morocco"
41214,"Storkollen, Krageröe, Telemark, Norway"
41215,"Süd-Harz, Germany"
41217,"Wolfsberg, Ober-Harz, Germany"
41218,"Mine Heissenstein, Stullen, Nabburg, Germany"
41220,"Eiken near Drammen, Norway"
41221,"Mine Hilfe Gottes, Bad Grund, Harz, Germany"
41223,"14. Sohle, Eichelberg-Gang, Mine Wiemannsbucht, Bad Grund, Harz, Germany"
41224,"Mine Füsseberg, Daaden, Westerwald, Germany"
41226,"Deister, Springe, Speckenbrink, Germany"
41228,"Malsburg, Kandern, Lörrach, Baden-Württemberg, Germany"
41230,"Mine Mommel, Trusetal, Thüringer Wald, Germany"
41231,"Birkenfeld, Rhineland-Palatinate, Germany"
41232,"Mine Hühn, Trusetal, Schmalkalden, Thuringia, Germany"
41234,"Mine Vereinigung, Katzwinkel, Siegerland, Germany"
41235,"südl. Evje, Iveland, Norway"
41237,"Puflatsch, Alpe di Seiss, Fassatal, Tirol, Italy"
41239,"Quarry Struth, Suhl, Germany"
41240,"Oberwiesental, Erzgebirge, Germany"
41241,"oberh. Druckerhütte, Saualpe, Prickler Tal, Kärnten, Austria"
41242,"Schwanberg, Steiermark, Austria"
41244,"Lisensertal, Ivifenau, Stubaier Alpen, Austria"
41246,"Duingen, Alfeld, Hildesheim, Germany"
41247,"Rio das Antastunnel, Rio Grande do Sul, Brazil"
41248,"Vogelsberg, Widdersheim, Hesse, Germany"
41250,"Duingen, Hils, Germany"
41252,"Langdorf, Hungen, Germany"
41255,"Lisenser Alpe, Stubaier Alpen, Tirol, Austria"
41256,"Vergalden Alpe, Vorarlberg, Austria"
41257,"Crev de Olorte, Barcelona, Spain"
41258,"Lanzarote, Las Palmas, Spain"
41259,"Altenberg, Geising, Germany"
41261,"Vogelsberg, Nidda, Widdersheim, Hesse, Germany"
41262,"Erdöl-Tiefbohrung, Essertines sur Yverdon, Switzerland (1963)"
41263,"Euba, Chemnitz, Germany"
41267,"Quarry Bodenwald, Oberdorf, Seedorf, Uri, Switzerland"
41275,"Patterson, New Jersey, USA"
41277,"Belafa, Madagascar"
41278,"Karabungasteppe, USSR"
41280,"Marin County, California, USA"
41281,"Washington Pass, Okanogan County, Washington, USA"
41282,"Lavren da Ilha, Itinga, Minas Gerais, Brazil"
41284,"Schneeberg, Val Passiria (Passeiertal), Tirol, Italy"
41290,"Avala, Belgrad, Serbia, Yugoslavia"
41294,"Mine Kurfürst, Freiberg, Saxony, Germany"
41296,"Tannebaum, Schwarzenberg, Saxony, Germany"
41311,"Galgenbergfeld, Sulzbach-Rosenberg, Germany"
41314,"Huddersfield, Quebec, Canada"
41320,"Kaswassergraben, Steiermark, Austria"
41321,"Mine Schmalgraf, Altenberg near Aachen, Germany"
41322,"Gant, Hungary"
41324,"Schwerspatgrube Oberbach, Rhön, Germany"
41327,"Oberdorf, Laming, Steiermark, Austria"
41329,"Bad Harzburg, Germany"
41330,"Kailua, Oahu, Hawaii, USA"
41331,"Mina Arnoldo, Carupano, Venezuela"
41332,"Quarry südl. Monte Grotto, Abano, Euganeen, Italy"
41335,"Berlinerhütte, Zillertal, Tirol, Austria"
41343,"Toal de Mason, Monzoni, Fassatal, Tirol, Italy"
41346,"Capo Calamita, Island Elba, Italy"
41347,"Kaltherberghütte, Hohen Knatlstein, Steiermark, Austria"
41348,"Treffen, Villach, Kärnten, Austria"
41351,"Lisenser Alpe, Sellrain, Tirol, Austria"
41352,"Kohlebornskehre, Radautal, Harzburg near Ilefeld, Harz, Germany"
41355,"Gertrusk, Saualpe, Kärnten, Austria"
41356,"Mine Rio Marina, Island Elba, Italy"
41357,"Wallhorntörl, Prägraten, Ost-Tirol, Austria"
41360,"Jemaa, Nigeria"
41361,"Bärenstein, Radautal, Harzburg, Germany"
41362,"Berlinerspitze, Zillertal, Tirol, Austria"
41363,"Artenberg near Steinach, Kinzigtal, Schwarzwald, Germany"
41365,"Berlinerhütte, Zemgrund, Zillertal, Tirol, Austria"
41367,"Sunk, Trieben, Steiermark, Austria"
41371,"Versuchsstollen Ohlsbach, Schwarzwald, Germany"
41373,"Lisenser Alpe, Tirol, Austria"
41375,"Grottenklippe, Radautal, Harz, Germany"
41376,"Schortetal, Ilmenau, Thuringia, Germany"
41380,"Antonischacht, Kreuth, Kärnten, Austria"
41383,"Lake Juco, Coahuila, Mexico"
41384,"Wapso-Baru, India"
41386,"Kalkfeld, Namibia"
41387,"Rädersberg, Brück, Eifel, Germany"
41391,"Quarry Ahl, Nettetal, Eifel, Germany"
41393,"Borrick Gold Mine, Mercur, Utah, USA"
41394,"Saga, Langesungsfjord, Tvedalen, Norway"
41395,"White Canyon Mining District, San Juan County, Utah, USA"
41396,"Inder, Parikaspiy, Kazakhstan, USSR"
41397,"Burro Mine, Slick Rock, San Miguel County, Colorado, USA"
41398,"Molinello, Val Graveglia, Liguria, Italy"
41399,"Kamoto, Shaba, Zaire (Congo)"
41400,"Tula Mount, Enderby Land, Antarktis"
41401,"Chibiny, Halbinsel Kola, USSR"
41402,"Egnar Area, Slick Rock, San Miguel County, Colorado, USA"
41404,"Yukspor, Khibina Massiv, Halbinsel Kola, USSR"
41405,"Lovelock Mine, Bolivia, Cottonwood-Canyon, Churchill County, Nevada, USA"
41407,"Warrumbungle, Volcano, New South Wales, Australia"
41408,"Itabira, Minas Gerais, Brazil"
41409,"Tazheran, Baikal, USSR"
41410,"Moculta, Flinders Range, South Australia, Australia"
41411,"Repete Mine, San Juan County, Utah, USA"
41412,"Kolbachik Vulkan, Kamchatka, Sibirien, USSR"
41414,"Temple Mountain, Utah, USA"
41415,"Scoresby Sund, Gaase Fjord, Greenland"
41417,"Wyssokaya, Nischne Tagilsk, Ural, USSR"
41419,"Magnet Cove, Hot Spring County, USA"
41420,"Adit Campello Monti, Val Strona, Italy"
41423,"Alp Sut Foina, ob Ausserferrera, Val Ferrera, Grisons, Switzerland"
41424,"Starlera, Innerferrera, Grisons, Switzerland"
41428,"Alp Flix, Sur, Grisons, Switzerland"
41430,"Galkichumma, Baltschieder, Valais, Switzerland"
41435,"San Diego, California, USA"
41436,"Mine Peter, St. Leonhard, Saualpe, Kärnten, Austria"
41437,"Alpe Bill, Macugnaca, Italy"
41438,"Krantzberg-Mine, Namibia"
41439,"Totenkopf, Furtschagelhütte, Zillertal, Tirol, Austria"
41440,"Nordrach, Baden, Germany"
41441,"St. Leonhard, Saualpe, Kärnten, Austria"
41451,"Stewart Mine, Pala, San Diego, California, USA"
41452,"Mine Varuträsk, Skelleftea, Sweden"
41457,"Trepca, Kosovska Mitrovica, Yugoslavia"
41459,"Kamsdorf, Saalfeld, Thuringia, Germany"
41461,"Monte Amiata, Grosseto, Toscana, Italy"
41462,"Shaft Martenberg, Mine Christiane, Adorf near Waldeck, Kassel, Germany"
41465,"Salton Sea, Imperial County, California, USA"
41466,"Kola, Finland"
41472,"Nickenicher Sattelberg, Nickenich, Eifel, Rheinland, Germany"
41477,"Zweibach-Tellerhäuser, Erzgebirge, Saxony, Germany"
41478,"Quarry near Karibib, Sandamap, Namibia"
41479,"Quarry Rauschermühle, Germany"
41480,"Gasbacher Gwänd, Ost-Tirol, Austria"
41481,"Stubachtal, Pinzgau, Salzburg, Austria"
41483,"Blokkebukta, Helgeröa, Langesund, Norway"
41485,"Landsverk, Evje, Norway"
41486,"Nasik, India"
41489,"Saubachriss, Klingental, Vogtland, Saxony, Germany"
41492,"Gang Ludewike, Stanija Albini (Sztanizsa), Transylvania, Romania"
41494,"Heiligenblut, Kärnten, Austria"
41499,"Mine Brusnjö, Grytthyttan, Värmland, Sweden"
41500,"Bamble, Norway"
41501,"Druckerhütte, Saualpe, Eberstein, Kärnten, Austria"
41502,"Cherbadung-S (Pizzo Cervandone), Italy"
41510,"Stützendorf, Tittling, Bavaria, Germany"
41511,"Triebendorf, Oberpfalz, Germany"
41512,"Mine Georg, Horhausen, Unter-Westerwald, Germany"
41513,"Shaft I/II, Zeche Niederrheinische Bergwerke AG, Neukirchen-Vluyn, Germany"
41518,"Mine Hermine, Lissenthan, Nabburg, Bavaria, Germany"
41520,"Volcani Laziali, Vitterbo, Italy"
41521,"Mine Georg, Willrother Höhe, Horhausen, Westerwald, Germany"
41524,"Mina Noche Buena, Mazapil, Zacatecas, Mexico"
41525,"Thieschitz, Gera, Thuringia, Germany"
41527,"Nidda, Giessen, Hesse, Germany"
41535,"Villamanin, Spain"
41536,"Zbirov, Bohemia, Czechoslovakia"
41543,"Grubach near Golling, Salzburg, Austria"
41544,"Mine Lindenberg, Münster, Oberlahnkreis, Hesse, Germany"
41547,"Quarry OSA, Colli Albani near Rom, Italy"
41548,"Reichweiler, Saar, Germany"
41550,"Mine Ludwig, Adlersbach, Hausach, Germany"
41552,"Schlema, Schneeberg, Erzgebirge, Saxony, Germany"
41553,"Ariccia, Colli Albani near Rom, Lazio, Italy"
41554,"Bülten-Adenstedt, Germany"
41556,"Utö, Södermanland, Sweden"
41557,"15 km nördl. Larvik, Norway"
41558,"Aquae Acetosa, Rom, Italy"
41560,"Porthowan, Cornwall, United Kingdom"
41561,"Mine Synken, Hiltveit, Iveland, Norway"
41562,"Gryting, Gjernestad, Norway"
41563,"Wernersdorf, Steiermark, Austria"
41564,"Steimke, Hannover, Germany"
41565,"Barkevika, Langesundsfjord, Norway"
41566,"Overanntjern, Modum, Norway"
41567,"Fischbach, Idar-Oberstein an der Nahe, Germany"
41568,"Winterberg, Bad Grund, Harz, Germany"
41569,"Meggen, Westfalen, Germany"
41571,"Geissbergferner, Obergurgel, Oetztal, Tirol, Austria"
41572,"11. Sohle, Bergwerksglücker-Gang, Wiemannsbucht-Schacht, Bad Grund, Harz, Germany"
41573,"Bergwerksglücker-Gang, Wiemannsbucht-Schacht, Bad Grund, Harz, Germany"
41576,"Bergwerksglücker-Gang, Claustal-Zellerfeld, Harz, Germany"
41577,"Serpentinbruch Hirt, Friesach, Kärnten, Austria"
41578,"Steinbachtal near Cernay, Vosges, France"
41580,"Kaiser Wilhelm Shaft, Claustal, Harz, Germany"
41581,"Charcas, San Luis Potosi, Mexico"
41589,"Heimspitze, Vorarlberg, Austria"
41590,"Schwarzsee, Zemmgrund, Zillertal, Tirol, Austria"
41591,"Huercal-Overa, Spain"
41593,"Druckerhütte, Saualpe, Eberstein, Prickler Halt, Kärnten, Austria"
41595,"Gorob, Namibia"
41596,"Blaue Kuppe, Farm Etemba, Namibia"
41601,"Prickler Halt, Saualpe, Kärnten, Austria"
41602,"Mine Michael, Geroldsau, Baden-Baden, Germany"
41606,"Nassau, Westfalen, Germany"
41609,"St. Prix, Massif Central, France"
41612,"Schönberg, Freiburg i. Br., Schwarzwald, Germany"
41613,"Ramsbeck, Sauerland, Westfalen, Germany"
41614,"Mine Georg, Willroterhöhe, Westerwald, Germany"
41615,"Prats Sampsor, Lérida, Spain"
41616,"Praborna di St. Marcel, Aosta, Piemonte, Italy"
41617,"Majunga, Madagascar"
41619,"Leuchtenberg, Bayrischer Wald, Germany"
41622,"Bongnes, Spain"
41624,"Nickenich, Eifel, Rheinland, Germany"
41625,"Mine Glücksrad, Oberschulenberg, Harz, Germany"
41626,"Hühnersedl, Welschensteinach, Schwarzwald, Germany"
41627,"Ichinokawa, Island Shikoku, Japan"
41629,"Warmbühl, Eger, Bohemia, Czechoslovakia"
41630,"Goiaz, Brazil"
41635,"Rudolfschacht, Marienberg, Saxony, Germany"
41640,"Mine Sulzbach-Rosenberg, Oberpfalz, Germany"
41641,"Knaben-Grube, Telemark, Norway"
41642,"Tick Canyon, Los Angeles County, California, USA"
41643,"Mine Dr. Geier, Waldalgesheim, Rhineland-Palatinate, Germany"
41644,"Kesebal, Sweden"
41648,"Otavi, Namibia"
41649,"Quarry zw. Bell + Ettringen, Eifel, Germany"
41651,"Schlüsselberg, Wünschendorf, Elster, Germany"
41652,"Mine Grünberg, Bergklemen, Germany"
41653,"Gehöft Zatzer, Alpe di Seiss, Fassatal, Tirol, Italy"
41655,"Mine Roter Bär, Andreasberg, Harz, Germany"
41656,"Achtermannshöhe, Brockengebiet, Germany"
41659,"Mine Neuglück, Wittichen, Schwarzwald, Germany"
41660,"Ambas Aguas, Spain"
41661,"Feldbach, Steiermark, Austria"
41665,"Kassandra, Chalkidiki, Greece"
41668,"Bleiwäsche, Thülen, Westfalen, Germany"
41669,"Strontian, Bellgrove, England, United Kingdom"
41671,"Grosskogel, Brixlegg, Tirol, Austria"
41672,"Rudolfschacht, Bleiberg, Kärnten, Austria"
41676,"Lichtenberg, Hof, Fichtelgebirge, Bavaria, Germany"
41680,"Zinnwald, Ehrenfriedersdorf, Saxony, Germany"
41683,"Settlingstone, Northumberland, United Kingdom"
41685,"Mine Pinge Geyer, Erzgebirge, Saxony, Germany"
41686,"Tolgus Mine, Redruth, Cornwall, United Kingdom"
41688,"Friksatd, Iveland, Norway"
41690,"Colquechake, Peru"
41692,"Jewel Tunnel, Poonah, India"
41695,"Mina San Martin, Sombbrerata, Mexico"
41696,"Oristano, Sardinien, Italy"
41697,"Petz-Bruch, Neumark, Saxony, Germany"
41698,"San Pietro, Island Elba, Italy"
41700,"Steinhaag, Obernzell, Passau, Niederbayern, Germany"
41705,"Salesel, Elbe, Germany"
41706,"Laacher See, Pulvermaar, Eifel, Rheinland, Germany"
41707,"Wiemannsbucht-Schacht, Bad Grund, Harz, Germany"
41709,"Ostseite Puflatsch, Alpe di Seiss, Fassatal, Tirol, Italy"
41710,"Talysker Bay, Island Skyl, Scotland, United Kingdom"
41711,"Puflerjoch, Alpe di Seiss, Fassatal, Tirol, Italy"
41714,"Bernitzgrün, Vogtland, Saxony, Germany"
41715,"Hocharn, Salzburg, Austria"
41716,"Mies, Yugoslavia"
41717,"Ardèche, France"
41719,"Mine Dämmelwald, Wiesloch near Heidelberg, Germany"
41721,"Saarfels, Saarbrücken, Germany"
41722,"Teneguia, Las Palmas, Spain"
41723,"Kalkscholle, Ahrensberg, Zilsdorf, Eifel, Rheinland, Germany"
41725,"Thortveit, Iveland, Norway"
41727,"Reed Station, Marin County, California, USA"
41728,"Schiffenberg, Giessen, Oberhessen, Germany"
41730,"Arensberg, Zilsdorf, Eifel, Rheinland, Germany"
41731,"Hallberg, Rigaus, Abtenau, Salzburg, Austria"
41732,"Tschardy, Turkey"
41733,"Rossberg, Rossdorf, Darmstadt, Germany"
41736,"Bellsgrove Mine, Strontian, Fort William, Inverness-Shire, United Kingdom"
41737,"Gottesgabbaue, Silberberg, Bodenmais, Bayrischer Wald, Germany"
41738,"Grosser Techelberg, Groschlattengrün, Oberpfalz, Germany"
41741,"Ankogel, Mallnitz, Kärnten, Austria"
41744,"Mine Reicher Trost, Reichenstein, Silesia, Poland"
41745,"Shaft Amerika II, Mina Ojuela, Mapimi, Durango, Mexico"
41746,"Ste.-Marie-aux-Mines (Markirch), Haut Rhin, France"
41748,"Cornwall, England, United Kingdom"
41752,"Kaliwerk Riedel, Hänigsen, Kreis Burgdorf, Hannover, Germany"
41753,"Sierra de Calatravèno, Cordoba, Spain"
41756,"Massa Marittima, Province Grosseto, Italy"
41757,"Radhausberg, Salzburg, Austria"
41761,"100m-Sohle östl., Mine Christiane, Adorf near Waldeck, Kassel, Germany"
41762,"Picos d'Europa, Santander, Spain"
41763,"Stari Trg, Trepca, Kosovska, Mitrovica, Yugoslavia"
41764,"Mapimi Mine, Mexico"
41767,"Nentershausen, Hesse, Germany"
41768,"Miami, Oklahoma, USA"
41769,"Mine Osterfeld, Oberhausen, Osterfeld, Germany"
41770,"Somberg, Ehrenfriedersdorf, Saxony, Germany"
41771,"Freudenzeche, Haiger, Dillkreis, Germany"
41774,"Oderstollen, Andreasberg, Harz, Germany"
41777,"Alberode, Aue, Erzgebirge, Germany"
41779,"San Fernando, Herdorf, Siegerland, Westfalen, Germany"
41780,"Mine Münden, Richelsdorfer Gebirge, Hesse, Germany"
41787,"Château de Salm (Salm-Château), Belgium"
41789,"Utö, Sweden"
41792,"Schiss Mine, Ludvika, Dalarma, Sweden"
41793,"Leksvig, Trondheim, Norway"
41794,"Lom, Norway"
41795,"Hiltveit, Iveland, Norway"
41796,"Blokkebukta, nördl. Delgeröa, Langesundsfjord, Norway"
41797,"Mine Käthe, St. Leonhard, Kärnten, Austria"
41798,"Norra Kärr, Oestergötland, Sweden"
41799,"Mönchnerscharte, Zillertal, Tirol, Austria"
41801,"Langesundsfjord, Norway"
41803,"Modum, Drammen, Norway"
41806,"Brosso, Ivrea, Piemonte, Italy"
41807,"Mine Villa de Ciervos, Verin, Spain"
41808,"Härtekollen, Norway"
41809,"Little Cottonwood, Canyon Salz Lake County, Utah Borat, USA"
41810,"aus einer Hausmauer, Wachsenberg, Kärnten, Austria"
41811,"Hausenberg, Pfaffenreuth, Passau, Bavaria, Germany"
41813,"Vorokafotra, Betroka, Madagascar"
41814,"Ödwinkelkees, Hohe Tauern, Stubachtal, Salzburg, Austria"
41815,"Moschitzberg, Kärnten, Austria"
41817,"Dürnstein, Steiermark, Austria"
41819,"am Meerstrand, Island Elba, Italy"
41822,"Massa Marittima, Italy"
41823,"Beisenroda, Wippratal, Harz, Germany"
41824,"Schneeberg, Passeir, Südtirol, Italy"
41826,"Otavigebirge, Namibia"
41827,"Sorno, Tierno, Province Trieste, Italy"
41829,"Willsborow, New York, USA"
41830,"Haslau, Eger, Bohemia, Czechoslovakia"
41832,"Ehrenfriedersdorf, Harzgebirge, Germany"
41833,"Mine Friedrich Christian, Wildschappach, Kinzigtal, Schwarzwald, Germany"
41834,"Lerbach, Claustal, Harz, Germany"
41837,"13. Sohle, Eichelberger Gang, Mine Hilfe Gottes, Bad Grund, Germany"
41838,"Cortez Mine, Nevada, USA"
41840,"Bad Hall, Tirol, Austria"
41844,"Island Serivos, Greece"
41845,"Mine am Wegscheiderkopf, Sulzburg, Südschwarzwald, Germany"
41846,"Rotmoostal, Obergurgel, Oetztal, Tirol, Austria"
41847,"Mine Max, Kruth, Kärnten, Austria"
41851,"Mine Rosenberg, Braubach, Rhein, Germany"
41852,"Püllersreuth, Oberpfalz, Germany"
41855,"Knipane, Iveland, Norway"
41858,"Schneckenstein, Muldenberg, Vogtland, Saxony, Germany"
41861,"Hoydalen, Tördal, Telemarken, Norway"
41862,"Bleiklien, Bamble, Norway"
41863,"Mine Alter Türk, Schneeberg, Erzgebirge, Saxony, Germany"
41870,"Alpe do le Pale, Mazzin, Fassatal, Tirol, Italy"
41871,"Island Palmaria near Spezia, Italy"
41872,"Steiner Alpe, Osttirol, Austria"
41873,"Shaft II, Kaliwerk Einigkeit, Ehmen, Fallersleben, Lower Saxony, Germany"
41874,"Pacific Coast Borax Mines, Boron, California, USA"
41876,"Sherman Mine, Burke, Idaho, USA"
41878,"Dump of old gen. Mine, San Diego, California, USA"
41880,"Roccamonfina, Rom, Italy"
41882,"Lochborn, Biber, Gelnhausen, Germany"
41884,"Quarry Rauschermühle, Niederkirchen, Pfalz, Germany"
41885,"Mine Fortuna, Breitbrunn, Erzgebirge, Germany"
41886,"Fressnitzgraben, Krieglach, Steiermark, Austria"
41889,"Mine Christian Friedrich, Siegen, Nassau, Westfalen, Germany"
41894,"Worenke, Drei Annen-Hohne, Harz, Germany"
41896,"Vallée de la Doller (Dollertal), Sewen, Haut-Rhin, France"
41899,"Bohneburg, Westfalen, Germany"
41900,"Mine Hamam und Bails, Djebel Nador, Algeria"
41901,"Mine Auguste Viktoria, Marl, Germany"
41906,"Schlainig, Burgenland, Austria"
41907,"Keeskogel, Obersulzbachtal, Salzburg, Austria"
41908,"Triberg, Schwarzwald, Germany"
41915,"Roseburg, Island Tasmania, Australia"
41916,"Mine Siebenschleen, Schneeberg-Neustädtel, Germany"
41917,"Rüdersdorf, Brandenburg, Germany"
41924,"Mine Karoline, Sulzbach-Rosenberg, Germany"
41925,"Mine Eisenkaute, Marienberg, Westerwald, Germany"
41927,"Château Lambert, Vosges, France"
41929,"Reichenweiler, Pfalz, Germany"
41930,"Tivilohofen, Reichweiler, Saar, Germany"
41931,"Mine Bülten-Adenstedt, Salzgitter, Germany"
41933,"Törlkopf, Mallnitz, Kärnten, Austria"
41934,"Mine Luise, Horhausen, Unter-Westerwald, Germany"
41939,"Stolberg, Aachen, Germany"
41940,"Minas Vagabunda, Valencia, Spain"
41944,"Mine Clara, Oberwolfach, Schwarzwald, Germany"
41945,"Bleidenstadt, Kreis Untertaunus, Hesse, Germany"
41946,"Lindener Mark, Giessen, Germany"
41950,"Biesenrode, Ost-Harz, Germany"
41952,"2000 m, Wimmertal, Gerlos-Grund, Zillertal-Alpen, Tirol, Austria"
41954,"Paps, Transvaal, South Africa"
41959,"Gradischkogel, Steiermark, Austria"
41966,"Mine Outokumpu, Kuwsjärvi, Finland"
41967,"Meggen, Pfalz, Germany"
41968,"Mine Bor, Zajecar, Serbia, Yugoslavia"
41969,"Forchermühle, Knittelfeld, Steiermark, Austria"
41970,"Torpe, Sardinien, Italy"
41971,"Alonyssos, nördliche Sporaden, Greece"
41975,"Füzen, Bonndorf, Germany"
41977,"Schlema, Erzgebirge, Saxony, Germany"
41978,"Steele Quarz Mine, Lyndhurst, Ontario, Canada"
41979,"St. Johann, Salzachtal, Austria"
41981,"Santa Rosa, Peru"
41982,"Herchenberg, Brohltal, Eifel, Rheinland, Germany"
41986,"Mina Gagillitas, Catamarca, Argentina"
41988,"Meggen, Sauerland, Germany"
41993,"Triberg, Baden, Germany"
41994,"Hellerberg, Freisen, Germany"
41995,"Blaton, Belgium"
41996,"Bergwerksglücker-Gang, Shaft Wiemannsbucht, Bad Grund, Harz, Germany"
41998,"Sierra de Calatravenno, Cordoba, Spain"
41999,"Rotkopf, Zemgrund, Zillertal, Tirol, Austria"
42000,"Gasthaus Alpenrose, Lisenser Alpe, Stubaier Alpen, Tirol, Austria"
42002,"Mac Donald Quarry, Hybla, Ontario, Canada"
42005,"Ankogel, Kärnten, Austria"
30167,"N-Flanke Chrüzlistock (Etzlital), Silenen, Uri, Switzerland"
30169,"Appenzell, Switzerland"
30170,"Montaran, Switzerland"
30188,"N unterhalb Gämmertallücke, Gurtnellen, Uri, Switzerland"
30190,"Gegend des Piz Giuv, Gurtnellen, Uri, Switzerland"
30195,"S Piz Giuv/unter Crispaltlücke, Tujetsch, Grisons, Switzerland"
30200,"N-Seite Piz Giuv, Gurtnellen, Uri, Switzerland"
30201,"N-Flanke des Fedenstock, Gurtnellen, Uri, Switzerland"
30205,"Rieder-Reusstobel ob Amsteg, Uri, Switzerland"
30208,"N-Seite Chli Mutsch, Silenen, Uri, Switzerland"
30210,"N-Fuss Chli Mutsch, Silenen, Uri, Switzerland"
31506,"Berg Aukas, Grootfontein, Otjozondjupa Region, Namibia"
31509,"oberhalb Mine Lengenbach, Binn, Valais, Switzerland"
31513,"Mellikon, Aargau, Jura, Switzerland"
31521,"Ivigtut, Arsuk, Kitaa, Greenland"
30216,"Lücke zwischen Chli Mutsch und Mutsch, Silenen, Uri, Switzerland"
30220,"Obermatt (Alp Obermatt), Gurtnellen, Uri, Switzerland"
30221,"Messerenbach, Binntal, Valais, Switzerland"
30229,"Valle di Ponte (Valle del Madone), Brissago, Ticino, Switzerland"
30230,"Bondasca, Bondo, Grisons, Switzerland"
30231,"Cacciabella, Bondo, Grisons, Switzerland"
30237,"von der Mittelmoräne des Unteraargletscher, Guttannen, Bern, Switzerland"
30238,"Val Calanca, Rossa/Arvigo, Grisons, Switzerland"
30239,"Moräne des Bächihorn, Gurtnellen, Uri, Switzerland"
30240,"Steinenrothorn near Blausee, Grengiols, Valais, Switzerland"
30243,"Pizzo del Prévat, Fusio, Ticino, Switzerland"
30245,"Aletschgletscher, Fieschertal, Valais, Switzerland"
30252,"Passo del Narèt,  Bedretto, Ticino, Switzerland"
30256,"Alpe Casaccia, Olivone, Ticino, Switzerland"
30258,"Casnil, Stampa, Grisons, Switzerland"
30260,"N-Seite Rotlauihorn, Guttannen, Bern, SchweizSchweiz"
30261,"N-Seite Rotlauihorn Guttannen, Bern, Switzerland"
30262,"Monte Sissone, Stampa, Grisons, Switzerland"
30265,"N-Seite der Gammertallücke, Gurtnellen, Uri, Switzerland"
30276,"Mine Robert, Salanfe, Evionnaz, Valais, Switzerland"
30278,"Mine des Trappistes, Mont Chemin, Vollèges, Valais, Switzerland"
30283,"Brocheni Flue, Waldenburg, Basel-Landschaft, Switzerland"
30284,"Dittingen, Basel-Landschaft, Switzerland"
30286,"Kohlholzhalde, Nenzlingen, Basel-Landschaft, Switzerland"
30288,"Quarry Bodenried, Zwingen, Basel-Landschaft, Switzerland"
30289,"Couloir Collaud (Mont Chemin), Bovernier, Valais, Switzerland"
30290,"Mine Chez Larze (Mont Chemin), Vollèges,  Valais, Switzerland"
30294,"Täschalp, Täsch, Valais, Switzerland"
30300,"Inners-Barrhorn, St. Niklaus, Valais, Switzerland"
30303,"Weisshornhütte, Randa, Valais, Switzerland"
30504,"Hamstead, Isle of Wight, United Kingdom"
30510,"San Piero, Island Elba, Italy"
30516,"Marina, Island Elba, Italy"
30520,"Thann, Haut-Rhin, France"
30534,"Erzenbachkopf, Bitschwiller-lès-Thann (Bitschweiler), Thann, Haut-Rhin, France"
30568,"Weserbergland, Germany"
30306,"Mine near Zinal, Valais, Switzerland"
30308,"Mine la Termino, St-Luc, Valais, Switzerland"
30309,"Forcletta, Oberems, Valais, Switzerland"
30311,"Mine Rotberg oberhalb Goppenstein, Ferden, Valais, Switzerland"
30312,"Mine de la Comtesse, Praz-Jean, Valais, Switzerland"
30319,"Turtmanngletscher, Oberems, Valais, Switzerland"
30320,"Mine Les Trappistes, Vollèges, Valais, Switzerland"
30333,"Nordgrat des Grüebhorn (Grubhorn), Baltschieder, Valais, Switzerland"
30344,"Hinter Geissberg, Lauwil, Basel-Landschaft, Switzerland"
30345,"Zwingen/Blauen, Basel-Landschaft, Switzerland"
30352,"Chornberg, Herznach, Aargau, Switzerland"
30353,"Quarry der Ruine Gilgenberg, Zullwil, Solothurn, Switzerland"
30365,"Renggersmatt near Arlesheim, Basel-Landschaft, Switzerland"
30369,"Weenzen, Germany"
30370,"Huppergrube Rickenbacher Mühle, Germany"
30375,"Zechstein an der Leine, Germany"
30586,"Kalahari Distr., SAR"
30587,"Erzberg (near Eisenerz, Steiermark, Austria)"
30588,"Luzenac, Pyrénées, France"
30462,"Lierbach, Oppenau, Offenburg, Baden-Württemberg, Germany"
30483,"Lissenthau, Oberpfalz, Germany"
30487,"Mine Friedrichs, Niederhövels, Siegen, Nassau, Westfalen, Germany"
30488,"Les Beaux, Provence, France"
30493,"Zemmgrund, Zillertal, Tirol, Austria"
30494,"Lisensertal, Stubaier Alpen, Austria"
30496,"Hildesheim, Germany"
30497,"Logniztal, Thuringia, Germany"
30498,"Hammer-Unterwiesental, Erzgebirge, Germany"
30402,"Quarry Chleiblauen, Blauen, Basel-Landschaft, Switzerland"
30408,"Lungental (unleserlich), Silenen, Uri, Switzerland"
30409,"Mine Grône, Grône, Valais, Switzerland"
30415,"near Wieden, Todtnau, Lörrach, Baden-Württemberg, Germany"
30500,Mittelamerika
30501,"Falkland-Inseln, Argentina"
30502,"El Golea, Sahara"
30503,Nepal
30569,"Vulkan, Italy"
30571,"Tsumo, Shimone, Japan"
30579,"Voi, Kenya"
30581,"Kochi Shikoku, Japan"
30583,"Wolfshagen, Germany"
30584,"Tohi Shizuoka, Japan"
30589,Amerika
30590,"Kiesgrube Tiergarten, Rheinfelden, Switzerland"
30591,"Punung, Indonesia"
30596,"Landmannalangar, Iceland"
30598,"Dradjat near Garut, Java, Indonesia"
30600,"Nagreg, West-Java, Indonesia"
30601,Island Tahiti
30603,"Askja, Iceland"
30604,"Marehanho, Sibirien, USSR"
30605,"Island Sky, Scotland, United Kingdom"
30606,"Sevan See, Armenia, Russia"
30609,"Adenau, Germany"
30611,"Santa Cruz, Arizona, USA"
30612,"Nudenbach, Taunus, Germany"
30613,"Holzerspitz, Binn, Valais, Switzerland"
30616,"Sewen, Wassen, Uri, Switzerland"
30617,"Faflertal, Lötschental, Valais, Switzerland"
30621,"E Piz Medel, Medel (Lucmagn), Grisons, Switzerland"
30625,"Kahlenberg, Eifel, Germany"
41048,"Pusygraben, Lölling, Kärnten, Austria"
41049,"Granatwand, Oetztal, Tirol, Austria"
41050,"Geissbergferner, Obergurgl, Oetztal, Tirol, Austria"
41057,"Rittersgrün, Erzgebirge, Germany"
41058,"Sbisa, Agrigento, Sizilien, Italy"
41059,"Schwefelgrube near Naro, Agrigento, Sizilien, Italy"
41061,"Schwefelgrube Caltanissetta, Sizilien, Italy"
41062,"Nameskardi, Myvatn, Iceland"
41063,"Weenzen, Alfeld, Leine, Germany"
41064,"Roccalmuto, Sizilien, Italy"
41065,"Stanija Albini (Sztanizsa), Transylvania, Romania"
42275,"Chvaletice, Bohemia, Czechoslovakia"
42277,"Ilimaussaq, Greenland, Denmark"
42278,"Hannebach, Eifel, Germany"
42279,"Pucher Mine, Schneeberg, Saxony, Germany"
42281,"Duranus, France"
42282,"Horni Slavkov, Bohemia, Czechoslovakia"
42283,"Huber Quarry, Horni Slavkov, Bohemia, Czechoslovakia"
42284,"Les Valettes, Valais, Switzerland"
42285,"Lodéve, Hérault, France"
42286,"Coyote Peak, Humboldt County, California, USA"
42287,"Milesov, Bohemia, Czechoslovakia"
42288,"Ilimaussaq, Greenland"
42291,"West Sunday Mine, San Miguel County, Colorado, USA"
42292,"Kvanefjeld, Ilimaussaq, Greenland"
42294,"Mina Le Cetine, Toscana, Italy"
42295,"Faluns, Sweden"
42296,"Kopeisk, Ural, USSR"
42297,"Freital, Saxony, Germany"
42299,"Lubietova, Slovakei, Czechoslovakia"
42300,"Mina di Gambatesa, Val Graveglia, Liguria, Italy"
42303,"Mossgrube, Nordmark, Sweden"
42305,"Vena, Sweden"
42307,"Bristol Silver Mine, Lincoln County, Nevada, USA"
42308,"Hoskins Mine, Grenfell, Wales, United Kingdom"
42309,"Posey Mine, San Juan County, Utah, USA"
42310,"Miask, Ural, USSR"
42313,"Malchan-Pegmatitfeld, Buriatia, Sibirien, USSR"
42314,"Achtaranga r. Viljuj, Sibirien, USSR"
42315,"Nordgruvan, Värmland, Sweden"
42318,"Widgiemooltha, Australia"
42320,"Ashburton D., Western Australia, Australia"
42321,"Umbozero, Lovozero, Halbinsel Kola, USSR"
42323,"Mount Mica Mine, Paris Hill, Maine, USA"
42324,"Alvarado Mine, Gold Hill, Tooele County, Utah, USA"
42325,"Kövagoszöllös, Hungary"
42327,"Viitaniemi, Finland"
42328,"Khan-Bogdinskij Massiv, Mongolien, Mongolia"
42329,"Halsjöberg, Sweden"
42330,"Ashburton Down's, Western Australia, Australia"
42331,"Zupkov, Slovakei, Czechoslovakia"
42333,"Vevja Quarry, Tvedalen, Norway"
42335,"Kirovskij Mine, Khibiny, Halbinsel Kola, USSR"
42336,"Khibiny, Halbinsel Kola, USSR"
42337,"Mossgruva, Nordmark, Sweden"
42338,"Mernik, Slovakei, Czechoslovakia"
42342,"Rivas, Tujetsch, Grisons, Switzerland"
42347,"Raaft (Alp Rauft), Ausserberg, Valais, Switzerland"
42348,"Eggerberg, Valais, Switzerland"
42351,"Trohlergraben, Valais, Switzerland"
42353,"Garzora, Lago di Luzzone, Aquila, Ticino, Switzerland"
42354,"Piz Ner, Aquila, Ticino, Switzerland"
42355,"Campo (Blenio), Ticino, Switzerland"
42356,"Mont Terri, Cornol, Jura, Switzerland"
42357,"Ottré, Luxembourg, Belgium"
42358,"Château de Salm (Vielsam), Luxembourg, Belgium"
42359,"Richelle, Visé, Liège, Belgium"
42360,"Quarry Liesberg, Liesberg, Basel-Landschaft, Switzerland"
42364,"Hemmiken, Basel-Landschaft, Switzerland"
42366,"Pass Lunghin, Bivio, Bergell, Switzerland"
42368,"Haldenfund, St. André, France"
42369,"Wessel Mine, Kalahari, Namibia"
42373,"Maissana, La Spezia, Italy"
42374,"Mine Novi Satanka, Ural, USSR"
42380,"Quarry von Arzo, Ticino, Switzerland"
42381,"(Bänkerjoch), Bänkerchlus, Küttigen, Aargau, Switzerland"
42382,"Passo Canciano, Poschiavo, Grisons, Switzerland"
42383,"Val Tisch near Bergün, Grisons, Switzerland"
42386,"Lai da Marmorera (Marmorera-See), Marmorera, Grisons, Switzerland"
42387,"Kuruman, Hotazel, South Africa"
42388,"Sumvitg (Somvix), Grisons, Switzerland"
42389,"Roppe, Belfort, France"
42390,"Mina di Gambatesa, Alta Liguria, Italy"
42394,"Anhöhe nordwestl. Severobaikalsk (Burjatja), Sibirien, USSR"
42395,"Lubumbashi, Shaba, Zaire (Congo)"
42397,"Pizzo Canciano, Poschiavo, Grisons, Switzerland"
42398,"Alpe Canciano, Poschiavo, Grisons, Switzerland"
42399,"San Diego Mine, Mesa Grande, San Diego County, California, USA"
42401,"Cava Schumacher, Soglio, Grisons, Switzerland"
42403,"östl. Guttannen, Bern, Switzerland"
42406,"Sieben Hengste-Höhle, Beatenberg, Bern, Switzerland"
42407,"Quarry Heister, Schinznach-Dorf, Aargau, Switzerland"
42410,"Alicante, Spain"
42412,"N'chwaning Mine, Black Rock, Kalahari, South Africa"
42413,"Brumado, Bahia, Brazil"
42415,"Avis, Windhoek, Namibia"
42416,"Boulby Mine, Lofthouse, United Kingdom"
42418,"Burg im Leimental, Basel-Landschaft, Switzerland"
42419,"Chiggiogna, Ticino, Switzerland"
42420,"Goldkronach, Bayreuth, Bavaria, Germany"
42421,"El Portal, State St. 140, Mariposa Valley, USA"
42422,"Vulkan San Antonio (1677), Fuencaliente, La Palma, Spain"
42424,"Alter Schmelzplatz, Raurisertal, Salzburg, Austria"
42426,"Schlackenplatz, Raurisertal, Salzburg, Austria"
42427,"Sammelplatz, Raurisertal, Salzburg, Austria"
42428,"Hopffeldboden, Obersulzbachtal, Salzburg, Austria"
42431,"Aouli, Mibladen, Morocco"
42433,"Taouz, Rissani, Morocco"
42434,"Mine near Touissite, Ousta, Morocco"
42435,"Bou Becker, Touissite, Ousta, Morocco"
42438,"Mine Arab near Bou Azzer, Morocco"
42439,"Touissite near Ousta, Morocco"
42441,"Pump- bzw. Speicherkraftwerkstollen, Amsteg, Uri, Switzerland"
42452,"Grants, Ambrosia District, New Mexico, USA"
42457,"Zinkhütte Genna, Letmathe, Sauerland, Germany"
42458,"Julius-Hütte near Astfeld, Harz, Germany"
42462,"Gantertal, Simplon, Valais, Switzerland"
42465,"Quarry nördl. Passau, Bavaria, Germany"
42466,"Filon du Rossignol, Chaillac, Indre, France"
42467,"Treve, Gard, France"
42469,"Saint Laurent Le Minier, Gard, France"
42472,"Sonlouze, Entraygues, Truyere, Aveyron, France"
42473,"Mine des Malines, Saint Laurent Le Minier, Gard, France"
42474,"Sonlouze d'Entraygues-sur-Truyere, Aveyron, France"
42475,"Carrière d'Argentolle, Saint Prix sous Beuvray, Saône et Loire, France"
42477,"Chamonix, Savoyen, France"
42478,"Wolfsberge, Cernosin, Bohemia, Czechoslovakia"
42480,"Schlottwitz near Dresden, Saxony, Germany"
42483,"Felbertal, Pinzgau, Austria"
42484,"Steamboat Hot Spring, Hot Springs, Arkansas, USA"
42486,"Gilgit, Pakistan"
42488,"Rabenstein, Sarntal, Germany"
42490,"Dalton, Lankashire, United Kingdom"
42499,"Mine Sophia Jacoba, Hückelhoven-Ratheim,North Rhine-Westphalia, Germany"
42501,"Thetford Mines, Mine de Black Lake, Quebec, Canada"
42507,"Vallée de Thann, Willer-sur-Thur, Haut Rhin, France"
42509,"Val Curnera, Tavetsch, Grisons, Switzerland"
42510,"Connemara, Ireland"
42511,"Dinkelberg, Südschwarzwald, Germany"
42514,"Unter-Alpfen, Schwarzwald, Germany"
42515,"angebl. Iran (eher Badakschan, USSR)"
42517,"Mönchner Karr, Zillertal, Tirol, Austria"
42523,"Quarry near Muttenz, Basel-Landschaft, Switzerland"
42524,"Saranpaul, Ural, USSR"
42525,"Marienfluss, Kuonene, Namibia"
42527,"Labukele, Nurelia Hochland (ca. 1800 m hoch), Sri Lanka"
42528,"Kuzuluk, Adapazari, Eski Haman, Turkey"
42530,"Rio Roni, Val Formazza, Piemonte, Italy"
42531,"Payette, Idaho, USA"
42532,"Fontouro Xavier, Rio Grande do Sul, Brazil"
42533,"Norilsk, USSR"
42534,"Val Val, Tavetsch, Grisons, Switzerland"
42538,"Armenholz, Arlesheim, Basel-Landschaft, Switzerland"
42539,"Hornichopf, Arlesheim, Basel-Landschaft, Switzerland"
42540,"Eichmatt, Arlesheim, Baselland, Switzerland"
42541,"Spitzenflüeli, Büren, Solothurn, Switzerland"
42542,"Fasiswald, Hägendorf, Solothurn, Switzerland"
42543,"unteres Geretal, Oberwald, Valais, Switzerland"
42544,"Flussbett des Rio Chico, Dorf Bocas del Tigre, Panama"
42545,"Regio Egilsstadir, Iceland"
42546,"Solfatara von Nörmaskart, Iceland"
42547,"Panama CJ 89-20-03, Panama"
42548,"Pik Martschenko, Mount Kukisvumhovv, Khibini Massiv, Halbinsel Kola, USSR"
42553,"Courchaton, Haute Saône, France"
42557,"Toussit, Morocco"
42559,"N'chwaning Mine, Kuruman, South Africa"
42560,"Col du Bétafie, Faugères, Hérault, France"
42562,"Saint Martin de l'Arcon, Hérault, France"
42563,"Wattwiller (Wattweiler), Cernay, Thann, Haut-Rhin, France"
42564,"Mine Thérèse, Ensisheim, Haut-Rhin, France"
42565,"Willer-sur-Thur, Thann, Haut-Rhin, France"
42571,"Bavans, Montbéliard, Doubs, France"
42573,"Mollau, Haut Rhin, France"
42578,"Dionboko, Mali"
42580,"angebl. Ahonolinga, Kamerun (eher Dionboko, Mali)"
42581,"Ellweiler, Birkenfeld, Germany"
42583,"Otjiwarongo, Namibia"
42584,"Glatschach, Dellach an der Drau, Kärnten, Austria"
42588,"Nieder-Schlema, Erzgebirge, Saxony, Germany"
42632,"Ochsenfeld, Binntal, Valais, Switzerland"
42634,"Reckibach, Binntal, Valais, Switzerland"
42636,"Schmidigen Wissi, Binntal, Valais, Switzerland"
42642,"Turtschi, Binntal, Valais, Switzerland"
42644,"Messerbach near Lengenbach, Binntal, Valais Switzerland"
42646,"Mässerbach, Binn, Valais Switzerland"
42647,"Crevola, Domodossola, Piemonte, Italy"
42649,"Halse, Binn, Valais, Switzerland"
42665,"Camaiba, Brazil"
42667,"Catamarga, Argentina"
42671,"Omarruru, Namibia"
42678,Fischbach (near Idar-Oberstein an der Nahe) Germany
42686,"Fontemaure, France"
42689,"Bergheim, Ribeauvillé, Haut Rhin, France"
42701,"Baikalsee, Russia"
42707,"Süd-Touraine, France"
42711,"Omaruru, Namibia"
42714,"Kaschmir, India"
42719,"Outjo, Namibia"
42720,"Süd-Janka, Baikalsee, Russia"
42722,Pakistan
42725,"Furka, Switzerland"
42726,"Savos le Bas, France"
42728,"Tirodi Mine, Madhya Pradesh, India"
42731,"44. Sohle, Tsumeb, Namibia"
42732,"Sierra Amorillo, Atacama-Wüste, Chile"
42734,"Monument Nr. 2 Mine, Apache County, Arizona, USA"
42735,"Dara-i-Pioz, Tajikistan, USSR"
42736,"Zlaty Kopec, Erzgebirge, Bohemia, Czechoslovakia"
42738,"Järkvissle, Sweden"
42739,"Christmas Mine, Pima County, Arizona, USA"
42741,"Island Greux, Bretagne, France"
42742,"Bayerland, Waldsassen, Oberpfalz, Germany"
42743,"Copper King Mine, Maggie Creek District, Nevada, USA"
42745,"Burpala, Baikal, USSR"
42747,"Jakobsberg, Sweden"
42748,"Chillaton, Devon, United Kingdom"
42749,"1208 m, 12. Sohle, Kombat, Namibia (Fund 1984)"
42751,"Aurora Mine, Hamilton, Nevada, USA"
42752,"Uranium King Encapment, Wyoming, USA"
42753,"Terlingua, Texas, USA"
42756,"Greenwood, Oxford, Maine, USA"
42757,"Hüttenberger Erzberg, Austria"
42758,"L'Amône, Val Ferret, Valais, Switzerland"
42759,"Monte Agueglio, Como, Italy"
42761,"Badakhschan, Afghanistan"
42769,"Buffare, Valle di San Nicolo, Fassa, Tirol, Italy"
42771,"altes Mine Cave di Amianto, Franscia, Province Sondrio, Italy"
42776,"Catamarca, Argentina"
42777,"Schaft 1, N'chwaning, South Africa"
42780,"Schaft 7, N'chwaning, South Africa"
42782,"N'chwaning 2, South Africa"
42783,"Tincalayu Mine, Solta Province, Argentina"
42786,"Tonopah-Belmont Mine, Maricopa County, Arizona, USA"
42787,"Pollena, Napoli, Italy"
42792,"Moctezuma Mine, Moctezuma, Sonora, Mexico"
42794,"Moon Anchor Mine, Maricopa County, Arizona, USA"
42795,"Hoskins Mine, New South Wales, Australia"
42796,"Dalnegorsk, USSR"
42801,"Bernstein, Burgenland, Austria"
42802,"Zephyr Hills, Florida, USA"
42804,"Quarry La Charuque, Péry, Bern, Switzerland"
42805,"Windhoek, Namibia"
42806,"Ächtelmatt, Anwil, Basel-Landschaft, Switzerland"
42808,"Super County, New Jersey, USA"
42809,"Kiesgrube südl. Cernay, Haut Rhin, France"
42811,"Carrière Puy de Corent-Face, Puy de Dôme, Auvergne, France"
42815,Taiwan
42816,"Thermen von Hokuto, Taiwan"
42817,"Cavnik, Transylvania, Romania"
42820,"Cuasso al Monte, Porto Ceresio, Italy"
42821,"Voltena near Siena (Volterra), Italy"
42822,"Arzebun, Province Mazenderan, Iran"
42827,"Eschbach, Waldshut, Baden-Württemberg, Germany"
42847,"Furtschella, Val d'Err, Tinizong-Rona, Grisons, Switzerland"
42848,"Alpe di Brusino, Brusino Arsizio, Ticino, Switzerland"
42852,"Adit Stockalper, Gondo, Valais, Switzerland"
42853,"Rossberg, Thann, Haut-Rhin, France"
42858,"Quarry near Seewen, Schwyz, Schwyz, Switzerland"
42871,"Oberhallau, Schaffhausen, Switzerland"
42872,"südwestl. Ferden, Valais, Switzerland"
42873,"Monte Casolo, Porto Ceresio, Varese, Italy"
42907,"Hauenstein-Passhöhe, Hauenstein-Ifenthal, Solothurn, Switzerland"
42940,"Gächlingen, Schaffhausen, Switzerland"
42948,"Maun Traviers, Tujetsch, Grisons, Switzerland"
42951,"Ober Diegten, Diegten, Basel-Landschaft, Switzerland"
42953,"Lumbrein, Grisons, Switzerland"
42968,"Valle di Freggio, Osco, Ticino, Switzerland"
42982,"Schore, Rumisberg, Bern, Switzerland"
42986,"Reckibach, Binn, Valais, Switzerland"
42987,"Langenbruck, Basel-Landschaft, Switzerland"
42991,"Heidbach, Schin, Vaz/Obervaz, Grisons, Switzerland"
42992,"Lengenbach, Binntal, Valais Switzerland"
42993,"Spinadasc, Le Prese, Grisons, Switzerland"
42994,"Stallerbergpass, Avers, Grisons, Switzerland"
42996,"Gorb, Binntal, Valais, Switzerland"
42997,"Ijollital, Bez. Raron, Valais Switzerland"
42998,"Zermatt, Switzerland (sicher falsch! wohl: Habichtswald, Kassel, Germany)"
42999,"Zeche Zollverein, Essen, Germany"
43001,"Quarry Detzeln, Waldshut, Baden-Württemberg, Germany"
43030,"Quarry Dörflinger, Lütschenbach, Malsburg, Kandern, Lörrach, Baden-Württemberg, Germany"
43047,"Granitsteinbruch Seider, Malsburg, Kandern, Lörrach, Baden-Württemberg, Germany"
43052,"Canneto, Province Pisa, Italy"
43057,"1. Mine rechts a. d. Weg von Midelt nach Mibladen, Morocco"
43059,"Erkundungsstollen, Mont Chemin, Vollèges, Valais, Switzerland"
43067,"Oberblatthorn, Ried-Brig, Valais, Switzerland"
43069,"Eisenbergwerk Gonzen, Sargans, St. Gallen, Switzerland"
43072,"Tanatzalp (Danatzalp), Splügen, Grisons, Switzerland"
43077,"Caresse, Pyrénées, France"
43078,"Batopilas, Mexico"
43080,"Marun Massiv, Sibirien, USSR"
43081,"Anjanabonoina, Madagascar"
43082,"Carcasson-Lagrasse, France"
43084,"Chenzhou, China"
42007,"N. Michigan, Lake Superior District, USA"
42009,"Glatschachgraben, Kärnten, Austria"
42010,"Mine Fromm, Sulzbach-Rosenberg, Germany"
42011,"Hammerunterwiesenthal, Erzgebirge, Germany"
42014,"St. Gertraudit, Tirol, Austria"
42015,"Claytonville, California, USA"
42187,"Björdammen, Norway"
42188,"Elefantenhöhle, Mount Eglon, Kenya"
42191,"Bauga Thia, Chantaburri, Thailand"
42192,"Ahrntal, Zillertal, Tirol, Austria"
42195,"Wasenhorn, Ried-Brig, Valais, Switzerland"
42202,"Brienzerberg, Brienz, Bern, Switzerland"
42205,"Fontanivas, Disentis/Mustèr, Grisons, Switzerland"
42207,"Sarawak, Nord-Borneo"
42208,"Leoben, Eisenerz, Steiermark, Austria"
42210,"Emmet, Idaho, USA"
42213,"Krasna Hora, Bohemia, Czechoslovakia"
42214,"Nowy Kosciol, Neukirch, Silesia, Poland"
42222,"Ploczki Gorne, Löwenberg, Silesia, Poland"
42223,"Er di Redenett, Roveredo, Grisons, Switzerland"
42226,"Suggenthal/Suggental, Waldkirch, Emmendingen, Baden-Württemberg, Germany"
42227,"Hill-Top-Mine, Dona Ana County, New Mexico, USA"
42228,"Spurr Mine, Marquette County, Michigan, USA"
42229,"Power's Farm, Pierrepont, New York, USA"
42230,"Geissweg, Leuk, Valais, Switzerland"
42233,"Lees, Leukerbad, Valais, Switzerland"
42239,"Lochwald, Leukerbad, Valais, Switzerland"
42242,"Rischür Graben, Leuk, Valais, Switzerland"
42244,"Neuer Weg, Leuk, Valais, Switzerland"
42248,"Torrent, Leuk, Valais, Switzerland"
42252,"Galang, Leuk, Valais, Switzerland"
42253,"Daubensee, Leukerbad, Valais, Switzerland"
42255,"Restipass, Ferden, Valais, Switzerland"
42256,"Velbert, Bergisches Land, Germany"
42258,"Turtmann, Valais; Altrhein/ Rein da Medel, Disentis/Mustér, Grisons, Switzerland"
42260,"Quarry Lumbrein, Grisons, Switzerland"
42263,"Sasso Moro, Val Malenco, Italy"
42264,"Opalinus-Tongrube, Böttstein, Aargau, Switzerland"
42265,"Tgant Ladrung, Tiefencastel, Grisons, Switzerland"
42266,"Turbechepf (Köpfe near Turben), Binn, Valais, Switzerland"
42269,"Wheeler Park, White Pine County, Nevada, USA"
42273,"Stetten, Haigerloch, Baden-Württemberg, Germany"
42030,"Acquanera, Val Malenco, Italy"
42039,"Rocca Castellaccio, Val Malenco, Italy"
42043,"Varuträsk, Boliden, Sweden"
42056,"Island Fehmarn, Ostsse, Germany"
42059,"Marambaia, Minas Gerais, Brazil"
42062,"Schynschlucht, Thusis, Domleschg, Grisons, Switzerland"
42064,"Monti di Laura, Roveredo, Grisons, Grisons, Switzerland"
42065,"Galileia Mine, Minas Gerais, Brazil"
42066,"Sapucaia Mine, Minas Gerais, Brazil"
42067,"Virgem da Lapa, Brazil"
42069,"Golconda, Brazil"
42070,"Schlottwitz, Saxony, Germany"
42082,"Sandageren, Island Fyn, Denmark"
42083,"Niobe Denkmal, Island Fehmarn, Ostsse, Germany"
42086,"Alexanderschacht, Planitz near Zwickau, Saxony, Germany"
42087,"Kejser Franz Josephs Fjord, Greenland, Denmark"
42090,"Quarry Juchem, Idar-Oberstein an der Nahe, Germany"
42091,"St. Niklausen, Kerns, Obwalden, Switzerland"
42092,"Kurhaus Abendsmatt, Lampenberg, Basel-Landschaft, Switzerland"
42094,"Hésingue (Häsingen), Saint-Louis, Haut-Rhin, France"
42098,"Winton, Mount Isa, Nordwest-Queensland, Australia"
42100,"Adit Celina, Gondo, Simplon, Valais, Switzerland"
42101,"Lemmenjoki Fluss, Lappland, Finland"
42104,"Paraiba, Brazil"
42106,"alte Klüfte, Chessituren (unteres Kessiturm) am Grimselsee, Guttannen, Bern, Switzerland"
42107,"Cava Pistoletti, Rivasco di Premia, Novara, Italy"
42111,"Inder (-Boratlagerstätten), Kazakhstan, USSR"
42117,"Mad, Zemplen-Gebirge, Hungary"
42118,"Bicske-Zsambeki, Fejer, Hungary"
42120,"Gyöngyösoroszi, Matra-Gebirge, Hungary"
42121,"Geisingberg, Geising, Germany"
42123,"Altendorf, Chemnitz, Saxony, Germany"
42127,"Kipushi, Zaire (Congo)"
42129,"Socrates Mine, The Geysers, Sonoma County, California, USA"
42130,"Murun Massiv, Yakutsk, Ost-Sibirien, USSR"
42132,"Stuckslager Claim, Granit Creek, Coloma El Dorado County, California, USA"
42136,"Chaidarkan, Kirgisien, USSR"
42137,"New Bullfrog Mine, Nye County, Nevada, USA"
42138,"Allchar, North Macedonia, Turkey"
42139,"Noon Auchor Mine, Maricopa County, Arizona, USA"
42140,"Hohenlimburg, Hagen, Sauerland, Germany"
42142,"Querétaro, Esto, Mexico"
42143,"Sierra de Jalpan, Esto Querétaro, Mexico"
42144,"Mina ""La Carbonera"", Querétaro, Mexico"
42148,"Quarry zw. Montauban + St. Mamet, Bagnères, France"
42157,"Lumnezia, Grisons, Switzerland"
42158,"Kleinlützel, Lützeltal, Jura, Switzerland"
42163,"Mount Rasvumtschorr, Chibiny, Halbinsel Kola, USSR"
42165,"Mine Adler, Eisern, Siegen, Nassau, Westfalen, Germany"
42166,"Lovozero, Halbinsel Kola, USSR"
42168,"5 Mile Pass, Tooele County, Utah, USA"
42169,"Kovdor, Halbinsel Kola, USSR"
42170,"Walgidee Hills, Western Australia, Australia"
42171,"Daro-i-Pioz, Tajikistan"
42176,"Ashburton Dows, Western Australia, Australia"
42177,"Mina ""Nieves"", La Llacuna, Barcelona, Spain"
42178,"Pola de Lena, Asturias, Spain"
42179,"Wölch, Saualpe, Kärnten, Austria"
42181,"Fesselflugplatz, Büsserach, Solothurn, Switzerland"
42182,"Liesberg, Birstal, Switzerland"
42184,"Krym, Ukraine"
42185,"Tsilaisina, Madagascar"
42186,"Poluostrov, Halbinsel Kola, USSR"
43087,"Pitcher, Oklahoma, USA"
43088,"Baxter Springs, Kansas, USA"
43095,"Maxonchamps, Remiremont, Vosges, France"
43097,"Zimmersrode, Hesse, Germany"
43099,"Cartagena, Spain"
43100,"Niedersachswerfen, Germany"
43101,"El Djeloud, Sahara, Algeria"
43103,"Streamtown Bay, Clifden, Connemara, Ireland"
43107,"Fossbekk, Evje, Iveland, Norway"
43114,"Libiola, Sestri Levante, Ligurien, Italy"
43115,"N'chwaning, Kalahari, South Africa"
43117,"Salsigne, Dépt. Aude, Pyrénées, France"
43120,"Baja Mare, Maramures, Romania"
43122,"Sopat, Dusso, Kohistan, Pakistan"
43124,"Pico do Veado, Selvagem, Spain"
43125,"Bobrovka, Ural, USSR"
43128,"Pinge Rieckensglück, Schmalenberg, Germany"
43129,"Pinge Rieckensglück, Schmalenberg, Bad Homburg, Germany"
43130,"Sandiaes, Coimbra, Portugal"
43131,"Viseu, Portugal"
43132,"Serra da Gralheira (zw. Porto + Viseu), Portugal"
43133,"Minkowcy, Uschitzatal, Podolien, Ukraine"
43142,"Bou Jaber, Tunisia"
43144,"Erdöhorvati, Zemplen-Gebirge, Hungary"
43146,"Tunnel Rüdersdorf, Berlin, Germany"
43150,"Urberg, Schwarzwald, Germany"
43151,"Mine Boubkar, Oujda, Morocco"
43152,"Anif, Morocco"
43153,"Ibiajaba, Bahia, Brazil"
43154,"Andrassy-II-Revier, Rudabanya, Hungary"
43155,"Jagdhütte von Kozar, Mecsek-Gebirge, Hungary"
43156,"Aioli, Mibladen, Morocco"
43158,"Altenmittlau, Freigericht, Hanau, Hesse, Germany"
43159,"Kyffhäuser, Thuringia, Germany"
43161,"Kolvezi, Zaire"
43163,"Cavo, Island Elba, Italy"
43164,"Mina Ginevro, Calamita, Island Elba, Italy"
43165,"Les Redoutières, Chaillac, Indre, France"
43166,"Hohentalschacht, Mansfeld, Eisleben, Ost-Harz, Germany"
43167,"Sarbaj, Kazakhstan, USSR"
43169,"21. Mine (Urangrube), Przibram, Bohemia, Czechoslovakia"
43170,"Cavradischlucht, Val Curnera, Tavetsch, Grisons, Switzerland"
43172,"Derbyshire, England, United Kingdom"
43173,"Serpiano, Ticino, Switzerland"
43174,"Cäcilia-Stollen, Wölsendorf, Oberpfalz, Germany"
43189,"Mashamba, Zaire"
43193,"Open Pit, Pinal County, USA"
43194,"Val del Ör, Rossa, Grisons, Switzerland"
43197,"Campomorto, Montalto di Castro, Toscana, Italy"
43199,"Himmelsfürst, Freiberg, Saxony, Germany"
43200,"Butzen(stollen), Amsteg, Uri, Switzerland"
43203,Turkey
43207,"Tasna, Süd-Bolivien"
43208,"Dodo, Polar-Ural, USSR"
43210,"Inturup, Kuril, USSR"
43211,"Animas-Chocaya, Dept. Potosi, Bolivia"
43212,"Riedingalm, Lungau, Salzburg, Austria"
43213,"Ausserferrera (Ferrera), Grisons, Switzerland"
43214,"Dashkesan, Azerbeidschan, USSR"
43216,"Cananea, Sonora, Mexico"
43219,"Monte Cerboli, Val Cecina, Toscana, Italy"
43221,"Sweet Home Mine, Alma, Colorado, USA"
43222,"Phonolithsteinbruch Oberwiesental, Erzgebirge, Germany"
43226,"Huppergrube Lausen, Basel-Landschaft, Switzerland"
43227,"Mount Eveslogchorr, Khibiny-Massiv, Halbinsel Kola, Russia"
43228,"Mina Amianto Aveco, Tinaquillo, Estado Cojedes, Venezuela"
43229,"Val d'Es-cha, Zuoz, Grisons, Switzerland"
43201,"Mitholz, Kandergrund, Bern, Switzerland"
43233,"Goldbergwerk ""La Guia"" Macugnaga, Val Anzasca, Italy"
43234,"Benken, Zürich, Switzerland"
43236,"Betafo, Antsirebé, Madagascar"
43237,"Lyseur-Tal, Tyrol, Austria"
43239,"Yaogang Xian, Province Hunan, China"
43241,"Francon Quarry, Montreal, Québec, Canada"
43242,"Alp Serenastga, Lumbrein, Grisons, Switzerland"
43243,"unterh. Villa, Luganer, Grisons, Switzerland"
43244,"Mont Saint-Hilaire, Québec, Canada"
43205,"Kraftwerk Birsfelden, Birsfelden, Basel-Landschaft, Switzerland"
43246,"Árbola, Passo del Forno, Italy"
43247,"Maharitra, Madagascar"
43250,"Val Verzasca, Lavertezzo, Ticino, Switzerland"
43276,"Gorb, Binntal-Lärcheltini, Valais, Switzerland"
43283,"Pardatsch, Val Nalps, Tavetsch, Grisons, Switzerland"
43284,"Passo di Cadonighino, Ticino, Switzerland"
43285,"Hospental, Urseren, Uri, Switzerland"
43286,"Kassandra, Chalkidiki, Stratoniki/Saloniki, Greece"
43287,"Mine Teufelsgrund, Untermünstertal, Schwarzwald, Germany"
43289,"Nägelisgrätli, Haslital, Bern, Switzerland"
43290,"Príbram, Südböhmen, Tschechische Republik"
43293,"Fuente Valoria, Province Logrono, Spain"
43295,"Wildegg, Aargau, Switzerland"
43297,"Diegten, Baselland, Switzerland"
43298,"Leinigen, Bern, Switzerland"
43299,"Alstaden, Oberhausen, Germany"
43300,"Giebenach, Baselland, Switzerland"
43301,"Liesberg, Birstal, Basel-Land, Switzerland"
43302,"Chambers Gorge, South Australia, Australia"
43303,"Jura (Gebirge), Switzerland"
43304,"Solivabach, Curvaglia, Grisons, Switzerland"
43306,Israel
43307,"Quarry Stapfen, Ettingen, Baselland, Switzerland"
43308,"Alp Froda, Val Canaria, Ticino, Switzerland"
43309,"Extertal, Lippe/NRW, Germany"
43311,"Ambas Aguas, Logrono, Spain"
43312,"Tunnel Mittal-Hohtenn, Lötschental, Valais, Switzerland"
43313,"Griesserental, Maderanertal, Uri, Switzerland"
43315,"Arvigo, Val Calanca, Grisons, Switzerland"
43316,"Calanda, Grisons, Switzerland"
43317,"Simplontunnel, Brig, Valais, Switzerland"
43320,"Djebel Ain Barbar, Algeria"
43322,"Trin (Trins), Grisons, Switzerland"
43325,"Chivor Smaragdmine, Colombia"
43327,"Furka, Hospental, Uri, Switzerland"
43335,"Lukmanierschlucht, Val Medel, Grisons, Switzerland"
43336,"Rio Marina, Val Giove, Island Elba, Italy"
43337,"Schwarze Lütschine, Berner Oberland, Bern, Switzerland"
43338,"unteres Rauracien, Liesberg, Birstal, Basel-Land, Switzerland"
43340,"Piz Culmatsch, Tavetsch, Grisons, Switzerland"
43341,"Gotthard-Strassentunnel SP, Ticino, Switzerland"
43342,"Ulrichen, Nufenenstrasse, Goms, Valais, Switzerland"
43343,"Cadagno di dentro am Lago Cadagno, Val Piora, Ticino, Switzerland"
43344,"Sulitjelma, Norland, Norway"
43345,"Terranera, Porto Azurro, Island Elba, Italy"
43350,"Pizzo Rosetto (Lukmanier-Süd), Ticino, Switzerland"
43351,"Feldbachtal, Binntal, Valais, Switzerland"
43353,"Quarry Seider, Malsburg, Schwarzwald, Germany"
43354,"Ruinas, Medelserschlucht, Grisons, Switzerland"
43357,"Tunnel Brunnenberg near Lausen, Baselland, Switzerland"
43360,"Hohtenn-Tunnel, Lötschental, Valais, Switzerland"
43366,"Adit B, Lombong Bintang Trengganu, Kemaman Trengganu, Malaysia"
43367,"Tongrube der Ziegelei, Allschwil, Baselland, Switzerland"
43368,"Portlandzementgrube, Unterer Hauenstein, Jura, Switzerland"
43371,"St. Claire, Pennsylvania, USA"
43372,"Oranda, Transylvania, Romania"
43374,"an der Birs near Münchenstein, Baselland, Switzerland"
43375,"Grossalmerode, Hesse, Germany"
43376,"Neuewelt near Münchenstein, Baselland, Switzerland"
43379,"Route 10, Sherbrooke, Québec, Canada"
43380,"Santa Rita, New Mexico, USA"
43381,"Arneas, Greece"
43382,"Spruce Claim, Kirig County, Washington, USA"
43383,"Furggbach, Baltschiedertal, Valais, Switzerland"
43385,"Cino Pit, Santa Rita, New Mexico, USA"
43386,"Gavorrano, Grosseto/Toscana, Italy"
43522,"San Piero in Campo, Island Elba, Italy"
43524,"Mine l'Étoile, Musonoi, Dem. Rep. Congo (Zaire)"
43525,"Kunar-Tal, Afghanistan"
43530,"Gundersheimer Alm, Griminitzen, Gailtal, Kärnten, Austria"
43532,"Ettringer Bellerberg, Laacher See, Eifel, Rh.-Pf., Germany"
43533,"Ettringer Bellerberg, Mayen-Koblenz, Eifel, Rh.-Pf., Germany"
43534,"Mendig, Mayen-Koblenz, Eifel, Rh.-Pf., Germany"
43535,"Mine North, Cap Garonne near Toulon, Dépt. Var, France"
43536,"Cetine Di Cotorniano, Siena/Toscana, Italy"
43539,"N. Wilson Pit, Wilson Springs, Garland County, Arkansas, USA"
43540,"Paramirim Region, Süd-Bahia, Brazil"
43541,"Manganese Mine, Copper Harbor, Michigan, USA"
43546,"Male Bystroe, Russia"
43547,"Karabasch, Miask, Ural, Russia"
43550,"Kank b. Kutná Hora, Bohemia, Tschechische Republik"
43551,"Galileia, Minas Gerais, Brazil"
43552,Saudi Arabia
43553,"Kudryaviy Vulkan, Island Iturup, Russia"
43556,"Demix Quarry, Varennes, Québec, Canada"
43557,"Svartberggruven, Dalarna, Sweden"
43559,"Copper Creek, Pinal County, Arizona, USA"
43560,"Sunnyside Mine, Lake Emma, Silverton, Colorado, USA"
43561,"Ross Hannibal Mine, Lawrence County, South Dakota, USA"
43562,"Dobsina, Zips. Szepes, Slovakei"
43563,"Stríbro, Tschechische Republik"
43564,"Alto Chapare, Bolivia"
43565,"Fuji-Mine, Nondo, Fukui Pref., Japan"
43566,"Mine des Rois, Dallet, Dépt. Puy-de-Dôme, France"
43567,"Yukspor, Khibina, Halbinsel Kola, Russia"
43568,"Folgosinho, Portugal"
43569,"Hardrangedvidda, Norway"
43570,"Facenda Guariba, Presidente Kubitchek City, Minas Gerais, Brazil"
43571,"San Venanzo, Terni/Umbrien, Italy"
43572,"Norra Kärr, Gärra, Jönköping, Sweden"
43575,"Mangabeira-Granitmassiv, Goyaz, Brazil"
43577,"Kombat, Namibia"
43578,"Ajo-Mine, Arizona, USA"
43580,"Punta Pricta, Baja California, Mexico"
43581,"Piaui, Brazil"
43582,"Westufer des Payettel-Sees near Mc. Call, Idaho, USA"
43591,"Sierra Corda, Chile"
43592,"Gyöngyösoroszi, Matra Gebirge, Hungary"
43593,"Karoly-Stollen, Gyöngyösoroszi, Matra Gebirge, Hungary"
43594,"Dara-i-Pioz, Tajikistan"
43595,"Potosi, Santa Eulalia, Chihuahua, Mexico"
43596,"Lautaro, Atacama, Chile"
43597,"Mina Emma Luisa, Huanaco, Chile"
43602,"Belzheim, Nürtingen, Ries, Germany"
43603,"Maharashtra, India"
43604,"Oldríchov, Tachov, Tschechische Republik"
43607,"Panoche Valley, San Benito County, California, USA"
43608,"Kami, Bolivia"
43609,"Mina il Carletto, Sampéyre, Varaita, Italy"
43611,"Aranybanya-Telèr (Gold-Bergwerk-Gang), Gyöngyösoroszi, Matra Gebirge, Hungary"
43613,"Mont Chemin, Martigny, Mont-Blanc, Valais, Switzerland"
43617,"Piz Beverin, Domleschg, Grisons, Switzerland"
43619,"Cristallina, Val Stgira, Lukmanier, Grisons, Switzerland"
43622,"Baulmes, Vaud, Switzerland"
43623,"Val Russein, Disentis, Grisons, Switzerland"
43624,"Fluhalp, Zermatt, Valais, Switzerland"
43629,"Eril, Eischoll, Valais, Switzerland"
43630,"Valle Santa Maria, Lukmanierpass, Ticino, Switzerland"
43636,"Blyschgraben oder Blaugraben, unteres Baltschiedertal, Baltschieder, Valais, Switzerland"
43649,"südl. Lago della Sella, Airolo, Ticino, Switzerland"
43656,"Mühlebach, Rütihard, Münchenstein, Basel-Landschaft, Switzerland"
43665,"Zlaté Hory, Tschechische Republik"
43666,"Jilové, Tschechische Republik"
43667,"Falun, Dalarna, Sweden"
43669,"Inca de Oro, Atacama, Chile"
43670,"Mount Ophir, Sumatra"
43671,"Hunzatal, Pakistan"
43672,"Mine de Padern, Massif des Corbières, Dépt. Aude, Pyrénées, France"
43673,"Pilbara, Western Australia, Australia"
43675,"Brusson, Val de l'Evançon, Piemont, Italy"
43676,"Subpolar Ural, West slope, Russia"
43678,"Polar Ural, West Slope, Lapcha, Russia"
43684,"Clausthal, Harz, Germany"
43685,"Grauleiten, Ankogel, Salzburg, Austria"
43686,"Mine Himmelfahrt, Freiberg, Saxony, Germany"
43689,"Bleiberg b. Villach, Kärnten, Austria"
43690,"Silbermine in Vassera, Valganna, Italy"
43691,"Mine Wiemannsbucht, Bergwerksglücker-Gang, Bad Grund, Lower Saxony, Germany"
43694,"Republic-Mine, Lake Superior, Michigan, USA"
43696,"Brosso, Turin/Piemont, Italy"
43697,"Corundrum Hill (Culsagee), Franklin, Macon County, North Carolina, USA"
43712,"Quarry Arvigo, Grisons, Switzerland"
43715,"Höll, Urberg, St. Blasien, Waldshut, Baden-Württemberg, Germany"
43716,"Ray Central Mine, Pinal County, USA"
43717,"Teofilo Ottoni, am Rio Doce, Minas Gerais, Brazil"
43718,"Pima County, Arizona, USA"
43720,"Colline Metallifere b. Massa Marittima, Grosseto/Toscana, Italy"
43721,"Dry Gill Mine, Caldbeck Fells, Cumberland, United Kingdom"
43722,"Kematen, Pfitschtal, Bozen/Südtirol, Italy"
43723,"Borisovskie Sopki, Süd-Ural, Russia"
43724,"Rauschermühle, Niederkirchen, Rh.-Pf., Germany"
43726,"Coro Coro, Bolivia"
43730,"Calumet + Hecletoop Akmeh Mine, Ahmech, Michigan, USA"
43731,"Vogelsberg near Ober-Widdersheim, Nidda, Hesse, Germany"
43732,"Montecatini Val di Cécina, Pisa/Toscana, Italy"
43735,"Springbok, Nordwest-Cape Province, South Africa"
43736,"Farm Eureka, Namibia"
43739,"Traversella Mine, Turin/Piemont, Italy"
43741,"Camp Verde, Arizona, USA"
43742,"Goyaz, Brazil"
43747,"im Schutt N von Münster, Valais, Switzerland"
43750,"Gotthard-Eisenbahntunnel, Göschenen, Uri, Switzerland"
43763,"Fieschergletscher, Fiesch, Goms, Valais, Switzerland"
43769,"Val Cavrein, Disentis, Grisons, Switzerland"
43770,"Safiental, Safien, Grisons, Switzerland"
43773,"Copper Canyon, Yavapai County, Arizona, USA"
43776,"Mine beim Tempelhof, Bergheim, Ribeauvillé, Dépt. Haute-Rhin, France"
43786,"Quarry Lierbach, Oppenau, Offenburg,  Baden-Württemberg, Germany"
43788,"Laufelberg, Schallbach, Markgräflerland, Germany"
43795,"Öflingen near Wehr, Waldshut, Baden-Württemberg, Germany"
43798,"Dammagletscher, Göschenen, Uri, Switzerland"
43802,"Moräne des Allalingletschers, Mattmark, Valais, Switzerland"
43804,"Quarry Egerkingen, Solothurn, Switzerland"
43806,"Strasse zwischen Platta und Drual, Medel (Lucmagn), Grisons, Switzerland"
43810,"Allalin, Saas Almagell, Valais, Switzerland"
43822,"Gipssteinbruch Mehlbach unterhalb Kerns, Obwalden, Switzerland"
43825,"near Envelier, Vermes, Jura, Switzerland"
43828,"Roches, Bern, Switzerland"
43829,"Pfannenstock, Muothatal, Schwyz, Switzerland"
43836,"Starlera, Medel (Lucmagn) Grisons, Switzerland"
43837,"near der Stadt Cordoba, Argentina"
43839,"Alp Quadrada,  Poschiavo, Grisons, Switzerland"
43841,"Alp Quadrada, Poschiavo, Grisons, Switzerland"
43843,"Alp Cotschen (Cotschens), Marmorera, Grisons, Switzerland"
43846,"Inhavet, Tystfjord, Norway"
43852,"Capo Contessa, Island Elba, Italy"
43854,"Kraubath, Steiermark, Austria"
43855,"Autun,Dépt. Saône-et-Loire, France"
43856,"Langeac, Dépt. Haute-Loire, France"
43857,"Ettersberg, Harzburg, Germany"
43859,"Ayer's Cliff, Québec, Canada"
43861,"Minas near Cordoba, Argentina"
43862,"Passo di San Giacomo (unterh.), Rio Roni, Val Formazza, Piemont, Italy"
43863,"Balhunov, Tschechische Republik"
43865,"Johannesschacht near Wölsendorf, Bavaria, Germany"
43872,"aus dem Salzdom ""Kuhe-Namak"", ca. 20 km westl. Gum, Iran"
43874,"Neuenhain, Kassel, Germany"
43875,"Helbra, Eisleben, Ost-Harz, Saxony, Germany"
43876,"Kimba Gap, South Australia, Australia"
43879,"Borken, Westfalen, Germany"
43880,"Chodziez, Poland"
43882,"Trockenerfurth, Hesse, Germany"
43883,"Alpe Chiamol, Mazzin, Fassatal, Tirol, Italy"
43888,"Tizi N'Tischka, Morocco"
43891,"Breitscheid , Lahn-Dill, Hesse, Germany"
43894,"Kottenheim, Koblenz, Germany"
43895,"Wittelsheim near Mulhouse, Dépt. Haut-Rhin, France"
43898,"Wiesloch, Baden-Württemberg, Germany"
43899,"Mine Schnepfenheim, Frielendorfer Braunkohlerevier, Germany"
43900,"Predazzo, Trentino/Südtirol, Italy"
43902,"Neuenhain, Hesse, Germany"
43903,"Herja, Transylvania, Romania"
43904,"südl. der Brücke über die Sterza near Sta. Maria Pian delle Rose, Fraz. Bibbona, Province Livorno, Italy"
43905,"Gipsgrube Tempelhof, Bergheim, Ribeauvillé, Dépt. Haute-Rhin, France"
43906,"Osterode, Lower Saxony, Germany"
43907,"Region Pille, Grenra, Belgium"
43908,"westl. Varpatak, Transylvania, Romania"
43909,"Mine Gisela, Wölsendorf-Nabburg, Bavaria, Germany"
43910,"Val Verzasca, Ticino, Switzerland"
43913,"Kiesgrube, Saint Louis la Chaussée, Dépt. Haut-Rhin, France"
43914,"an der Donau near Lauchingen, Germany"
43915,"Westseite Combe des Boules, Strasse nach Montavon, Jura, Switzerland"
43916,"Weenzen, Alsfeld-Leine, Germany"
43917,"Montmartre, Paris, Ile-de-France, France"
43918,"Walvis Bay, Namibia"
43921,"Kynance Cove, Halbinsel Lizard, Cornwall, United Kingdom"
43922,"Streamstown Bay, Clifden, Connemara, Ireland"
43923,"Minglanilla, Valencia/Cuenca, Spain"
43925,"Västana, Schonen, Sweden"
43926,"Tertiär vom Djalal Djerda, Tunis, Tunisia"
43930,"Rhonegletscher,Oberwald, Valais, Switzerland"
43931,"Mine Valenciana, Guanajuato, Sierra de Sta. Rosa, Mexico"
43934,"unterhalb Gauligletscher, Innertkirchen, Bern, Switzerland"
43936,"Jumilla, Murcia, Spain"
43937,"8. Sohle, Gang Costanaza, Logrosan, Province Caceres, Spain"
43940,"Snarum, Buskerud, Norway"
43942,"Nibbio,  Val Fredda, Novara/Piemont, Italy"
43944,"Tvedestrand, Aust-Agder, Norway"
43945,Hongkong
43947,"Minera Ginevro, La Calamita, Island Elba, Italy"
43950,"Barkevik-Schäre, Langesundfjord, Norway"
43952,"Chesterville, Québec, Canada"
43953,"Geisspfad, Binntal, Valais, Switzerland"
43955,"Island Lipari, Liparische Inseln, Italy"
43956,"Tiefenstein, Albtal, Süd-Schwarzwald, Germany"
43957,"Bjordammen, Telemark, Norway"
43958,"Halbinsel Labrador, Canada"
43959,"Halbinsel Lizard, Cornwall, United Kingdom"
43961,"Molina de Aragon, Aragonien, Spain"
43965,"Mattmark-Alp, Saas-Almagell, Valais, Switzerland"
43967,"Kreuzlipass, Grisons, Switzerland"
43971,"Cima della Bianca (Val Cristallina), Medel (Lucmagn), Grisons, Switzerland"
43974,"Stauzhorn, Handegg, Guttannen, Bern, Switzerland"
43980,"Plaun Palits, Tujetsch, Grisons, Switzerland"
43981,"Valle di Vantarone-Valle di Ponte, Brissago, Ticino, Switzerland"
43985,"Oberalpstrasse, Tujetsch, Grisons, Switzerland"
43986,"Wikon, Lucerne, Switzerland"
43989,"Piano di Peccia, Peccia, Ticino, Switzerland"
43990,"Cave in Raimeux, Moutier, Bern, Switzerland"
43992,"Westende des Valle dei Cani, Prato (Leventina), Ticino, Switzerland"
43996,"Geissflue, Zullwil, Solothurn, Switzerland"
43997,"Wätterbach, Kandersteg, Bern, Switzerland"
43999,"Isole di Brissago (Brissago-Insel), Lago Maggiore, Ticino, Switzerland"
44001,"Val Ferrera, Ausserferrera, Grisons, Switzerland"
44003,"Ärtelengrat, Adelboden, Bern, Switzerland"
44005,"unterhalb Croce Portera, Olivone, Ticino, Switzerland"
44006,"Kluft Nr. 70, Camperio, Val Blenio, Ticino, Switzerland"
44007,"Pizzo Moro, S. Domenico, Verbano-Cusio-Ossola, Italy"
44008,"Chüematte, Adelboden, Bern, Switzerland"
44009,"nördl. Nünihorn, Adelboden, Bern, Switzerland"
44012,"Teufelsloch, Rheinfelden, Lörrach, Baden-Württemberg, Germany"
44016,"Mekong near Jinghong, Yunnan, China"
44017,"Klosterberg, Steinheimer Becken, Steinheim, Ries, Nördlingen, Germany"
44019,"Mine Vereinigung, Katzenwinkel, Siegerland, Germany"
44023,"Westseite Island Wasini, Kenya"
44026,"Noravsky Kras, Tschechische Republik"
44032,"Olgiasca, Como/Lombardei, Italy"
44037,"Iveland, Aust-Agder, Norway"
44038,"Erango-Gebirge, W. Spitzkopje, Namibia"
44039,"Mine Käthe, St. Leonhard a.d. Saualpe, Kärnten, Austria"
44041,"Norberg Län, Västmanland, Sweden"
44042,"mit japanisch geschriebener Originaletikette, Japan"
44054,"Pizzo della Valletta, Airolo, Ticino, Switzerland"
44069,"Unnersaas (unteres Saas, Rhonegletscher), Oberwald, Valais, Switzerland"
44077,"Grat Cima della Bianca - Tuors, Medel (Lucmagn), Grisons, Switzerland"
44079,"Olme (Aletschgletscher), Betten, Valais, Switzerland"
44096,"Ri di Valleggia, Bedretto, Ticino, Switzerland"
44097,"Valleggia, Val Bedretto, Ticino, Switzerland"
44100,"Guanajuato, Sierra de Sta. Rosa, Mexico"
44101,"Rauchkofel, Ahrntal, Südtirol, Italy"
44104,"Candóglia, Valle d'Ossola, Novara/Piemont, Italy"
44106,"Mount Kibo, Kilimanjaro, Tanzania"
44113,"Wyloo, Western Australia, Australia"
44116,"Four Peaks, Arizona, USA"
44117,"Arbaz, Aostatal, Italy"
44118,"Bochovice, Tschechische Republik"
44120,"Corinto, Brazil"
44121,"Cortino-Campo, Valle Maggia, Ticino, Switzerland"
44122,"Vesanto, Finland"
44123,"Rémuzat, Dépt. Drôme, France"
44125,"Galenstock, Furka, Uri, Switzerland"
44126,"Oberalpstock, gegen Bächifirn, Uri, Switzerland"
44129,"Quarry Detzeln, Steinatal, Schwarzwald, Germany"
44130,"Dalnegorsk (ca. 150 km nördl. Wladiwostok), Primerie, Russia"
44132,"Kleiner Mutsch, Etzlital, Uri, Switzerland"
44135,"Govia, Brazil"
44138,"Aktas, Kazakhstan"
44139,"Göpfersgrün, Wunsiedel, Fichtelgebirge, Bavaria, Germany"
44140,"Spitzberg, Urseren, Uri, Switzerland"
44141,"Fiescherhorn, Fiesch, Goms, Valais, Switzerland"
44144,"Rössing, Namibia"
44146,"Morro do Veneno, Brazil"
44149,"Karlova Studanka, Udoli Pradéd, Moravia, Tschechische Republik"
44150,"(Dorf) Geren, Gerental, Goms, Valais, Switzerland"
44152,"Tomülhorn, Vals, Grisons, Switzerland"
44154,"Alp Ramosa, Lugnez, Grisons, Switzerland"
44159,"Val Punteglias, Disentis, Grisons, Switzerland"
44164,"Brandenberg West, Namibia"
44168,"Steingletscher (nähe Sustenpass), Bern, Switzerland"
44169,"Brunnital, Maderanertal, Uri, Switzerland"
44173,"Fedenstock, Fellital, Uri, Switzerland"
44174,"Rimpfischwängi, Zermatt, Valais, Switzerland"
44175,"Grubbach near Golling, Salzburg, Austria"
44176,"Las Ruinas, Disentis, Grisons, Switzerland"
44178,"Obersäss, Walenstadtberg, St. Gallen, Switzerland"
44181,"Pecos River Valley, De Baca County, New Mexico, USA"
44185,"Maramaros, Transsylvanien, Transylvania, Romania"
44186,"Gipsgrube Zeglingen, Baselland, Switzerland"
44188,"Nufenen, Ticino, Switzerland"
44191,"Hamman Zaid, Algeria"
44192,"Campara, Camperio, Val Blenio, Ticino, Switzerland"
44193,"Piatto, Poncione dei Laghetti, Valle Maggia, Ticino, Switzerland"
44194,"Chrüzlistock, Tavetsch, Grisons, Switzerland"
44195,"Béura Seinbruch, Novara/Piemont, Italy"
44196,"Tiefengletscher, Gletschhorn, Furka, Uri, Switzerland"
44198,"Val Strem, Sedrun, Grisons, Switzerland"
44199,"Sidelhorn, Grimsel, Bern, Switzerland"
44201,"Altbach, Fiesch, Goms, Valais, Switzerland"
44203,"Vrin, Lumnezia, Grisons, Switzerland"
44204,"Lees, oberh. Leukerbad, Valais, Switzerland"
44206,"Albrunpass, Binntal, Valais, Switzerland"
44207,"Carrara, Lucca/Toscana, Italy"
44209,"Piz Alv, Uri, Switzerland"
44212,"Nufenenpass, Valais, Switzerland"
44214,"Gerstenhorn, Grimsel, Bern, Switzerland"
44215,"Almensertobel, Domleschg, Grisons, Switzerland"
44217,"Bahnhofplatz Göschenen, Uri, Switzerland"
44218,"Gipfel Mutsch, Uri, Switzerland"
44219,"La Fibbia, Gotthard, Ticino, Switzerland"
44220,"Thusis, Domleschg, Grisons, Switzerland"
44221,"Val Cavardiras, Disentis, Grisons, Switzerland"
44222,"Capanne Vecchie, Grosseto/Toscana, Italy"
44223,"Kiental, Berner Oberland, Bern, Switzerland"
44224,"Quarry Üdersdorf near Daun, Eifel, Rhineland-Palatinate, Germany"
44225,"Emmelsberg, near Üdersdorf, Daun/Rh.-Pf., Germany"
44226,"Straznik near Vrchlabí (Vachberg near Hohenelbe), Tschechische Republik"
44229,"Val da Claus, Tavetsch, Grisons, Switzerland"
44230,"Plaun Palits, Pardatsch, Val Nalps, Tavetsch, Grisons, Switzerland"
44232,"Steinengletscher, Bez. Brig, Valais, Switzerland"
44234,"Stanzhorn, Handegg, Guttannen, Bern, Switzerland"
44235,"2. Muotta, Val Giuv, Tavetsch, Grisons, Switzerland"
44237,"Gletsch, Rhonegletscher, Goms, Valais, Switzerland"
44238,"Talboden Gletsch, Rhonegletscher, Goms, Valais, Switzerland"
44239,"Gletscherzunge, Rhonegletscher, Goms, Valais, Switzerland"
44243,"Göscheneralp, Uri, Switzerland"
44245,"Tête Noire, Val Dix, Valais, Switzerland"
44246,"Wergenstein, Hinterrhein, Grisons, Switzerland"
44248,"Fringeli ob Bärschwil, Laufental, Solothurn, Switzerland"
44251,"Dobesovice near Kolín, Tschechische Republik"
44252,"Mnísek pod Brdy, Tschechische Republik"
44253,"Horovice, Bohemia, Tschechische Republik"
44254,"Mricna near Jilemnice, Tschechische Republik"
44255,"Straznik near Perimova, Tschechische Republik"
44257,"Straznik near Jilemnice, Tschechische Republik"
44258,"Streznik Peltrimor, Tschechische Republik"
44260,"Runal, Piz Beverin, Domleschg, Grisons, Switzerland"
44262,"Pizzo Soveltra, Ticino, Switzerland"
44263,"Tüllinger Hill near Weil am Rhein, Germany"
44265,"Goppenstein, Ferden, Lötschental, Valais, Switzerland"
44269,"Gental, Innertkirchen, Bern, Switzerland"
44271,"oberes Valle Maggia, Ticino, Switzerland"
44273,"Südgrat Grubhorn, Baltschiedertal, Visp, Valais, Switzerland"
44278,"Oberalpstock (Piz Tgietschen), Silenen, Uri, Switzerland"
44279,"Adelboden, Bern, Switzerland"
44284,"Etzli(tal), Silenen, Uri, Switzerland"
44294,"südöstl. Vrin, Grisons, Switzerland"
44298,"Lokalität ""Mörder"" W-Seite Segnaspass, Elm, Glarus, Switzerland"
44299,"Ruinas, Medel (Lucmagn), Grisons, Switzerland"
44302,"Engstligengrat, Adelboden, Bern, Switzerland"
44326,"Lochberg, Göschenen, Uri, Switzerland"
44336,"Ärtelen, Adelboden, Bern, Switzerland"
44344,"Gärstenhorn (Gerstenhorn), Guttannen, Bern, Switzerland"
44350,"Val da Claus (Surrein), Tujetsch, Grisons, Switzerland"
44354,"Pizzo di Claro, Cresciano, Ticino, Switzerland"
44355,"Furkastock, Realp, Uri, Switzerland"
44357,"Chli Bielenhorn, Realp, Uri, Switzerland"
44371,Süd-Indien
44372,"aus afrikanischem Natron-Vulkan-See, Tanzania"
44373,"Messina Mine, Nord-Transvaal, South Africa"
44377,"Quarry Wagner, Münchenstein, Basel-Landschaft, Switzerland"
44384,"In der Hellere, Adelboden, Bern, Switzerland"
44386,"St. Andreasberg, Germany"
44387,"Strontian (Agryllshire), Scotland, United Kingdom"
44388,"Cave von Szemlöhegy in Budapest, Hungary"
44389,"Lehmgrube, Seewen, Solothurn, Switzerland"
44390,"Montalto di Castro, Toscana, Italy"
44391,"Carmelitas, Catamarca, Argentina"
44392,"Kondor-Massiv near Nel'kann, Russia"
44393,"Bear Creek, Alaska, USA"
44394,"Visim near Nischne Tagilsk, Ural, Russia"
44395,"Böckelsbach, Wittichen, Schwarzwald, Germany"
44397,"Feniliuz, Val d'Aosta, Italy"
44399,"Clermont, Queensland, Australia"
44401,"Tarjel-Goldfield, Victoria, New South Wales, Australia"
44402,"Cockatoo-Dam, Clermont, Queensland, Australia"
44403,"Lobsigen, Seedorf, Bern, Switzerland"
44404,"Altrhein, Grisons, Switzerland"
44406,"Drouin, Victoria, New South Wales, Australia"
44408,"Rein da Medel, Disentis/Mustér, Grisons, Switzerland"
44409,"Eagle's Nest Mine, California, USA"
44410,"Perth, Western Australia, Australia"
44411,"Monte Ciamusera, Val d'Ayas, Aosta, Italy"
44412,diverse Fundorte in New Zealand
44415,"Norilsk, Ural, Russia"
44419,"Cave-in-Rock Mine, Hardin County, Illinois, USA"
44420,"Poonah, Bombay, India"
44421,"Val d'Ayas, Aosta, Italy"
44433,"Piz Cavardiras, Disentis/Mustér, Grisons, Switzerland"
44436,"Blinnental, Reckingen, Valais, Switzerland"
44438,"Saas Almagell, Valais, Switzerland"
44440,"Quarry Castione, Arbedo-Castione, Ticino, Switzerland"
44442,"(Resti)tschingelfirn, Silenen, Uri, Switzerland"
44445,"Siah Kuh, 150 km südöstl. Teheran, Iran"
44446,"Vesuv, Napoli/Kampanien, Italy"
44448,"südöstl. Tana, Madagascar"
44451,"Franceville, Gabun"
44453,"Sohle 280 m, Morocochala, Bolivia"
44454,"Pra da Stua, Monte Baldo, Trient/Südtirol, Italy"
44455,"Aliabad, Hunza, Gilyit, Pakistan"
44457,"Skardu, Dassu-Tal, Pakistan"
44459,"Island Nisyros, Ägäis, Greece"
44460,"Ivituut, Greenland"
44461,"Tunaberg, Södermanland, Sweden"
44462,"Wolfsberg, Halle, Germany"
44463,"Obermoschel, Rhineland-Palatinate, Germany"
44464,"Cavnic, Romania"
44465,"Ehl, Linz am Rhein, Rhineland-Palatinate, Germany"
44466,"Valle Airale, Chiesa, Sóndrio/Lombardei, Italy"
44469,"Val Sissone, Chiaréggio, Sóndrio/Lombardei, Italy"
44479,"Ticino, Switzerland"
44485,"Rossboden, Andermatt, Uri, Switzerland"
44520,"Sokolov, Tschechische Republik"
44523,"Kanarische Inseln, Spain"
44524,"Dépt. Vosges, France"
44528,"San Juan del Rio, Querétaro, Mexico"
44531,"East Kimberly, Western Australia, Australia"
44532,"Hamersley Ranges, Western Australia, Australia"
44534,"Kununura, East Kimberley, Western Australia, Australia"
44538,"Andamooka, South Australia, Australia"
44539,"Lightning Ridge, New South Wales, Australia"
44547,"Unterstürmig, Egolsheim, Germany"
44548,"Staffelstein, Oberfranken, Germany"
44555,"Bimbowrie, Olary Province, South Australia, Australia"
44559,Zaire
44561,"Mina Mapimi, Durango, Mexico"
43258,"Pläviggin, Küblis, Grisons, Switzerland"
43261,"Kohlebergwerk Schwarzenmatt, Boltigen, Bern, Switzerland"
43266,"Monte Giove, Val Formazza, Italy"
43267,"Monte Belleri, Val Sugana, Italy"
43269,"Silberberg, Davos, Grisons, Switzerland"
43270,"Braggio, Grisons, Switzerland"
43389,"Niccioleta b. Massa Marittima, Grosseto/Toscana, Italy"
43396,"Traversella, Turin/Piemont, Italy"
43397,"Cirque de Morgon, Dépt. Hautes-Alpes, France"
43398,"Quarry der Dachstein-Ziegelei Keller, Frick, Aargau, Switzerland"
43399,"Wawa, Province Ontario, Canada"
43401,"Lägern, Dielsdorf, Zürich, Switzerland"
43402,"Giuvstöckli, Uri, Switzerland"
43403,"Mompé Medel, Grisons, Switzerland"
43404,"Längisalp, Oberwald, Goms, Valais, Switzerland"
43406,"Gneise östl. Lengenbach, Binntal, Valais Switzerland"
43407,"St. Jovite, Québec, Canada"
43408,"Mine de Batere, Dépt. Pyrénées orientales, France"
43409,"Brandenberg, Todtnau, Wiesental, Schwarzwald, Germany"
43410,"Galleria Monte Piottino, Rodi-Fiesso, Ticino, Switzerland"
43411,"Schienstock, Fellital, Uri, Switzerland"
43415,"Quarry Kleinlützel, Lützeltal, Jura, Switzerland"
43418,"Schöntal an der Ergolz, Baselland, Switzerland"
43419,"Siegerland, Westfalen, Germany"
43423,"King County, Washington, USA"
43424,"obere Tongrube Hauenstein, Baselland, Switzerland"
43425,"Quarry Tiefenstein, Albtal, Süd-Schwarzwald, Germany"
43427,"Quarry Gemeinde Extertal, Göstrop, Kreis Lippe, Germany"
43428,"Winterberg, Ruschberg near Vlotho, Kreis Herford, Germany"
43429,"Vlotho an der Weser, Kreis Herford, Germany"
43430,"Krattigbach, Bern, Switzerland"
43432,"Eiberg near Vlotho a.d. Weser, Hersfeld/NRW, Germany"
43433,"Gotthard-Strassentunnel NP, Uri, Switzerland"
43437,"Lange Wand near Tevenhausen, Heidelbeck, Kreis Lippe, Germany"
43438,"Goldfundstelle von Calanda, Grisons, Switzerland"
43439,"Lehmgrube Passhöhe Hauenstein, Baselland, Switzerland"
43443,"Lemgo, Extertal, Kreis Lippe, Germany"
43444,"Binntal, Valais Switzerland"
43446,"Rock IS. Dom, Douglas County, Washington, USA"
43448,"Campo Blenio, Ticino, Switzerland"
43272,"Braggio, Calancatal, Grisons, Switzerland"
43274,"Schliersee, Bavaria, Germany"
43275,"Kamchatka, Russia"
43449,"Crévola d'Óssola Marmorbruch, Novara/Piemont, Italy"
43450,"Gotthardpass, Uri, Switzerland"
43454,"Vaches Noires, Calvados, Bretagne, France"
43455,"Mina Cacharro Ordeuse, Santiago de Compostela, La Coruña, Galicia, Spain"
43456,"grosser Quarry Cornol, Ajoie,  Jura, Switzerland"
43457,"Autobahn, Giebenach, Baselland, Switzerland"
43458,"Wilhelmstollen, Mine Teufelsgrund, Untermünstertal, Schwarzwald, Germany"
43460,"Cerniat, östl. Broc, Fribourg, Switzerland"
43461,"beim ""Hammer"", Aedermannsdorf, Solothurn, Switzerland"
43462,"Reichenbach near Aalen, Württemberg, Germany"
43468,"Huancabelica, Lima, Peru"
43469,"Talmessi, Anaruk-Gebiet, Iran"
43470,"Santa Cruz, Mexico"
43471,"Teofilo Otoni, Minas Gerais, Brazil"
43472,"Lobming, Steiermark, Austria"
43473,"Mine Glücksrad, Ober-Schulenberg, Harz, Germany"
43475,"Dora-i-Pioz, Tajikistan"
43477,Durango (Municipio de Mapimi) Mexico
43478,"Llallagua, Bolivia"
43481,"Quarry Pauliberg, Burgenland, Austria"
43482,"Mine Bayerland, Waldsassen, Oberpfalz, Germany"
43484,"Skrikerum, Småland, Sweden"
43485,"Sarabau Mine, N.Bau, Sarawak, Borneo"
43487,"Langer Heinrich, Rössingberge, Karibib, Namibia"
43488,"Silverton Mine, San Juan County, Colorado, USA"
43492,"Mun-Hambo, Polar Ural, Russia"
43493,"Mina El Dragon, Potosi, Bolivia"
43494,"Mina Jacupiranga, Sao Paulo, Brazil"
43497,"Shaft Struhadlo, Klatovy, Westböhmen, Tschechische Republik"
43498,"Beraketa, Region Jhosy, Süd-Madagaskar"
43499,"Cerro Sapo, Cochapamba, Bolivia"
43501,"Itabira do Campo, Minas Gerais, Brazil"
43502,"Linka Mine, Londer County, Nevada, USA"
43503,"Merehead Quarry, Mendip Hills, Somersetshire, England, United Kingdom"
43504,"Udatschnaja am Marcha, Yakutien, Ostsibirien, Russia"
43506,"Tierra Inca de Oro, Chile"
43507,"Mina Xanda, Virgem da Lapa, Brazil"
43508,"Albtal, Süd-Schwarzwald, Germany"
43511,"Kasompi, Shaba, Dem. Rep. Congo (Zaire)"
43513,"Merelani, Tanzania, Australia"
44564,"La Rioja, Spain"
44572,"Mount Hay, Queensland, Australia"
44576,"Mount Gunson, South Australia, Australia"
44583,"Moonta, South Australia, Australia"
44592,"Stillwater Range, Nevada, USA"
44595,"Reaphook Hill, Flinders Range, South Australia, Australia"
44596,"Santa Cruz County, Arizona, USA"
44599,"Mount Malosa, Zomba District, Malawi"
44600,"Heidbach, Solis, Schynschlucht, Thusis, Grisons, Switzerland"
44602,"Monument Mine, Arizona, USA"
44603,"Succor Creek, Oregon, USA"
44605,"N'chwaning Mine, South Africa"
44606,"Galoboreb, Namibia"
44613,"Tip Top Mine, South Dakota, USA"
44618,"Virnem da Laga, Minas Gerais, Brazil"
44619,"Peck, Nuristan, Afghanistan"
44620,"Nurestan, Afghanistan"
44621,"Shigar Valley, Pakistan"
44622,"Mpwapwa, Tanzania"
44623,"Avrangabad, India"
44624,"Skardu, Pakistan"
44625,"Halbinsel Kola, Russia"
44626,"Chamachu Balistan, Pakistan"
44627,"São José de Batalha, Brazil"
44630,"Chitral, Pakistan"
44631,"Tajaskof, Nepal"
44632,"Alto Eguador, Pariba, Brazil"
44633,"Hamimat, Algeria"
44638,"Mine l'Étoile, Shaba, Dem. Rep. Congo (Zaire)"
44639,"Saranj, Ural, Russia"
44645,"Jekaterinburg, Russia"
44646,"Huancabelica, Peru"
44647,"Concoglia, Novara/Piemont, Italy"
44650,"Wheal Unit, Gwennap, Cornwall, United Kingdom"
44651,"Spania Dolina (Herrngrund, Slovakei"
44652,"Oberschlema, Erzgebirge, Chemnitz, Germany"
44653,"Aue, Erzgebirge, Chemnitz, Germany"
44654,"Huanco, Chile"
44656,"Nickenicher Sattel (Sattelberg, Rheinland Pfalz, Germany"
44658,"Riale des Motto, Val Vigezzo, Novara/Piemont, Italy"
44661,"Outokumpu, Finland"
44662,"St. Peter's Dome, Colorado, USA"
44663,"Marra Mamba-Formation, Hamersley Range, Western Australia, Australia"
44667,"Jordanów Slaski, Breslau, Poland"
44668,"Niedermendig, Laacher See, Eifel, Rheinland Pfalz, Germany"
44669,"Krufter Ofen, Rheinland Pfalz, Germany"
44670,"Island Tahiti, France"
44671,"Monte Formello - Sacrofano, Rom, Italy"
44672,"Glass Butte, Oregon, USA"
44673,"Quadalajara, Mexico"
44675,"Kahn-Mine, Namibia"
44676,"Mansfeld, Halle, Germany"
44678,"Inagli Massiv, Sibirien, Russia"
44679,"Vechec near Presov, Slovakei"
44680,"Willow Creek, Idaho, USA"
44681,"Kakanda, Shaba, Zaire"
44682,"Kakanda, Zaire"
44683,"Höwenegg, Bd.- Wü., Germany"
44684,"Oka-Koplex, Québec, Canada"
44685,"Kragerö, Telemark, Norway"
44686,"Kossibrod, Ural, Russia"
44688,"Canzocoli, Val di Fassa, Südtirol, Italy"
44689,"Altar, Sonora, Mexico"
44690,"Charo, Murun Massiv, NW-Aldan, Yakutsk, Russia"
44691,"St. Peter, Markirch, France"
44692,"Hagendorf-Süd, 76,5m Sohle, Bavaria, Germany"
44693,"Djebel Nador, Souk-Ahras, Algeria"
44694,"Elbosan, Albania"
44695,"Tazna, Bolivia"
44697,"Kupferbergwerk Lethmate near Iserlohn, Sauerland, NRW, Germany"
44699,"Mine Stanija-Aldini, Transylvania, Romania"
44701,"Triphylin-Grube Sandamab near Usakos, (Erongo-Gebirge), Namibia"
44702,"Rosendalen, Iveland, Norway"
44704,"Mortiniana, Piemont, Italy"
44706,"Timna Kupfermine, Sinai, Israel"
44707,"Sainte-Marie-aux-Mines, Dépt. Haut-Rhin, France"
44708,"Praha-Vysocany, Tschechische Republik"
44709,"Ilfeld, Harz, Germany"
44710,"Mine Framm, Sulzbach, Oberpfalz, Germany"
44711,"Cínovec, Erzgebirge, Tschechische Republik"
44713,"südl. Jupiter Magnetschurf, Vaskö, Banat, Romania"
44714,"Waschenbach, Odenwald, Germany"
44715,"Postmasburg, Betsjoeanaland, South Africa"
44718,"Dolní Bory, Velké Mezirici, Gross Meseritsch, Tschechische Republik"
44719,"Schlossböckelstein, Rheinland Hesse, Germany"
44720,"Pfaffenreuth, Hausenberg, Bayrischer Wald, Germany"
44721,"Spoil heap Neuer Shaft, Långban, Värmland, Sweden"
44722,"Lazarote, Kanarische Inseln, Spain"
44725,"Val Antigorio, Novara/Piemont, Italy"
44726,"W-Bonanza Vein, Bonanza, Uintah County, Utah, USA"
44727,"Recsk, 1000m^, Horizont, Matra Gebirge, Hungary"
44729,"Hartley Vale, New South Wales, Australia"
44730,"Farm Entemba, Namibia"
44731,"Schavina, Madagascar"
44732,"Marsikov (Marschendorf), Moravia, Tschechische Republik"
44742,"Alp Damaz (Tanatzalp), Splügen, Grisons, Switzerland"
44745,"Splügenpass, Splügen, Grisons, Switzerland"
44749,"Scaleglia, Grisons, Switzerland"
44751,"Grevasalvas, Sils im Engadin/Segl, Grisons, Switzerland"
44752,"Rosswald, Termen, Valais, Switzerland"
44753,"Siblingen, Shaffhausen, Switzerland"
44754,"Weesen, St. Gallen, Switzerland"
44760,"Scopi, Grisons, Switzerland"
44762,"Rotenberg, Hospental, Uri, Switzerland"
44763,"Segnes, Disentis/Mustèr, Grisons, Switzerland"
44765,"Gross Furkahorn, Realp, Uri, Switzerland"
44768,"Malpensata, Olgiasca, Colico, Lecco, Italy"
44775,"Ilakaka, SW-Madagaskar"
44776,"Rothenstein, Lahn-Dill, Germany"
44777,"Ekersund-Soggendal, b. Stavanger, Norway"
44778,"Mina la Farola, Copiapó, Chile"
44779,"Bräunsdorf, Freiberg, Chemnitz, Germany"
44780,"Ehrenfriedersdorf, Zschopau, Chemnitz, Germany"
44781,"Gärstenegg (Kabelstollen Gerstenegg-Sommerloch), Guttannen, Bern, Switzerland"
44789,"Picacho Peak, San Benito Mts., California, USA"
44790,"Mine Christiana, Kamariza, b. Lavrion, Attika, Greece"
44791,"Nakauri-Mine, Shinshiro-shi, Aichi, Japan"
44792,"Murun near Olekminsk, Sibirien, Russia"
44793,"Laacher See (Auswürflinge), Eifel, Germany"
44794,"Roter Berg, Schneeberg, Saxony, Germany"
44795,"Salsigne, Dépt. Aude, France"
44796,"Sounion near Lavrion, Greece"
44797,"Christiana Mine, Kamariza, b. Lavrion, Attika, Greece"
44798,"Fossa II-Krater, Vulcano, Aeolische Inseln, Italy"
44799,"Evenkia, Unterlauf der Tunguska, Sibirien, Russia"
44800,"Zalesii, Rychlebské-Berge, Moravia, Tschechische Republik"
44801,"Alto Quixaba, Frei Martinho, Paraiba, Brazil"
44802,"Linopolis, Divino das Laranjeiras, Minas Gerais, Brazil"
44803,"Kladno, Bohemia, Tschechische Republik"
44804,"Wessels Mine, Kalahari Manganese Field, South Africa"
44806,"Autobahnbau near Mailand, Piemont, Italy"
44807,"Semiostrovie, Halbinsel Kola, Russia"
44809,"N'Chwaning II Mine, Kalahari Manganese Field, South Africa"
44811,"Veta Grande X Big Berta, Quarzite Dome, La Paz, Arizona, USA"
44812,"Wessels Mine, Hotazel, South Africa"
44813,"Block 14, Opencut, Broken Hill, New South Wales, Australia"
44814,"Barra do Salinas, Minas Gerais, Braslien"
44815,"1. Hilarion Mine, Kamariza, b. Lavrion, Attika, Greece"
44816,"Crévola d'Ossola, Novara/Piemont, Italy"
44817,"SE-Küste, Halbinsel Kola, Russia"
44818,"Karnarsurt, Lovozero, Russia"
44819,"Mine Perets, Grosseto, Toskana, Italy"
44821,"Bessie G Mine, Cortez County., Colorado, USA"
44822,"Silberbergalm, Brixlegg, Tirol, Austria"
44823,"Glacier Gulch Smithers Bit. Columbia, Canada"
44824,"Lovozero, Halbinsel Kola, Russia"
44825,"Mount Alluaiv, Lovozero, Russia"
44826,"Soholovskoje, Dzezkazghan Region, Kazakhstan"
44827,"Mina Bambolla, Mintezuma, Sonora, Mexico"
44828,"Schmiedestollen-Halde, Wittichen, Schwarzwald, Germany"
44829,"Cerro del Pasco, Peru"
44830,"Poudrette Quarry, Mont Saint-Hilaire, Québec, Canada"
44831,"Weinebene, Koralpe, Kärnten, Austria"
44833,"Tsilaiziana, Madagascar"
44841,Madagarkar
44842,"Ardroy, Madagascar"
44844,"Mount Flora, Lovozero-Massiv, Halbinsel Kola, Russia"
44852,"Monte Grufo, Chiavenna, Italy"
44853,"Grimsel, Bern, Switzerland"
44865,"Soda Lake, San Louis Opispo County, California, USA"
44866,"Hit-ostrov, Karelien"
44867,"Hébronval, Massif de Travelot, Belgium"
44868,"Sempeyre Qu., Val Varaita, Piemont, Italy"
44869,"Copper Stope, Majuba Hill, Pershing County., Nevada, USA"
44870,"16 Miles N. of Hess River, Yukon Territory, Canada"
44871,"Dark Star Claim, Bitterroot Base Line, Ravelli County., Montana, USA"
44872,"Clear Creek Canyon, San Benito Mts., California, USA"
44873,"Mina Jacaoo Galilea, Minas Gerais, Brazil"
44874,"Burro Mine, Slick Rock, San Miguel Cty., Colorado, USA"
44875,"Aracruz - Pegmatit, Aracruz, Espirito Santo, Brazil"
44876,"Tubisis, Erongo, Namibia"
44881,"Tan-Tan, Anti Atlas, Morocco"
44891,"Nubeb-Berg, Usakos, Namibia"
44892,"San Luis de Potosi, Mexico"
44893,"Sar-e-Sang, Badakshan, Afghanistan"
44897,"Melace-Tal, Bauernhof Galassi, Toscana, Italy"
44908,"Cerro Rico de Potosi, Bolivia"
44909,"Fuerteventura, Kanarische Inseln, Spain"
44910,"Libysche Sahara, Libya"
44911,"Fäldbach/Holzerspitz, Binn, Valais, Switzerland"
44917,"Yakutien, Russia"
44918,"Penshan, Taiwan"
44919,"Val Graveglia, Ligurien, Italy"
44920,"Condorcet, Dépt. Drôme, France"
44927,"Gold Hill, Utah, USA"
44933,"Gamsberg, Namibia"
44934,"Sar-e-Sang, Badagshan, Afghanistan"
44935,"Rotgülden, Austria"
44936,"Gold Hill District, Boulder County, Colorado, USA"
44942,"Mayunga, Madagascar"
44943,"Wah Wah Mountains, Beaver, Utah, USA"
44944,"Niyit bruk, Pakistan"
44945,"Bielenhorn, Realp, Uri, Switzerland"
44946,"Elbingerode/Harz, Germany"
44947,"Hünersedel b. Schweighausen, Schwarzwald. Germany"
44948,"Hünersedel b. Schweighausen, Schwarzwald, Germany"
44950,"Bauernhof Fontmaure near Vellèches, Dépt. Vienne, France"
44957,"Lake Superior, Minneapolis, Minnesota, USA"
44958,"Komloska Bolha's-Berg, Tokasi Gebirge, Hungary"
44959,"Adar Tauat-Senke in der Nähe von Plateau de Tademait, Adrar, Agerien"
44960,"Stara Paka hora, Alt Paka-Gebirge, Tschechische Republik"
44965,"John Day Formation, Oregon, USA"
44967,"La Grand-Pressigny, Dépt. Touraine, France"
44973,"La Grand-Pressigny, Dèpt. Touraine, France"
44981,"Neumühlefeld, Löwenburg, Pleigne, Jura, Switzerland"
44982,"Liel, Baden, Germany"
44983,"Riedern am Sand, Germany"
44986,"Kleinkems, Germany"
44987,"Auggen, Schwarzwald, Germany"
44992,"Sandgrube der Fa. Hupfer AG, Gde. Sablière de Saint Louis, France"
44994,"Dinkelberg, Wehr, Germany"
44996,"Kozakov, Bohemia, Tschechische Republik"
44997,"Sauersberg near Baden-Baden, Germany"
44998,"Beramboho near Andranogomonto, Madagascar"
44999,"Neunkirchen near Wadern, Saarbrück, Germany"
45002,"Calvi, Island Korsika, France"
45003,"Brdo, Tschechische Republik"
45004,"Nová Paka, Tschechische Republik"
45005,"Corsica Mine, Minnesota, USA"
45006,"Les Lavoirs, Boécourt, Jura, Switzerland"
45008,"Toroczko, Romania"
45012,"Rock Springs, Wyoming, USA"
45020,"Farm Otjisemba, Karibib, Namibia"
45021,"Horní Halze, Tschechische Republik"
45022,"Dépt.Vosges, France"
45023,"E von Egilsstadir, Iceland"
45024,"Le Grande Préssigny, Dépt. Touraine, France"
45025,"Kozakov, Tschechische Republik"
45026,"Erfond, S-Marokko"
45027,"Nová Paka, Bohemia, Tschechische Republik"
45028,"Flussbett near Knock, Ireland"
45032,"Freisen, Saar, Germany"
45033,"Aus dem Flussbett des Chico Arapey, Thermas Arapey, Uruguay"
45034,"Bachbett Sterza, near Santa Maria-Pian delle Rose, Livorno, Italy"
45035,England
45036,"Kurna, Tal der Könige, Egypt"
45038,"Umgebung von Troyes, France"
45039,"Morava - Bochovice, Tschechische Republik"
45041,"Keetsmanshope, Namibia"
45042,"Gobi, Mongolia"
45043,"Bocas del Tigre, Flussbett des Rio Chico, Darien, Panama"
45046,"Trestia (Kötelesnezö, Tresztye), Romania"
45047,"Valle di San Nicoló, unterhalb Buffaure, Trient/Südtirol,  Italy"
45051,"Rumunsko, Tschechische Republik"
45052,"Jamizinho, Rio Grande do Sul, Brazil"
45053,"Amarem, Rio Grande do Sul, Brazil"
45055,"Horse Canyon, zwischen Tehachapi und Majove, California, USA"
45057,"Somerset, United Kingdom"
45060,"Steinkaulenberg, Algenrodt near Idar-Oberstein, Germany"
45062,"Adrasman, Uzbekistan"
45065,"Erdöhorvàti, Zemplen Gebirge, Hungary"
45066,"Saphoz, Dépt. Haute-Saône, France"
45069,"Les Darboussières, Fréjus, Dépt. Var, France"
45070,"Priday Ranch, Oregon, USA"
45071,"Hocova Hurka, near Pribor, Tschechische Republik"
45072,"Rössing Berge, Namib Wüste, Namibia"
45075,"Bruneau Canyon, Idaho, USA"
45077,"Fréjus, Dépt. Var, France"
45078,"Pendleton, Oregon, USA"
45079,"Rasovka, Tschechische Republik"
45080,"Dry Head, Montana, USA"
45083,"Bucht von Lampi, Island Patmos, Greece"
45086,"Umgebung von Rio Uruguay, near Salto, Uruguay"
45087,"Quarry Mouzaki, Pentelikon W-Seite, Attika, Greece"
45088,"Pays Basque, Spain"
45089,"Olenica, Kandalaksskaja guba, Halbinsel Kola, Russia"
45092,"Lo Boarder E of Kingston, Jamaika"
45095,"Antaboko, Madagascar"
45096,"Mama Fluss, Ostsibirien, Russia"
45098,"Acari, Province Careveli, Dep. Arequipa, Peru"
45099,"Kremze, südböhm. Gebirge, Tschechische Republik"
45100,"Atacama-Wüste, Chile"
45101,"Erdöhorvàti, Borsod-Abauj-Zemplen, Hungary"
45102,"Kambalda, Western Australia, Australia"
45104,"Sierra Dourada Mossamedes (375km N Goiannia), Goyaz, Brazil"
45107,"Kunene (Swartsboidrift), Namibia"
45108,"Governador Valadares, Minas Gerais, Brazil"
45109,"Mine Louise, Hornhausen, Rh.-Pf., Germany"
45110,"Irecê, Bahia, Brazil"
45113,"Keweenaw Cty., Michigan, USA"
45114,"Kaokofeld, Omapauwe, Namibia"
45116,Russia
45118,"Hohenstein, Erango, Namibia"
45122,"Schloss Tarasp, Grisons, Switzerland"
45124,"Basel, Basel-Stadt, Switzerland"
45127,"Oberbeinwil, Beinwil, Solothurn, Switzerland"
45129,"Spitzkopje, Namibia"
45130,"Habachtal, Salzburg, Austria"
45131,"Socoto, Bahia, Brazil"
45133,"Nasenkopf, Habachtal, Austria"
45135,"Plaka Mine Nr. 80, Lavrion, Attika, Greece"
45136,"Bösenbrunn, Oelsnitz/Chemnitz, sächsisches Vogtland, Germany"
45137,"DaYe near Yinniu, Province Hubei, China"
45138,"Hilarion Mine, Kamariza, b. Lavrion, Attika, Greece"
45139,"Open-pit mine Koashva Chibiny, Halbinsel Kola, Russia"
45140,"Laacher-See, Eifel, Germany"
45141,"Björkdalsgrube near Skellefteå, Västerbotten, Sweden"
45142,"Kokcha Tal, Sar e Sang, Badakhshan, Afghanistan"
45144,"Midelt, Morocco"
45145,"Brunnsjögruven, Sweden"
45146,"Lizard - Halbinsel, United Kingdom"
45147,"Matriniana, Piemont, Italy"
45148,"S. Vincent, Val d'Aosta, Italy"
45149,"Komlo, Hungary"
45150,"Cruzeiro Mine, Minas Gerais, Brazil"
45151,"Belogorsk, Kemerovskaja Oblast, Sibirien, Russia"
45152,"Bin El Ouidane Isseksi, High Atlas, Morocco"
45153,"Monti Berici, Vicenza - Padova, Italy"
45154,"Corcapolo, Intragna, Ticino, Switzerland"
45157,"Konder, Jakutien, Russia"
45158,"Baiar, Lorrego d. Ouvo, Sierra Donrada, Brazil"
45159,"Shigar, Baltistan, Kashmir, Pakistan"
45160,"Varutrask, Skellefteå, Västerbotten, Sweden"
45162,"Pala, San Diego County., California, USA"
45165,"Val Stgira, Medel (Lucomagn), Grisons, Switzerland"
45166,"Capelinha, Brazil"
45174,"Santa Rosa Mine, Minas Gerais, Brazil"
45176,"Sonenga, Kenya"
45178,"Furggbach, Erl (Alp Erl), Mund, Valais, Switzerland"
45180,"Furggbach, Mund, Valais, Switzerland"
45181,"Blyschgraben (Blaugraben), Baltschiedertal, Baltschieder, Valais, Switzerland"
45265,"Maxonchamp, Dépt. Vosges, France"
45269,"Xiang Hualin, Hunan, China"
45271,"Eastgate, Weardale, Durham, Cumberland, United Kingdom"
45274,"Baveno, Novara/Piemont, Italy"
45291,"Mina Navidad, Durango, Mexico"
45292,"Airag, Zentralgobi, Mongolia"
45293,"Okasuru-Farm, Namibia"
45295,"Farm Marburg, Okasuru, Otjiwarongo, Namibia"
45299,"Hunzala, Peru"
45300,"Pasto Bueno, Peru"
45301,"Santa Eulalia, Mexico"
45302,"Weisseck, Lungau, Salburg, Austria"
45303,"Trestyan, Romania"
45304,"Capnik, Romania"
45305,"Kara - Oba, Kaschstan"
45307,"Osojnik near Zelezniki im Soratal, Slovenia"
45308,"Mina de Berbes, Asturien, Spain"
45310,"Berbes-Mine, Ribadesella, Asturien, Spain"
45312,"Slavkov (Schlaggenwald), near Karlsbad, Tschechische Republik"
45314,"Buskin-Mountain, Yuma County, Arizona, USA"
45315,"Cave-in-Rock Mine, Hardin-County, Illinois, USA"
45319,"Palin District, Socorro County, New Mexico, USA"
45321,"Long Lake, New York, USA"
45322,"Bluffton, Allen County, Ohio, USA"
45323,"Elmwood Mine, Tennessee, USA"
45343,"Fontssante, Dépt. Var, France"
45344,"Mine Voltennes, La Celle en Morvan, ca. 15km NW von Autun, Dépt. Saône-et-Loire, France"
45346,"Buxières Les Mines, Dépt. Allier, France"
45351,"Mine Les Jalérys, Issy-l'Evêque, Dépt. Saône-et-Loire, France"
45352,"Col de Bussang, Saint-Maurice-sur-Moselle, Vosges, France"
45363,"Spitzbergkette, Spitzberg, Hospental, Uri, Switzerland"
45367,"Mettlihorn/Mettligrat, Oberwald, Valais, Switzerland"
45390,"Adit Val Cristallina, Medel (Lucmagn), Grisons, Switzerland"
45396,"Mine Schnelling, Sulzburg, Müllheim, Freiburg, Baden-Württemberg, Germany_x000d_
, Sulzburg, Schwarzwald, Germany"
45397,"Hasenmatten, Todtnau, Lörrach, Baden-Württemberg, Germany"
45404,"Am Epprechstein, Kirchenlamitz, Wunsiedelf. Bavaria, Germany"
45405,"Sauberg, Ehrenfriedersdorf, Zschopau, Chemnitz, Germany"
45408,"Mühlsteingrube Bleiche im Eschbacher Tal, Waldshut, Germany"
45409,"Strasse nach Schmitzingen near Waldshut, Bd.-Wü., Germany"
45417,"Hesselbach, Oberkirch, Offenbach, Baden-Württemberg, Germany"
45427,"Strassenbau in der Nähe Mine Johannesschacht, Wölsendorf, Bavaria, Germany"
45434,"Mine Marienschacht, Wölsendorf, Bavaria, Germany"
45435,"Quarry Riedlingen, Kandern, Lörrach, Baden-Württemberg, Germany"
45437,"Tschengting, Tai-Hau-Gebiet, 360km SW von Peking, China"
45440,"Wah Wah Mountain Range, Utah, USA"
45441,"Black Lake, Québec, Canada"
45442,"Pitkaranda, Re. Karelien"
45443,"Nuevo Leon, Creel, Mexico"
45444,"Mansjö, Sweden"
45445,"Dasu, Pakistan"
45446,"Sappart, Kohistan, Pakistan"
45448,"Tazheran, Baikal, Sibirien"
45449,"Routevare, Sweden"
45450,"Kovdor, Halbinsel Kola, Russia"
45451,"Veta Grande Mine, Corocora, La Paz Pacajes, Bolivia"
45452,"Väster Silfberg, Dalarna, Sweden"
45453,"Norberg, Västmanland, Sweden"
45454,"Sanarate, 25km SE Guatemala City, Guatemala"
45456,"Searles Lake, Trona, California, USA"
45457,"Galinea, Minas Gerais, Brazil"
45460,"Wilui River, Ostsibirien, Russia"
45463,"Mittal-Tunnel, Gampel, Valais, Switzerland"
45464,"Durnagelbach, Linthal, Glarus, Switzerland"
45468,"Quarry Bachtalen, Oftringen, Aargau, Switzerland"
45470,"Val la Pischa, Almens, Grisons, Switzerland"
45486,"Steinigbach, Fieschertal, Valais, Switzerland"
45488,"Klösterli, Hohtenn, Valais, Switzerland"
45489,"Alpe di Cristallina, Bedretto, Ticino, Switzerland"
45490,"Strasse Reckingen-Bächital (Alt Stadel), Reckingen, Valais, Switzerland"
45494,"Gärsthorn (Garsthorn), Mund, Valais, Switzerland"
45499,"Grimselpass, Valais, Switzerland"
45502,"Furgggletscher, Zermatt, Valais, Switzerland"
45503,"Massa, Bitsch, Valais, Switzerland"
45506,"Trifttälli, Gadmen, Bern, Switzerland"
45512,"Piz Minschun, Scuol, Grisons, Switzerland"
45522,"Bleimine im Val Formazza, Verbano-Cusio-Ossola, Italy"
45524,"Himmelberg near Wolffleben, Niedersachswerfen, Germany"
45526,"Montréal-les-Sources, Sahune, Dépt.Drôme, France"
45531,"Gutz Farm Corundum Occurrence, Bancroft, Canada"
45532,"Sunset Park Road/Strasseneinschnitt, Bancroft, Canada"
45533,"Essonville Carbonatite, Bancroft, Canada"
45534,"Mine Königswart, Schönegründ, Baiersbronn, Freudenstadt, Baden-Württemberg, Germany"
45535,"Marmoraton Iron Mine, Bancroft, Canada"
45537,"Richardson-Fission Mine, Bancroft, Canada"
45538,"Mine Gottesgabe, Roth, Kreis Dillenburg, Lahn-Dill Gebiet, Germany"
45539,"Concelheiro, Brazil"
45540,"Halbinsel Koli, Pielisjärvi, Finland"
45541,"Breidenstein, Biedenkopf, Lahn-Dill-Gebiet, Germany"
45542,"Beryl Pit ""Aqua Rose Gems"", Bancroft, Canada"
45543,"Bear Lake Diggings, Bancroft, Canada"
45546,"York River Skarn Zone, Bancroft, Canada"
45548,"Princess Sodalite Quarry, Bancroft, Canada"
45549,"Saga I, Porsgrum, Telemark, Norway"
45550,"Saga I, Tveidalen, Vestfold, Norway"
45551,"Vevja Tveidalen near Larvik City, Vestfold, Norway"
45552,"Stalaker, Tjölling near Larvik, Vestfold, Norway"
45553,"Gjerdingen, Oppland, Norway"
45554,"Höchenschwand, St. Blasien, Waldshut, Baden-Württemberg, Germany"
45556,"Liedermatte, Waldshut, Germany"
45559,"Passo del S. Gottardo (Gotthard), Airolo, Ticino, Switzerland"
45563,"Rheinhafen Basel, Basel, Basel-Stadt, Switzerland"
45568,"Belchen-Strassentunnel, Basel-Landschaft, Switzerland"
45572,"Rose Quartz Pit ""AquaRose Gems"", Bancroft, Canada"
45577,"Tasmania, Australia"
45578,"Chañaral, Chile"
45579,"Steirischer Erzberg, Eisenerz, Steiermark, Austria"
45580,"Fécamp, Dépt. Normandie, France"
45582,"Canciano, Poschiavo, Grisons, Switzerland"
45585,"Curaglia, Lukmanier, Medels, Grisons, Switzerland"
45593,"Glatscher da Nalps, Tujetsch, Grisons, Switzerland"
45594,"Strasse von Biasca nach Roveredo, Ticino/Grisons, Switzerland"
45610,"Gärstenegg (Gerstenegg Kabelstollen), Guttannen, Bern, Switzerland"
45615,"Mine Neuglück, Böckelsbachtal, Wittichen, Freudenstadt, Baden-Württemberg, Germany"
45632,"Hidra (Hitterö), Vest-Agder, Norway"
45635,"Mendig, Eifel, Germany"
45636,"Finley Gulch, Colorado, USA"
45637,"Höwenegg, Tuttlingen/Bd.-Wü., Germany"
45642,"Remolinos Vallinar, Chile"
45643,"Salm Château, Ardennen, Belgium"
45644,"Nickle Plate, Keystone, South Dakota, USA"
45645,"Arensberg near Zilsdorf, Eifel, Germany"
45647,"79. Mine, Gila County, Arizona, USA"
45648,"Golconda Mine, Humboldt County, Nevada, USA"
45651,"Bozeman, Galatin County, Montana, USA"
45652,"Jakobsberg, Värmland, Sweden"
45653,"Mountain Pass, Bithday Shaft, San Bernardino County, California, USA"
45658,"Karaoba, Kazakhstan"
45660,"Långbanshyttan, Värmland, Sweden"
45661,"Kalkberg, Hannover, Germany"
45664,"Bergmannssegen, Lehrte near Hannover, Lower Saxony, Germany"
45668,"Libbiola, Genua/Ligurien, Italy"
45671,"Strontian, Scotland, Enland"
45673,"Dodo, Polar Ural, Russia"
45674,"Wakefield, Québec, Canada"
45675,"Cresson Mine, Cripple Creek, Colorado, USA"
45676,"Bastnäs, Västmanland, Sweden"
45677,"Riddarhyttan Bastnäs-Feld, Västmanland, Sweden"
45678,"Chessy-les-Mines, Lyon, Dépt. Rhône, France"
45679,"Basic Inc. Mine, Gabbs, Nevada, USA"
45680,"Piesky, Spania Dolina (Herrengrund), Slovakei"
45681,"Phönix Mine, Cornwall, England"
45682,"Rar eb Anz, Morocco"
45683,"Umbozero Mine, Lovozero, Halbinsel Kola, Russia"
45684,"Shaft 366, Niederschlema, Schneeberg/Chemnitz, Germany"
45685,"Fontana Rossa, Island Korsika, France"
45686,"Okongawa-Farm, nahe near Mine Rubicon, Karibib, Namibia"
45687,"Cordero Mine, Humbolt County, Nevada, USA"
45690,"Mammoth-St. Anthony Mine, Tiger, Pinal County, Arizona, USA"
45692,"Liberty Mine, Tonopeh, Nevada, USA"
45693,"Frikstad, Aust-Agder, Norway"
45697,"Richelsdorf, Bauhaus, Hesse, Germany"
45698,"Mine Alexander, Ramsbeck, Sauerland, Germany"
45700,"Tsumeb, 46. Sohle, Namibia"
45702,"Jacupiranga, Sao Paulo, Brazil"
45705,"Copiapó, Chile"
45706,"Salem, India"
45707,"Ilha Alegre, Tarquahal, Brazil"
45709,"Gedern, Vogelsberg, Hesse, Germany"
45711,"Mayener Grubenfeld, Quarry d. Fa. Luxem, Eifel, Germany"
45718,"El Bonanza, Port Radium, Brit. Columbia, Canada"
45719,"Alpe Rosso, Novara/Piemont, Italy"
45720,"Shin Kolobwe, Shaba, Zaire"
45721,"Hiendelaencina, Guadalajara, Spain"
45722,"Gladhammer, Småland, Sweden"
45725,"Lago le Selle, Fassatal, Südtirol, Italy"
45726,"Ahrensberg, Eifel, Germany"
45730,"Larne, Antrim, Ireland"
45731,"Montécchio Maggiore, Vicenza/Venetien, Italy"
45733,"Klöch, Radkersburg, Steiermark,Austria"
45736,"El Papiol, Barcelona, Spain"
45744,"Berry-Haley-Mine, Poland, Maine, USA"
45745,"Järkvissle, Räggen, Västernorland, Sweden"
45749,"Sylvester Mine, Tasmania, Australia"
45759,"Kuchi Lal, Pamir, Tajikistan"
45760,"Mnisek near Hnilkon, Tschechische Republik"
45762,"Lavrion, Attika, Greece"
45765,"Östra Hardmalmen, Falun, Dalarna, Sweden"
45768,"Tamstock Marquis Lode, Devon, England"
45769,"Shady, Polk County, Arkansas, USA"
45771,"Grant, Oregon, USA"
45773,"Mina Ojuela, Durango, Mexico"
45774,"Zinkwand, Schladming, Steiermark, Austria"
45775,"Hüsen.Westfalen, Germany"
45776,"Dypingdal, Buskerud, Norway"
45777,"Hüttenbergere Erzberg, Rh.-Pf., Germany"
45778,"Mount Flora, Lovozero Masiv, Halbinsel Kola, Russia"
45780,"Saint Prix, Autun, Dépt. Saône-et-Loire, France"
45782,"Eisleben, Halle, Germany"
45784,"Kalkar Quarry, Santa Cruz, California, USA"
45785,"Mine Bottino, Toskana, Italy"
45786,"Steamboat Springs, Nevada, USA"
45787,"Ugeirica, Portogallo, Portugal"
45788,"Zollverein, Essen, Germany"
45789,"Moschellandsberg, Rh.-Pf., Germany"
45793,"Mine Poncelet, Neukaledonien, France (Kolonie)"
45795,"Pöhla, Chemnitz, Germany"
45797,"Poonah, Maharashtra, India"
45800,"Yowah, Queensland, Australia"
45801,"Dubnik, Slovakei"
45802,"Natica, Brazil"
45803,"Emmett, Idaho, USA"
45807,"Nizhnf Tagilsk, Ural Hegysog, Russia"
45810,"Hudson Mine, Cobalt, Ontario, Canada"
45811,"Mine ""La Faye"", Grury, Dépt. Saône-et-Loire, France"
45814,"Sudbury Basin, Ontario, Canada"
45815,"Hagendorf South, 76,5m Sohle, Bavaria, Germany"
45817,"Kambove, Shaba, Zaire"
45820,"Freiberg, Chemnitz, Germany"
45822,"Puchergrube, Schneeberg, Bavaria, Germany"
45823,"Sandamab, Karibib, Namibia"
45826,"Custer, South Dakota, USA"
45828,"Smolensk, Ural, Russia"
45829,"Ramonafana, Madagascar"
45831,"Arendal, Aust-Agder, Norway"
45833,"Internat. Potash Company Mine, Boron, California, USA"
45836,"Sattelberg, Nickenich, Eifel, Germany"
45837,"Hagendorf-Süd, Bavaria, Germany"
45841,"Esquire Mine, Rush Creek, Fresno County, California, USA"
45843,"Dolní Bory, Ihiava, Moravia, Tschechische Republik"
45844,"Üdersdorf, Eifel, Germany"
45846,"Abberode, Aue, Erzgebirge, Germany"
45847,"Killik, Zentralanatolien, Turkey"
45848,"Eskisehir, Anatolien, Turkey"
45849,"Westvaco, Wyoming, USA"
45853,"Montabaur, Westerwald, Rh.-Pf., Germany"
45854,"Ratschingstal, Sterzing, Bozen/Südtirol, Italy"
45856,"Husky Mine, United Keno Hill, Youkon Territory, Canada"
45857,"Mine Gewerkschaft, Wölsendorf-Nabburg, Bavaria, Germany"
45858,"Wilson Springs, Garland County, Arkansas, USA"
45859,"Pleystein, Oberpfalz, Bavaria, Germany"
45865,"White Mountains, California, USA"
45866,"Saubachriss, Saubachtal, Chemnitz, Germany"
45869,"Bergen, Chemnitz, Vogtland, Germany"
45870,"Scrub Oaks Mine, Dover, Morris County, New Yersey, USA"
45871,"Mine St. Peter, Markirch, Elsass, France"
45872,"Mine Alejandria, Morococha, Junin, Peru"
45873,"Clausthal, Lower Saxony, Germany"
45874,"Margabal, Commune d'Entraygues-sur-Truyere, Aveyron, F"
45875,"Wheal Basett, Cornwall, England"
45876,"Quarry near Turri, Monte Grotto, Euganeen, Italy"
45877,"Vechec near Kosice, Slovakia"
45878,"Hagendorf-Süd, 109m Sohle, Bavaria, Germany"
45881,"Djebel Nador, Constantin, Algeria"
45882,"Palabora, NO-Transvaal, South Africa"
45883,"Monument # 2 Mine, Arizona, USA"
45884,"Ronneburg, Geffental, Gera, Ostthüringen, Germany"
45887,"Sterling Hill, Sussex County, New Jersey, USA"
45888,"Altenberg, Aachen, Germany"
45889,"Langesundsfiord, Norway"
45891,"Kiva, Dem. Rep. Congo (Zaire)"
45892,"Trondheim, Norway"
45896,"Pajsberg-Feld, Värmland, Sweden"
45964,"Teigarhorn, Djúpivogur, Ostisland, Iceland"
45965,"Lake Powell, Utah, USA"
45966,"Sierra de las Minas, Zacapa, Guatemala"
45967,"Westliche Wüste (Libysche Wüste), Westägypten, Egypt"
45968,"Sainte Marthe d'Eymet, Dordogne, France"
45970,"Zagora, Wadi Draa, Südmarokko, Morocco"
45975,"Wüste Rub Al-Khali, Saudi Arabia"
45977,"Al-Thamamah, Riyadh, Suadi-Arabien"
45978,"Bou Beker, Oujda, Morocco"
45979,"Poudrette Quarry, Mont Saint-Hilaire, Québebc, Canada"
45980,"Nickenicher Sattel, Eifel, Rhineland-Palatinate, Germany"
45981,"Bihain, Ardennen, Belgium"
45982,"Badakshan, Afghanistan"
45983,"Kerman, Iran"
45984,"Ghiacciaio del Cavagnöö (Cavognoli-Gletscher), Bignasco, Ticino, Switzerland"
45985,"Langban, Wärmland, Sweden"
45986,"Bambolla Mine, Moctezuma, Sonora, Mexico"
45987,"Sennerheide, Westfalen, Germany"
45988,"Lavrion, Greece"
45989,"Cinovec (Zinnwald), Erzgebirge, Bohemia, Teschechische Rupublik"
45990,"Güldner Falk, Schneeberg, Saxony, Germany"
45991,"Castellaccio di Petrignano, Viterbo, Lazio, Italy"
45992,"Guanaco, Taltal, Antofagasta, Chile"
45993,"Hakansboda, Västmanland, Stollberg, Sweden"
45994,"Hilarion Mine, Lavrion, Greece"
45995,"Kipawa River, Québec, Canada"
45997,"Inder, Kazakhstan"
45998,"Webing, Tennengau, Salzburg, Austria"
45898,"Radvanice, Tschechische Republik"
45900,"Lill Mine, Príbram, Südböhmen, Tschechische Republik"
45901,"Reiarsdal, Vennesla, West-Agder, Norway"
45902,"Otjosundu, Namibia"
45903,"Ivigtut, Arsuk Fjord, Greenland"
45904,"Herja, Maramures, Romania"
45905,"Moss-Gruvan, Nordmarken, Värmland, Sweden"
45906,"Rush Creek, Fresno County, California, USA"
45907,"Kaidaikan, Kyrgyzstan"
45909,"Doly Bilina, Bohemia, Tschechische Republik"
45910,"Elbrusskij, Karachaevo-Cherkesia, Russia"
45911,"Falun Gruvan, Falun, Dalarna, Sweden"
45912,"Jáchymov (Sankt Joachimsthal), Bohemia, Tschechische Republik"
45914,"Jakobsberg, Nordmarken, Värmland, Sweden"
45915,"Tanco Pegmatit, Bernic Lake, Manitoba, Canada"
45916,"Mossgruvan, Nordmarken, Värmland, Sweden"
45917,"Eräjärvi, Orivesi, Finland"
45918,"Cauvay, Kyrgyzstan"
45919,"Le Cetine, Toskana, Italy"
45920,"Naujakasik, Tunuglliarfik Fjord, Julianehåb District, Greenland"
45921,"Pucher-Richtschacht, Schneeberg, Saxony, Germany"
45922,"Scotia Talk Mine, Barberton Mts. Transvaal, South Africa"
45923,"Mina el Dragon, Potosi, Bolivia"
45924,"Mina San Franzisko, Cochamba, Bolivia"
45925,"Quarry Wolfsgrün, Schneeberg, Saxony, Germany"
45926,"Zlatý Kopec, Krusné Hory Mts., Bohemia, Tschechische Republik"
45927,"Ibel Ghassoul, Morocco"
45928,"Burra-Burra, South Australia, Australia"
45929,"Rakten, Ultevis, Lappland, Sweden"
45930,"Esquire Nr. 8 Claim, Big Creek, California, USA"
45931,"Hoggar, Algeria"
45934,"Gygalières, Bouches du Rhône, France"
45935,"Mausanne, Bouches du Rhône, France"
45936,"Oetztal, Austria"
45937,"Itabira, Brazil"
45938,"SW Chor Jarama, Oman"
45939,Morocco
45940,"Penge, Northern Province, South Africa"
45941,"Rio Marina, Elba, Italy"
45943,"Lötschberg-Basistunnel, Hohtenn, Valais, Switzerland"
45949,"Freudenstadt, Baden-Württemberg, Germany"
45950,"Linopolis, Minas Gerais, Brazil"
45951,"Capelinha, Minas Gerais, Brazil"
45952,"Itatiaia-Mine, near Conselheiro Pena, Minas Gerais, Brazil"
45954,"Kremikovtsy Quarry, Sofia, Bulgaria"
45959,"Laugar, Iceland"
45960,"Ascó, Katalonien, Spain"
45963,"Melshorn, Djúpivogur, Ostisland, Iceland"
45999,"Steinacher, Mönthal, Aargau, Switzerland"
46000,"Vogesenschotter, Bois de Robe, Jura, Switzerland"
46001,"Berkeley Hills, Berkeley, Kalifornien, USA"
46005,"Egilsstadir, Ostisland, Iceland"
46234,"Sallneck, Kleinwiesental, Schopfheim, Lörrach, Baden-Württemberg, Germany"
46242,"Reiningue (Reiningen), Mulhouse, Haut-Rhin, France"
46243,"Göpfersgrün, Fichtelgebirge, Bavaria, Germany"
46244,"Erdöbenye, Zemplén-Gebirge, Hungary"
46246,"Suikosan, China"
46247,"Swan Hill, Victoria, Australia"
46250,"Suishouyama, Iizaka, Präfektur Fukushima, Japan"
46251,"Oldoinyo Lengai, Tanzania"
46252,"San Genaro, Hunacavelica, Peru"
46253,"Paratoo Mine, Yunta, South Australia, Australia"
46254,"Dúbrava, Niedere Tatra, Slovakia"
46255,"Quarry No. 4, Wagholi near Poona, India"
46256,"Yueng Yang, Province Yunnan, China"
46088,"Oberbergen, Kaiserstuhl, Baden-Württemberg, Germany"
46089,"Innhavet, Tysfjord, Norway"
46091,"Barton Garnet Mine, North Creek, New York, USA"
46092,"Danielsknil, South Africa"
46095,"Stockhorn, Zermatt, Switzerland"
46096,"Wetternsee, Ammeberg, Askersund, Sweden"
46098,"Caschlè, Tujetsch, Grisons, Switzerland"
46099,"Ferdinandschacht (350m Tiefe), Rothenfurt, Grossschirma, Freiberg, Germany"
46100,"Schwarzenberg, Erzgebirge, Germany"
46103,"Tokod-Altaro, Komarom-Esztergom, Hungary"
46104,"Knapersbergs-Grube, Norberg, Kalmora, Norway"
46105,"Lüneburger Heide, Lower Saxony, Germany"
46106,"Westeregeln, Stassfurt, Saxony-Anhalt, Germany"
46108,"Wathlingen near Hannover, Lower Saxony, Germany"
46109,"Lüneburg, Lower Saxony, Germany"
46111,"Sehnde near Lehrte, Hannover, Lower Saxony, Germany"
46112,"Sude, Schwerin, Mecklenburg-Western Pomerania, Germany"
46113,"Lünburger Heide, Lower Saxony, Germany"
46120,"Mine Bergmannssegen, Lehrte, Hannover, Lower Saxony, Germany"
46121,"Hagendorf, Pfalz, Germany"
46122,"Granitbruch Henneberg, Weitisberga, Thuringia, Germany"
46124,"Baveno, Italy"
46134,"Rémuzat, Rhône-Tal, Drôme provençale, France"
46135,"Mine Baia, Gonseleiro Mata, Minas Gerais, Brazil"
46137,"Guleman, Turkey"
46138,"Oberböhmsdorf, Schleiz, Thuringia, Germany"
46140,"Ritterkopf, Rauris, Salzburg, Austria"
46144,"Merensky Reef, Transvaal, South Africa"
46150,"Reiningue, Haut Rhin, France"
46151,"Vèzère, Dordogne, France"
46152,"Geispel, Muttenz, Basel-Landschaft, Switzerland"
46157,"Grimmelshofen, Stühlingen, Waldshut, Baden-Württemberg, Germany"
46162,"Magnilla, Spain"
46163,"Governadore Valadares, Minas Gerais, Brazil"
46164,"Thunder Bay, Ontario, Canada"
46165,"Maubeuge, nähe Calais, France"
46166,"Breitenbrunn, Erzgebirge, Saxony, Germany"
46170,"Palits, Tujetsch, Grisons, Switzerland"
46178,"Quita Coraza, Dominikanische Republik"
46180,"Madan, Bulgaria"
46183,"Mechernich, Nordeifel, North Rhine-Westphalia, Germany"
46184,"Ferrera, Innerferrrera, Grisons, Switzerland"
46185,"Mine Traversella, Piemont, Italy"
46199,"Berstadt, Wetterau, Hesse, Germany"
46202,"Road tunnel Goppenstein, Ferden, Valais, Switzerland"
46203,"Ray, Arizona, USA"
46207,"Volkesfeld, Eifel, Rhineland-Palatinate, Germany"
46209,"Lamma (Fiescher Lamme), Fiesch, Valais, Switzerland"
47039,"Barbarastollen, Muldenbach, Untermünstertal, Freiburg, Baden-Württemberg, Germany"
46949,"Bächle, Seehof, Bern, Switzerland"
46951,"Poonha, Maharashtra, India"
46006,"Erdhöhorvati, Zemplén-Gebirge, Hungary"
46007,"Gyöngyöstrajan, Matra-Gebirge, Hungary"
46012,"Zdarek, Tschechische Republik"
46013,"Kyje near Zeleznice, Slovakia"
46016,"Kéked, Zemplén-Gebirge, Hungary"
46017,"Ond, Tokajer-Gebirge, Hungary"
46021,Vietnam
46024,"Valle di San Nicolo, Val di Fassa, Italy"
46025,"Studenec near Vrchlabi, Tschechische Republik"
46027,"Gyöngyöstarjan, Heves, Hungary"
46028,"Tene near Horovice, Bohemia, Tschechische Republik"
46029,"Schlottwitz, Germany"
46031,"Nova Paka, Tschechische Republik"
46032,"Doubravice, Tschechische Republik"
46033,"Zeleznice, Slovakia"
46034,"Kumbrusky Ujezd, Tschechische Republik"
46039,"Punta Calamita, Island Elba, Italy"
46042,"Telkibanya, Zemplén-Gebirge, Hungary"
46045,"Eskhishehir, Turkey"
46046,"Bohouskovice, Tschechische Republik"
46047,"Grandstein, Saxony, Germany"
46048,"Bodvaj, Transylvania, Romania"
46049,"Herlany, Slovensko, Slovakia"
46050,"Megyaszo, Zemplén-Gebirge, Hungary"
46053,"Schlüsselstein, Bergheim, Vogesen, France"
46054,"Lybische Wüste, Egypt"
46055,"Wüstenregion 30 km SE von Erfond, Südmarokko, Morocco"
46056,"Kapnik, Romania"
46059,Südindien
46060,"Hamersley Range, Westaustralien, Australia"
46061,"Oranje River, South Africa"
46062,"Mt. Brockman, Westaustralien, Australia"
46066,"Pizzo Trubinasca, Bergell, Grisons, Switzerland"
46067,"Sommafiume, N-Hang M. Legnoncino, Colico, Province Como, Italy"
46068,"Bellerberg, Eifel, North Rhine-Westphalia, Germany"
46069,"Crestalunga, Valle Bondasca, Bondo, Grisons, Switzerland"
46070,"Broken Hill, North South Wales, Australia"
46071,"Vallun da la Trubinasca, Bondo, Grisons, Switzerland"
46072,"Sferlun, Camp Franscia, Province Sondrio, Italy"
46073,"Berbera, Somaliland, Somalia"
46074,"Bradleckà, Lhota, Tschechische Republik"
46076,"Wurlitz, Oberfranken, Bavaria, Germany"
46080,"Cave di Amianto, Campo Franscia,  Province Sondrio, Italy"
46081,"Zaro-Inn, Kenya"
46082,"Magog, Québec, Canada"
46083,"Wittenom, Hamersley Range, Westaustralien, Australia"
46086,"Marmorera, Grisons, Switzerland"
46087,"Samland, Ostpreussen, Russia"
46214,"Baia Sprie, Romania"
46217,"Capo Calamita, Elba, Italy"
46219,"Arten, Thuringia, Germany"
46221,"Warren District, Arizona, USA"
46222,"Rocche Rosse near Porticello, Lipari, Italy"
46223,"Stolberg, Aachen, North Rhine-Westphalia, Germany"
46224,"Kerch, Ukraine, Russia"
46226,"Sattelberg, Nickenich, Rhineland-Palatinate, Germany"
46227,"St. Roman, Wolfach, Offenburg, Baden-Württemberg, Germany"
46228,"Pilbara, Westaustralien, Australia"
46229,"Stöckli, Göschenen, Uri, Switzerland"
46232,"Dossenheim, Odenwald, Germany"
46257,"Trimouns near Luzenac, Ariège, France"
46258,"Mine l'Etoile, Shaba, Demokratische Republik Congo"
46259,"Mine Ze Linto, Araçuai, Minas Gerias, Brazil"
46260,"Kambove Mine, Katanga District, Shaba, Demokratische Republik Congo"
46264,"Asztagkö, Gyöngyössolymos, Matra-Gebirge, Hungary"
46265,"Üdersdorf near Daun, Eifel, Rhineland-Palatinate, Germany"
46268,"Kipushi, Lumumbashi, Demokratische Republik Congo"
46270,"Madera County, California, USA"
46271,"Navio, Spain"
46275,"Arnbruck, Bavaria, Germany"
46276,"Bellerberg, Eifel, Rhineland-Palatinate, Germany"
46277,"Daun, Eifel, Rhineland-Palatinate, Germany"
46279,"Paskopole, Borislav, Bohemia, Tschechische Republik"
46280,"Vlci Hora (Wolfsberg), Bohemia, Tschechische Republik"
46281,"Monte Caro, Lago Albani near Rom, Lazio, Italy"
46282,"Kahlenberg-Steinbruch, Zilsdorf, Eifel, Rhineland-Palatinate, Germany"
46284,"Pradville, Haute Garonne, Mittlere Pyrenäen, France"
46285,"Vastana-Eisenmine, Näsum, Sweden"
46286,"Bancroft, Bancroft District, Hastings County, Ontario, Canada"
46287,"Hybly, Hastings County, Ontario, Canada"
46288,"Ditró (Ditrau), Romania"
46291,"Hanauma Bay, Island Oahu, Hawaii, USA"
46292,"Altenberg, Aachen, North Rhine-Westphalia, Germany"
46295,"Wiemannsbucht, Bad Grund, Clausthal-Zellerfeld, Harz, Lower Saxony, Germany"
46297,"Petsamo, Finland"
46298,"Lukov, Bohemia, Tschechische Republik"
46303,"Baveno, Novara, Piemont, Italy"
46304,"Kommern (Commern), Eifel, Rhineland-Palatinate, Germany"
46305,"Seiser Alp, Province Bolzano, Südtirol (Trentino-Alto Adige), Italy"
46307,"kleines Albrunhorn, Binn, Valais, Switzerland"
46310,"Lisenz-Alpe, Sellrain, Tirol, Austria"
46311,"Labrador-Halbinsel, Québec, Canada"
46312,"Annaba, Algeria"
47242,"Windtal, Ahrntal, Südtirol, Italy"
47243,"Amönau near Wetter, Marburg, Hesse, Germany"
47123,"Quarry Finstergrund, Wieden, Todtnau, Lörrach, Baden-Württemberg, Germany"
47166,"Mine Pfingstsegen, Wieden, Todtnau, Lörrach, Baden-Württemberg, Germany"
47175,"Ottostollen/Sehringen, Badenweiler, Freiburg, Baden-Württemberg, Germany"
46643,"Almadén, Ciudad Real, Spain"
46647,"Extertal, Lippe, Germany"
46649,"Corchia near Berceto, Province Parma, Italy"
46651,"Griqualand, KwaZulu-Natal, South Africa"
46658,"Silver Hills Mine, South Africa"
46661,Zimbabwe
46663,"Tokaj, Zemplén-Gebirge, Hungary"
46667,"Montezuma Mine, Rio Prada, Minas Gerais, Brazil"
46668,"Hammersly Range, Westaustralien, Australia"
46669,"Jaipur, Rajasthan, India"
46671,"Toskana, Italy"
46677,"Kolwezi, Demokratische Republik Congo"
46678,"Dreislar, Winterberg, Sauerland, North Rhine-Westphalia, Germany"
46679,"Wentworth County, Ontario, Canada"
46680,"Harstigen/Harstingen,  Värmland,  Sweden"
46684,"Minas Novas, Minas Gerais, Brazil"
46707,"Otkusz, Beuthen, Oberschlesien, Poland"
46709,"Vorderalp, Obersaxen, Grisons, Switzerland"
46711,"Valcacci, Elba, Italy"
46712,"Grossalmerode, Sauerland, Hesse, Germany"
46713,"Spoil heap Schmalgraf, Kalmis-La Calamine, Ostbelgien, Belgium"
46714,"Junction Mine, Bisbee, Warren District, Cochise County, Arizona, USA"
46715,"Tsumeb-Mine, Tsumeb, Otavi, Namibia"
46716,"El Bonanza Mine, Port Radium, Mackenzie District, British Columbia, Canada"
46718,"Kombat, Grootfontein District, Namibia"
46719,"Lockport, Niagara County, New York, USA"
46720,"Georgetown, Grant County, New Mexico, USA"
46721,"Mühltal, Odenwald, Hesse, Germany"
46722,"Mont Saint-Hilaire, Rouville County, Québec, Canada"
46723,"Limperich, Bonn, Germany"
46725,"N'Chwaning Mine, Kuruman, Black Rock District, Nordkap Province, South Africa"
46727,"Knollengrube, Bad Lauterberg, Harz, Lower Saxony, Germany"
46730,"Bellerberg, Ettringen, Eifel, Rhineland-Palatinate, Germany"
46731,"Trebsko, Pribram, Bohemia, Tschechische Republik"
46732,"Emmelberg, Üdersdorf, Eifel, Rhineland-Palatinate, Germany"
46735,"Bancroft, Hastings County, Ontario, Canada"
46736,"Mine Schmalgraf, Kalmis-La Calamine, Ostbelgien, Belgium"
46738,"Fürstenberg, Wolfach, Offenburg, Baden-Württemberg, Germany"
46739,"Pribram, Bohemia, Tschechische Republik"
46741,"Montabaur, Westerland, Rhineland-Palatinate, Germany"
46745,"Baia Sprie (Felsöbanya), Romania"
46750,"Toliara (Tuléar), Madagascar"
46752,"Mine Wolf, Herdorf, Siegen, Rhineland-Palatinate, Germany"
46753,"Lake Superior, Keweenaw County, Michigan, USA"
46754,"Wilczka Poreba (Wolfshau), Riesengebirge, Silesia, Poland"
46755,"Mesloula, Algeria"
46756,"Mission Complex, Pima County, Arizona, USA"
46758,"Kunkskopf, Wassenach, Eifel, Rhineland-Palatinate, Germany"
46810,"Simplon-Tunnel I, Valais, Switzerland"
47208,"Pomaroli Claim, Linopolis, Divino das Laranjeiras, Rio Doce, Minas Gerais, Brazil"
47209,"Shinkolobwe Mine, Likasi, Shaba, Demokratische Republik Congo"
47210,"Kaokoland, Namibia"
47212,"Talsperre Lac de Cleuson, Nendaz,  Valais, Switzerland"
47213,"Spat, Nanga Parbat, Pakistan"
47217,"Lötschberg-Basistunnel, Ferden, Valais, Switzerland"
47220,"Sham Rock and Shell Pit (Ruck's Pit), Okeechobee County, Florida, USA"
47221,"Sarir, Sahara, Libya"
47104,"Gauch North near Todtnau, Lörrach, Baden-Württemberg, Germany"
46319,"Quarry Pomonte, Elba, Italy"
46320,"Quarry an der Strasse Pallanza-Baveno, Mont’Orfano, Province Verbano-Cusio-Ossola, Italy"
46321,"Wasserfassung von Brigels unterhalb Alp Tschegn Dado, Disentis, Grisons, Switzerland (181.5/722.5)"
46322,"Quarry Alpe Piralla, N Fuss Mont’Orfano, Province Verbano-Cusio-Ossola, Italy"
46323,"Quarry near Riva, Novate Mezzola, Province Sondrio, Italy"
46324,"Roche du Tanet, SE Col de la Schlucht, Nähe Colmar, Haut-Rhin, France"
46325,"An der Strasse zw. Urnerloch und Teufelsbrücke, Uri, Switzerland (166.8/688.2)"
46326,"Quarry near Gurtnellen, Uri, Switzerland (176.5/691.2)"
46327,"Quarry near Baveno, Province Verbano-Cusio-Ossola, Italy"
46328,"Quarry W Tiefenstein, Albtal, Baden-Württemberg, Germany (275.3/648.4)"
46329,"Quarry unter Malsburg, zw. Marzell und Kandern, Baden-Württemberg, Germany"
46331,"Quarry Goldebühl near Häusern, Baden-Württemberg, Germany"
46332,"Gipfel Mte Capanne, Elba, Italy"
46333,"Steinbrüche near Bagni di Masino, Province Sondrio, Italy (123.7/766.5)"
46334,"Brücke near Pardatsch (S Curaglia), Val Medel, Grisons, Switzerland (164.8/706.2)"
46335,"Geröll im Inn near Resgia, Mündung Val d’Assa, Ramosch, Unterengadin, Grisons, Switzerland (191.3/826.55)"
46336,"Bachschutt im Val Sissone unter Mte. Disgrazia, Bergell, Province Sondrio, Italy"
46337,"Stollenfenster near Zola, Valdisotto, Valtellina (oberes Veltlin), Province Sondrio, Italy (604.21/5143.85 Koord.it.)"
46338,"Aufschluss an der Strasse Prabonelli-Presure, Sta. M. Maddalena, W St. Antonio Morignone, Valtellina (Veltlin), Province Sondrio, Italy (603.4/5139.2 Koord.it.)"
46339,"Block, Ponte di Creves near Finero (NW Cursolo / Orasso), Val Cannobina, Province Verbano-Cusio-Ossola, Italy"
46340,"Melezza unterhalb Verscio, Centovalli, Locarno, Ticino, Switzerland"
46342,"an der Talstr. Guaifola (Balmuccia) und Bottorno (Schutthalde unter Gravina Rossa), Val Sesia, Province Vercelli, Italy"
46343,"Quarry near Cuasso al Monte, Varese, Italy (85.4/711.45)"
46344,"Route Joffre, oberhalb Bourbach-le-Haut, Haut-Rhin, France (294.8/569.7)"
46345,"Quarry W Beunnadern (Schwarzwald), Baden-Württemberg, Germany"
46346,"Quarry W Staumauer unterhalb St. Blasien über Oberkutterau, Baden-Württemberg, Germany"
46347,"Gang, W Seelein am Grenzgrat, N Griankopf, Unterengadin, Grisons, Switzerland (184.35/829.3)"
46348,"Bois de Moosch, SW Moosch, Haut-Rhin, France (298.9/567.3)"
46349,"Quarry Fantolini, SSE Magazzini, Elba, Italy"
46350,"Quarry unterhalb Vivo d’Orcia, Monte Amiata, Province Grosseto, Toscana, Italy"
46351,"an der Strasse zw. Le Macinaie und Gipfel, Monte Amiata, Province Grosseto, Toscana, Italy (1500m)"
46352,"an der Strasse zw. Bagnore und Le Macinaie, Monte Amiata, Province Grosseto, Toscana, Italy"
46353,"Quarry near Lauw, Haut-Rhin, France (290.0/568.1)"
46355,"Bachgeröll hinter Bourbach-le-Bas, Haut-Rhin, France (292.3/570.6)"
46356,"Moräne, Vedretta dei Piazzi, SE Il Corno, Val Viola, Province Sondrio, Italy (597.7/5143.6 Koord.it.)"
46357,"Gang, NW Pizzo Filone, S Grat, Province Sondrio, Italy (2950m, 589.15/5145.9 Koord.it.)"
46358,"Quarry Nr. 6 am Limberg, unterer Limburgitstrom (2), Kaiserstuhl, Baden-Württemberg, Germany"
46359,"an der Strasse Sasbach-Limburg, Lützelberg, Baden-Württemberg, Germany (5334.9/3396.6 Koord.dt.)"
46360,"Aufschluss near der Pontonbrücke, Limberg unter Limburg, Baden-Württemberg, Germany (5335.5/3396.0 Koord.dt.)"
46361,"Le Macinaie, Monte Amiata, Province Grosseto, Toscana, Italy"
46362,"an der Strasse near La Montagna, E Latera, Lago di Bolsena, Province Viterbo, Lazio, Italy"
46363,"an der Strasse Gradoli-Valentano near Cant. 595, Lago di Bolsena, Province Viterbo, Lazio, Italy"
46364,"Quarry near Valentano, Lago di Bolsena, Province Viterbo, Lazio, Italy"
46368,"Quarry Nr. 6 am Limberg, Kaiserstuhl, Baden-Württemberg, Germany"
46370,"Quarry an der Strasse zw. S. Piero und S. Ilario, Elba, Italy"
46371,"Quarry an der Talstrasse, 350m N der Abzweigung nach Corippo, Locarno, Ticino, Switzerland (122.2/708.6)"
46372,"Sondierstollen für Verzascastaumauer, 5 m über Fluss, E Talseite, Locarno, Ticino, Switzerland (117.125/708.825)"
46373,"250m E Odro, NE Vogorno, Locarno, Ticino, Switzerland (121.05/711.35)"
46374,"Cava di Mica, oberhalb Aulamia, N Montescheno (Valle d'Antrona), Province Verbano-Cusio-Ossola, Italy (440.3/5103.7 Koord.it.)"
46375,"verlassener Quarry auf der SW-Seite der Halbinsel Olgiasca, am Lago di Como, Province Lecco, Italy (109.1/745.9)"
46376,"Volterajopass, Elba, Italy"
46377,"Volterajopass, Einschnitt, Elba, Italy"
46378,"oberer Rand des grösseren weissen Ganges, W Seelein am Grenzgrat, N Griankopf, Unterengadin, Grisons, Switzerland (184.35/829.3)"
46379,"Quarry an der Strasse von Schelingen, gegen Osten, Kaiserstuhl, Baden-Württemberg, Germany (5330.4/3402.6 Koord.dt.)"
46380,"Quarry am Orberg, E Schelingen, Kaiserstuhl, Baden-Württemberg, Germany"
46381,"W-Ufer Fischsee (Bacino del Toggia), Val Toggia (Val Formazza), Province Verbano-Cusio-Ossola, Italy (144.7/676.5)"
46382,"Block am Saumweg oberhalb Pianchera, Val di Campo, Blenio, Ticino, Switzerland (157.5/714.2)"
46383,"Felssporn near Festung (NW Sta. Maria), Lukmanier, Val Medel, Grisons, Switzerland"
46384,"Riegel vor Bättelalp, Val di Morasco (Val Formazza), Province Verbano-Cusio-Ossola, Italy (143.35/672.4)"
46385,"Strasse Sonvico-Piandera, Valle delle Spine, linkes Ufer, Piandera, Lugano, Ticino, Switzerland (104.2/723.9)"
46386,"Lukmanierschlucht 1.5 km south of Disentis, Vorderrhein, Grisons, Switzerland (172.1/708.3)"
46387,"Quarry am Südausgang von Torre (Grumascio), Valle di Blenio, Ticino, Switzerland (149.4/716.15)"
46388,"Einmündung des Bregalgabaches in den Averserrhein, Val Bregalga, Hinterrhein, Grisons, Switzerland (146.1/762.4)"
46389,"Areuatal near Hütti, San Bernardino, Hinterrhein, Grisons, Switzerland (154.0/739.3)"
46390,"Strasse von Gebbo nach Trasquera, in der Nähe der Brücke, Val Cairasca, Province Verbano-Cusio-Ossola, Italy (120.2/659.9)"
46391,"SW Altstafel, Aeginental, Goms, Valais, Switzerland (146.9/671.35)"
46392,"Stollenfenster near S. Lucia, SW Bormio, Province Sondrio, Italy (604.1/5146.1 Koord.it.)"
46393,"Val Carnusa, am Bach, W Piz Beverin, Safien, Grisons, Switzerland (1800m, 169.0/745.65)"
46394,"SSW Altstafel unterhalb Griesgletscher, Aeginental, Goms, Valais, Switzerland (2100m, 146.55/671.35)"
46396,"Punkt 1798, S Frodalera, Valle Santa Maria, Blenio, Ticino, Switzerland (154.2/706.8)"
46397,"SE Zapportalp, Hinterrheintal, Grisons, Switzerland (150.9/728.9)"
46398,"Bachbett am Weg Bordei-Rasa, Centovalli, Locarno, Ticino, Switzerland (111.5/694.55)"
46399,"Schutt am Weg Lozzo-Piero, Val d'Hérens, Valais, Switzerland (103.8/608.1)"
46400,"Isone, Bellinzona, Ticino, Switzerland (109.9/719.5)"
46401,"Stollenfenster zw. S. Michele und Chiesa, Val Formazza (Valle Antigorio), Province Verbano-Cusio-Ossola, Italy (134.7/676.1)"
46402,"Morasco, Val Formazza (Valle Antigorio), Province Verbano-Cusio-Ossola, Italy"
46403,"Stilfser Joch, Trentino (Südtirol), Italy"
46404,"Mine near Kemmleten oberhalb Hospental, Urserental, Uri, Switzerland (163.2/686.4)"
46406,"Felskopf zw. Cima di Gagnone und Corte di Cima, Val Verzasca, Ticino, Switzerland (2200m, 132.3/708.9)"
46407,"Alpe Gareda di Sopra oberhalb San Bernardino, Misox, Grisons, Switzerland"
46408,"Bachschutt near Alnasca, Brione, Val Verzasca, Ticino, Switzerland (129.1/704,7)"
46409,"Bachbett, Val d’Agro (Val Verzasca) unterhalb Cognora, Lavertezzo, Ticino, Switzerland (124.7/709.05)"
46410,"W Cristallinapass, Vorderrhein, Grisons, Switzerland"
46411,"N Crodo, W Verampio, Valle Antigorio, Province Verbano-Cusio-Ossola, Italy"
46412,"Unterhalb Colle delle Mine, Valle di Livigno, Province Sondrio, Italy (588.9/5145.1 Koord.it.)"
46413,"Cave di Ardesio oberhalb Chiesa, Val Malenco, Province Sondrio, Italy"
46414,"Aufschluss an der Strasse E Ramosch, Unterengadin, Grisons, Switzerland (191.2/825.35)"
46415,"1 km WSW Pizzo Forno, Leventina, Ticino, Switzerland (143.0/702.3)"
46416,"E Pizzo di Soveltra, Val Chironico, Leventina, Ticino, Switzerland (141.4/700.4)"
46418,"S Pizzo del Laghetto, W Pizzo Forno, Val Chironico, Leventina, Ticino, Switzerland (142.7/701.6)"
46419,"Verzasca unterhalb Lavertezzo (Bachschutt), Locarno, Ticino, Switzerland (123.0/708.5)"
46420,"Kreuzung des Rio d’Alba mit der Wasserleitung E Premia, Valle Antigorio (Stollenfenster), Province Verbano-Cusio-Ossola, Italy (124.25/670.4)"
46421,"SW Pizzo della Valle, Val Cantone, N Passo di Val Viola near Pt. 2718m, Province Sondrio, Italy (589.55/5143.4 Koord.it.)"
46422,"Aufschluss an der Strasse kurz vor Maulone, Val Cairasca, Province Verbano-Cusio-Ossola, Italy (119.45/661.05)"
46423,"Quarry an der Simplonstr. am Briger Berg, Ried, Valais, Switzerland (129.2/643.7)"
46424,"Piz Minschun, Unterengadin, Grisons, Switzerland"
46426,"Ostufer des Glogn (Glenner) near S. Bistgaun, Tavetsch, Grisons, Switzerland (180.2/735.6)"
46427,"Strasse zw. Tarasp und Vallatscha, Unterengadin, Grisons, Switzerland (184.05/814.4)"
46428,"S Mot, SW S. Nicla, Ramosch, Unterengadin, Grisons, Switzerland (193.6/828.6)"
46429,"Bachschutt, Val Torta S Mot, Ramosch, Unterengadin, Grisons, Switzerland (193.6/828.0)"
46430,"Abzweigung der Strasse zu den Marmorsteinbrüchen oberhalb Ornavasso near Mad. del Boden, Val d'Ossola, Province Verbano-Cusio-Ossola, Italy"
46431,"Brücke nach Cursolo, Val Cannobina, Province Verbano-Cusio-Ossola, Italy"
46432,"Valle dell’Isorno, N-Wand, Province Verbano-Cusio-Ossola, Italy (112.0/669.5)"
46433,"Quarry über der Kirche von Rossa, Val Calanca, Misox, Grisons, Switzerland (137.1/730.0)"
46434,"Quarry near Soriolo, Val d’Osura (Val Verzasca), Ticino, Switzerland (128.2/703.1)"
46435,"Quarry von Ugo Bisi oberhalb Brione, Val Verzasca, Ticino, Switzerland (128.45/704.14)"
46436,"Block beim Bachübergang im Val d’Agro (Val Verzasca) unterhalb Cognora, Ticino, Switzerland (124.7/709.05)"
46437,"Schlucht vor Chignolo, V. Carecchio (Val Verzasca), Ticino, Switzerland (124.0/709.5)"
46438,"Block aus Verzasca unterhalb Lavertezzo, Locarno, Ticino, Switzerland (123.0/708.5)"
46439,"Ostgrat des Pizzo di Vogorno, Locarno, Ticino, Switzerland (121.9/713.3)"
46440,"Bachbett W Aghei, Val d’Osura (Val Verzasca), Ticino, Switzerland (129.45/700.85)"
46441,"Alpe Rognoi, V.Carecchio (Val Verzasca), Ticino, Switzerland (123.1/713.6)"
46442,"Strasse N Berzona (Pt. 429m), Val Verzasca, Ticino, Switzerland (119.4/709.7)"
46444,"an der Strasse zw. Rivasco und Passo, Valle Antigorio, Province Verbano-Cusio-Ossola, Italy (130.7/673.2)"
46445,"Strasse nach Cursolo, Val Cannobina, Province Verbano-Cusio-Ossola, Italy"
46446,"Strasse E Pelasio, oberhalb Bellinzona, Ticino, Switzerland (114.8/722.3)"
46447,"Ceneristrasse N Taverne Superiore, Lugano, Ticino, Switzerland (103.3/715.75)"
46448,"Strasse zw. Lunecco und Socraggio, Abzweigung nach Cursolo, Val Cannobina, Province Verbano-Cusio-Ossola, Italy"
46449,"Aufschluss oberhalb der Eisenbahngalerie S Campaglia, Val Divedro, Province Verbano-Cusio-Ossola, Italy (112.3/664.3)"
46450,"Strasse Rovegro-Cigogna, Pt. 437m S Road tunnel Ponte Casletta, Province Verbano-Cusio-Ossola, Italy"
46451,"Alpe Gareda di Sopra, oberhalb San Bernardino, Misox, Grisons, Switzerland"
46452,"Südende des Lago Delio, Province Varese, Italy (103.3/701.6)"
46453,"Socraggio, Val Cannobina, Province Verbano-Cusio-Ossola, Italy"
46454,"Quarry an der Bernardinstrasse über den Haarnadelkurven, N Tätistafel, Rheinwald, Hinterrhein, Grisons, Switzerland (153.6/734.4)"
46456,"Quarry S S. Fedele, Lago di Mezzola, Province Sondrio, Italy"
46458,"erster Quarry an der Kantonsstrasse E Ilanz, Tavetsch, Grisons, Switzerland (182.3/735.5)"
46459,"Roflaschlucht unterhalb Sufers, Hinterrhein, Grisons, Switzerland (159.1/751.7)"
46460,"Quarry in den Kurven oberhalb Peccia (Val Lavizzara), Valle Maggia, Ticino, Switzerland (140.4/693.2)"
46461,"Aufschluss an der Talstrasse unterhalb Forno, Province Verbano-Cusio-Ossola, Italy"
46462,"Aufschluss an der verschütteten Strasse zu altem Amphibolit-Steinbruch oberhalb Cuzzago, Val d'Ossola, Province Verbano-Cusio-Ossola, Italy"
46463,"Schutt, ENE Pizzo Barone, Val Chironico (Valle Leventina), Ticino, Switzerland (140.6/701.0)"
46464,"Gipfel Pizzo Barone, Val Chironico (Val Leventina), Ticino, Switzerland (140.2/700.3)"
46465,"Bachschutt near A. d'Osura (=Osola), Val d'Osura (Val Verzasca), Ticino, Switzerland (130.9/697.6)"
46468,"Quarry an der Talstrasse, 350m N der Abzweigung nach Corippo, Val Verzasca, Ticino, Switzerland (122.2/708.6)"
46469,"A.Motto, SW Cima di Gagnone (Val Verzasca), Ticino, Switzerland (130.9/708.3)"
46470,"Quarry in Amphibolit zw. Nibbio und Cuzzago, Val d'Ossola, Province Verbano-Cusio-Ossola, Italy"
46471,"Verampio, linke Talseite, Fuss der Felswand, Valle Antigorio, Province Verbano-Cusio-Ossola, Italy (121.85/668.8)"
46472,"alte Abbaustelle von Marmor, N oberhalb Piedilago, Valle Antigorio, Province Verbano-Cusio-Ossola, Italy (126.05/670.35)"
46473,"Felsschutt Gamsboden, Urserental (Gotthard), Uri, Switzerland (162.5/686.9)"
46474,"NNE Grat des Pizzo d. Lago Scoro, Valle Maggia, Ticino, Switzerland (2500m, 147.3/687.3)"
46475,"Geröll der Anza, S S. Carlo (Valle Anzasca), Province Verbano-Cusio-Ossola, Italy (432.8/5093.1 Koord.it.)"
46476,"Quarry NE Station Beura-Cardezza, Val d'Ossola, Province Verbano-Cusio-Ossola, Italy (445.5/5102.5 Koord.it.)"
46477,"Quarry Croppo, SW Trontano, Val d'Ossola, Province Verbano-Cusio-Ossola, Italy (425m, 447.35/5107.2 Koord.it.)"
46478,"an der Talstrasse near der Kirche W Boccioletto, Valle Piccola (Val Sesia), Province Vercelli, Italy (75.45/651.9)"
46479,"Cavagnoligletscher near Pt. 2705m, Valle Maggia, Ticino, Switzerland (144.8/680.00)"
46480,"Alpe Pirola, Val Malenco, Province Sondrio, Italy (131.0/780.6)"
46481,"Valle Devero, an der Strasse unterhalb Brücke, SE Goglio, Province Verbano-Cusio-Ossola, Italy (1000m, 126.65/664.5)"
46482,"Block beim Bachübergang im Val d’Agro (Val Verzasca) unterhalb Cognora, Lavertezzo, Ticino, Switzerland (124.7/709.05)"
46483,"Schutt an der Strasse Prabonelli-Presure-Sta. Maria Maddalena, W Presure, Valtellina (Veltlin), Province Sondrio, Italy (603.4/5140.0 Koord.it.)"
46484,"Marmorsteinbruch oberhalb Candoglia (near Ornavasso), Val d'Ossola, Province Verbano-Cusio-Ossola, Italy"
46485,"Bachbett unterhalb Termine, am Weg zw. Bordei und Rasa, Centovalli, Locarno, Ticino, Switzerland (111.4/694.6)"
46486,"Marmorsteinbruch oberhalb Ornavasso, Val d'Ossola, Province Verbano-Cusio-Ossola, Italy"
46488,"Mineralmine am Lengenbach, SE Fäld (Binntal), Goms, Valais, Switzerland (135.2/660.2)"
46490,"Quarry Altchilch near Andermatt, Urserental, Uri, Switzerland (166.1/688.5)"
46491,"Quarry near Enso, W Crevola d’Ossola, Province Verbano-Cusio-Ossola, Italy (112.1/665.9)"
46492,"near altem Kalkofen am Weg Frasco-Efra, Val d'Efra (Val Verzasca), Ticino, Switzerland (132.85/706.15)"
46493,"Block im Bach am Weg nach Sert, NE Frasco, Val Verzasca, Ticino, Switzerland (133.3/705.45)"
46494,"Frodalera, Valle Santa Maria, Blenio, Ticino, Switzerland (154.2/706.6)"
46496,"Strasse von Fiel zu den Lawinenverbauungen der Biaschina, Leventina, Ticino, Switzerland (144.2/711.3)"
46499,"Rundhöcker near Passo di Sale, NNW Finero, Val Cannobina, Province Verbano-Cusio-Ossola, Italy"
46500,"Quarry E Nibbio near San Pietro, Val d'Ossola, Province Verbano-Cusio-Ossola, Italy"
46501,"Bachschutt im Val Sissone unter Mte. Disgrazia (Bergell), Province Sondrio, Italy"
46502,"alter Quarry unter dem Grat Cima di Gagnone-P. Scaiee (Val d’Efra), Val Verzasca, Ticino, Switzerland (131.15/708.0)"
46503,"Quarry near Scalate, NW Gordola, Locarno, Ticino, Switzerland (115.8/708.9)"
46504,"Strasse W Colle Palombaja, W Marina di Campo, Elba, Italy"
46505,"Quarry near Castione, Arbedo, Bellinzona, Ticino, Switzerland (121.3/723.65)"
46506,"Block beim Haus Ugo Bisi, Brione, Val Verzasca, Ticino, Switzerland (128.35/704.2)"
46507,"Quarry SE Nibbio near San Pietro, Val d'Ossola, Province Verbano-Cusio-Ossola, Italy"
46508,"Bachbett Torrente Crotto zw. Cuzzago und Premosello, Val d'Ossola, Province Verbano-Cusio-Ossola, Italy"
46509,"Inn near Süs/Susch, Unterengadin, Grisons, Switzerland"
46510,"an der Strasse near Campello Piana (Tappone) 2 km W Forno, Val Strona, Province Verbano-Cusio-Ossola, Italy"
46511,"ENE Pizzo Barone, Locarno, Ticino, Switzerland (140.6/701.0)"
46512,"Alpe Motto, SW Cima di Gagnone, Val Verzasca, Ticino, Switzerland (131.05/708.2)"
46513,"Quarry near Scalate, NW Gordola near Locarno, Ticino, Switzerland (115.8/708.9)"
46514,"Sondierstollen für Verzascastaumauer, Locarno, Ticino, Switzerland (117.125/708.825)"
46515,"am Weg von Alpe Sissone nach SW, Pt. 2438m, Val Malenco, Province Sondrio, Italy (130.25/777.4)"
46516,"Mine an der Strasse Ftan (Fetan)-Alp Laret, Unterengadin, Grisons, Switzerland (186.3/813.55)"
46517,"Volterajopass (Einschnitt), Elba, Italy"
46518,"Kemmleten oberhalb Hospental, Urserental, Uri, Switzerland (163.2/686.4)"
46519,"Steinbrüche near Selva, Clef, S Poschiavo (Puschlav), Grisons, Switzerland (131.0/800.15)"
46520,"an der Strasse zu den Lawinenverbauungen, N Ftan (Fetan) Pitschen, Unterengadin, Grisons, Switzerland (187.0/814.0)"
46521,"Schutthalde Alpe di Valdeserta, Valle Devero, Province Verbano-Cusio-Ossola, Italy (664.6/132.9)"
46522,"SW Piz Tasna, Unterengadin, Grisons, Switzerland (2650m, 193.1/813.8)"
46523,"Kap south of Cannero (Lago Maggiore), Province Verbano-Cusio-Ossola, Italy"
46524,"Quarry near La Communa zw. Vogorno und Scalate, Eingang Val Verzasca, Ticino, Switzerland (117.6/709.1)"
46525,"Quarry 1 km NW Gueberschwihr (Vogesen), Haut-Rhin, France"
46526,"Bachbett near Uina Dadora (Val d'Uina), Sent, Unterengadin, Grisons, Switzerland (186.1/825.2)"
46527,"Padavanna, E Ramosch, Unterengadin, Grisons, Switzerland (191.6/828.1)"
46528,"Rojental, Province Trentino (Südtirol), Italy (186.0/830.4)"
46529,"Sursass,  2 km S Piz da Gliasen, Val d'Uina, Unterengadin, Grisons, Switzerland (183.0/827.7)"
46530,"Aufschluss am Bach zw. Binn und Giessen, Binntal, Goms, Valais, Switzerland (135.3/658.15)"
46531,"Bois de Moosch, an der Strasse, SW Moosch, Südvogesen, Haut-Rhin, France (299.1/577.6)"
46532,"Brücke near Zursta, Madrisertal (Val di Madriso), Avers, Grisons, Switzerland (145.2/756.8)"
46533,"Graben near altem Friedhof, S Port’Ercole, Monte Argentario, Province Grosseto, Italy"
46534,"Strasse Ottone-Volterajopass, Elba, Italy"
46535,"Bachbett near Resgia, Val d’Assa, Ramosch, Unterengadin, Grisons, Switzerland (191.3/826.55)"
46536,"Bachbett near Roccalbegna, Province Grosseto, Toscana, Italy"
46538,"Kuhtal, innere Scharte, Unterengadin, Grisons, Switzerland (187.7/828.2)"
46539,"Crep de Plaids, W Brigels (Breil), Vorderrhein, Grisons, Switzerland (180.6/721.2)"
46540,"W Altstafel, Aeginental, Goms, Valais, Switzerland (147.3/671.45)"
46541,"Fallenbach near Brunnen (Quarry), Vierwaldstättersee, Schwyz, Switzerland"
46542,"Abflusslose Senke, Plattas, near Grenzstein Nr. 20, SW innere Scharte, Unterengadin, Grisons, Switzerland (186.95/828.1)"
46543,"Quarry near Riminino, S Monte Fumaiolo, 20 km W Tuscania, Province Viterbo, Lazio, Italy"
46544,"Quarry E Bagno Vignoni, S San Quirico d'Orcia, Toscana, Italy"
46545,"Quarry unter Castelnouvo dell’Abate, Valle d'Orcia, Toscana, Italy"
46546,"Schutt N Oberfeld, S Brienz, Iseltwald, Bern, Switzerland (173.7/649.5)"
46547,"Felsabbruch zw. Bühlen und Oberfeld, S Brienz,  Interlaken, Bern, Switzerland"
46548,"abflusslose Senke, Plattas, near Grenzstein Nr. 20, SW innere Scharte, Unterengadin, Grisons, Switzerland (186.95/828.1)"
46550,"Aufschluss an der Strasse von Ober-Inzlingen auf den Buttenberg, Baden-Württemberg, Germany (271.1/619.15)"
46551,"Bachbett Riale Campello, N Bormio (urspr. Cima di Reit-Gegend), Province Sondrio, Italy (605.5/5148.4 Koord.it.)"
46552,"Südende Quarry Riva, NW Novate, Province Sondrio, Italy (754.5/121.9)"
46553,"Quarry am Köpfle, Tiefenstein, Albtal, Schwarzwald, Baden-Württemberg, Germany"
46554,"NNE Bette near Chiavenna, Province Sondrio, Italy (750.2/132.15)"
46555,"Südrand Bergellerintrusion, Sasso Remenno, Val Masino, Province Sondrio, Italy (769.5/121.8)"
46556,"Ponte Creves, Finero (NW Cursolo/Orasso), Val Cannobina, Province Verbano-Cusio-Ossola, Italy"
46557,"Blöcke im Val di Gnosca, W Gnosca, Riviera, Ticino, Switzerland"
46558,"(V. Monedasco), Val di Capolo, Centovalli, Ticino, Switzerland (900m, 691.3/110.4)"
46559,"Alpe Arami (Block), Val di Gnosca (Riviera), Ticino, Switzerland (719.5/121.6)"
46560,"Quarry ""Geroldsau"", S Baden-Baden, Baden-Württemberg, Germany"
46561,"Deponie N-Portal (Pipeline-Tunnel), Splügenpass, Rheinwald, Grisons, Switzerland (745.7/153.0)"
46562,"Abfluss Griesgletscher rechtes Ufer, Aeginental, Goms, Valais, Switzerland (2000m, 671.35/146.85)"
46564,"Quarry S Croppo, Val d'Ossola, Province Verbano-Cusio-Ossola, Italy"
46565,"Schiesone-Brücke E Prata, S Chiavenna, Province Sondrio, Italy"
46566,"Vallone di Casaccia, Valle Santa Maria, Blenio, Ticino, Switzerland (706.15/157.0)"
46567,"Grat zw. Passo di Naret (Pt. 2493m) und Il Madone (Pt. 2756m), Val Bedretto, Leventina, Ticino, Switzerland"
46568,"Nähe Schloss Rhäzüns, Domleschg, Hinterrheintal, Grisons, Switzerland"
46569,"Riegel vor Bättelmatt am Griespass (S Bach, N Pt. 2115m), Val di Morasco (Formazza), Province Verbano-Cusio-Ossola, Italy"
46570,"Strasseneck S Campo Blenio (S Pt. 1186m), Valle di Blenio, Ticino, Switzerland (715.4/156.4)"
46571,"Strasse Cairasca-Trasquera, 400m SE Cairasca-Brücke, Val Cairasca, Province Verbano-Cusio-Ossola, Italy (660.4/119.7)"
46572,"Pass zw. Pta. di Stuolo Pt. 2567m und Pt. 2501m, zw. Valle Santa Maria und Valle Leventina, Ticino, Switzerland (709.55/150.8)"
46573,"Lukmanierstrasse, Val Medel, Grisons, Switzerland (1945m, 704.6/159.825)"
46574,"Strasse Varzo-Cairasca, Val Cairasca, Province Verbano-Cusio-Ossola, Italy (662.0/118.45)"
46575,"Val Furcella, NW Roticcio, Val Bregaglia, Grisons, Switzerland (1600m, 768.5/137.55)"
46576,"Lukmanierstrasse, NW Camperio, Valle Santa Maria, Blenio, Ticino, Switzerland (712.4/153.9)"
46577,"W-Ufer Fischsee, Val Toggia (San Giacomo-Strasse 10 km von Formazza), Valle Antigorio, Verbano-Cusio-Ossola, Italy"
46578,"Canali di Bovarina, Val di Campo, Blenio, Ticino, Switzerland (710.7/157.25)"
46579,"Turbwasser, Binntal, Goms, Valais, Switzerland (2120m, 663.8/137.5)"
46580,"S-Seite Brücke Lukmanierstrasse, S Curaglia, Val Medel, Grisons, Switzerland"
46581,"Alpe Piota, W Gribbio, V. Piumogna, Leventina, Ticino, Switzerland (703.2/146.0)"
46582,"Val d'Agro, Val Verzasca, Ticino, Switzerland"
46583,"Quarry Selva oberhalb Poschiavo (Puschlav), Grisons, Switzerland (800.15/131.0)"
46584,"Cave d'Ardesio, N Chiesa, Val Malenco, Province Sondrio, Italy"
46585,"Val Camadra (Valle di Blenio), Ticino, Switzerland (715.1/160.05)"
46586,"Block aus Verzaira, Val di Campo, Blenio, Ticino, Switzerland (712.3/158.0)"
46587,"Alpe Cassengo, S Gaggio, V. di Gorduno, Bellinzona, Ticino, Switzerland (717.75/120.3)"
46588,"Deponie, Stollenfenster oberhalb Filorera, Val Masino, Province Sondrio, Italy"
46589,"P. del Laghetto (unterhalb Pt. 2767m), V. Chironico, Leventina, Ticino, Switzerland (701.5/142.7)"
46590,"Unterhalb N-Ende des Staudammes Morasco, N Pt. 1755m, Val di Morasco (Val Formazza), Province Verbano-Cusio-Ossola, Italy"
46591,"Motto Bartola, Gotthardstrasse, Airolo, Leventina, Ticino, Switzerland"
46592,"Alpe di Laveggia, Molare, Valle di Blenio, Ticino, Switzerland"
46593,"Schutt aus Adit near Motto Bartola an der Gotthardstrasse, Airolo, Leventina, Ticino, Switzerland (687.9/154.4)"
46594,"Frodalera, Lukmanierstrasse, Valle Santa Maria, Blenio, Ticino, Switzerland"
46595,"Alpe Cadagno-Dentro, Val Piora, Leventina, Ticino, Switzerland (1950m)"
46596,"Val Soi SE Olivone, Val Blenio, Ticino, Switzerland (1700m)"
46597,"Quarry, Maloja, Oberengadin, Grisons, Switzerland (1800m, 773.5/141.95)"
46598,"alter Quarry, W Therme-Vals, Valsertal, Lugnez, Grisons, Switzerland (1320m)"
46599,"Quarry ESE Isola, Splügenpass, Valle San Giacomo, Province Sondrio, Italy (746.0/145.4)"
46600,"kleiner Quarry E Splügenpass (Grenze), Grisons, Switzerland/Province Sondrio, Italy (745.45/152.2)"
46601,"Schutt am E-Grat des Pizzo dell'A. Gelato (Grenze CH-I), Valle Maggia, Ticino, Switzerland"
46602,"Quarry SE Grumascio, S Torre, Valle di Blenio, Ticino, Switzerland"
46603,"Strasse Osco-Freggio, Val Leventina, Ticino, Switzerland"
46604,"Strasse N Berzona-Vogorno, Val Verzasca, Ticino, Switzerland (709.7/119.35)"
46605,"Strasse Gorduno-Mte.Bedretto, V. di Gorduno, Bellinzona, Ticino, Switzerland (720.8/120.3)"
46606,"erster Quarry an der Kantonsstrasse, E Ausgang Ilanz, Tavetsch, Grisons, Switzerland"
46607,"Schutt aus Adit near Motto Bartola, Gotthardstrasse, Airolo, Leventina, Ticino, Switzerland (687.9/154.4)"
46608,"Strasse zu den Lawinenverbauungen, N Klein Ftan (Fetan), Unterengadin, Grisons, Switzerland (187.0/814.0)"
46609,"SW Mte. Bedretto, Strasse nach Alpe Arami, V. di Gorduno, Bellinzona, Ticino, Switzerland (720.05/120.6)"
46610,"Quarry Marmo, Strona, Province Verbano-Cusio-Ossola, Italy"
46611,"Strasse, Monte Carasso, W Bellinzona, Ticino, Switzerland (720.4/116.75)"
46612,"Valle d'Arberello, SW Monte Carasso, Bellinzona, Ticino, Switzerland (730m, 717.8/116.2)"
46613,"S-Portal Nat. Road tunnel, Stalvedro, E Airolo, Val Bedretto/Valle Leventina, Ticino, Switzerland (1100m, 691.2/153.2)"
46614,"Valle del Molino, Claro, Riviera, Ticino, Switzerland (500m, 723.1/123.9)"
46615,"Alpe d'Arnau, Valle di Campo, Valle Maggia, Ticino, Switzerland (2070m, 683.45/124.825)"
46616,"Mte. Teggiolo, Simplon, Province Verbano-Cusio-Ossola, Italy"
46617,"Castione (nördlichster Quarry oberer Teil), Bellinzona, Ticino, Switzerland (723.75/121.35)"
46618,"Valle del Molino, Claro, Riviera, Ticino, Switzerland (723.0/123.9)"
46619,"Alpe Quadrada, E Passo di Canciano, Poschiavo (Puschlav), Grisons, Switzerland"
46620,"unmittelbar SE Provola near Finero, Val Cannobina, Province Verbano-Cusio-Ossola, Italy (685.1/106.2)"
46621,"Lukmanierstrasse (E Sta. Maria), Val Medel, Vorderrhein, Grisons, Switzerland (704.45/159.5)"
46622,"Block aus Torrente Crotto, W Cuzzago, Val d'Ossola, Province Verbano-Cusio-Ossola, Italy"
46623,"Promegn, Val Cama (Valle Mesolcina), Misox, Ticino, Switzerland"
46624,"Block aus Valle del Conco, Codera, Val Codera, Province Sondrio, Italy (761.7/128.05)"
46625,"Nebenstrasse Lusanico-Vignora, Bellinzona, Ticino, Switzerland (320m, 722.3/118.75)"
46627,"Molare-Matro-Rücken, oberhalb Alpe Piai, SW Culpiara, Val Leventina, Ticino, Switzerland"
46628,"Promegn, Val Cama (Valle Mesolcina), Misox, Ticino, Switzerland (736.1/125.5)"
46629,"Alpe de Trescolmen, Val Large E Valbella, Val Calanca, Grisons, Switzerland"
46630,"Alpe Arami (NW-Ende Olivinfels), Colombé, V. di Gnosca (Riviera), Ticino, Switzerland (718.6/121.55)"
46631,"Passo Trescolmen, Val Calanca, Grisons, Switzerland"
46632,"SE Lago Nero, Val Bavona, Valle Maggia, Ticino, Switzerland"
46633,"Kraftwerkstrasse Mte. di Vif-Roggiasca, Valle Mesolcina, Grisons, Switzerland"
46634,"Meikle Mine, Elko County, Nevada, USA"
46635,"Eucoberto, Equador, Rio Grande do Norte, Brazil"
46636,"Gruhalde, Frick, Aargau, Switzerland"
46637,"Lehrmittel und Naturalienhandlung V. Fric, Prag, Tschechische Republik"
46638,"Ponte Provola near Finero, Province Verbano-Cusio-Ossola, Italy"
46640,"Cava Mergozzoni, Candoglia, Valle d'Ossola, Province Verbano-Cusio-Ossola, Italy"
46641,"Alpe Moncucco, Chironico, Ticino, Switzerland"
46642,"Diepenlinchen near Aachen, North Rhine-Westphalia, Germany"
46689,"Jade-Mine am Kyu, Kachin Hills, Myanmar (Burma)"
46691,"Eureka, San Juan County, Colorado, USA"
46697,"Amelia Court House, Amelia County, Virginia, USA"
46701,"Laurvick, Møre og Romsdal, Norway"
46703,"Seiser Alm, Frombachtal, Province Bolzano, Italy"
46705,"Mine Pereta, Nähe Grosseto, Province Grosseto, Italy"
46765,"Pianche di Vinadio, Cuneo, Piemont, Italy"
46766,"Jachymov (St. Joachimstal), Bohemia, Tschechische Republik"
46767,"Burrus Mine, Pyramid District, Washoe County, Nevada, USA"
46768,"Ahmadnagar, Maharashtra, India"
46769,"Culver-Baer Mine, Nähe Cloverdale, Sonoma County, California, USA"
46857,"Furka, Valais, Switzerland"
46858,"N-Grat Chli Mutsch, Silenen, Uri, Switzerland"
46864,"Rhonegletscher nahe Furkastrasse, Oberwald, Valais, Switzerland"
46872,"Bieligertal, Grafschaft, Valais, Switzerland"
46878,"Turingen (Twingi), Grengiols, Valais, Switzerland"
46903,"Südseite Pollux, Zermatt, Valais, Switzerland"
46908,"Castor und Pollux, Zermatt, Valais, Switzerland"
46915,"Tierälpli, Scherbadung (Cherbadung/Cervandone), Binn, Valais, Switzerland"
46922,"Hohenrain, Felsberg, Grisons, Switzerland"
46923,"Quarry ""Zingel"", Seewen, Lauerzersee, Schwyz, Switzerland"
46924,"Windgällen, Isenthal, Uri, Switzerland"
46928,"Chatillon, Drôme, France"
46929,"Bayeux, Calvados, Normandie, France"
46930,"Mine Herznach, Frick, Aargau, Switzerland"
46942,"Grenchenberg-Tunnel, Grenchen, Solothurn, Switzerland"
46946,"Holderbank, Aargau, Switzerland"
46947,"Albulatunnel, La Punt/Chamues-ch, Grisons, Switzerland"
46983,"Ottostollen, Sehringen, Badenweiler, Freiburg, Baden-Württemberg, Germany"
47244,"Mine de la Gardette, Bourg d'Oisans, Isère, Rhône-Alpes, France"
47245,"Karlovy Vary (Karlsbad), Bohemia, Tschechische Republik"
47246,"Louona, Tschechische Republik"
47248,"Muzquiz, Nueva Leon, Mexico"
47270,"Château Lambert, Bitschwiller-lès-Thann (Bitschweiler), Thann, Haut-Rhin, France"
47279,"Xiang Xi, Hunan, China"
47280,"Xianghualing Mine (Hsiang-hua-ling Mine), Hunan, China"
47281,"Mexquitic, San Luis Potosi, Mexico"
47282,"Marienfluss, Kaokoland, Namibia"
47604,"Mine des Moulins de St-Luc, Saint-Luc, Valais, Switzerland"
47608,"Mine Blessec, Chippis, Valais, Switzerland"
47610,"Pass da Schmorras (Schmorassgrat), Ausserferrera, Grisons, Switzerland"
47612,"Quarry am Hechtsberg, Hausach, Offenburg, Baden-Württemberg, Germany"
47613,"Vogelhalt, Inschlagalm, Leogang, Salzburg, Austria"
47614,"Saint-Martin-de-l'Arçon, Languedoc-Roussillon, Hérault, France"
47615,"Lürlibad, Chur, Grisons, Switzerland"
47617,"Aris, Windhoek, Windhoek District, Namibia"
47618,"Tongrube Liesberg (Andil), Basel-Landschaft, Switzerland"
47619,"Emme, Lucerne, Switzerland"
47620,"Littau, Lucerne, Switzerland"
47622,"Belmont-sur-Lausanne, Vaud, Switzerland"
47623,"Adligenswil, Lucerne, Switzerland"
47625,"Oron-la-Ville, Vaud, Switzerland"
47626,"Dürnten, Zürich, Switzerland"
47627,"Sandgrube Gassmann, Charmoille, Jura, Switzerland"
47630,"Wägital, Innerthal, Schwyz, Switzerland"
47631,"Emmen, Lucerne, Switzerland"
47632,"Quarry Wesemlin, Lucerne, Lucerne, Switzerland"
47633,"Rossberg, Gnippen, Goldau, Schwyz, Switzerland"
47634,"Birch, Wynau, Bern, Switzerland"
47635,"Rio Cogollo, Perjia District, Zulia, Venezuela"
15953,"Châtillon, Delémont, Jura, Switzerland"
15940,"Puits Rondez, Delémont, Jura, Switzerland"
16700,"Wölfliswil, Aargau, Switzerland"
15948,"Blancherie, Delémont, Jura, Switzerland"
47314,"Gigi (Gige), Hospental, Uri, Switzerland"
47318,"Specksteinbruch Kämmleten (Kemmleten/Chämleten), Hospental, Uri, Switzerland"
47320,"Kämmleten (Kemmleten/Chämleten), Hospental, Uri, Switzerland"
47325,"Al Piano, San Carlo, Peccia (Lavizzara), Ticino, Switzerland"
47327,"Vena Nuova, San Carlo, Peccia (Lavizzara), Ticino, Switzerland"
47332,"Mine Predora, Peccia (Lavizzara), Ticino, Switzerland"
47334,"Predora, Peccia (Lavizzara), Ticino, Switzerland"
24054,"La Colma, Val di Carassino, Olivone, Ticino, Switzerland"
47344,"La Colma, Val Carassino, Dangio (Aquila), Ticino, Switzerland"
47352,"Oglié, Foroglio (Cavergno), Ticino, Switzerland"
47354,"Mognee, Menzonio (Lavizzara), Ticino, Switzerland"
47357,"Viro, Val Cocco, Brontallo (Lavizzara), Ticino, Switzerland"
47359,"Alpe Sovenedo (Sovenat), Peccia (Lavizzara), Ticino, Switzerland"
47360,"Zum Schwarzenbrunnen (Zum Schwarzabrunna), Bosco-Gurin, Ticino, Switzerland"
47362,"Scara Orello, Airolo, Ticino, Switzerland"
47364,"Pizzo di Rodi, Ticino, Switzerland"
47365,"Alpe Cavanna, Bedretto, Ticino, Switzerland"
47366,"Piani di Verdabbio, Cama, Grisons, Switzerland"
47367,"Gehrental, Oberwald, Valais, Switzerland"
47368,"Talkmine Gerental (Gehrental), Oberwald, Valais, Switzerland"
47369,"Gerental (Gehrental), Oberwald, Valais, Switzerland"
47374,"Gerendorf, Oberwald, Valais, Switzerland"
47377,"Mine Aeginental (Eginental), Ulrichen, Valais, Switzerland"
47379,"Ganterbrücke, Ried-Brig, Valais, Switzerland"
47380,"Gantertal, Ried-Brig, Valais, Switzerland"
47381,"Ganterbücke, Ried-Brig, Valais, Switzerland"
47387,"Bitzenen, Visperterminen, Valais, Switzerland"
47395,"Schrähgraben, Zeneggen, Valais, Switzerland"
47396,"Mine Schrähgraben, Zeneggen, Valais, Switzerland"
47397,"Mine Höhe, Zeneggen, Valais, Switzerland"
47402,"Kellergraben, Zeneggen, Valais, Switzerland"
47404,"Im Eich, Zeneggen, Valais, Switzerland"
47406,"Im Eich, Zeneggen Valais, Switzerland"
47407,"Mine Graben, Zeneggen, Valais, Switzerland"
47410,"Spoil heap, Zeneggen, Valais, Switzerland"
47413,"Alpe de Remia, Rossa, Grisons, Switzerland"
47416,"Monte Ri di Fuori, Rossa, Grisons, Switzerland"
47420,"Rossa, Grisons, Switzerland"
47422,"Disentis, Grisons, Switzerland"
47426,"Alpe Quadrada (Quadrata), Poschiavo, Grisons, Switzerland"
47427,"Urgnasco, Poschiavo, Grisons, Switzerland"
47432,"Alp d'Ur, Poschiavo, Grisons, Switzerland"
47435,"Val d'Ur, Poschiavo, Grisons, Switzerland"
47456,"Piatte di Canciano, Poschiavo, Grisons, Switzerland"
47488,"Mine Grande Combe, Grandpra (Grandpraz), Les Haudères (Evolène), Valais, Switzerland"
47495,"Mine Zable, Les Haudères (Evolène), Valais, Switzerland"
47503,"Pralovin, Les Haudères (Evolène), Valais, Switzerland"
47504,"Pralovin, Les Haudères (Evolène), Valais, Schweiz."
47505,"Evolena (Evolène), Valais, Switzerland"
47510,"Tsofferay, ..."
47515,"Pierre carrée, Bex, Valais, Switzerland"
47518,"Montagne de l'Etoile, ..."
47520,"Les Haudères (Evolène), Valais, Switzerland"
47521,"Bocheresse (Botzeresse), Bagnes, Valais, Switzerland"
47525,"Mine Combaz, Les Haudères (Evolène), Valais, Switzerland"
47526,"Verségère, Bagnes, Valais, Switzerland"
47529,Bonaldern
47530,Brussonay
47532,"Val Brutta, Lanzada, Sondrio, Italy"
47533,"Mine Val Brutta, Franscia, Sondrio, Italy"
47534,"Mine von Chiesa, Chiesa in Valmalenco, Sondrio, Italy"
47536,"Riale Polone, ..."
47554,"Col du Tsaté (Zaté), Les Haudères (Evolène), Valais, Switzerland"
47557,"Giètro, Mauvoisin (Bagnes), Valais, Switzerland"
47560,"Val Faller, Bivio, Grisons, Switzerland"
47569,"Schurf Hegdorn, Naters, Valais, Switzerland"
47570,"Breiterbach (Breitenbach), Visperterminen, Valais, Switzerland"
47580,"Boussine, Mauvoisin (Bagnes), Valais, Switzerland"
47581,"Gnosca, Ticino, Switzerland"
47582,"Bregenz, Vorarlberg, Austria"
47585,"Grotta Gaurga, Chiavenna, Italy"
47587,"Augst, Baselland, Switzerland"
47588,"Alpnach, Obwalden, Switzerland"
47589,"Windisch, Aargau, Switzerland"
47590,"Strasbourg, Bas-Rhin, France"
47597,"Aiguilles Rouges d'Arolla, Evolène, Valais, Switzerland"
47598,"Santa Maria, Nonza, Bastia, Korsika"
47599,"Handöl, Are, Jamtland, Sweden"
47602,"Umgebung von Bonn, Germany"
23176,"Alp Bles, Cröt-Campsut, Val Madris, Avers, Grisons, Switzerland"
23177,"Alp Preda, Cröt-Campsut, Val Madris, Avers, Grisons, Switzerland"
23179,"Saint-Luc, Valais, Switzerland"
23181,"Gruoba, Ausserferrera, Grisons, Switzerland"
23182,"Bärenbühl (Buotta dil Uors), Filisur, Grisons, Switzerland"
16782,"Lowerzerstock, Lauerz, Schwyz, Switzerland"
16898,"Erzegg, Hasliberg, Bern, Switzerland"
16839,"Baumgartenalp, Erzegg, Hasliberg, Bern, Switzerland"
16840,"Windgällen, Silenen, Uri, Switzerland"
16794,"Munt da Buffalora, Tschierv, Grisons, Switzerland"
16793,"Alp Casanna, Klosters, Grisons, Switzerland"
5583,"Val Tisch, Bergün/Bravuogn, Grisons, Switzerland"
16838,"Fescoggia, Ticino, Switzerland"
16822,"Tortoglio, Breno, Ticino, Switzerland"
16735,"Valeggio di Maggio, Miglieglia, Ticino, Switzerland"
16851,"Galerie Franzi, Miglieglia, Ticino, Switzerland"
16841,"Galerie Baglioni, Miglieglia, Ticino, Switzerland"
16843,"Costa (Alla Costa), Astano, Ticino, Switzerland"
16847,"Alle Bolle, Astano, Ticino, Switzerland"
47292,"Monte Pellegrino, Miglieglia, Ticino, Switzerland"
47291,"Curio-Pura, Ticino, Switzerland"
47311,"Galérie Calpini, Grône, Valais, Switzerland"
5389,"Asphaltmine Presta, Couvet, Neuchâtel, Switzerland"
47310,"Hauenstein-Basistunnel, Baselland-Solothurn, Switzerland"
47309,"Dardagny, Genève, Switzerland"
47308,"Meride, Ticino, Switzerland"
11234,"Horgen, Zürich, Switzerland"
47307,"Zell, Lucerne, Switzerland"
47313,"La Verrerie de Semsales, Progens, Fribourg, Switzerland"
47312,"Mine St-Martin near Semsales, Saint-Martin, Fribourg, Switzerland"
5818,"Faldumalp, Ferden, Valais, Switzerland"
19420,"Mine Ferden, Ferden, Valais, Switzerland"
6225,"Stäffeli, Bristen(stock), Gurtnellen, Uri, Switzerland"
47306,"Kingspitz, Engelhörner, Schattenhalb, Bern, Switzerland"
47305,"La Houille (Tête Ronde), Les Diablerets (Ormont-Dessus), Vaud, Switzerland"
47304,"Anthémoz, Champéry, Valais, Switzerland"
16800,"Passhöhe Val Tisch-Val Plazbi, Bergün/Bravuogn, Grisons, Switzerland"
47300,"Schmorrasgrat, Radons (Rioms-Parsonz), Grisons, Switzerland"
16827,"Burvagn (Uigls), Cunter (Conters), Grisons, Switzerland"
16832,"Carungas, Val d'Err, Tinizong-Rona/Tinzen, Grisons, Switzerland"
47297,"Condémines (Condemine), Nendaz, Valais, Switzerland"
16820,"Aproz, Nendaz, Valais, Switzerland"
16823,"L'Amône, Orsières, Valais, Switzerland"
16829,"Alpe di Piscerotto, Sant' Antonio, Ticino, Switzerland"
16830,"Val del Trodo, Vira (Gamborogno), Ticino, Switzerland"
16833,"Medeglia, Lugano, Ticino, Switzerland"
16788,"Piz Mazza, Innerferrera, Grisons, Switzerland"
16790,"Sut Fuina (Sutt Foina), Ausserferrera, Grisons, Switzerland"
16798,"San Martin, Innerferrera, Grisons, Switzerland"
16801,"Rosswald-Termen, Valais, Switzerland"
47298,"Les Planches, Mont Chemin, Martigny, Valais, Switzerland"
16828,"Alp digl Plaz, Tinizong-Rona/Tinzen, Grisons, Switzerland"
16824,"Monte Beglio, Tesserete, Ticino, Switzerland"
47294,"Val Minor, Pontresina, Grisons, Switzerland"
16821,"Sedi, Mugena, Ticino, Switzerland"
16759,"Gondo, Valais, Switzerland"
16769,"Alpe Formazzolo, Val Calneggia, Cavergno, Ticino, Switzerland"
16761,"Alpe Formazzolo, Val Calneggia, Cavegno, Ticino, Switzerland"
47293,"Alpe Cortedo, Sonogno, Ticino, Switzerland"
16768,"Goldene Sonne, Felsberg, Domat/Ems, Grisons, Switzerland"
20001,"Moulin de la Gruère (Gruyère), Tramelan, Jura, Switzerland"
20005,"Les Montbovats, Montfaucon, Jura, Switzerland"
20007,"Steinach, Arbon, St. Gallen, Switzerland"
20008,"Isenriet, Altstätten, St. Gallen, Switzerland"
20009,"Coldrerio, Mendrisio, Ticino, Switzerland"
20010,"Mörschwil, Rorschach, St. Gallen, Switzerland"
20013,"Büel (Bühl), Mörschwil, St. Gallen, Switzerland"
20015,"Aachen, Mörschwil, St. Gallen, Switzerland"
20017,"Böllenbergtobel, Uznach, St. Gallen, Switzerland"
20020,"Böllenberg, Uznach, St. Gallen, Switzerland"
20021,"Mine Rickli, Uznach, St. Gallen, Switzerland"
20027,"Wangen, Schwyz, Switzerland"
20493,"La Cordaz, Bex, Vaud, Switzerland"
20494,"Heuberg, Kaisten, Aargau, Switzerland"
20497,"Schwarzenmattklus, Boltigen, Bern Switzerland"
20499,"Rocher des Rayes, Rougemont, Vaud, Switzerland"
22104,"Agarn, Valais, Switzerland"
22106,"Lavintziè, Bagnes, Valais, Switzerland"
22108,"Alpe de la Chaux, Bagnes, Valais, Switzerland"
22109,"Tilley, Salins, Valais, Switzerland"
22126,"Alpe Valletta, Sant' Antonio, Ticino, Switzerland"
22141,"Alpe Motta, Valle di Lei, Province Sondrio, Italy"
22143,"Monti di Valleggia, Sonogno, Ticino, Switzerland"
22147,"Nikolaital, Visp, Switzerland"
22148,"Bruson, Bagnes, Valais, Switzerland"
20035,"Utenberg, Eschenbach, St. Gallen, Switzerland"
20036,"Mine Gubser, Eschenbach, St. Gallen, Switzerland"
20039,"Weidhof, Eschenbach, St. Gallen, Switzerland"
20042,"Tamel (Trammel), Dürnten, Zürich, Switzerland"
20055,"Chammeren (Kammern), Dürnten, Zürich, Switzerland"
20072,"Mine Weinmann, Zell, Lucerne, Switzerland"
20077,"Gondiswil, Ufhusen, Lucerne, Switzerland"
20079,"Signal de Bougy, Bougy-Villars, Vaud, Switzerland"
20083,"Grandson, Vaud, Switzerland"
20084,"Le Verger, Le Locle, Neuchâtel, Switzerland"
20091,"Weissensteintunnel, Oberdorf, Solothurn, Switzerland"
20092,"Wolfsberg, Ermatingen, Thurgau, Switzerland"
20096,"Berlingen, Thurgau, Switzerland"
20097,"Herdern, Thurgau, Switzerland"
20100,"Elgg, Zürich, Switzerland"
20101,"Kollbrunn (Zell), Zürich, Switzerland"
20103,"Bichelsee, Turbenthal, Thurgau, Switzerland"
20104,"Mine Gottshalden, Käpfnach, Horgen, Zürich, Switzerland"
20108,"Goltal, Langnau im Emmental, Bern, Switzerland"
20110,"Le Gibloux, Marsens, Bulle, Fribourg, Switzerland"
20111,"Ravin Gérignoz, Marsens, Bulle, Fribourg, Switzerland"
20114,"Marsens, Bulle, Switzerland"
20115,"Sous les Moleyres, Marsens, Bulle, Fribourg, Switzerland"
20117,"Servion-Mézières, Vaud, Switzerland"
20119,"La Possession, Les Tavernes, Palézieux, Vaud, Switzerland"
20120,"Maflon, Oron-la-Ville, Vaud, Switzerland"
20122,"Le Clos, Bouloz (Le Flon), Fribourg, Switzerland"
20126,"Treyfayes, Sâles, Fribourg, Switzerland"
20127,"Clos du Four, Porsel (Le Flon), Fribourg, Switzerland"
20128,"Porsel (Le Flon), Fribourg, Switzerland"
20130,"Pont-la-Ville, Fribourg, Switzerland"
20132,"Strasse Lausanne-Belmont, Vaud, Switzerland"
20133,"Savigny, Vaud, Switzerland"
20134,"Crêt Rouge, Savigny, Vaud, Switzerland"
20178,"Vallée de la Mionna, Saint-Martin, Fribourg, Switzerland"
20214,"Adit Froumi, Semsales, Fribourg, Switzerland"
20218,"Mine Le Jordil near Semsales, Saint-Martin, Fribourg, Switzerland"
20221,"Les Penils, Semsales, Fribourg, Switzerland"
20223,"Montagnette, Semsales, Fribourg, Switzerland"
20226,"Ravin de Lanciau, Semsales, Fribourg, Switzerland"
20227,"La Villette, Semsales, Fribourg, Switzerland"
20228,"Paudex, Lausanne, Vaud, Switzerland"
20229,"Mine La Grangette, Paudex-Belmont, Vaud, Switzerland"
20240,"Mine Tröhler, Belmont-sur-Lausanne, Vaud, Switzerland"
20243,"Ravin de la Paudèze, Paudex, Lausanne, Vaud, Switzerland"
20245,"Mine Junod, Paudex-Belmont, Lausanne, Vaud, Switzerland"
20246,"Moulin de Belmont, Belmont-sur-Lausanne, Vaud, Switzerland"
20249,"Paudèze, Paudex, Lausanne, Vaud, Switzerland"
20250,"Les Brulées, Belmont-sur-Lausanne, Vaud, Switzerland"
20251,"Stbr. Chervettaz, La Dausaz, Châtillens, Vaud, Switzerland"
20252,"Schurf Chervettaz, La Dausaz, Châtillens, Vaud, Switzerland"
20254,"Grand-Villard, Châtillens, Oron-la-Ville, Vaud, Switzerland"
20258,"Les Tavernes, Palézieux, Vaud, Switzerland"
20259,"La Dausaz, Châtillens, Vaud, Switzerland"
20261,"Broye, Oron, Vaud, Switzerland"
20262,"Adit Église, Châtillens, Vaud, Switzerland"
20264,"Vallée du Flon, Oron-la-Ville, Vaud, Switzerland"
20266,"Les Poses, Oron-le-Châtel, Vaud, Switzerland"
20267,"Galérie Oron, Vallée du Flon, Oron-la-Ville, Vaud, Switzerland"
20281,"Stbr. Chayonnet, Chesalles-sur-Oron, Vaud, Switzerland"
20283,"Vaulruz, Fribourg, Switzerland"
20284,"Les Roubattes, Maules (Sâles), Bulle, Fribourg, Switzerland"
20288,"Ravin du Bey, La Roche, Fribourg, Switzerland"
20292,"Ravin Malassert, Sorens, Fribourg, Switzerland"
20293,"Ravin du Leytevan, Vaulruz, Fribourg, Switzerland"
20295,"Stbr. Ruine Chaffa, Riaz, Fribourg, Switzerland"
20298,"Ruine Chaffa, Riaz, Fribourg, Switzerland"
20300,"Stbr. Corbières, Corbières, Fribourg, Switzerland"
20301,"Corbières, Fribourg, Switzerland"
20302,"Stbr. Vaulruz, Fribourg, Switzerland"
20304,"Praz Pesés, Maules (Sâles), Bulle, Fribourg, Switzerland"
20305,"Ravin Praz Nové, Savigny, Vaud, Switzerland"
20306,"Le Grenet, Forel, Vaud, Switzerland"
20308,"Colonie de Serix, Palézieux, Vaud, Switzerland"
20310,"Grenet, Palézieux, Vaud, Switzerland"
20312,"Bois de l'Erberey, Mionnaz, Saint-Martin, Fribourg, Switzerland"
20313,"Mionnaz, Saint-Martin, Fribourg, Switzerland"
20318,"Stbr. oberhalb Lac de Bret, Puidoux, Vaud, Switzerland"
20322,"Champaflon, Riex, Vaud, Switzerland"
20323,"Tour-de-Gourze, Riex, Vaud, Switzerland"
20327,"En Pierre-Vieille, Puidoux, Vaud, Switzerland"
20328,"Moulin Monod, Rivaz, Lac Léman, Vaud, Switzerland"
20344,"Stbr. near Grand Praz, Les Thioleyres, Vaud, Switzerland"
20345,"La Cergne, Bussigny-sur-Oron, Vaud, Switzerland"
20355,"Les Mollies, Maracon, Palézieux, Vaud, Switzerland"
20356,"Bois de Villard, Saint-Martin, Fribourg, Switzerland"
20360,"Bois de la Prélaz, Vallée de la Mionna, Saint-Martin, Fribourg, Switzerland"
20361,"L'Auge, Attalens, Fribourg, Switzerland"
20363,"La Rottaz-Reyresse, Attalens, Fribourg, Switzerland"
20366,"Stbr. Attalens, Attalens, Fribourg, Switzerland"
20369,"Stbr. Les Places, Attalens, Fribourg, Switzerland"
20371,"Baye de Clarens, Clarens (Montreux), Vaud, Switzerland"
20372,"Clarens, Montreux, Vaud, Switzerland"
20373,"Stbr. Chailly-sur-Clarens, Montreux, Vaud, Switzerland"
20375,"Stbr. Chevalleyres-Derrey, Blonay, Vaud, Switzerland"
20377,"Bouveret (Port-Valais), Valais, Switzerland"
20387,"Brent (Montreux), Vaud, Switzerland"
20390,"Clarens-Chailly, Chailly-sur-Clarens, Montreux, Vaud, Switzerland"
20392,"Niremont-Les Alpettes, Semsales, Fribourg, Switzerland"
20394,"Stbr. La Savoyardaz, Le Râpaz, Vucherens, Vaud, Switzerland"
20399,"Moulin-au-Creux, Ecoteaux, Vaud, Switzerland"
20401,"Strasse Chexbres-Vevey, Vaud, Switzerland"
20402,"Jongny, Vaud, Switzerland"
20403,"Veveyse, Corsier-sur-Vevey,Vaud, Switzerland"
20412,"Bolliloch, Lüdernalp, Sumiswald, Bern, Switzerland"
20418,"Surgraben, Sumiswald, Bern, Switzerland"
20425,"Stbr. Suter, Blattighof near Littau, Lucerne, Switzerland"
20433,"Hubenbach, Wirtatobel, Bregenz, Vorarlberg, Austria"
20437,"Wirtatobel, Bregenz, Vorarlberg, Austria"
20439,"Wasserstube, Wirtatobel, Bregenz, Vorarlberg, Austria"
20444,"Mine Châtillens, Oron-la-Ville, Vaud, Switzerland"
20445,"Schaugentobel (Martinstobel), Eggersriet, St. Gallen, Switzerland"
20446,"Katzenschwanz, Appenzell, Appenzell-Innerrhoden, Switzerland"
20449,"Rufi, Schänis, St. Gallen, Switzerland"
20458,"Maseltrangen, Rufi, Schänis, St. Gallen, Switzerland"
20462,"Wengibach, Rufi, Schänis, St. Gallen, Switzerland"
20464,"Rossberg (Wildspitz), Sattel, Schwyz, Switzerland"
20465,"Rickentunnel, Ricken (Ernetschwil), St. Gallen, Switzerland"
20468,"Schlundtobel, Horw, Lucerne, Switzerland"
20470,"Rosenbodenalp, Schwarzenberg, Lucerne, Switzerland"
20474,"Niederhorn, Beatenberg, Bern, Switzerland"
20475,"Oberberg, Beatenberg, Bern, Switzerland"
20477,"Gemmenalp, Beatenberg, Bern, Switzerland"
20479,"Grosse Scheidegg, Grindelwald, Bern, Switzerland"
20507,"Les Borsalets, Les Granges, Château-d'-Oex, Vaud, Switzerland"
20508,"Adit Flendruz, Château-d'-Oex,Vaud, Switzerland"
20509,"Adit Flendruz, Château-d'-Oex, Vaud, Switzerland"
20511,"Combre, Vouvry, Valais, Switzerland"
20512,"Blancsex, Vouvry, Valais, Switzerland"
20513,"Vignes d'en Bas, Vionnaz, Valais, Switzerland"
20514,"Grengiols, Valais, Switzerland"
20515,"Les Revenettes, Trient, Valais, Switzerland"
20542,"Les Golettes, Tête Noire, Trient, Valais, Switzerland"
20550,"Troulero, Tête Noire, Trient, Valais, Switzerland"
20553,"Schurf Eau Noire, Troulero, Tête Noire, Trient, Valais, Switzerland"
20556,"Adit Les Fayats, Tête Noire, Trient, Valais, Switzerland"
20558,"Finhaut, Trient, Valais, Switzerland"
20561,"Salvan, Trient, Valais, Switzerland"
20564,"Collonges, Valais, Switzerland"
20575,"Mine Alesses, Plan de la Meronaz, Dorénaz, Valais, Switzerland"
20576,"Pacoteires, Méronaz, (Mine Alesses), Dorénaz, Valais, Switzerland"
20578,"Mine Méronaz, Dorénaz, Valais, Switzerland"
20586,"Fully, Valais, Switzerland"
20588,"Diabley, Vernayaz, Valais, Switzerland"
20589,"Derbignon, Collonges, Valais, Switzerland"
20590,"Faldum-Grund, Ferden, Valais, Switzerland"
20594,"Laucherspitzen, Faldum, Ferden, Valais, Switzerland"
20598,"Lötschbergtunnel, Goppenstein (Ferden), Valais, Switzerland"
20616,"Blackialp, Bristenstock, Silenen, Uri, Switzerland"
20618,"Kraftwerk Amsteg, Silenen, Uri, Switzerland"
20620,"Bifertengrätli, Linthal, Glarus, Switzerland"
20622,"Fenêtre de Ferret (Col de Fenêtre), Orsières, Valais, Switzerland"
20624,"Chandonne (Champdonne), Liddes, Valais, Switzerland"
20628,"Mine Les Arpalles, Orsières, Valais, Switzerland"
20629,"Liddes, Valais, Switzerland"
20630,"Torrent d'Arron, Liddes, Valais, Switzerland"
20631,"Les Agiettes, Le Châble, Bagnes, Valais, Switzerland"
20632,"Les Vernays, Le Châble, Bagnes, Valais, Switzerland"
20634,"Le Châble, Bagnes, Valais, Switzerland"
20636,"Etablons, Saxon, Valais, Switzerland"
20643,"Isérables, Valais, Switzerland"
20644,"Vallon de la Fare (Fare-Schlucht), Isérables, Valais, Switzerland"
20652,"Les Combaz, Isérables, Valais, Switzerland"
20658,"Villy, Isérables, Valais, Switzerland"
20662,"Les Crettaux, Isérables, Valais, Switzerland"
20664,"Zetavé, Isérables, Valais, Switzerland"
21161,"Kleines Wellhorn, Meiringen, Bern, Switzerland"
20709,"Schlucht von Condémines (Condemine), Nendaz, Valais, Switzerland"
20714,"Graphitmine, Condémines (Condemine), Nendaz, Valais, Switzerland"
20717,"Nendaz, Valais, Switzerland"
20718,"Mine Mauvais Four, Nendaz, Valais, Switzerland"
20731,"Prés Bardi, Baar, Nendaz, Valais, Switzerland"
20733,"Baar, Nendaz, Valais, Switzerland"
20735,"Mouri, Baar, Nendaz, Valais, Switzerland"
20747,"Le Clévaz, Sion, Valais, Switzerland"
20748,"Chandoline, Salins, Valais, Switzerland"
20762,"Mine Bramois, Sion, Valais, Switzerland"
20765,"Bramois, Sion, Valais, Switzerland"
20771,"Chippis, Chalais, Valais, Switzerland"
20772,"La Crête, Grône, Valais, Switzerland"
20776,"Galérie Pernollet, Grône, Valais, Switzerland"
20782,"Galérie Merdassière, Grône, Valais, Switzerland"
20783,"Galérie Jadis Calpini, Grône, Valais, Switzerland"
20786,"Galérie Ettrey, Grône, Valais, Switzerland"
20788,"Galérie de Base, Grône, Valais, Switzerland"
20789,"Galérie Réchy-Moulin, Grône, Valais, Switzerland"
20791,"Mine Turtmann, Turtmann, Valais, Switzerland"
20792,"Turtmann-Schlucht, Turtmann, Valais, Switzerland"
20794,"Unterems, Turtmann, Valais, Switzerland"
20802,"Turtmann-Schlucht, Tutrmann, Valais, Switzerland"
20803,"Ergisch, Turtmann, Valais, Switzerland"
20804,"Mine Ergisch, Turtmann, Valais, Switzerland"
20807,"Weg Riedji-Gspon, Stalden, Valais, Switzerland"
20810,"Gsponfluh, Stalden, Valais, Switzerland"
20813,"Taninges, Vallée du Giffre, Bonneville, Haute-Savoie, France"
20814,"Morgins, Troistorrents, Valais, Switzerland"
20818,"La Foilleuse (Foilleusaz), Morgins, Troistorrents, Valais, Switzerland"
20827,"Dronnaire, Morgins, Troistorrents, Valais, Switzerland"
20831,"Manno, Lugano, Ticino, Switzerland"
20832,"Val Colla, Cimadera, Ticino, Switzerland"
20834,"Cimadera, Ticino, Switzerland"
20838,"Mattarone, Val Colla, Cimadera, Ticino, Switzerland"
20840,"Cima dell'Oress (Cima del Noresso), Val Colla, Cimadera, Ticino, Switzerland"
20850,"Branson (Fully), Valais, Switzerland"
20854,"La Cresa (Val Morera), Val Traversagna, Roveredo, Grisons, Switzerland"
20866,"Val di March (Val di Marco), Val Traversagna, Roveredo, Grisons, Switzerland"
20882,"Orino, Montagnola (Collina d'Oro), Lugano, Ticino, Switzerland"
20884,"Avigno, Ponte Tresa, Lugano, Ticino, Switzerland"
20888,"Asphaltmine Presta, Couvet, Val de Travers, Neuchâtel, Switzerland"
20889,"La Presta, Couvet, Val de Travers, Neuchâtel, Switzerland"
20906,"Fulenbach, Solothurn, Switzerland"
20908,"Ziegelei Quadri, Couvet, Val de Travers, Neuchâtel, Switzerland"
20912,"Couvet, Val de Travers, Neuchâtel, Switzerland"
20915,"Orbe, Vaud, Switzerland"
20922,"Mathod, Orbe, Vaud, Switzerland"
20923,"Chavornay, Vaud, Switzerland"
20964,"Pyrimont, Chanay, Rhône-Alpes, France"
20979,"Vallon de La Roulavaz, Dardagny, Genève, Switzerland"
20985,"Nant Punais, Dardagny, Genève, Switzerland"
20988,"Cuarny, Vaud, Switzerland"
20995,"Haut de Baume, Pomy, Vaud, Switzerland"
20996,"Montelaz, Cuarny, Vaud, Switzerland"
20997,"Vuanazbach, Yverdon, Vaud, Switzerland"
20998,"Chevressy (Pomy), Vaud, Switzerland"
21007,"Cava Trefontane, Meride, Ticino, Switzerland"
21022,"Alpe Serpiano, Meride, Ticino, Switzerland"
21023,"Fontane, Cureggia, Ticino, Switzerland"
21026,"Arogno, Lugano, Ticino, Switzerland"
21027,"Galerie Eugenia con Ribasso, Arogno, Lugano, Ticino, Switzerland"
21045,"Campione d'Italia, Como, Italy"
21051,"Sasso Margone, Meride, Ticino, Switzerland"
16712,"Bourimont, Ayer, Valais, Switzerland"
16710,"Mine Biolec, Ayer, Valais, Switzerland"
16717,"Mine La Lé, Zinal (Ayer), Valais, Switzerland"
16733,"Marangun, Val Sesvenna, Scuol, Grisons, Switzerland"
16729,"Val dal Poch, S-Charl (Scuol), Grisons, Switzerland"
47289,"Piz Alv, Radons (Rioms-Parsonz), Grisons, Switzerland"
16725,"Figino, Barbengo, Ticino, Switzerland"
16815,"Gnadensonne, Trachsellauenen, Lauterbrunnen, Bern, Switzerland"
16805,"Kalttal, Mürtschenalp, Obstalden, Glarus, Switzerland"
21119,"Hintere Malsen, Welschenrohr, Solothurn, Switzerland"
21120,"Sissach, Baselland, Switzerland"
21121,"Grenchenbergtunnel, Moutier, Bern, Switzerland"
21123,"Dachslengraben, Herznach, Aargau, Switzerland"
21124,"Riedmatt, Wölfliswil, Aargau, Switzerland"
21125,"Adit Bärhalde, Herznach, Aargau, Switzerland"
21128,"Weissensteintunnel, Solothurn, Switzerland"
21130,"Vorder Erzberg, Beinwil, Solothurn, Switzerland"
21132,"Envelier, Vermes, Delemont, Jura, Switzerland"
21133,"Zuetribistock (Zutreibistock), Linthal, Glarus, Switzerland"
21134,"Stierenbach, Stäffelialp, Attinghausen, Uri, Switzerland"
21182,"Alpiglen, Grindelwald, Bern, Switzerland"
21189,"Mettlenalp, Wengenalp, Wengen, Bern, Switzerland"
21190,"Katzentiefe, Wengenalp, Wengen, Bern, Switzerland"
21194,"Lauterbrunnen, Bern, Switzerland"
21196,"Fisialp, Kandersteg, Bern, Switzerland"
21203,"Schwarenbach (Gemmi), Leukerbad, Valais, Switzerland"
21245,"Lowerzersee (Lauerzersee), Lauerz, Schwyz, Switzerland"
21252,"Schwanau, Lowerzersee (Lauerzersee), Lauerz, Schwyz, Switzerland"
21141,"Engelhörner, Schattenhalb, Bern, Switzerland"
21154,"Schönenbühlalp, Kl. Wellhorn, Meiringen, Bern, Switzerland"
21168,"Unter-Wellhorn, Meiringen, Bern, Switzerland"
21175,"Seitenwängen, Grosse Scheidegg, Grindelwald, Bern, Switzerland"
21177,"Rosenlauigletscher, Schattenhalb, Bern, Switzerland"
21345,"Planplatte, Meiringen, Bern, Switzerland"
21355,"Balmeregghorn, Kerns, Obwalden, Switzerland"
21359,"Chamoson, Conthey, Valais, Switzerland"
21373,"Hohenstollen, Hasliberg, Bern, Switzerland"
21374,"Oberblegisee, Luchsingen, Glarus, Switzerland"
21379,"Urbachtal, Innertkirchen, Bern, Switzerland"
21380,"Pazallo, San Salvatore, Ticino, Switzerland"
21441,"Tschimas da Tisch (Cima da Tisch), Bergün/Bravuogn, Grisons, Switzerland"
21445,"Piz Fregslas, Cima da Tisch, Bergün/Bravuogn, Grisons, Switzerland"
21447,"Val Plazbi, Bergün/Bravuogn, Grisons, Switzerland"
21453,"Val Tschitta, Val Plazbi, Bergün/Bravuogn, Grisons, Switzerland"
21454,"Murtèl da Lai, Val Plazbi, Bergün/Bravuogn, Grisons, Switzerland"
21457,"Alp Schmorras, Radons (Rioms-Parsonz), Grisons, Switzerland"
21458,"Alp Mos, Ausserferrera, Grisons, Switzerland"
21473,"Alp Saletscha, Radons (Rioms-Parsonz), Grisons, Switzerland"
21575,"Tamboalp, Medels im Rheinwald, Grisons, Switzerland"
21583,"Val Madris, Avers, Grisons, Switzerland"
21584,"Forcella di Russa/Rossi, Val Madris, Avers, Grisons, Switzerland"
21638,"Mutalla Sura, Innerferrera, Grisons, Switzerland"
21548,"Fianell, Ausserferrera, Grisons, Switzerland"
21661,"Alp Samada, Innerferrera, Grisons, Switzerland"
21693,"Val Sterla, Innerferrera, Grisons, Switzerland"
21701,"Im Stafel, Ried-Brig, Valais, Switzerland"
21702,"Feldbach, Binn, Valais, Switzerland"
21709,"Verbier, Valais, Switzerland"
21800,"Mont Chemin, Martigny, Valais, Switzerland"
21802,"Chez Larze (Chez Large), Mont Chemin, Vollèges, Valais, Switzerland"
21821,"Tête des Econduits, Mont Chemin, Martigny, Valais, Switzerland"
21824,"Vens (Vence), Mont Chemin, Sembrancher, Valais, Switzerland"
21895,"Alp d'Err, Tinizong-Rona/Tinzen, Grisons, Switzerland"
21921,"Parsettens, Val d'Err, Tinizong-Rona/Tinzen, Grisons, Switzerland"
21933,"Piz Bleis Martscha, Val d'Err, Tinizong-Rona/Tinzen, Grisons, Switzerland"
21935,"Cotschna, Val d'Err, Tinizong-Rona/Tinzen, Grisons, Switzerland"
21937,"Proschen, Val d'Err, Tinizong-Rona/Tinzen, Grisons, Switzerland"
21991,"Val d'Err, Tinzen, Tinizong-Rona/Tinzen, Grisons, Switzerland"
21992,"Lischana, Scuol, Grisons, Switzerland"
21999,"Gheiba, Peccia, Ticino, Switzerland"
22028,"Ville d'Issert, Orsières, Valais, Switzerland"
22031,"Grépillon de l'Ors, Orsières, Valais, Switzerland"
22034,"Tête Dacier (Tête Moutze), Orsières, Valais, Switzerland"
22071,"Bristenstock, Silenen, Uri, Switzerland"
22072,"Torrent de St. Barthélemy, Evionnaz, Valais, Switzerland"
22080,"Les Cuisons, Val de Trient, Salvan, Valais, Switzerland"
22081,"Les Cuisons, Val de Trient, Salvan, Valais, Schwei"
22091,"Steg, Gampel, Valais, Switzerland"
22199,"La Motta, Poschiavo, Grisons, Switzerland"
22210,"Lovaldo, Val Vigornesso, Sonogno, Ticino, Switzerland"
22213,"Cima di Cognone, Sonogno, Ticino, Switzerland"
22214,"Mont Fou, Isérables, Valais, Switzerland"
22225,"Val Magliasina, Mugena, Ticino, Switzerland"
22226,"Firinescio, Mugena, Ticino, Switzerland"
22240,"Valletta, Breno, Ticino, Switzerland"
22259,"Miglieglia, Ticino, Switzerland"
22264,"Nadro, Breno, Ticino, Switzerland"
22281,"Breno, Ticino, Switzerland"
22289,"Torri, Breno, Ticino, Switzerland"
22304,"Vezio, Ticino, Switzerland"
22305,"Val Pirocca, Breno, Ticino, Switzerland"
22310,"Arosio, Ticino, Switzerland"
22313,"Cademario, Ticino, Switzerland"
22447,"Novaggio, Ticino, Switzerland"
22336,"Maglio, Miglieglia, Ticino, Switzerland"
22343,"Ponte d'Aranno, Ticino, Switzerland"
22365,"Galerie Gattin, Miglieglia, Ticino, Switzerland"
22471,"Bedigliora, Ticino, Switzerland"
16807,"Unter Staffel, Mürtschenalp, Obstalden, Glarus, Switzerland"
16808,"Gufelstock, Mürtschenalp, Obstalden, Glarus, Switzerland"
16810,"Hauptgrube, Mürtschenalp, Obstalden, Glarus, Switzerland"
16811,"Hochmättli, Mürtschenalp, Obstalden, Glarus, Switzerland"
16814,"Erzbett, Mürtschenalp, Obstalden, Glarus, Switzerland"
16797,"Platta Cotschna, Val Puntaiglas (Punteglias), Trun, Grisons, Switzerland"
16901,"Alp Ursera, Ausserferrera, Grisons, Switzerland"
16748,"Goppenstein, Steg, Valais, Switzerland"
22479,"Bombinasco (Curio), Ticino, Switzerland"
22491,"Mine Gnadensonne, Felsberg, Grisons, Switzerland"
16743,"Rotenberg, Goppenstein, Steg, Valais, Switzerland"
16742,"Stockgraben, Goppenstein, Steg, Valais, Switzerland"
16774,"Mine Cocorier, Evionnaz, Valais, Switzerland"
16772,"Alesse-Champex, Dorénaz, Valais, Switzerland"
16778,"La Giète, Alesses, Dorénaz, Valais, Switzerland"
16709,"Suen, Saint-Martin, Valais, Switzerland"
16708,"Gosan, Chandolin, Valais, Switzerland"
16714,"Les Moulins de St-Luc, Saint-Luc, Valais, Switzerland"
16816,"Breitlauenenalp, Trachsellauenen, Lauterbrunnen, Bern, Switzerland"
16730,"Mine du Vatzeret, Verbier, Valais, Switzerland"
16731,"Mine Monguon, Alpe de Siviez, Nendaz, Valais, Switzerland"
16739,"Mine La Barma, Praz-Jean, Saint-Martin, Valais, Switzerland"
16721,"Mine Maison Vieille, Evolène, Valais, Switzerland"
16734,"Mine Colliou, Saint-Luc, Valais, Switzerland"
47287,"Plain de Seigne, Montfaucon, Jura, Switzerland"
23166,"Im Balmen, Rotbach, Baltschiedertal, Baltschieder, Valais, Switzerland"
21053,"Zurzach, Aargau, Switzerland"
21058,"Rietheim, Aargau, Switzerland"
21067,"Klingnau, Aargau, Switzerland"
21072,"Schweizerhalle (Muttenz), Baselland, Switzerland"
21076,"Riburg (Möhlin), Aargau, Switzerland"
21092,"Leuggern, Aargau, Switzerland"
21094,"Schäffigen, Laufenburg, Aargau, Switzerland"
21095,"Rheinfelden, Aargau, Switzerland"
21097,"Fahrnau, Schopfheim, Lörrach, Baden-Württemberg, Germany"
21098,"Eberfingen, Stühlingen, Waldshut, Baden-Württemberg, Germany"
21102,"Violenbach, Augst, Baselland, Switzerland"
21103,"Kaisten, Aargau, Switzerland"
21106,"Beznau (Döttingen), Aargau, Switzerland"
21115,"Le Coulat, Bex, Vaud, Switzerland"
22530,"Silberspitz, Quarten, St. Gallen, Switzerland"
22534,"Bärenboden, Obstalden, Glarus, Switzerland"
22552,"Murgsee, Mürtschenalp, Obstalden, Glarus, Switzerland"
22559,"Rote Erde, Mürtschenalp, Obstalden, Glarus, Switzerland"
22560,"Grossberg, Flums, St. Gallen, Switzerland"
22562,"Val Schmuer, Rueun, Grisons, Switzerland"
22565,"Weisskamm, Mürtschenalp, Obstalden, Glarus, Switzerland"
22566,"Sponbach, Mürtschenalp, Obstalden, Glarus, Switzerland"
22567,"Lavin, Grisons, Switzerland"
22570,"Sur, Grisons, Switzerland"
22572,"Alp Spalatinas, Sur, Grisons, Switzerland"
22579,"Alp da Flex, Sur, Grisons, Switzerland"
22586,"Ochsenalp (Colm da Bovs), Tinizong-Rona/Tinzen, Grisons, Switzerland"
22601,"Mine Piotta, Valle di Lei, Chiavenna, Italy"
22633,"Valle di Lei, Chiavenna, Italy"
22640,"Zinal (Ayer), Valais, Switzerland"
22680,"Silberbergwerk Rofna, Avers, Grisons, Switzerland"
22690,"Vättis (Pfäfers), St. Gallen, Switzerland"
22694,"Nax, Valais, Switzerland"
22729,"Mine Tsirouc, Ayer, Valais, Switzerland"
22740,"Lapine Rousse, Ayer, Valais, Switzerland"
22758,"Goldlöcher, Ginanztal (Ginaltal), Unterbäch, Valais, Switzerland"
22763,"Bietschhorn, Wiler (Lötschen), Valais, Switzerland"
22766,"Im Ellend, Baltschiedertal, Baltschieder, Valais, Switzerland"
22821,"Mine Crête d'Omberenza, Val d'Anniviers, Valais, Switzerland"
22828,"Mine Gollyre, Ayer, Valais, Switzerland"
22862,"Tarasp-Vulpera, Grisons, Switzerland"
22863,"Mine Chants, Vulpera (Tarasp), Grisons, Switzerland"
22871,"Schlosshügel Tarasp, Grisons, Switzerland"
22878,"San Jon, Scuol, Grisons, Switzerland"
22881,"Val Nandro, Riom-Parsonz, Grisons, Switzerland"
22882,"Martegnas, Riom-Parsonz, Grisons, Switzerland"
22888,"Crap Farreras, Riom-Parsonz, Grisons, Switzerland"
22897,"S-Charl (Scuol), Grisons, Switzerland"
22912,"Bleiberg, Schmitten, Grisons, Switzerland"
22929,"Mine Primaluna, Val Sassina, Lombardia, Italy"
22970,"Alp Arma Rosa, Andeer, Grisons, Switzerland"
22983,"Alpe Serpiano, Brusino Arsizio, Ticino, Switzerland"
22984,"Camino (Berninapass), Poschiavo, Grisons, Switzerland"
22987,"Rueun (Ruis), Grisons, Switzerland"
22990,"Alp Nadels, Trun, Grisons, Switzerland"
22996,"Massaschlucht, Naters, Valais, Switzerland"
23006,"Trachsellauenen, Lauterbrunnen, Bern, Switzerland"
23035,"Martinsgraben, Goppenstein, Steg, Valais, Switzerland"
23037,"Lonzaufer, Goppenstein, Steg, Valais, Switzerland"
23040,"Mine Salantin, Evionnaz, Valais, Switzerland"
23051,"Les Gorges, Dorénaz, Valais, Switzerland"
23055,"Alesses, Dorénaz, Valais, Switzerland"
23058,"Botsi, Martigny, Valais, Switzerland"
23066,"Mine La Crettaz, Mont Chemin, Vollèges, Valais, Switzerland"
23124,"Torrent d'Allioux, Val de Nendaz, Valais, Switzerland"
23128,"Mine L'Espérance, Alpe de Siviez, Nendaz, Valais, Switzerland"
23129,"Mine La Nappe, Alpe de Siviez, Nendaz, Valais, Switzerland"
23184,"Nikolaital, Visp, Valais, Switzerland"
23186,"Alp Ramoz, Alvaneu, Grisons, Switzerland"
23188,"Schmelze Ausserferrera, Grisons, Switzerland"
23190,"Anzeindaz, Bex, Vaud, Switzerland"
23191,"Älpli, Arosa, Grisons, Switzerland"
23192,"Erztschuggen, Arosa, Grisons, Switzerland"
23167,"Zeppelet, Bagnes, Entremont, Valais, Switzerland"
23171,"Meidpass, Gruben (Oberems), Valais, Switzerland"
23172,"Clèbes (Cleibe), Nendaz, Valais, Switzerland"
23173,"Alpe de Cleuson, Nendaz, Valais, Switzerland"
23174,"Val de Nendaz, Valais, Switzerland"
8653,"Mine Riggenbach, Münstertal, Freiburg, Baden-Württemberg, Germany"
8774,"Fahl, Todtnau, Lörrach, Baden-Württemberg, Germany"
47714,"Midelt, Khénifra, Meknès-Tafilalet, Morocco"
47715,"Mibladen, Midelt, Khénifra, Meknès-Tafilalet, Morocco"
47717,"Alpe Rosso, Orcesco, Val Vigezzo, Verbano-Cusio-Ossola, Italy"
47718,"Gambatesa Mine, Val Graveglia, Genua, Ligurien, Italy"
47719,"Lötschberg-Basistunnel, Ried, Ferden, Valais, Switzerland"
47724,"Gyoujyagaeri Mt. Tenkawa, Nara, Japan"
47725,"Kiesgrube Neureut, Karlsruhe, Baden-Württemberg, Germany"
47726,"Mine Amélie I, Wittelsheim, Haut-Rhin, Elsass, France"
47727,"Ilfeld, Nordhausen, Harz, Thuringia, Germany"
47730,"Les Oudots, Issy-l'Evêque, Sâone-et-Loire, Bourgogne, France"
47731,"Mine de Limouzal, Saint-Priest-la-Prugne, Loire, Rhône-Alpes, France"
47744,"Buchhalde am Ausserberg, Riehen, Basel-Stadt, Switzerland"
47746,"Wittnau, Aargau, Switzerland"
47747,"Raum Biel-Bienne, Bern, Switzerland"
47753,"Brugg, Aargau, Switzerland"
47754,"Caquerelle, Asuel, Jura, Switzerland"
47755,"St-Ursanne, Jura, Switzerland"
47757,"Rötelsfluh am Forstberg, Röschenz, Basel-Landschaft, Switzerland"
47761,"Schachental, Dittingen, Basel-Landschaft, Switzerland"
47763,"Rüttenen, Solothurn, Switzerland"
47764,"St. Niklaus, Rüttenen, Solothurn, Switzerland"
47765,"Chevenez, Jura, Switzerland"
47768,"Tête Plumée, Neuchâtel, Switzerland"
47769,"Rusel near Tüscherz-Alfermée, Bern, Switzerland"
47770,"Bonvillars, Neuchâtel, Switzerland"
47771,"Tivoli near Bonvillars, Neuchâtel, Switzerland"
47772,"Neuberg, Tenniken, Basel-Landschaft, Switzerland"
47776,"Fluh, Brüttelen, Bern, Switzerland"
47777,"Greppen, Lucerne, Switzerland"
47780,"Knolligen, Horw, Lucerne, Switzerland"
47781,"Dickewald, Horw, Lucerne, Switzerland"
47783,"Lothenbach, Zug, Switzerland"
47784,"Meierhof, St. Margrethen, St. Gallen, Switzerland"
47785,"Erlibergweide, Oberägeri, Zug, Switzerland"
47786,"Wattwil, St. Gallen, Switzerland"
47787,"Meierskappel, Lucerne, Switzerland"
47788,"Hinterwies, Root, Lucerne, Switzerland"
47789,"See near Bäch, Freienbach, Schwyz, Switzerland"
47790,"Mägenwilerberg, Mägenwil, Aargau, Switzerland"
47791,"Blatten, Thal, St. Gallen, Switzerland"
47792,"Lenzburg, Aargau, Switzerland"
47803,"Berninapass, Pontresina, Grisons, Switzerland"
47804,"Brusio, Grisons, Switzerland"
47806,"Berninahäuser, Pontresina, Grisons, Switzerland"
47807,"Bergün, Grisons, Switzerland"
47808,"Cresciano-Osogna, Ticino, Switzerland"
47815,"Personico, Ticino, Switzerland"
47818,"Campascio (Brusio), Grisons, Switzerland"
47822,"Gurtnellen, Uri, Switzerland"
47823,"Visp, Valais, Switzerland"
47824,"Lugano, Ticino, Switzerland"
47826,"""St. Gotthard"", Hospental, Uri, Switzerland"
47829,"Tavetsch, Monvoisin, Val de Bagne, Switzerland"
47831,"Kämmleten, Hospental, Uri, Switzerland"
47832,"Berner Oberland, Bern, Switzerland"
47834,"St-Triphon, Ollon, Vaud, Switzerland"
47835,"Aigle, Vaud, Switzerland"
47837,"Villeneuve, Vaud, Switzerland"
47841,"Castione-Arbedo, Ticino, Switzerland"
47847,"Alp Rhäzüns, Splügen, Grisons, Switzerland"
47850,"Roche, Aigle, Vaud, Switzerland"
47854,"Arzo, Ticino, Switzerland"
47857,"Unterer Grindelwaldgletscher, Grindelwald, Bern, Switzerland"
47861,"Acheregg, Hergiswil, Nidwalden, Switzerland"
47862,"Saillon, Valais, Switzerland"
47866,"Schoried, Alpnach, Obwalden, Switzerland"
47867,"Unter Gadmen near Büren, Oberdorf, Nidwalden, Switzerland"
47732,"Quarry Juchem, Niederwörresbach, Idar-Oberstein, Hunsrück, Rhineland-Palatinate, Germany"
47737,Zentralpazifik
47740,"Muzo Mine, Muzo, Boyaca, Colombia"
47741,"Adolfschacht Mine Merkur, Bad Ems, Rhineland-Palatinate, Germany"
47868,"Mine Huaquio, Potosi, Bolivia"
47869,"Navajun, La Rioja, Spain"
47870,"Elba, Livorno, Toscana, Italy"
47871,"Kos, Khomas, Namibia"
47872,"Wushan-Mine, Tongbei, Yunxiao (Yunling), Province Fujian, China"
47874,"Olavarria, Siera Chica, Buenos Aires, Argentina"
47875,"Raum Vodecee, Namur, Wallonien, Belgium"
47876,"Raum Dinant, Namur, Wallonien, Belgium"
47879,"Raum Ecaussinnes-Soignies und Raum Liège (Lüttich)-Dianant, Belgium"
47880,"Liège (Lüttich), Wallonien, Belgium"
47882,Denmark
47883,"Rübeland, Harz, Saxony-Anhalt, Germany"
47885,"Meissen, Saxony-Anhalt, Germany"
47886,"Waldstein, Fichtelgebirge, Bavaria, Germany"
47887,"Fürstenstein, Königshain, Görlitz, Saxony-Anhalt, Germany"
47888,"Baden-Württemberg, Germany"
47907,"Kirchheim-Teck, Esslingen, Baden-Württemberg, Germany"
47908,"Menzingen/Kraichtal, Karlsruhe, Baden-Württemberg, Germany"
47909,"Bad Bellingen, Lörrach, Baden-Württemberg, Germany"
47910,"Bettingen (Wertheim), Main-Tauber-Kreis, Stuttgart, Baden-Württemberg, Germany"
47913,"Saint-Michel-de-Bannières, Lot, Midi-Pyrénées, France"
47915,"Masevaux, Haut-Rhin, Alsace, France"
47916,"Campan, Hautes-Pyrénées, Midi-Pyrénées, France"
47917,"Sarrancolin, Hautes-Pyrénées, Midi-Pyrénées, France"
47918,"Colline de Rüstel, Rixheim, Haut-Rhin, Alsace, France"
47919,"Bramevaque, Hautes-Pyrénées, Midi-Pyrénées, France"
47920,"Villars-Fontaine, Côte d'Or, Bourgogne, France"
47921,"Ilhet, Hautes-Pyrénées, Midi-Pyrénées, France"
47922,"Hauteville-Lompnes, Ain, Rhône-Alpes, France"
47923,"Lunel, Hérault, Languedoc-Roussillon, France"
47926,"Liseron, Premeaux-Prissey, Côte d'Or, Bourgogne, France"
47889,"Erzgebirge, Saxony-Anhalt, Germany"
47893,"Elbingerode, Harzberg, Harz, Lower Saxony, Germany"
47894,"Bad Cannstatt, Stuttgart, Baden-Württemberg, Germany"
47895,"Kleinziegenfeld, Schesslitz, Hallstadt, Bavaria, Germany"
47897,"Eisleben, Harz, Saxony-Anhalt, Germany"
47898,"Blankenburg, Harz, Saxony-Anhalt, Germany"
47899,"Hohenstein, Nordhausen, Thuringia, Germany"
47900,"Denstedt, Thuringia, Germany"
47901,"Braunschweig, Lower Saxony, Germany"
47902,"Denzlingen, Emmendingen, Freiburg, Baden-Württemberg, Germany"
47903,"Oberlenningen, Esslingen, Baden-Württemberg, Germany"
47904,"Mühlacker, Enzkreis, Karlsruhe, Baden-Württemberg, Germany"
47905,"Ludwigsburg, Stuttgart, Baden-Württemberg, Germany"
47906,"Ochsenburg-Zaberfeld, Heilbronn, Stuttgart, Baden-Württemberg, Germany"
47927,"Nîmes, Gard, Languedoc-Roussillon, France"
47928,"Giromagny, Belfort, Franche-Comté, France"
47929,"Salasc, Hérault oder Salazac, Gard, Languedoc-Roussillon, France"
47930,"Belloc, Villefranche-de-Conflent, Pyrénées orientales, Languedoc-Roussillon, France"
47931,Greece
47932,"Parnonas (Gebirge), Arkadien, Greece"
47933,"Pantelikon, Attika, Greece"
47934,"Stira, Euböa, Greece"
47935,"Domurena, Thivai, Theben, Böotien, Greece"
47936,"Domvrena, Voiotia, Greece"
47937,"Island Rhodos, Dodekanes, Greece"
47938,"Island Lesbos (Lesvos), Chios, Greece"
47939,"Astakos, Ätoline-Akaruanien, Greece"
47940,"Kalithie, Island Rhodos, Dodekanes, Greece"
47941,"Ataviros (Berg), Island Rhodos, Dodekanes, Greece"
47942,"Lardos, Island Rhodos, Dodekanes, Greece"
47943,"Island Tinos, Kykladen, Greichenland"
47944,"Kap Ayia Marina, Marathon, Attika, Greece"
47945,"Gythion, Peleponnes, Greece oder Hasambali, Thessalien, Greichenland"
47947,"Ephesus/Ephesos, Westanatolien, Turkey"
47948,"Island Samos, Greece"
47950,"Hasambali, Thessalien, Greichenland oder Gythion, Peleponnes, Greece"
47951,"Thessalien, Greece"
47954,"Portovenere, Island Palmaria, La Spezia, Ligurien, Italy"
47955,"Val d'Aosta, Aosta, Piemont, Italy"
47956,"Raum Carrara, Massa Carrara, Toscana, Italy"
47957,"Val Camonica, Brescia, Lombardei, Italy"
48101,"Finale Ligure, Ligurien, Italy"
48102,"Forni Avoltri, Udine, Friuli Venezia Giulia, Italy"
48103,"Island Rab, Istrien, Croatia"
48104,"Istrien, Croatia"
48105,"Schranne, Stuttgart-Vaihingen, Baden-Württemberg, Germany"
48107,"Primosten, Sibenik-Knin, Croatia"
48108,"Bratterfors, Kinekulle, Sweden"
48109,"Garda, Verona, Veneto, Italy"
48110,"Arcqua Petraca, Colli Euganei Padua, Marche, Italy"
48112,Chile/Argentina
48113,"Sögüt, Yaprak, Yesili, Turkey"
48114,"Belutschistan, Pakistan"
48118,"Montaiole, Firenze, Toscana, Italy"
48119,"Brunnero, Aosta, Piemonte, Italy"
48120,"Volterra, Pisa, Toscana, Italy"
48121,"Trieste, Friuli Venezia Giulia, Italy"
48122,"Bagno San Filippo, Monte Amiata, Grosseto, Toscana, Italy"
48123,"Damqan, Iran"
48124,"Monte Gargano, Foggia, Pugli, Italy"
48125,"Bruna, Castiglione della Pescaia, Grosseto, Toscan, Italy"
48126,"Bagni di Tivoli, Guidonia, Roma, Lazio, Italy"
48128,"Montalcino, Siena, Toscana, Italy"
48129,"Huelva, Andalusia, Spain"
48130,"Rom, Lazio, Italy"
48131,"Massa Marittima, Grosseto, Toscana, Italy"
48132,"Gönningen, Reutlingen, Tübingen, Baden-Württemberg, Germany"
48133,"Tengen, Konstanz, Baden-Württemberg, Germany"
48134,"Quarry Lauster, Bad Cannstatt, Stuttgart, Baden-Württemberg, Germany"
48135,"Rapolano Terme, Siena, Toscana, Italy"
48136,"Wiechs, Tengen, Konstanz, Baden-Württemberg, Germany"
48137,"Marcevo, Mikhaylovo, Montana, Bulgaria"
48138,"Sjenica, Serbia"
48139,"Ludrova, Karpaten, Tschechische Rublik"
48140,"Buthak Dalbandin, Belutschistan, Pakistan"
48143,"Verrayes, Aosta, Piemonte, Italy"
48144,"Island Thassos, Kavala, Thrakien, Greece"
48145,"Mooka, Westaustralien, Australia"
48146,"Trani, Bari, Puglia, Italy"
48149,"Fori, Ischia, Napoli, Italy"
48150,"Kalahari, Namibia"
48151,"Pietrasanta, Carrara, Massa Carrara, Toscana, Italy"
48152,"Fontainemore, Biella, Piemonte, Italy"
48154,"Umgebung von Rethymnon, Island Kreta, Greece"
48156,"Monte Albino, Siena, Toscana, Italy"
48157,"Glavica, Kosovo-Metohijska Oblast, /Serbia"
48158,"Buixcarro, Valencia, Spain"
48160,"Arqua Petrarca, Padova, Veneto, Italy"
48161,"Tecali, Mexico"
48162,"Marina di Massa, Toscana, Italy"
48169,"Pietrasante, Toscana, Italy"
48170,"Seravezza, Lucca, Toscana, Italy"
48171,"Fatima, Portugal"
48172,"Drama, Rhodopen, Greece"
47958,"Golf von Baja near Neapel, Italy"
47959,"Carrara, Toscana, Italy"
47962,"Sovicille, Siena, Toscana, Italy"
47963,"Anzola d'Ossola, Verbano-Cusio-Ossola, Piemont, Italy"
47965,"Ornavasso, Verbano-Cusio-Ossola, Piemont, Italy"
47966,"Quarry Capella, Servezza, Lucca, Toscana, Italy"
47967,"Val Balma oder San Paolo Cervo, Val Cervo, Biella, Piemont, Italy"
47968,"Caprino Veronese, Sant'Ambrogio di Valpolicella, Verona, Veneto, Italy"
47975,"Valmalenco, Sondrio, Lombardei, Italy"
47977,"Sant'Ambrogio di Valpolicella, Verona, Veneto, Italy"
47978,"Colle di Val d'Elsa, Sovicille, Siena, Toscana, Italy"
47979,"Levanto, La Spezia, Ligurien, Italy"
47980,"Marmorgrube Wadjak, Kedivi, Ostjava, Indonesia"
47982,"Mito, Ibaraki, Japan"
47983,"Mina-no-…, Chichibu-gori, Musashi, Japan"
47985,"Machija-mura, Kuji-gori, Hitachi, Japan"
47986,"Suwa-mura, Taga-gori, Hitachi, Japan"
47987,"Shira-gori, Suruga, Japan"
47988,"Oued Akreuch, Rabat, Morocco"
47989,"Tvedalen, Vestfold, Norway"
47990,"Fauske, Nordland, Norway"
47993,"Santarém, Lisboa e Vale de Tejo, Portugal"
47994,"Estremoz, Evora, Alentejo, Portugal"
47996,Slovakia
47998,"Önnestad, Kristianstads Län, Sweden"
48002,"Uthammar, Smaland, Sweden"
48005,"Norrköping, Östergötlands Län, Sweden"
48006,"Slnknov (Nixdorf), Bohemia, Tschechische Republik"
48007,"Slawniowice (Grosskunzendorf), Silesia, Tschechische Republik"
48008,"nähe Prag, Tschechische Republik"
48009,"Kara Göl, Teos, Turkey"
48010,"Zarzis, Tunisia"
48011,"Keene, Charlottesville, Virginia, USA"
48013,"Bergamo, Lombardei, Italy"
48014,"Lucca, Toscana, Italy"
48015,"Chiampo near Vicenza, Veneto, Italy"
48016,"Paitone, Brescia, Lombardei, Italy"
48017,"near Bologna, Toscana, Italy"
48018,"Predazzo, Trentino-Alto Adige, Italy"
48019,"Grosse Enz, Kälbertal, Pforzheim, Baden-Württemberg, Germany"
48020,"Miltenberg, Unterfranken, Bavaria, Germany"
48021,"Worzeldorf, Nürnberg, Bavaria, Germany"
48022,"Sand near Bamberg, Bavaria, Germany"
48023,"Drnis, Dalmatien, Croatia"
48024,"Zeil am Main, Hassberge, Bavaria, Germany"
48025,"Kälbertal, Pforzheim, Baden-Württemberg, Germany"
48026,"Agenbach (Neuweiler), Calw, Baden-Württemberg, Germany"
48027,"near Vicenza, Veneto, Italy"
48028,"Mistelgau, Beyreuth, Bavaria, Germany"
48029,"Barberaquelle, Aalen, Ostalbkreis, Baden-Württemberg, Germany"
48030,"Agenbacher Mühle, Neuweiler, Calw, Baden-Württemberg, Germany"
48031,"Vielsalm, Liège (Lüttich), Wallonien, Belgium"
48032,"Lotharheil, Frankenwald, Bavaria, Germany"
48033,"Langenberg near Oker, Vechta, Lower Saxony, Germany"
48034,"Karlovy Vary (Karlsbad), Zapadoarsky Kraj, Bohemia, Tschechische Republik"
48035,"Oberharzen, Harz, Thürigen, Germany"
48037,"Kleinziegenfeld, Schesslitz, Bavaria, Germany"
48038,"Itabira do Matto Dentro, Minas Gerais, Brazil"
48039,"Nekarufer near Münster, Stuttgart, Baden-Württemberg, Germany"
48042,"Fumane, Verona, Veneto, Italy"
48043,"Umgebung von Volterra, Pisa, Toscana, Italy"
48047,"Lerbach, Harz, Thuringia, Germany"
48048,"Köstenberg, Wallenfels, Kronach, Bavaria, Germany"
48049,"Horwagen, Frankenwald, Bavaria, Germany"
48050,"Kirchheim, Würzburg, Bavaria, Germany"
48051,"Lengfurt, Main-Spessart, Bavaria, Germany"
48053,"Sant'Ambrogio Valpolicella, Verona, Veneto, Italy"
48054,"Portovenere, La Spezia, Ligurien, Italy"
48056,"Treuchtlingen, Weissenburg-Gunzenhausen, Bavaria, Germany"
48057,"Botticino-Sera, Brescia, Lombardei, Italy"
48058,"Pero Pinheiro, Estremadura, Portugal"
48059,"Trapani, Sizilien, Italy"
48060,"Umgebung von Verona, Veneto, Italy"
48061,"Trani, Bari, Apulien, Italy"
48062,"Umgebung von Alicante, Valencia, Spain"
48063,"Umgebung von Bilbao, Pais Vasco, Spain"
48064,"Orosei, Nuoro, Sardinien, Italy"
48065,"Altmühltal, Mittelfranken, Bavaria, Detuschland"
48066,"Asiago, Vicenza, Veneto, Italy"
48067,"St.-Nazaire-de-Ladarez, Herault, Languedoc-Roussillon, France"
48069,"Naila near Horwagen, Frankenwald, Bavaria, Germany"
48071,"Marquina near Bilbao, Pais Vasco, Spain"
48074,"Caldano, Gavorrano, Grosseto, Toscana, Italy"
48075,"Umgebung von Kirchheim, Würzburg, Bavaria, Germany"
48076,"Aurisina, Trieste, Friuli Venezia Giulia, Italy"
48077,"Kleinrinderfeld, Würzburg, Bavaria, Germany"
48078,"Casciana Terme, Pisa, Toscana, Italy"
48079,"Philippeville, Namur, Wallonien, Belgium"
48081,"Acquapendente, Viterbo, Lazio, Italy"
48083,"Filaki, Volos, Greece"
48085,"Chiampo, Vicenza, Veneto, Italy"
48086,"Adnet, Salzburg, Austria"
48087,"Umgebung von Firenze, Toscana, Italy"
48089,"Ardesio, Bergamo, Lombardei, Italy"
48090,"Namur, Tournai oder Mazi, Wallonien, Belgium"
48091,"Custonaci, Trapani, Sizilien, Italy"
48092,"Rochefontaine near Philippeville, Namur, Wallonien, Belgium"
48094,"Contessa, Trapani, Sizilien, Italy"
48098,"Moneasa, Arad, Romania"
48099,"Mondragone, Caserta, Campania, Italy"
48177,"Umgebung von Siena, Toscana, Italy"
48180,"St. Remis, Phillipeville, Namur, Belgium"
48182,"Torri di Quartesol, Vicenza, Veneto, Italy"
48183,"Grotte di Castellano, Bari, Puglia, Italy"
48186,"Rappenhof, Glems, Stuttgart, Baden-Württemberg, Germany"
48187,"Botnang, Stuttgart, Baden-Württemberg, Germany"
48189,"Gorica, Slovenia"
48190,"Iano, Firenze, Toscana, Italy"
48191,"Castellano, Bari, Puglia, Italy"
48193,"Oberottenbach, Südliche Weinstrasse, Rhineland-Palatinate, Germany"
48199,"Varenna, Lecco, Lombardia, Italy"
48200,"Flivik, Västervik, Smaland, Sweden"
48201,"Olavaria, Argentina"
48202,"Jemeljanov, Karelien, Russia"
48203,"Arnsdorf, Kamenz, Saxony, Germany"
48204,"Tranas, Smaland, Sweden"
48205,"Porrino, Pontevedra, Galicia, Spain"
48206,"Epprechtstein, Wunsiedel, Bavaria, Germany"
48207,"Liberec (Reichenberg), Tschechische Republik"
48208,"Liebenstein,Tirschenreuth, Oberpfalz, Bavaria, Germany"
48209,"Kleinwendern, Oberpfalz, Bavaria, Germany"
48210,"Ylämaa, Südkarelien, Südfinnland, Finland"
48211,"Lysekil, Bohuslän, Sweden"
48212,"Meissen, Dresden, Saxony, Germany"
48213,"Abboud, Saudi Arabia"
48214,"Monti Limbara, Sassari, Sardinien, Italy"
48215,"Pontevedra, Galicia, Spain"
48216,"Tempio Pausania, Sassari, Sardinien, Italy"
48217,"Strzegom (Striegau), Swidnica, Poland"
48219,"Barança, Brazil"
48220,"Umgebung von Badajoz, Extremadura, Spain"
48221,"Imbramala, Oskarshamn, Kalmar Län, Sweden"
48222,"Monforte, Alentejo, Portugal"
48223,"Baveno, Verbano-Cusio-Ossola, Piemonte, Italy"
48224,"Kila Kerka, Alberga, Södermanlands Län, Sweden"
48226,"Raum Hassan, Westghats, Karnataka, India"
48227,"Luras, Sassari, Sardinien, Italy"
48228,"Kapustianske, Kirovograd, Ukraine"
48229,"Montofano, Baveno, Verbano-Cusio-Ossola, Piemonte, Italy"
48230,"Tschimichino, Leningrad, Russia"
48232,"Wolfsbrunnen, Achern, Ortenaukreis, Baden-Württemberg, Germany"
48233,"Felsberg, Bergstrasse, Hesse, Germany"
48234,"Schrems, Niederösterreich, Austria"
48235,"Brocken, Harz, Saxony-Anhalt, Germany"
48236,"Larvik, Vestfold, Norway"
48237,"Val Cervo, Biella, Piemonte, Italy"
48238,"Leppeeranta, Miehikkälä, Finland"
48239,"Karlshamn, Blekinge, Sweden"
48240,"Quarry Lämmersdorf, Oberpfalz, Bavaria, Germany"
48242,"Ubatuba, Sao Paolo, Brazil"
48243,"Askaremala, Smaland, Sweden"
48244,"Fahrenbach, Neckar-Odenwald-Kreis, Baden-Württemberg, Germany"
48245,"Cachoeira do Sul, Rio Grande do Sul, Brazil"
48246,"Älvdalen, Dalarna, Sweden"
48247,"Oskarshamn, Smaland, Sweden"
48248,"Mergozzo, Baveno, Verbano-Cusio-Ossola, Piemonte, Italy"
48249,"Königskopf, Braunlage, Goslar, Lower Saxony"
48250,"Monte Mottarone, Mergozzo, Baveno, Verbano-Cusio-Ossola, Piemonte, Italy"
48251,"Raumünzach, Forbach, Rastatt, Baden-Württemberg, Germany"
48254,"Island Tjome, Larvik, Vestford, Norway"
48255,"Larvik, Vestford, Norway"
48256,"Senones, Vosges, Lorraine, France"
48258,"Marktredwitz, Wunsiedel, Bavaria, Germany"
48259,"Pando, Uruguay"
48261,"Boston, Massachusetts, USA"
48262,"Flossenbürg, Weiden, Oberpfalz, Bavaria, Germany"
48263,"Rustenburg, Northwest, South Africa"
48265,"Santo do Bandeira, Angola"
48266,"Anzola d'Ossola, Verbano-Cusio-Ossola, Piemonte, Italy"
48267,"Aosta, Piemonte, Italy"
48268,"Aver, Aosta, Piemonte, Italy"
48269,"Val d'Aosta, Aosta, Piemonte, Italy"
48270,"Trängslet-Stausee, Älvdalen, Dalarna, Sweden"
48271,"Chatillon, Aosta, Piemonte, Italy"
48273,"Umgebung von La Spezia, Ligurien, Italy"
48274,"Acceglio, Cuneo, Piemonte, Italy"
48275,"Larissa, Thessalia, Greece"
48276,"Sestre Levante, La Spezia, Ligurien, Italy"
48277,"Itaju do Colonia, Bahia, Brazil"
48278,"Kapustjanske,  Kirovograd, Ukraine"
48279,"San Piero in Campo, Elba, Toscana, Italy"
48281,"Oberviechtach, Prackenbach, Oberpfalz, Bavaria, Germany"
48283,"Monte Limbara, Sardinien, Italy"
48286,"Bellary, Karnataka, India"
48287,"Serra de Monchique, Algarve, Portugal"
48288,"Kösseine, Oberpfalz, Bavaria, Germany"
48290,"Varberg, Halland, Sweden"
48291,"Val Masino, Sondrio, Lombardia, Italy"
48292,"Rapakivi, Finland"
48295,"Badajoz, Extremadura, Spain"
48299,"Quarry Yettapur, Madras, India"
48302,"Porrino, Pontevedra, Spain"
48304,Ethiopia/Sudan
48305,"Evora, Alentejo, Portugal"
48308,"Maripora, Brazil"
48310,"Tokivske, Dnipropetrovsk, Ukraine"
48311,"Bohuslän, Norway"
48312,"Val Balma, Biella, Piemonte, Italy"
48314,"Gressoney, Aosta, Piemonte, Italy"
48315,"Ora (Auer), Bolzano, Trentino-Alto Adige, Italy"
48319,"Predazzo, Bolzano, Trentino-Alto Adige, Italy"
48320,"Artik, Armenia"
48321,"Teolo, Colli Euganei, Padova, Veneto, Italy"
48322,"Weidenhahn, Westerwald, Rhineland-Palatinate, Germany"
48323,"Abano Terme, Colli Euganei, Padova, Veneto, Italy"
48324,"Sparta, Lakonien, Greece"
48325,"Sutareboda, Smaland, Sweden"
48326,"Nixdorf near Bautzen, Dresden, Saxony, Germany"
48327,"Bottenhorn, Dillenburg, Hesse, Germany"
48328,"Fichtelberg, Beyreuth, Bavaria, Germany"
48329,"Santiago de Compostela, Galicien, Spain"
48331,"Römperöd, Skane, Sweden"
48332,"Michelnau, Nidda, Wetterau, Hesse, Germany"
48333,"Bell, Andernach, Mayen-Koblenz, Rhineland-Palatinate, Germany"
48334,"Ettringen, Mayen-Koblenz, Rhineland-Palatinate, Germany"
48335,"Ischia, Napoli, Italy"
48336,"Etsch (Adige), Bolzano, Trentino-Alto Adige, Italy"
48338,"Chiesa in Valmalenco, Sondrio, Lombardia, Italy"
48339,"Torre di Santa Maria, Sondrio, Lombardia, Italy"
48340,"Macaubas e Boquira, Bahia, Nordeste, Brazil"
48341,"Alta, Finnmark, Finland"
48342,"Valmalenco, Sondrio, Lombardia, Italy"
48344,"Favang, Oppland, Norway"
48345,"Varallo, Verbano-Cusio-Ossola, Piemonte, Italy"
48347,"Val Antigorio, Verbano-Cusio-Ossola, Piemonte, Italy"
48348,"Simplon/Sempione, Verbano-Cusio-Ossola, Piemonte, Italy"
48349,"Stjörna, Norway"
48350,"Crodo, Val Antigorio, Verbano-Cusio-Ossola, Piemonte, Italy"
48351,"Valmasino, Sondrio, Lombardia, Italy"
48352,"Formazza, Verbano-Cusio-Ossola, Piemonte, Italy"
48353,"Juparana, Rio de Janeiro, Brazil"
48354,"Val d'Ossola, Verbano-Cusio-Ossola, Piemonte, Italy"
48356,"San Luis, Sierra de Cordoba, Argentina"
48358,"Domodossola, Verbano-Cusio-Ossola, Piemonte, Italy"
48359,"Otta, Oppland, Norway"
48361,"Oripää, Finnisches Seengebiet, Finland"
48362,"Alberga, Södermanland, Sweden"
48363,"Kabelli, Bangalore, Karnataka, India"
48364,"Crestadossola, Domodossola, Verbano-Cusio-Ossola, Piemonte, Italy"
48365,"Stazzema, Lucca, Toscana, Italy"
48367,"Carrara, Massa Carrara, Toscana, Italy"
48369,"Borba, Alentejo, Spain"
48370,"Colle Val d'Elsa, Siena, Toscana, Italy"
48376,"Monte Gonari, Nuoro, Sardinien, Italy"
48378,"Umgebung von Estremoz, Alentejo, Spanine"
48379,"Valdieri, Cuneo, Piemonte, Italy"
48380,"Las (Laas), Bolzano, Trentino-Alto Adige, Italy"
48382,"Candoglia, Verbano-Cusio-Ossola, Piemonte, Italy"
48384,"Umgebung von Halmstad, Sweden"
48386,"Goa, India"
48388,"Pfunders, Bolzano, Trentino-Alto Adige, Italy"
48390,"Drenovci, Croatia"
48391,"La Toma, Argentina"
48392,"Collemandina, Lucca, Toscana, Italy"
48393,"Trigaches, Estremoz, Alentejo, Spain"
48394,"Theuma, Aue, Thuringia, Germany"
48399,"Umgebung von Arandelovac, Serbia"
48402,"Webern, Odenwald, Hesse, Germany"
48404,"Bangalore, India"
48406,"Kuppam, Andra Pradesh, India"
48409,"Bugey, Ain, Rhône-Alpes, France"
48411,"Berghausen, Karlsruhe-Durlach, Baden-Württemberg, Germany"
48413,"Wössingen, Walzbachtal, Karlsruhe, Baden-Württemberg, Germany"
48414,"Bauschlott, Neulingen, Enzkreis, Baden-Württemberg, Germany"
48415,"Karlsruhe-Durlach, Baden-Württemberg, Germany"
48417,"Emmendingen, Freiburg, Baden-Württemberg, Germany"
48418,"Söllingen (Pfinztal), Enzkreis, Baden-Württemberg, Germany"
48420,"Wollbach-Kandern, Lörrach, Baden-Württemberg, Germany"
48421,"Tannenkirch, Lörrach, Baden-Württemberg, Germany"
48423,"Welmlingen (Efringen-Krichen), Lörrach, Baden-Württemberg, Germany"
48427,"Efringen-Krichen, Lörrach, Baden-Württemberg, Germany"
48432,"Wintersweiler (Efringen-Krichen), Lörrach, Baden-Württemberg, Germany"
48433,"Mouzaki-Steinbruch, Pendeli Oros (Pentelikon), Attica, Greece"
48437,"Spilia-Steinbruch, Pendeli Oros (Pentelikon), Attica, Greece"
48440,"Kokkinara-Steinbruch, Pendeli Oros (Pentelikon), Attica, Greece"
48444,"Hymettus (Hemittos/Ymittos), Attica, Greece"
48447,"Agrileza-Steinbruch, Lavrion (Laurium), Attica, Greece"
48449,"Ober-Sounion, Lavrion (Laurium), Attica, Greece"
48451,"Island Paros, Kykladen, Greece"
48453,"Moravia, Tschech. Republik"
48458,"Scortaseo, Selva, Poschiavo, Grisons, Switzerland"
48459,"Mogok, Sagaing, Mandalay, Myanmar (Burma)"
48460,"Ava, Sri Lanka"
48464,"Volkstedt, Eisleben, Mansfelder Land, Saxony-Anhalt, Germany"
48465,"Kongsberg, Buskerud, Norway"
48466,"Flesberg, Buskerud, Norway"
48467,"Alamos, Sonora, Mexico"
48504,"Johanneszeche, Göpfersgrün, Wunsiedel im Fichtelgebirge, Bavaria, Germany"
48506,"Mine Georg, Willroth, Altenkrichen, Rhineland-Palatinate, Germany"
48507,"Musonoi Mine, Kolwesi, Katanga (Shaba), Demokratische Republik Congo (Zaire)"
48508,"Sparta, Randolph County, Illinois, USA"
48509,"Mine Bayerland, Pfaffenreuth, Waldsassen, Oberpfalz, Bavaria, Germany"
48510,"Mine Louise, Horhausen, Altenkirchen, Rhineland-Palatinate, Germany"
48511,"Searles Lake, San Bernardino County, Kalifornien, USA"
48512,"Gehude, Hannover, Lower Saxony, Germany"
48514,"Diamantina, Minas Gerais, Brazil"
48515,"Sacarimb (Nagyag), Hunedoara, Romania"
48468,"Mine Menso Ccapac Cusco, Cusco, Peru"
48469,"Ouray County, Colorado, USA"
48470,"Tipuani-Mine, Sorata, Larecajo Province, La Paz, Bolivia"
48471,"Verespatak (Veröspatak), Apuseni, Alba, Romania"
48472,"Jilove (Eule), Bohemia, Tschech. Republik"
48473,"Moschellandsberg, Obermoschel, Donnersbergkreis, Rhineland-Palatinate, Germany"
48474,"Uivfaq (Ovifak), Quequertarsuaq-Insel, Kitaa (Wsetgrönland), Greenland"
48475,"Harstingen Mine, Pajsberg, Filipstad, Värmland, Sweden"
48476,"Eisleben, Mansfelder Land, Saxony-Anhalt, Germany"
48478,"Vranice, Bohemia, Tschech. Republik"
48479,"Hurky u Cista, Velka Chmelistna (Grossmeleschen), Rakovnik, Bohemia, Tschech. Republik"
48480,"Bleikvassli Mine, Bleikvassli, Hemnes, Nordland, Norway"
48481,"Herja Mine (Kisbanya), Baia Mare (Nagybanya), Maramures, Romania"
48482,"Lueshe Mine, Kivu, Demokratische Republik Congo (Zaire)"
48486,"Fat Jack Mine, Lane Mountain, Crown King, Yavapai County, Arizona, USA"
48487,"Boron, Kramer District, Kern County, California, USA"
48489,"Grabenbach, Golling, Salzburg, Austria"
48491,"Skopje (Üsküp), North Macedonia"
48493,"Rattlesnake Butte, Jackson County, South Dakota, USA"
48495,"Cerro de Pasco, Pasco, Peru"
48496,"Froland, Aust-Agder, Norway"
48497,"Lake Jaco, Sierra de la Cruz, Coahuila, Mexico"
48499,"Williamstown, Südaustralien, Australia"
48500,"Schneckenstein, Klingenthal, Saxony-Anhalt, Germany"
48501,"Phonolith-Steinbruch, Rupsroth, Hessische Rhön, Fulda, Hesse, Germany"
48502,"Jos Plateau, Plateau, Nigeria"
48503,"Lujavre Urt, Lovozero-Massiv, Halbinsel Kola, Murmansk Oblat, Russia"
48517,"Alp Urezza, Poschiavo, Grisons, Switzerland"
48518,"Piz Tomül, Safien, Grisons, Switzerland"
48526,"Kohistan, Pakistan"
48537,"Mt. Gee, North Flinders Ranges, Flinders Ranges, South Australia, Australia"
48538,"Manandona-Tal, Mt Bity- (Ibity)-Gebiet, Antananariov-Provinz, Madagascar"
48540,"Shangbao-Mine, Leiyang, Hengyang, Province Hunan, China"
48541,"El Souf, Province El Oued, Algeria"
48542,"Mont Claret, Saint-Georges-Haut-Ville, Loire, Rhône-Alpes, France"
48545,"Firma Lonza (Bodio, Ticino, Switzerland oder Waldshut, Baden-Württemberg, Germany)"
48546,"Ferrochromfabrik Bodio, Ticino, Switzerland"
48552,"Firma Ciba, Switzerland"
48553,"Roggenburg, Baselland, Switzerland"
48555,"Bettinger Bächlein, Riehen, Basel-Stadt, Switzerland"
48556,"Neudorfstrasse in Basel, Switzerland"
48557,"Môtiers, Neuchâtel, Switzerland"
48562,"Galizien, Spain"
48566,"Brighton, East Sussex, England"
48567,"Basel, Switzerland"
48570,"Kandern-Wollbach, Lörrach, Baden-Württemberg, Germany"
48572,"Gilson, France"
48580,"Locarno, Ticino, Switzerland"
48582,"Monthey, Valais, Switzerland"
48584,"Zeche Rosenblume Delle, Mülheim an der Ruhr, North Rhine-Westphalia, Germany"
48585,"Zeche Friedlicher Nachbar, Bochum, North Rhine-Westphalia, Germany"
48586,"Zeche Mana E., Essen, North Rhine-Westphalia, Germany"
48587,"Winterthur, Zürich, Switzerland"
48591,"Piz Grisch, Ausserferrera, Grisons, Switzerland"
48603,"Totesee (Grimselpass), Oberwald, Valais, Switzerland"
48606,"GEC, USA"
48607,"Albbruck, Waldshut, Baden-Württemberg, Germany"
48625,"Rammelsberg, Lower Saxony, Germany"
48630,"Melchtal, Obwalden, Switzerland"
48632,"Choindez, Jura, Switzerland"
48643,"Holzappel, Nassau, Rheinalnd-Pfalz, Germany"
48659,"Penang, China"
48662,Germany/Poland
48663,"Hagenthal-le-Haut, Haut-Rhin, France"
48667,"Papandazon, Java"
48668,"Salsomaggiore Terme, Parma, Italy"
48670,"Heilbronn, Baden-Württemberg, Germany"
48673,"Kohlenmine Many, Féjer, Hungary"
48674,"Zofingen, Aargau, Switzerland"
48681,"Val d'Andose, Italy"
48684,Amakuta Insula
48685,"Lohe near Siegen, North Rhine-Westphalia, Germany"
48689,"Servez, Switzerland"
48692,"Orbis, Rhineland-Palatinate, Germany"
48706,"Bergamo, Lombardia, Italy"
48707,"Gundelfingen, Baden-Württemberg, Germany"
48708,"Teneriffa, Spain"
48709,"Bornholm, Rønne, Denmark"
48710,"Tischenreuth, Oberpfalz, Bavaria, Germany"
48711,"Buffalo, Nex York, USA"
48712,"Berlin, Germany"
48713,"Möhlin, Aargau, Switzerland"
48714,"Saline Schweizerhalle, Augst, Baselland, Switzerland"
48719,"Würzburg, Bavaria, Germany"
48730,"Saline de Gontunons, France"
48735,"Spania Dolina (Herrengrund), Slovakia"
48742,"Baden, Baden-Württemberg, Germany"
48744,"Mine San Bartolomé Colquechaca, Chayanta, Potisí, Bolivia"
48747,"Biel-Benken, Baselland, Switzerland"
48748,"Schloss Reichenstein, Arlesheim, Baselland, Switzerland"
48749,"Les Lavoirs, S.E. Séprais, France"
48750,"Gänsbrunnen, Solothurn, Switzerland"
48751,"Séprais, France"
48753,"Himmelried, Solothurn, Switzerland"
48754,"Populonia near Piombino, Livorno, Toscana, Italy"
48755,"Guldental near Bogental, Bad Kreuznach, Rhineland-Palatinate, Germany"
48758,"Arzat near Nicho, Turkey"
48761,"Geisslautern near Dillenburg, Hesse, Germany"
48763,"Rondez, Jura, Switzerland"
48769,"Bad Bertrich, Rhineland-Palatinate, Germany"
48772,"Courrendlin, Jura, Switzerland"
48775,"Bülach, Zürich, Switzerland"
48779,"Moskau, Russia"
48784,"Karlsruhe, Baden-Württemberg, Germany"
48785,"Venedig, Venezia, Italy"
48786,"Aachen, North Rhine-Westphalia, Germany"
48795,"Ajaccio, Korsika, France"
48797,"Mittagsstock, Göscheneralp, Uri, Switzerland"
48799,"Sumatra, Indonesia"
48801,"Stollberg near Aachen, North Rhine-Westphalia, Germany"
48804,"Lyon, France"
48805,"Langenthal, Bern, Switzerland"
48807,"Laufen, Baselland, Switzerland"
48809,"Tschelabas, Russia"
48813,"Niederurnen, Glarus, Switzerland"
48821,"Nouvelle-Calédonie (Neukaledonien/SW-Pazifik), France"
48828,"Rom, Italy"
48829,"Bocca di Cadlimo, Ticino, Switzerland"
48834,"Rhodos, Greece"
48838,"Olgiasca, Ticino, Switzerland"
48841,"Elsass, France"
48842,"Munt Buffalora, Tschierv, Grisons, Switzerland"
48844,"Birskopf, Basel, Switzerland"
48845,"Val di Chironico, Ticino, Switzerland"
48846,"Rinderstock, Silenen, Uri, Switzerland"
48848,"Sion, Valais, Switzerland"
48849,"Vrin, Grisons, Switzerland"
48875,"Schwarzbergalp, Saas Almagell, Valais, Switzerland"
48876,"Gotthardstrassentunnel, Airolo, Ticino, Switzerland"
48877,"Mulegns, Grisons, Switzerland"
48887,"Val d'Err, Tinizong-Rona, Grisons, Switzerland"
48913,"Quarry near Egerkingen, Solothurn, Switzerland"
48918,"Birsfelden, Basel-Landschaft, Switzerland"
48895,"Schisshyttan, Västra Silvberg, Ludvika, Dalarna, Sweden"
48922,"Clausthal, Harz, Lower Saxony, Germany"
48923,"Mine Concordia, Marktredwitz, Bavaria, Germany"
48924,"Tscherberg, Dravograd (Unterdrauburg), Slovenia"
48926,"Kaiserstuhl (Oberrotweil, Sponeck), Freiburg, Baden-Württemberg, Germany"
48927,"Rocca Castellaccio, Torre di Santa Maria, Sondrio, Lombardia, Italy"
48929,"Mine Simson, Wittichen, Freudenstadt, Baden-Württemberg, Germany"
48932,"Haut-Rhin/Bas-Rhin,France"
48936,"Leuk, Valais, Switzerland"
48938,"Kandivali-Steinbruch, Mumbai District (Bombay District), Maharashtra, India"
48939,"Panasqueira, Covilha, Castelo Branco, Portugal"
48940,"Hall im Tirol, Tirol, Austria"
48957,"Drun(-Tobel), Tujetsch, Grisons, Switzerland"
48965,"Muota Naira (Stgeina Muota), Tujetsch, Grisons, Switzerland"
48977,"Mine Horn, Kandergrund, Bern, Switzerland"
48978,"Hüfihütte, Silenen, Uri, Switzerland"
48979,"Flühli, Sachseln, Obwalden, Switzerland"
48983,"Courtemaîche, Jura, Switzerland"
48984,"Rickenbacher Mühle und Delémont, Jura, Switzerland"
48998,"Bohrloch XIII, Saline Schweizerhalle, Augst, Basel-Landschaft, Switzerland"
49005,"Quarry, Liesberg, Basel-Landschaft, Switzerland"
49006,"Quarry Wagner (unterer/kleiner Quarry), Münchenstein, Basel-Landschaft, Switzerland"
49014,"Mine Schwarzenmatt, Boltigen, Bern, Switzerland"
49018,"Kiesgrube Metzger, Rheinfelden, Aargau, Switzerland oder Germany"
49020,"Combe des Boules, Boécourt, Jura, Switzerland"
49022,"Ruine Saugern, Switzerland"
49023,"Hof Lammlismatt, Chaltbrunnental, Brislach, Basel-Landschaft, Switzerland"
49024,"Kohlerhöhle, Chaltbrunnental, Brislach, Basel-Landschaft, Switzerland"
49026,"Schönrain, Hochwald, Solothurn, Switzerland"
49030,"Predigerkriche Basel, Basel, Basel-Stadt, Switzerland"
49031,"katholische Pfarrkirche Wieslikon, Wieslikon, Aargau, Switzerland"
49035,"Huppergrube Rickenbacher Mühle near Olten, Solothurn, Switzerland"
49038,"Le Gypse, La Caquerelle, Asuel, Jura, Switzerland"
49040,"Huppergrube Rickenbacher Mühle, Basel-Landschaft, Switzerland"
49043,"Hof Humbel, Waldenburg, Basel-Landschaft, Switzerland"
49045,"Le Goilly, Mont Chemin, Vollèges, Valais, Switzerland"
49046,"Mine de Grand-Praz, Ayer, Valais, Switzerland"
49048,"Moräne Findelgletcher (Findengletscher), Zermatt, Valais, Switzerland"
49049,"Mine de Tignousa supérieur, Saint-Luc, Valais, Switzerland"
49050,"Mine de Siviez, Nendaz, Valais, Switzerland"
49056,"Gros Tiu, Collonges, Valais, Switzerland"
49060,"Druckstollen Massaschlucht, Naters, Valais, Switzerland"
49062,"Val dell Cantine, Curio, Ticino, Switzerland"
49065,"Le Coulat, Bex, Valais, Switzerland"
49067,"Mine d'Isérables, Isérables, Valais, Switzerland"
49068,"Nežilovo, Mezedonien"
49069,"Ohngaing, Kyank-Pyat-Thet, Mogok, Myanmar (Burma)"
49071,"Pargas (Parainen), Turku-Pori, Finland"
49072,"Persberg, Filipstad, Värmland, Sweden"
49074,"Saline Schweizerhalle, Muttenz, Basel-Landschaft, Switzerland"
49075,"oberstes Val di Capolo, Palagnedra, Ticino, Switzerland"
49088,"Quarry Sur Montni, Courtemaîche, Jura, Switzerland"
49144,"Moctezuma Mine (Mina la Bambolla), Moctezuma, Sonora, Mexico"
49146,"Rodriguez Triple Junction, Central Indian Ridge, Indischer Ozean"
49150,"Mine de Kaltenberg, Oberems, Valais, Switzerland"
49152,"Cave Serpentino, Chiesa in Valmalenco, Sondrio, Italy"
49093,"Oberdorf, Nidwalden, Switzerland"
49094,"Quarry Jean Bûche, Court, Bern, Switzerland"
49095,"Quarry Grendelfluh, Trimbach, Solothurn, Switzerland"
49096,"Quarry Klus, Balsthal, Solothurn, Switzerland"
49098,"Quarry ""La male Côte"", Asuel, Jura, Switzerland"
49099,"Quarry Champoz, Bern, Switzerland"
49100,"Quarry Vorauegg, Wenslingen, Basel-Landschaft, Switzerland"
49101,"Quarry Leimgruber, Rothacker, Walterswil, Solothurn, Switzerland"
49102,"Quarry Chrisental, Däniken, Solothurn, Switzerland"
49104,"Quarry Im Bödeli, Seewen, Solothurn, Switzerland"
49105,"Quarry Scherzberg, Lupfig, Aargau, Switzerland"
49106,"Quarry Löchli, Däniken, Solothurn, Switzerland"
49107,"Quarry Rothacker, Walterswil, Solothurn, Switzerland"
49108,"Quarry Guber near Schoried, Alpnach, Obwalden, Switzerland"
49109,"Quarry Flühli, Sachseln, Obwalden, Switzerland"
49110,"Quarry St-Ursanne, Jura, Switzerland"
49114,"Quarry Fuchsloch, Dornach, Solothurn, Switzerland"
49115,"Quarry Wilerwald, Sarnen, Obwalden, Switzerland"
49116,"Quarry zwischen La Goule und Noirmont, Le Noirmont, Jura, Switzerland"
49117,"Quarry Redelsflue am Forstberg, Röschenz, Basel-Landschaft, Switzerland"
49118,"Quarry Haulenrain-Eschenholz, Balsthal, Solothurn, Switzerland"
49120,"Quarry Le Saucy, Tramelan, Bern, Switzerland"
49121,"Quarry Aux Seignattes, Les Breuleux, Jura, Switzerland"
49122,"Quarry Perchet, Damvant, Jura, Switzerland"
49124,"Quarry Neuberg, Tenniken, Basel-Landschaft, Switzerland"
49125,"Quarry La Caquerelle, Asuel, Jura, Switzerland"
49126,"Quarry Les Reussilles, Tramelan, Bern, Switzerland"
49128,"Quarry ""Ronde Planche"", Les Breuleux, Jura, Switzerland"
49129,"Quarry Sur le Bémont, Saignelégier, Jura, Switzerland"
49131,"Quarry Cluse de Vorbourg, Delémont, Jura, Switzerland"
49132,"Quarry Reconvilier, Bern, Switzerland"
49133,"Quarry Delémont, Jura, Switzerland"
49134,"Quarry Lopperberg, Stansstad, Nidwalden, Switzerland"
49135,"Quarry ""Buch"", Kilchberg, Basel-Landschaft, Switzerland"
49137,"Quarry Pré-Petitjean, Montfaucon, Jura, Switzerland"
49138,"Quarry Dammbach, Hemmiken, Basel-Landschaft, Switzerland"
49140,"Quarry Langweidli near Burg, Schwyz, Schwyz, Switzerland"
49141,"Quarry Dölli, Alpnachstad, Obwalden, Switzerland"
49153,"Lolionda, Arusha Region, Tanzania"
49158,"obere Rimpfischwäng, Zermatt, Walis, Switzerland"
49166,"Tälfsch, Küblis, Grisons, Switzerland"
49167,"Rivöra (Corcapolo), Intragna, Ticino, Switzerland"
49169,"Capo Bianco, Portoferraio, Elba, Italy"
49170,"Plan du Fou, Isérables, Valais, Switzerland"
49171,"Olgiasca, Lecco, Lombardei, Italy"
49172,"Redeyef, Tunisia"
49173,"Al Budayyi', Bahrain"
49174,"Sar-e-Sang District, Badakhshan, Afghanistan"
49176,"Maingebiet, Unterfanken, Bavaria oder Baden-Württemberg, Germany"
49177,"Ajka, Veszprém, Hungary"
49178,"Monte da Guja, Jlha do Faial, Azoren, Portugal"
49180,"Gischigletscher, Binn, Valais, Switzerland"
49181,"Mine de fluorite, Tête des Econduits, Mont Chemin, Vollèges, Valais, Switzerland"
49194,"Nani, Loliondo, Arusha-Region, Tanzania"
49195,"Héming, Moselle, Lorraine, France"
49184,"Tongrube Fasiswald, Hägendorf, Solothurn, Switzerland"
49185,"N'Chwaning II Mine, Kalahari Manganese Fields, Northern Cape Province, South Africa"
49190,"Alp d'Arena, Peccia, Ticino, Switzerland"
49191,"Val Sambuco, Fusio, Ticino, Switzerland"
49201,"Maruso, Claro, Ticino, Switzerland"
49202,"Mt. Ouichane, Ségangan, Nador, Morocco"
31000,"Elmwood Mine, Carthage, Smith County, Tennessee, USA"
31001,"Wasserstollen, Andermatt, Uri, Switzerland"
31006,"Glove Mine, Amado, Santa Cruz County, Arizona, USA"
31011,"Stbr. Forstberg, Röschenz, Basel-Landschaft, Switzerland"
31018,"Granatkogel, Moos in Passeier, Trentino-Alto Adige, Italy"
31019,"Campi, Sils im Domleschg, Grisons, Switzerland"
31025,"Mine Baia, Conselheiro Mata, Minas Gerais, Brazil"
31032,"Claus, Tujetsch, Grisons, Switzerland"
31040,"Schrää, Calfeisental, Pfäfers, St. Gallen, Switzerland"
31043,"Scopi, Medel (Lucmagn), Ticino, Switzerland"
31044,"Nordtessin, Switzerland"
31046,"Alp Persol, Pfäfers, St. Gallen, Switzerland"
31051,"Tschingelstöck, Disentis/Mustér, Grisons, Switzerland"
31066,"Vallée du Trient, Valais, Switzerland"
31067,"Pizzo Meda, Val Bedretto, Ticino, Switzerland"
31072,"Schwarzstöckli (hinteres Maderanertal), Silenen, Uri, Switzerland"
31074,"Val Milà, Tujetsch, Grisons, Switzerland"
31080,"vorderes Galmihorn, Valais, Switzerland"
31085,"Gamserälpli, Pfäfers, St. Gallen, Switzerland"
31092,"Cristallina, Fusio, Ticino, Switzerland"
31099,"Quarry der Zementfabrik, Cornaux, Neuchâtel, Switzerland"
31105,"Huaraz, Peru"
31106,"Quarry Götz-Kottmann, Schelklingen, Alb-Donau-Kreis, Baden-Württemberg, Germany"
31116,"Mangangrube St. Prix near Autun, Autun, Saône-et-Loire, France"
31119,"Edjeleh, Sahara"
31120,"Wiesloch, Rhein-Neckar-Kreis, Baden-Württemberg, Germany"
31123,"Chollergrabe (Kohlergraben), Binn, Valais, Switzerland"
31126,"Ehrenfriedersdorf, Chemnitz, Saxony, Germany"
31128,"Tamdafelt, Morocco"
31131,"Lamme, Ernen, Valais, Switzerland"
31136,"Ronco, Gerra (Gambarogno), Ticino, Switzerland"
31143,"Martigny, Valais, Switzerland"
31144,"Piani di Verdabbio, Verdabbio, Grisons, Switzerland"
31148,"Lukmaniergegend, Grisons, Switzerland"
31524,"Fassatal, Trento, Trentino-Alto Adige, Italy"
31526,"Erzgebirge, Germany"
31527,"Winterswijk, Gelderland, Netherlands"
31530,"Alpe di Cavanna, Bedretto, Ticino, Switzerland"
31535,"Piz Starlera, Medel (Lucomagn), Grisons, Switzerland"
31537,"Piz Garviel, Medel (Lucomagn), Grisons, Switzerland"
31539,"Renéville, Katanga (Shaba), Demokratische Republik Congo (Zaire)"
31540,"Monte Pü, Camperio, Ticino, Switzerland"
31548,"Quarry nähe Flüh, Leymen, Haut-Rhin, France"
31549,"Wausau Pluton (# 200), Rib Mountain, Marathon County, Wisconsin, USA"
31552,"Adit Cantina, Alp Nursera, Andeer, Grisons, Switzerland"
31558,"Meckley's Quarry, Mandata, Northumberland County, Pennsylvania, USA"
31560,"Piz Miez, Medel (Lucomagn), Grisons, Switzerland"
31563,"Sur Moron, Saint-Brais, Jura, Switzerland"
31566,"Beggingen, Schaffhausen, Switzerland"
31572,"N'Chwaning Mine, Kalahari Manganese Field, Northern Cape Province, South Africa"
31573,"Vattiz, Degen, Grisons, Switzerland"
31574,"Collina di Daro, Bellinzona, Ticino, Switzerland"
31581,"Gelbhorn, Casti-Wergenstein, Grisons, Switzerland"
31585,"Altenmittlau, Freigericht, Hesse, Germany"
31586,"Ely, Nevada, USA"
31592,"Forchheim, Oberfranken, Bavaria, Germany"
31593,"Weisser Graben, Mönthal, Aargau, Switzerland"
31594,"Unterstürmig near Forchheim, Oberfranken, Bavaria, Germany"
31595,"Böckten, Basel-Landschaft, Switzerland"
31598,"Mine Erzengel, Schierengrund, Einbachtal, Hausach, Offenburg, Baden-Württemberg, Germany"
31599,"79 Mine near Hayden, Dripping Springs Mountains, Pina County, Arizona, USA"
31601,"Mine Klrka, Turkey"
31611,"Munitions-Stollen, Raron, Valais, Switzerland"
31158,"Mine Füsseberg, Biersdorf, Altenkirchen, Rhineland-Palatinate, Germany"
31159,"Mine Wolf, Herdorf, Altenkirchen, Rhineland-Palatinate, Germany"
31161,"Florisetta, Sizilien, Italy"
31162,"Riggi, Lärcheltini (Lercheltini), Binn, Valais, Switzerland"
31170,"Vasön, St. Gallen, Switzerland (Kalkalpen!)"
31172,"Phonolithsteinbruch Oberschaffhausen, Kaiserstuhl, Freiburg, Baden-Württemberg, Germany"
31173,"Rammelsbach, Münstertal, Freiburg, Baden-Württemberg, Germany"
31618,"Danielstollen, Leogang, Salzburg, Austria"
31621,"Oberalp, Tujetsch, Grisons, Switzerland"
31623,"Kelly Mine,  Socorro County, New Mexico, USA"
31624,"Quarry Mühlen der Ulmer Weisskalkwerke, UBlaustein, Alb-Donau-Kreis, Baden-Württemberg, Germany"
31625,"Quarry am Eicher Sattel, Nickenich, Mayen-Koblenz, Rhineland-Palatinate, Germany"
31629,"Aiguille du Tour, Trient, Valais, Switzerland"
31630,"Magnet Mine, Waratah, Tasmania, Australia"
31632,"Oberaargletscher, Guttannen, Bern, Switzerland"
31635,"Peske Quarry, Raymond, Black Hawk County, Iowa, USA"
31179,"Galgenhügel near Ernen, Valais, Switzerland"
31180,"Rhonegletscher near Belvedère, Oberwald, Valais, Switzerland"
31195,"Vorder-Giuv, Tujetsch, Grisons, Switzerland"
31199,"Schlageten, St. Blasien, Waldshut, Baden-Württemberg, Germany"
31200,"Bovernier, Valais, Switzerland"
31201,"Rheinhafen Rheinfelden, Lörrach, Baden-Württemberg, Germany"
31202,"Stbr. Wasenhaus, Titterten, Basel-Landschaft, Switzerland"
31218,"Pasto Bueno, Pallasca, Ancash, Peru"
31220,"Nordland, Norway"
31227,"Casapalca, Huarochiri, Lima, Peru"
31228,"Huaron, Derro de Pasco, Pasco, Peru"
31229,"Adit Maggiola, Goldgrube Gondo, Zwischenbergen, Valais, Switzerland"
31231,"Vulcano, Lipari, Messina, Italy"
31240,"Meiental, Wassen, Uri, Switzerland"
31241,"Alpstein, Schwende, Appenzell-Innerrhoden, Switzerland"
31242,"Péage de Vizille, Isère, France"
31260,"Mezice (Miess), Slovenia"
31262,"Schofberg, Wildhaus, St. Gallen, Switzerland"
31264,"Cristallina, Medel (Lucmagn), Grisons, Switzerland"
31267,"Val d' Aosta, Italy"
31281,"Südseite Gornergrat, Zermatt, Valais, Switzerland"
31637,"Halden am Breinigerberg, Stolberg, Aachen, North Rhine-Westphalia, Germany"
31639,"Halden am Oskarstollen near La Calamine, Calamine"
31640,"Veracruz, Mexico"
31643,"Belchentunnel, Basel-Landschaft/Solothurn, Switzerland"
31651,"Hallau, Schaffhausen, Switzerland"
31289,"Cima Bianca, Bergell, Grisons, Switzerland"
31293,"Scaleglia, Disentis/Mustér, Grisons, Switzerland"
31294,"Muttgletscher (Gletscher near Gratschliecht), Oberwald, Valais, Switzerland"
31301,"Alpen, Switzerland"
31303,"Saint-Etienne, Loire, France"
31306,"Monte Sissone, Valmalenco, Sondrio, Italy"
31318,"Mine St. Prix, Autun, Saône-et-Loire, France"
31322,"Mine Eisenkaute, Weickartshain, Giessen, Hesse, Germany"
31327,"Mine Georg, Willroth, Altenkirchen, Rhineland-Palatinate, Germany"
31330,"Morvan-Massiv, Burgund, France"
31331,"Nohfelden, St. Wendel, Saarland, Germany"
31333,"Tecomah, Box Elder County, Utah, USA"
31338,"Brunnenberg, Rüthi,St. Gallen, Switzerland"
31347,"Valle di Blenio, Semione, Ticino, Switzerland"
32745,"Quarry Bettenberg/Gausmet, Seewen, Solothurn, Switzerland"
32750,"Piz Martegnas, Riom-Parsonz, Grisons, Switzerland"
32752,"Château Chinon, Nièvre, France"
32760,"Pfeffingen, Albstadt, Baden-Württemberg, Germany"
32773,"Stbr. Pargätzi, Solothurn, Jura, Switzerland"
32777,"unterer Quarry, Münchenstein, Basel-Landschaft, Switzerland"
32784,aus einem Zahn
32789,"Gelterkinden, Basel-Landschaft, Switzerland"
32806,"Endenburg b. Schlächtenhaus, Steinen, Lörrach, Baden-Württemberg, Germany"
32808,"Gabler Eck near Sulzburg, Müllheim, Freiburg, Baden-Württemberg, Germany"
32816,"1 km nördl. Gächlingen, Schaffhausen, Switzerland"
32818,"Lago di Luzzone, Aquila, Switzerland"
32829,"Ragazertobel, Bad Ragaz, St. Gallen, Switzerland"
32852,"Elba, Livorno, Italy"
32863,"Schindlergang near Mine Teufelsgrund, Muldenbach, Belchen, Untermünstertal, Freiburg, Baden-Württemberg, Germany"
32875,"Laurion (Lavrion), Attiki, Greece"
32879,"Jechtingen, Sasbach, Kaiserstuhl, Freiburg, Baden-Württemberg, Germany"
32889,"Horní Slavkov (Schlaggenwald), Karlovarský kraj, Czech Republic"
32914,"Princess Mine, Moina, Tasmania, Australia"
32915,"Rosebery, Tasmania, Australia"
32916,"Punta del Aguila, Playa Blanca, Lanzarote, Kanarische Inseln, Spain"
32917,"Ohio Pit, Imperial Heights, Baraga County, Michigan, USA"
32920,"Blaton, Hennegau (Hainaut), Belgium"
32921,"Kouroudiaha Fateme Mine, Senegal"
32922,"Arhbar, Bou Azzer, Ouarzazate, Morocco"
32925,"Sulfur Bank Mine, Clear Lake, Lake County, California, USA"
32927,"Bachman Mine, Hellertown, Northampton County, Pennsylvania, USA"
32934,"Altermannfels, Sehringen, Badenweiler, Freiburg, Baden-Württemberg, Germany"
32940,"Jeffrey Mine, Asbestos, Québec, Canada"
32944,"Brompton Lake, Québec, Canada"
32945,"Bear Lake, Litchfield, Québec, Canada"
32946,"Bernardsville, Somerset County, New Jersey, USA"
32948,"Pizzo Marcio, Val Vigezzo, Verbano-Cusio-Ossola, Italy"
32949,"Les Marécottes, Salvan, Valais, Switzerland"
32951,"Magnet Cove, Hot Springs County, Arkansas, USA"
32955,"Rum Jungle, Northern Territory, Australia"
32956,"Owl Creek, Copper Falls, Keweenaw County, Michigan, USA"
32958,"Rheinufer near Istein, Lörrach, Baden-Württemberg, Germany"
32971,"Wawa, Ontario, Canada"
32982,"Kalksteinbruch in Mont-sur-Marchienne, Charleroi, Hennegau (Hainaut), Belgium"
32984,"Bimsgrube am Wingertsberg, Niedermendig, Mendig, Rhineland-Palatinate, Germany"
32985,"Bimsgrube ""in den Dellen"", Niedermendig, Mendig, Rhineland-Palatinate, Germany"
32987,"Neubaugebiet Vogelberg, Einsingen, Ulm, Baden-Württemberg, Germany"
32989,"Tom's Quarry, Kapunda, South Australia, Australia"
32991,"Sir Dominic Mine, Flinders Ranges, South Australia, Australia"
32992,"Mineral Hill, Talingaboolba, New South Wales, Australia"
32993,"Klemm's Quarry, Moculta, South Australia, Australia"
32994,"Iron Monarch Mine, Iron Knob, South Australia, Australia"
32995,"Poona Mine, Moonta, South Australia, Australia"
33000,"Daydream Mine, Broken Hill, New South Wales, Australia"
33003,"Colebrook Hill, Tasmania, Australia"
33005,"Arkaroola, South Australia, Australia"
33006,"Touisit, Morocco"
33007,"Naslawice, Niederschlesien (Dolnoslaskie), Poland"
33010,"Mine Stahlberg, Müsen, Siegen-Wittgenstein, North Rhine-Westphalia, Germany"
33012,"Üdersdorf, Vulkaneifel, Rhineland-Palatinate, Germany"
33013,"Wasenalp, Ried-Brig, Valais, Switzerland"
33014,"White Pine Mine, White Pine, Ontonagon County, Michigan, USA"
33015,"Llano County, Texas, USA"
33016,"Clear Creek Road, San Benito County, California, USA"
33020,"Minerva No. 1 Mine, Cave-in-Rock, Hardin County, Illinois, USA"
33022,"Emmons Quarry, Greenwood, Oxford County, Maine, USA"
33024,"Big Lue Mountain, Green Lee County, Arizona, USA"
33026,"Baustelle an Route 110, Stratford, Fairfield County, Connecticut, USA"
33028,"Drahana, Madagascar"
33030,"Clear Creek, New Idria, San Benito County, California, USA"
33031,"Mashamba West Mine, Katanga (Shaba), Demokratische Republik Congo (Zaire)"
33032,"Hayes Ledges, Noyes M., Greenwood, Oxford County, Maine, USA"
33033,"Spruce Claim, King County, Washington, USA"
33035,"Copper Falls, Keweenaw County, Michigan, USA"
33036,"Allouez Mine, Allouez, Keweenaw County, Michigan, USA"
33037,"Avant, Shady, Polk County, Arkansas, USA"
33043,"Lodwar Area, Kenya"
33045,"Varsi, Parma, Italy"
33050,"Kunar, Afghanistan"
33051,"Mine Henderson II, Chibougamau, Quebec Canada"
33057,"Bourg d'Oison, Isère, Rhone-Alpes, France"
33100,"Galicia, Spain"
33103,"Kleinhüningen, Basel, Basel-Stadt, Switzerland"
33105,"Schwykehle b. Ried, Silenen, Uri, Switzerland"
33118,"aus altem Mine beim Bristensee, Silenen, Uri, Switzerland"
33121,Tschechoslowakei
33126,"Enkenstein, Schopfheim, Lörrach, Baden-Württemberg, Germany"
33143,"Moanda, Haut-Ogooué Province, Gabon"
33149,"Nordende Biancagletscher/Glatscher da Bianca, Medel (Lucomagn), Grisons, Switzerland"
33157,"Metcalf Mine, Clifton, Greenlee County, Arizona, USA"
33162,"Kleine Fontanne, Romoos, Lucerne, Switzerland"
33181,"Rowley Mine, Theba, Maricopa County, Arizona, USA"
33186,"Camp Bird Mine, Ouray, Ouray County, Colorado, USA"
33194,"Orpierre, Alpes-de-Haute-Provence, France"
33197,"Burkheim, Vogtsburg, Kaiserstuhl, Freiburg, Baden-Württemberg, Germany"
33202,"Baia Sprie, Maramureş, Romania"
33214,"Mtoko, Mashonaland, Zimbabwe"
33222,"im Gespält, Quarry Orismühle, Seltisberg, Basel-Landschaft, Switzerland"
33223,"Grand View Mine, Coconino County, Arizona, USA"
33224,"Ruchegg, Wintersingen, Basel-Landschaft, Switzerland"
33227,Shanguluwe
33228,"Kearsarge Mine, Kearsarge, Keweenaw County, Michigan, USA"
33229,"Höwenegg, Engen, Hegau, Konstanz, Baden-Württemberg, Germany"
33238,"Alpe di Carì, Campello, Ticino, Switzerland"
33244,"Beura, Verbano-Cusio-Ossola, Italy"
33274,"Acherwiese, Wunsiedel-Schönbrunn, Bavaria, Germany"
33277,"Schalbach, Sarganser Land, St. Gallen, Switzerland"
33278,"Alpen nördl. v. Domodossola, Italy"
33283,"Tälligrat, Ofenhorn, Binn, Valais, Switzerland"
33287,"Quarry Holden, Zunzgen, Basel-Landschaft, Switzerland"
33291,"Antwerpen, Antwerpen, Belgium"
33292,"Lenzerheide, Grisons, Switzerland"
33300,"Amersid, Morocco"
33310,"Gambarogno, Gerra, Ticino, Switzerland"
33313,"Chigangoni, Kenya"
33318,"St. Gotthard, Uri/Ticino, Switzerland"
33321,"Chetaibi, Algeria"
33324,"Kraftwerk Stein-Säckingen (Bad Säckingen), Waldshut, Baden-Württemberg, Germany"
33329,"Erfoud, Er Rachidia, Morocco"
33339,"Panasqueras, Spain"
33342,"Thürnerflue, Thürnen, Basel-Landschaft, Switzerland"
33346,"Ettringer Bellerberg, Mayen, Rhineland-Palatinate, Germany"
33347,"Strasse Seewen-Ziefen, Solothurn/Basel-Landschaft, Switzerland"
33348,"Munifeld ob Nuglar-St. Pantaleon, Solothurn, Switzerland"
33349,"Figuig, Morocco"
33353,"Francon Quarry, Montréal, Quebec, Canada"
33356,"Furkatunnel South, Valais, Switzerland"
33358,"Udias, Kantabrien, Spain"
33359,"Gorno, Ponte Nossa, Bergamo, Italy"
33360,"McKenzie Pass, Lane County, Oregon, USA"
33361,"Grants, Cibola County, New Mexico, USA"
33362,"Zircon Mine, Saranac Lake, Wilberforce, Ontario, Canada"
33363,"Likasi, Katanga (Shaba), Demokratische Republik Congo (Zaire)"
33368,"Adit Calmut, Tujetsch, Grisons, Switzerland"
33370,"Furkabasistunnel West, Valais, Switzerland"
33371,"Feldbach Fäldbach, Binn, Valais, Switzerland"
33373,"Peterson Mine, Gogebic County, Michigan, USA"
33374,"Joplin, Jasper County, Missouri, USA"
33376,"Asbestos, Québec, Canada"
33377,"Musonoi, Katanga (Shaba), Demokratische Republik Congo (Zaire)"
33380,"St. Ulrich, Freiburg, Baden-Württemberg, Germany"
33386,"Tafone Mine, Manciano, Grosseto, Italy"
33387,"Adventure mine, Greenland, Ontonagon County, Michigan, USA"
33388,"Tri State District, Jasper County/Newton County, Missouri, USA"
33390,"Demix Quarry, Mont Saint-Hilaire, Québec, Canada"
33391,"Ongania, SW-Afrika"
33393,"Badloch, Orberg-Schelingen, Kaiserstuhl, Freiburg, Baden-Württemberg, Germany"
33394,"Quarry Kührangen, Erbendorf, Tirschenreuth, Bavaria, Germany"
33395,"St. Priest, Massif Central, France"
33399,"Passo Vanit, Prato (Leventina), Ticino, Switzerland"
33401,"Zuni Mine, Silverton, San Juan County, Colorado, USA"
33402,"Pint's Quarry, Ramond, Black Hawk County, Iowa, USA"
33403,"Myler Mine, Majuba Hill, Pershing County, Nevada, USA"
33408,"Salm-Château, Luxembourg Province, Belgium"
33409,"Horquahala, Yuma County, Arizona, USA"
33411,"Kop Daglari, Erzurum, Ostanatolien, Turkey"
33414,"Fortellino, Livorno, Italy"
33416,"Defiance Mine, Yuma County, Arizona, USA"
33417,"Jacksonville, Tuolumne County, California, USA"
33425,"Mt. Laurel, New Jersey, USA"
33428,"Vesuv, Napoli, Italy"
33432,"Bou Skour, Ouarzazate, Morocco"
33436,"Ussel, Corrèze, France"
33437,"Asbestos, Estrie, Québec, Canada"
33440,"Quimper, Finistère, France"
33441,"Hurley, Iron County, Wisconsin, USA"
33443,"Mohawk Mine, Mohawk Hill, San Bernardino County, California, USA"
33451,"Sidelengletscher, Oberalp, Uri, Switzerland"
33454,"Mine Rappenloch, Eisenbach, Freiburg, Baden-Württemberg, Germany"
33455,"Biermann Quarry, Bethel, Fairfield County, Connecticut, USA"
33456,"Clinton, Greenlee County, Arizona, USA"
33457,"Dallas Gem Mine, San Benito County, California, USA"
33458,"Kambove, Katanga (Shaba), Demokratische Republik Congo (Zaire)"
33459,"Nasik, Maharashtra, India"
33462,"San Felipe, Baja Califonia Norte, Mexico"
33465,"Furka-Strassentunnel, Oberwald, Valais, Switzerland"
33467,"Seebachsee, Salzburg, Austria"
33468,"Heidarvatn, Breidalsheidi, Iceland"
33471,"Keystone, USA"
33473,"Taquaral, Minas Gerais, Barasilien"
33476,"Amelia Mine, Rancho Naranjo, Baja California Sur, Mexico"
33482,"Silverton, San Juan County, Colorado, USA"
33483,"Hamilton, Hancock County, Illinois USA"
33484,"Bisbee, Cochise County, Arizona, USA"
33485,"Spruce Pine, Mitchell County, North Carolina, USA"
33487,"Mina la Farola, Copiapo, Atacama, Chile"
33489,"Katzenbuckel, Waldbrunn, Neckar-Odenwald-Kreis, Baden-Württemberg, Germany"
33492,"Lumumbashi, Zaire"
33501,"Halls Gap, Lincoln County, Kentucky, USA"
33506,"Gruyères, Fribourg, Switzerland"
33509,"Ernen, Valais, Switzerland"
33513,"Basalt-Steinbruch Üdersdorf, Rhineland-Palatinate, Germany"
33515,"Scimfuss (Scinfüs), Airolo, Ticino, Switzerland"
33519,"Cervandone (Cherbadung), Valle Devero, Verbano-Cusio-Ossola, Italy"
33523,"Hualien, Taiwan"
33526,"Gotthard-Strassentunnel ca. 2200 m ab NP, Andermatt, Uri, Switzerland"
33530,"Jenisberg, Filisur, Grisons, Switzerland"
33535,"Castasegna, Grisons Switzerland"
33536,"Sandbalmhöhle, Göschenen, Uri, Switzerland"
33550,"Allschwil, Basel-Landschaft, Switzerland"
33555,"Marmorerasee/Lai da Marmorera, Marmorera, Grisons, Switzerland"
33562,"Chipman Brook, Nova Scotia, Canada"
33567,"Plaun Schlaus, Tujetsch, Grisons, Switzerland"
33569,"St. Barthélémy near St. Maurice, Valais, Switzerland"
33571,"Waratah, Tasmania, Australia"
33572,"Shinkolobwe, Katanga (Shaba), Demokratische Republik Congo (Zaire)"
33577,"Venice Salt Dome, Plaquemines Parish, Louisiana, USA"
33579,"Saarland, Germany"
33581,"Pyrolusite Pit, Alberta, Baraga County, Michigan, USA"
33582,"Nathrop Ruby Mountain, Nathrop, Chaffee County, Colorado, USA"
33583,Zambia
33584,"Bösingfeld, Extertal, Lippe, North Rhine-Westphalia, Germany"
33586,"Whitsmith near Strontian, North West Highlands (Argyllshire), Scotland"
33592,"Calumet, Dickinson County, Michigan, USA"
33593,"Gries, Ulrichen, Valais, Switzerland"
33594,"Feng Tien Mine, Taipei, Taiwan"
33597,"Mokopane (Potgietersrus), Limpopo Province, South Africa"
33598,"Zinnwald, Altenberg, Saxony, Germany"
33600,"Bendigo, Victoria, Australia"
33602,"Kimberley, Northern Cape Province, South Africa"
33605,"Saint-Marcel, Val d'Aosta, Italy"
33609,"Rib Mountain, Wausau, Marathon County, Wisconsin, USA"
33614,"Les Trappistes, Vollèges, Valais, Switzerland"
33615,"Rock Iceland Dam, Douglas and Chelan County, Washington, USA"
33617,"Tulloch Mine, Rockvale, New South Wales, Australia"
33620,"Unanderra, New South Wales, Australia"
33621,"Herchenberg, Brugbrohl, Ahrweiler, Rhineland-Palatinate, Germany"
33622,"Berufjordur, Sudur-Mulasysla, Iceland"
33627,"Newry, Oxford County, Maine, USA"
33629,"Gipssteinbruch Zeglingen, Basel-Landschaft, Switzerland"
33631,"Wallaroo, South Australia, Australia"
33632,"Pismire Knolls, Thomas Range, Juab County, Utah, USA"
33635,"Relltal, Vorarlberg, Austria"
33636,"Gunnedah, New South Wales, Australia"
33637,"Montreal Mine, Iron County, Wisconsin, USA"
33640,"Chessy, France"
33641,"Mackenheim, Abtsteinach, Damrstadt, Hesse, Germany"
33645,"Oahu Iceland, Honolulu County, Hawaii, USA"
33646,"Carn Brea, Cornwall, England"
33647,"Etrembières, Haute-Savoie, France"
33661,"Ogdensburg, Sussex County, New Jersey, USA"
33667,"Dundas, Tasmania, Australia"
33670,"Lake George, Park County, Colorado, USA"
33672,"Wiesen, Grisons, Switzerland"
33674,"Swambo, Katanga (Shaba), Demokratische Republik Congo (Zaire)"
33675,"Sta. Coloma, Spain"
33676,"Taylor Creek, Sierra County, New Mexico, USA"
33678,"Quartzite, Arizona, USA"
33680,"Hanauma Bay, Oahu Iceland, Honolulu County, Hawaii, USA"
33682,"Mountain City Mine, Mountain City, Elko County, Nevada, USA"
33685,"Dogwater Mine, Araipa, Graham County, Arizona, USA"
33688,"East Alligator River, Northern Territory, Australia"
33692,"Eden Mills, Orleans & Lamoille Counties, Vermont, USA"
33693,"Ace of Diamonds Mine, Liberty, Kittitas County, Washington, USA"
33694,"Mogok, Mandalay Division, Burma (Myanmar)"
33695,"Reaphook Hill, Flinders Ranges, South Australia, Australia"
33707,"Mohawk Mine, Keweenaw County, Michigan, USA"
33708,"Blow River, Yukon Territory, Canada"
33715,"Jet, Alfalfa County, Oklahoma, USA"
33716,"Obsidian Cliffs, Lane County, Oregon, USA"
33719,"Grand Reef Mine, Graham County, Arizona, USA"
33726,"Eagle Mine, Gilman, Eagle County, Colorado, USA"
33727,"Gold Hill Mine, Gold Hill, Tooele County, Utah, USA"
33729,"Bluebell Mine, Chiricahua Mts, Cochise County, Arizona, USA"
33732,"Wausau Pluton (# 160), Rib Mountain, Marathon County, Wisconsin, USA"
33745,"Lanakai Hill, Oahu Iceland, Honolulu County, Hawaii, USA"
33746,"OK Mine, Beaver Lake Mountains, Beaver County, Utah, USA"
33751,"Summit Lake Mine, Stettin, Marathon County, Wisconsin, USA"
33763,"Alberta, Baraga County, Michigan, USA"
33765,"Black River Falls, Jackson County, Wisconsin, USA"
33768,"Copper Basin, Arizona, USA"
33771,"Hamburg Mine, Yuma County, Arizona, USA"
33776,"Indian Mountain, Cherokee County, Alabama, USA"
33777,"Garland County, Arkansas, USA"
33778,"Kelly Mine, Socorro County, New Mexico, USA"
33781,"Strontian, North West Highlands (Argyllshire), Scotland"
33790,"Sernftal, Matt, Glarus, Switzerland"
33799,"Homberg, Hägendorf, Solothurn, Switzerland"
33800,"Rickenbach, Basel-Landschaft, Switzerland"
33811,"Ghiacciaio di Valleggia (Valleggiagletscher), Bedretto, Ticino, Switzerland"
33823,"La Rasse, Evionnaz, Valais, Switzerland"
33825,"Murgtal, Quarten, St. Gallen, Switzerland"
33826,"Cyklopeninsel near Sizilien, Italy"
33828,"Levane, Arezzo, Italy"
33835,"Sorbier, Saint-Etienne, Loire, France"
33841,"Čehovice (Tschehowitz), Olomoucký kraj, Czech Republic"
33844,"Ohlsbach, Freiburg, Baden-Württemberg, Germany"
33845,"Barbarastollen, Muldenbach, Belchen, Untermünstertal, Freiburg, Baden-Württemberg, Germany"
33858,"Berner Jura, Switzerland"
33859,"Scharans, Grisons, Switzerland"
33865,"La Trappe, Oka, Québec, Canada"
33868,"Malcantone, Breno, Ticino, Switzerland"
33879,"Furka-Strassentunnel South, Valais, Switzerland"
33880,"Middleville, Herkimer County, New York, USA"
33883,"Wolf Creek Pass, Mineral County, Colorado, USA"
33884,"Cima di Vazzeda, Stampa, Grisons, Switzerland"
33885,"Mines les Farges, Corriège, France"
33898,"Obergoms, Valais, Switzerland"
33901,"Filone degli Scherzi, Fossa Marcinello, S. Piero in Campo, Elba, Livorno, Italy"
33902,"Mesabi Range, St. Louis County, Minnesota, USA"
33905,"Nye, Nye-County, Nevada, USA"
33906,"Vekol Mine, Kohatk, Pinal County, Arizona, USA"
33912,"Clear Springs Mine, Homeland, Polk County, Florida, USA"
33917,"Wausau Pluton, Rib Mountain, Marathon County, Wisconsin, USA"
33918,"Groveland Mine, Randville, Dickinson County, Michigan, USA"
33920,"Grant's Canyon, Valencia County, New Mexico, USA"
33923,"Brosso, Torino, Italy"
33926,"Goble, Columbia County, Oregon, USA"
33927,"Tom O' Brien's Property, Stettin, Marathon County, Wisconsin, USA"
33931,"White Raven Mine, Boulder County, Colorado, USA"
33935,"Cuchillo Parado, Chihuahua, Mexico"
33936,"San Rafael Swell, Emery County, Utah, USA"
33938,"Schnettes Quarry, Rib Mountain, Wausau, Marathon County, Wisconsin, USA"
33947,"östl. v. Marina di Campo, Livorno, Italy"
33948,"Beach Creek, Grant County, Oregon, USA"
33950,"Oxefeld (Ochsenfeld), Binn, Valais, Switzerland"
33952,"San Genaro, Castrovirreyna,  Huancavelica, Peru"
33959,"Gredetsch, Mund,  Valais, Switzerland"
33960,"Cwm Orog Mine, Llangynog, Powys, Wales"
33963,"Rio Marina, Valcacci, Elba, Livorno, Italy"
33971,"Lago della Vacca, Breno, Brescia, Italy"
33976,"Kabwe (Broken Hill), Central Province, Zambia"
33983,"Mine Albert near Werth, Stolberg, Aachen, North Rhine-Westphalia, Germany"
33985,"Mine Diepenlinchen, Stolberg, Aachen, North Rhine-Westphalia, Germany"
33988,"Maubacher Bleiberg, Hürtgenwald, Düren, North Rhine-Westphalia, Germany"
33990,"Mosinee Hill, Marathon County, Wisconsin, USA"
33991,"Zunkers Quarry, Rib Mountain, Marathon County, Wisconsin, USA"
33997,"Sötenich, Eifel, Germany"
34006,"Cerro de los Remedios, Durango, Mexico"
34007,"Brown's Gem Prospect, Rum Jungle, Northern Territory, Australia"
34008,"15 km von Milgun Station, Western Australia, Australia"
34010,"Uchuchacua, Peru"
34011,"Barberton, Mpumalanga Province, South Africa"
34012,"Tasilaqbucht, Greenland"
34013,"Cuneo, Italy"
34024,"Stockenboi, Kärnten, Austria"
34026,"Lei Yuan, Hebei, China"
34029,"Green River Gorge, Franklin, King County, Washington, USA"
34035,"Tscha Mille, Anarak Dacht-e-Kerir, Iran"
34038,"Moräne Bodengletscher (unterer Teil des Gornergletschers), Zermatt, Valais, Switzerland"
34045,"Strasse Binn-Heiligkreuz, Binn, Valais, Switzerland"
34049,"Küttigen, Aargau, Jura, Switzerland"
34051,"Büelen, Ormalingen, Basel-Landschaft, Switzerland"
34061,"Val Bedretto, Ticino, Switzerland"
34062,"Bodengletscher (unterer Teil des Gornergletschers), Zermatt, Valais, Switzerland"
34064,"Kiesdepot Firma FBB-Frischbeton, Dillhus, Bauma, Zürich, Switzerland"
34065,"Dreislar, Medebach, Arnsberg, North Rhine-Westphalia, Germany"
34068,"Mine Hull, Yuma County, Arizona, USA"
34075,"Huercal Overa, Almerìa, Spain"
34080,"Hof Erlimoos, Trimbach, Solothurn, Switzerland"
34089,"Adelaide Mine, Dundas, Tasmania, Australia"
34093,"Little Falls, Passaic County, New Jersey, USA"
34097,"Quarry Hünersedel (Hühnersedel), Elzach, Freiburg, Baden-Württemberg, Germany"
34098,"Pierre Pertuis, Tavannes, Bern, Switzerland"
34100,"Nicolet, Québec, Canada"
34109,"Harvard Quarry, Noyes Mt., Greenwood, Oxford County, Maine, USA"
34110,"Vulcan Quarry, Manassas, Prince William County, Virginia, USA"
34112,"Roberts Mine, Cuyuna Range, Crow Wing County, Minnesota, USA"
34114,"San Xavier Mine, Sierrita Mountains, Pima County, Arizona, USA"
34116,"Fairview, Teller County, Colorado, USA"
34117,"Tasminex Mine, Hampshire, Tasmania, Australia"
34118,"Nevada Creek, Tasmania, Australia"
34119,"Cape Grim, Tasmania, Australia"
34121,"Mount Lyell Mine, Tasmania, Australia"
34123,"Mount Bischoff Mine, Waratah, Tasmania, Australia"
34124,"Luina, Tasmania, Australia"
34125,"Bashen Quarry, Tasmania, Australia"
34126,"Bihain, Vielsalm, Luxembourg, Belgium"
34130,"Summit Peak, Oregon, USA"
34131,"Perkiomenville, Montgomery County, Pennsylvania, USA"
34135,"Altermannfels, Sehringen, Badenweiler, Freiburg, Baden-Württemberg,  Germany"
34142,"Stoneco Quarry, Maybee, Monroe County, Michigan, USA"
34143,"Maybee, Monroe County, Michigan, USA"
34144,"Nikitova Mine, Donezk (Donetsk) Oblast, Ukraine"
34151,"Old Reliable Mine, Mammoth, Pinal County, Arizona, USA"
34153,"Los Pedros Corallitos, Chihuahua, Mexico"
34154,"alte Alaunmine, Intschi, Gurtnellen, Uri, Switzerland"
34156,"Alpe Rosso, Orcesco, Val Vigezzo, Province Novara, Italy"
34159,"Wallace Stone Company Quarry, Pigeon, Huron County, Michigan, USA"
34161,"Ofenhorn, Binnl, Valais, Switzerland"
34176,"Mount S. Bruno, San Francisco, California, USA"
34177,"Mine Michael, Weiler near Lahr, Freiburg, Baden-Württemberg, Germany"
34183,"Bartow, Florida, USA"
34191,"Reichenbach, Lahr, Freiburg, Baden-Württemberg, Germany"
34193,"Weg nach Freichi, Binn, Valais, Switzerland"
34195,"Cunha Baixa, Mangualde, Portugal"
34196,"Kearsarge Lode, Calumet, Michigan, USA"
34197,"Red Ball Mine, Calhoun County, Alabama, USA"
34199,"Duff Quarry, Huntsville, Logan County, Ohio, USA"
34213,"Largentière, Ardèche, France"
34215,"Salanfe,  Evionnaz, Valais, Switzerland"
34216,"Quarry Lausen, Basel-Landschaft, Switzerland"
34219,"Mundo Nuevo, Sanchez Carrion, Peru"
34221,"Blatt, Binn, Valais, Switzerland"
34225,"Red Cloud Mine, Yuma County, Arizona, USA"
34227,"Palabora Open Pit, Phalaborwa, Limpopo Province, South Africa"
34229,"Sontga Gronda, Tujetsch, Grisons"
34231,"Hornbühl, Freiburg, Baden-Württemberg, Germany"
34233,"Spissen, Lärcheltini (Lercheltini), Binn, Valais, Switzerland"
34247,"Calumet, Houghton County, Michigan, USA"
34254,"50 m unterhalb Steg in Schöntal, Füllinsdorf, Basel-Landschaft, Switzerland"
34255,"Mine Pfingstsegen, Schönau-Aitern, Lörrach, Baden-Württemberg, Germany"
34258,"Löruns, Vorarlberg, Austria"
34270,"Schlema, Erzgebirgskreis, Saxony, Germany"
34272,"Wasson Bluff, Parrsboro, Nova Scotia, Canada"
34276,"Isle Royale Mine, Houghton, Houghton County, Michigan, USA"
34277,"Val Casatscha, Medel (Lucmagn), Grisons, Switzerland"
34280,"Gang II, Schauinsland, Freiburg, Baden-Württemberg, Germany"
34281,"Anatasloch, Grieswies, Salzburg, Austria"
34282,"Tucker-Beckwood Quarry, Lancaster, Lafayette County, Wisconsin, USA"
34292,"Zugangsstollen zur alten Mine Lengenbach, Binn, Valais, Switzerland"
34293,"Matra, Korsika, France"
34294,"Penfield Quarry, Penfield, Monroe County, New York, USA"
34303,"Juanita Mine, Socorro County, New Mexico, USA"
34307,"Hinterohlsbach, Ohlsbach, Freiburg, Baden-Württemberg, Germany"
34308,"Mine Käfersteige, Pforzheim, Karlsruhe, Baden-Württemberg, Germany"
34321,"Hopes Nose, Devonshire, England"
34322,"Pflügelhof, Malta, Kärnten, Austria"
34326,"Mine Silberbrünnle, Gengenbach, Freiburg, Baden-Württemberg, Germany"
34334,"Ottenhöfen, Freiburg, Baden-Württemberg, Germany"
34336,"Filisur, Grisons, Switzerland"
34338,"Gotthard-Strassentunnel ca. 5200 m ab NP, Hospental, Uri, Switzerland"
34354,"Swan Creek, Nova Scotia, Canada"
34361,"Butte County, South Dakota, USA"
34369,"Niedermendig, Mendig, Mayen-Koblenz, Rhineland-Palatinate, Germany"
34371,"Ballon d'Alsace, Sewen, Haut-Rhin, France"
34375,"Ranspach, Haut-Rhin, France"
34376,"Wurtenkees, Innerfragant, Kärnten, Austria"
34377,"Reichenbach, Lautertal (Odenwald), Darmstadt, Hesse, Germany"
34378,"Ratzi, Spiringen, Uri, Switzerland"
34390,"Mine Kropfmühl AG, Hauzenberg, Passau, Bavaria, Germany"
34395,"Tanzfleck near Freihung, Amberg-Suzbach, Bavaria, Germany"
34396,"Le Pale / Buffaure, Fassatal, Trento, Trentino-Alto Adige, Italy"
34397,"Bruch Saunstein near Schönberg, Niederbayern, Bavaria, Germany"
34398,"Mine Tiessenhäusl, Hauzenberg, Passau, Bavaria, Germany"
34404,"Mine Mola near Reus, Katalonien, Spain"
34406,"Mina Sta. Teresa, Hiendelaencina, Guadalajara, Spain"
34407,"Mine La Celia near Jumilla, Murcia, Spain"
34408,"Valdecebro near Teruel, Teruel, Spain"
34411,"4 Meilen nördl. v. Black River Falls, Jackson County, Wisconsin, USA"
34412,"Sella (Alpe della Sella), Airolo, Ticino, Switzerland"
34415,"Quarry Casa Collina, Pitigliano, Grosseto, Italy"
34416,"Campiano, Grosseto, Toscana, Italy"
34417,"Berg Nerpakh (N'orkpakhk), Khibiny (Chibiny), Kola-Halbinsel, Oblast Murmansk, Russia"
34418,"Jalerys, Saône-et-Loire, France"
34421,"Trimouns, Luzenac, Ariège, France"
34422,"Le Bousquet, Ste. Geneviève, France"
34423,"Vallée de la Punaruu, Tahiti"
34424,"Roc de Courlande, Puy de Dôme, France"
34425,"Garnet Hill, Ely, White Pine County, Nevada, USA"
34426,"Violet Claim, Wah Wah Mountains, Beaver County, Utah, USA"
34435,"St-Luc, Valais, Switzerland"
34444,"Drôme, Rhone-Alpes, France"
34445,"Brenk, Ahweiler, Rhineland-Palatinate, Germany"
34446,"Cartersville, Bartow County, Georgia, USA"
34454,"Wausau Pluton (# 106 h), Rib Mountain, Marathon County, Wisconsin, USA"
34464,"Trinity County, California, USA"
34468,"Wasserstollen Chummibort, Grengiols, Valais, Switzerland"
34469,"Schattig Wichel, Gurtnellen, Uri, Switzerland"
34473,"Feuillaz, Brusson, Valle d'Ayas, Italy"
34476,"Lohningbruch, Rauris, Salzburg, Austria"
34478,"Tälli, Binn, Valais, Switzerland"
34482,"Minengelände La Union, Cartagena, Murcia, Spain"
34489,"Furka, Oberwald, Valais, Switzerland"
34496,"Basòdino, Bignasco, Ticino, Switzerland"
34502,"Serifos, Kykladen, Greece"
34504,"Quarry Hannebacher Ley, Spessart, Ahrweiler, Rhineland-Palatinate, Germany"
34506,"Granite Mountain, Little Rock, Pulaski County, Arkansas, USA"
34513,"Pugh Quarry, Custar, Wood County, Ohio, USA"
34514,"Mendig, Mayen-Koblenz, Rhineland-Palatinate, Germany"
34515,"Tepetates, San Luis Potosi, Mexico"
34517,"Concha, Elba, Livorno, Italy"
34525,"Ivigtut, Kitaa, Greenland"
34527,"Mendiger Bimsfeld, Mendig, Mayen-Koblenz, Rhineland-Palatinate, Germany"
34528,"Ri Formigavio, Calpiogna, Ticino, Switzerland"
34529,"Gilman, Eagle County, Colorado, USA"
34534,"Erl (Alp Erl), Mund, Valais, Switzerland"
34539,"Furguesa, Chile"
34542,"Kappler Sohle, Gang VI, Schauinsland, Freiburg, Baden-Württemberg, Germany"
34548,"Yellville, Marion County, Arkansas, USA"
34550,"Karlsstollen, Badenweiler, Freiburg, Baden-Württemberg, Germany"
34565,"Schattig Wichel, Tujetsch, Grisons Switzerland"
34568,"Alicante, Valencia, Spain"
34582,"Mine Segen Gottes, Schnellingen, Haslach, Offenburg, Baden-Württemberg, Germany"
34583,"Bernau, Waldshut, Baden-Württemberg, Germany"
34589,"Froland, Arendal, Aust-Agder, Norway"
34597,"Saflischmatte, Termen, Valais, Switzerland"
34607,"Winfield, Union County, Pennsylvania, USA"
34608,"Chief Mine, Pima County, Arizona, USA"
34614,"Mine Salanfe, Evionnaz, Valais, Switzerland"
34630,"Oberaletsch, Naters, Valais, Switzerland"
34635,"Stettin, Marathon County, Wisconsin, USA"
34641,"M'sesa, Katanga (Shaba), Demokratische Republik Congo (Zaire)"
34643,"Sehringen, Badenweiler, Freiburg, Baden-Württemberg, Germany"
34648,"Ri d' Albinasca, Airolo, Ticino, Switzerland"
34649,"Wausau Pluton (# 156 c), Rib Mountain, Marathon County, Wisconsin, USA"
34651,"Stravinice, Tschechoslowakei"
34652,"Cartagena, Murica, Spain"
34654,"Diabasbruch, Saalfelden, Salzburg, Austria"
34655,"Kabwe, Zaire Zambia"
34662,"Stockeralm, Mallnitz, Austria"
34664,"Manassas, Prince William County, Virginia, USA"
34669,"Mogok, Mandalay, Burma (Myanmar)"
34671,"Lambert, Giromagny, Territoire de Belfort, France"
34676,"Kniebeissgraben, Böckstein, Salzburg, Austria"
34678,"Mercer County, Ohio, USA"
34694,"Wausau Pluton (# 894 a), Rib Mountain, Marathon County, Wisconsin, USA"
34695,"Jensen's Quarry, Crestmore, Riverside County, California, USA"
34698,"Val Gava, Genova, Italy"
34700,"Trift, Staldental, Guttannen, Bern, Switzerland"
34703,"Topaz Mountains, Juab County, Utah, USA"
34708,"Katie Bell Claime, King County, Washington, USA"
34721,"Oltschialp, Brienz, Bern, Switzerland"
34722,"Cucin, Utah, USA"
34742,"Stollenbau near Kandersteg, Bern, Switzerland"
34749,"Mine Le Cetine (Spoil heap), Siena, Toskana, Italy"
34751,"Mine Pereta, Scansano, Grosseto,  Italy"
34761,"Mount Lyndhurst, Flinders Ranges, South Australia, Australia"
34762,"Pinnacles Mine, Flinders Ranges, South Australia, Australia"
34763,"Espirito Santo, Southeast Region, Brazil"
34767,"Coyote Front Range, Inyo County, California, USA"
34769,"Anderson, Madison County, Indiana, USA"
34770,"Route 30, Long Lake, Hamilton County, New York, USA"
34771,"Long Lake, Hamilton County, New York, USA"
34774,"Panasqueira, Castelo Branco, Portugal"
34779,"Washington Camp/Duquesne, Santa Cruz County, Arizona, USA"
34781,in Cave ... (unleserlich)
34784,"Furkapass, Realp, Uri, Switzerland"
34788,"Mina Victoria, Navajun, La Rioja, Spain"
34789,"Eastgate Quarry, Weardale, Durham, England"
34790,"Lake Jasco, Mexico"
34792,südl. Madagascar
34793,"Cerro Granate near Tierra Amarilla, 13 km südwestlich von Copiapo, Chile"
34799,"zwischen Dorowa und Ropp District, Nigeria"
34815,"Autobahnbaustelle N2 oberhalb Diegten, Basel-Landschaft, Switzerland"
34816,"Pötzberg, Kusel, Rheinland Pfalz, Germany"
34818,"Road tunnel Gotthard, Uri/Ticino, Switzerland"
34824,"Amertal, Salzburg, Austria"
34839,"Sestri Levante, Genova, Liguria, Italy"
34841,"Rock Candy Mountain, Thurston County, Washington, USA"
34848,"Fiddlers ridge, Hot Springs County, Arkansas, USA"
34850,"ehem. Kupferwerke Heddernheim, Frankfurt am Main, Hesse, Germany"
34855,"Leadville, Lake County, Colorado, USA"
34856,"Big Chief Pegmatite, Glendale, Pennington County, South Dakota"
34861,"Crag-na huillar Quarry, County Antrim, Nordirland"
34864,"Badberg, Schelingen, Kaiserstuhl, Freiburg, Baden-Württemberg, Germany"
34878,"Nonnenmattweiher, Neuenweg, Kleines Wiesental, Lörrach, Baden-Württemberg, Germany"
34887,"Håkansboda, Lindesberg, Örebro, Sweden"
34892,"Horseshoe Dam, Maricopa County, Arizona, USA"
34901,"Weg von Imfeld nach Freichi, Binn, Valais, Switzerland"
34903,"Haupentalscharte, Pfitsch, Trentino-Alto Adige, Italy"
34910,"Mine Gottes Segen near Schnellingen, Haslach, Offenburg, Baden-Württemberg, Germany"
34912,"Custer County, South Dakota, USA"
34914,"Eagle River, Keweenaw County, Michigan, USA"
34922,"Kimzey Quarry, Magnet Cove, Hot Springs County, Arkansas, USA"
34936,"Herzog-Julius-Hütte, Astfeld, Goslar, Lower Saxony, Germany"
34944,"Empirius Mine, Creede Mineral County, Colorado, USA"
34946,"Dan Patch Pegmatite, Keystone, Pennington County, South Dakota, USA"
34947,"White Elephant Pegmatite, Ciciero Peak, Piute County, South Dakota, USA"
34952,"Rosia Montana (Verespatak), Alba, Romania"
34953,"Ocna de Fier (Eisenstein), Banat, Caras-Severin, Romania"
34966,"Ilfeld, Nordhausen, Thuringia, Germany"
34976,"Graves Mountain, Lincoln County, Georgia, USA"
34979,"Georgetown, Fairfield County, Connecticut, USA"
34992,"Abraumhalde Gotthard-Strassentunnel South, Airolo, Switzerland"
34999,"American Tunnel Mine (Gold King Mine), Howardsville, San Juan County, Colorado, USA"
35009,"Galena, Lawrence County, South Dakota, USA"
35018,"Renison Bell, Dundas, Tasmania, Australia"
35021,"Don Hill Cutting, Tasmania, Australia"
35044,"Mine Friedrich August, Dachsberg, Waldshut, Baden-Württemberg, Germany"
35046,"Globe Mine, Gila County, Arizona, USA"
35048,"Rotlaui-Tobel, Guttannen, Bern, Switzerland"
35061,"Nugget Fraction Mine, Silver Reef Mountains, Pinal County, California, USA"
35068,"Kiental, Reichenbach im Kandertal, Bern, Switzerland"
35071,"Alpe Robiei, Cama, Grisons, Switzerland"
35076,"Mine La Union, Cartagena, Murcia, Spain"
35082,"Ufeln, Norway"
35086,"Oberscheld, Dillenburg, Lahn-Dill-Kreis, Hesse, Germany"
35087,"Männlisloch, Strasse Liestal-Arisdorf, Basel-Landschaft, Switzerland"
35092,"Ruine Sponeck, Kaiserstuhl, Freiburg, Baden-Württemberg, Germany"
35093,"hinteres Val Bedretto, Airolo, Ticino, Switzerland"
35097,"Deieren, Realp, Uri, Switzerland"
35100,"Stbr. Troesch, an Strasse zwischen Ziefen und Seewen, Solothurn/Basel-Landschaft, Switzerland"
35109,"Fischbach an der Nahe, Idar-Oberstein, Birkenfeld, Rhineland-Palatinate, Germany"
35112,"Moräne Findelgletscher (Findelengletscher), Zermatt, Valais, Switzerland"
35116,"oberer Seinbruch, Münchenstein, Basel-Landschaft, Switzerland"
35118,"Flat Rock Quarry, Seneca County, Ohio, USA"
35121,"Almaden, Morocco"
35124,"Orberg, Badberg, Schelingen, Kaiserstuhl, Freiburg, Baden-Württemberg, Germany"
35137,"Ernensbach, Vogesen, France"
35140,"Glomsrudkollen, Amot, Buskerud, Norway"
35141,"Sandefjord, Vestfold, Norway"
35144,"Pleasant Ridge, Jasper County, Indiana, USA"
35145,"Surmin, Filisur, Grisons, Switzerland"
35154,"Calumet Mine, Chaffee County, Colorado, USA"
35166,"Silbermine Calanda, Felsberg, Grisons, Switzerland"
35188,"Söllnkar (Söllenkar,) Krimml, Salzburg, Austria"
35213,"Aurilla de Amagra, östl. Fortaleza, Gomera, Kanarische Inseln, Spain"
35224,"Eagle Picher Mine, Naica, Chihuahua, Mexico"
35231,"Guanajato, Mexico"
35233,"Franklin, New Jersey USA"
35234,"Parker, New Jersey, USA"
35235,"La Sarraz, Vaud, Switzerland"
35236,"Parker Franklin, New Jersey, USA"
35239,"Mass B Mine, Houghton County, Michigan, USA"
35242,"Kola-Halbinsel, Oblast Murmansk, Russia"
35243,Ruschitza
35244,"Subpolar-Ural, ural, Russia"
35268,"Galérie de recherche de fluorine, Mont Chemin, Vollèges, Valais, Switzerland"
35270,"Mina Chuquicamata, Calama, Antofagasta, Chile"
35275,"Quarry Rotzloch, Stansstad, Nidwalden, Switzerland"
35306,"Jandia, Fuertaventura, Kanarische Inseln, Spain"
35313,"Summitville, Rio Grande County, Colorado, USA"
35316,"Teruel, Teruel, Spain"
35318,"Lakabufa, Solheimajokull, Myrdalsjokull, Iceland"
35323,"Hiddenite, Alexander County, North Carolina, USA"
35324,"Copper Queen Mine, Cochise County, Arizona, USA"
35400,"Mine Anna I, Alsdorf, Aachen, North Rhine-Westphalia, Germany"
35401,"Bernburg, Salzlandkreis, Saxony-Anhalt, Germany"
35402,"Whim Creek, Western Australia, Australia"
35404,"J.C. Holms Claim, Arizona USA"
35405,"Kolwezi, Zaire"
35406,"Mumbai (Bombay), Maharashtra, India"
35410,"Wittenwassertal, Realp, Uri, Switzerland"
35412,"Haidberg, Zell, Fichtelgebirge, Germany"
35413,"East Grants Ridge, Cibola County, New Mexico USA"
35417,Steinatal near Tiengen Waldshut
35419,"Fara Vicentino, Vicenza, Veneto, Italy"
35421,"Mulford Quarry, Mount Carroll, Carroll County, Illinois, USA"
35422,"Montroc, Tarn, France"
35423,"Quarry am Gaulsberg, Ortenberg, Wetteraukreis, Hesse, Germany"
35424,"Irhtem (Ightem), Bou Azzer, Ouarzazate, Morocco"
35435,"Spoil heap der Mine Laurweg, Kohlscheid, Herzogenrath, Aachen, Nordrhein-Wsetfalen, Germany"
35439,"Goldmine Gondo, Valais, Switzerland"
35440,"800 m Sohle, Zeche Zollverein, Essen, North Rhine-Westphalia, Germany"
35441,"Mine Rotläufchen, Waldgirmes, Lahnau, Giessen, Hesse, Germany"
35449,"Blanchard Mine, Bigham, Socorro County, New Mexico, USA"
35456,"Grab LV, Predigerkirche, Basel, Basel-Stadt, Switzerland"
35458,"Curaglia, Medel (Lucmagn), Grisons, Switzerland"
35460,"Gipsmatt near Bärschwil, Solothurn, Switzerland"
35463,"Burra, South Australia, Australia"
35469,Gotthard Road tunnel
35473,"Luck Quarry, Leesburg, Loudoun County, Virginia, USA"
35474,"Woodbury, Litchfield County, Connecticut, USA"
35490,"Müleberg, Nunningen, Solothurn, Switzerland"
35492,"Ueken, Aargau, Switzerland"
35502,"beim State College, Centre County, Pennsylvania, USA"
35509,"Strassenbau S Segnas, Disentis/Mustér, Grisons, Switzerland"
35510,"Polk County, Arkansas, USA"
35513,"Road tunnel Eggflue, Grellingen, Basel-Landschaft, Switzerland"
35518,"Eiken, Aargau, Switzerland"
35524,"Moulins, Valais, Switzerland"
35527,"Glacier du Miage (Miage-Gletscher), Montblanc, France"
35529,"Einsingen, Ulm, Baden-Württemberg, Germany"
35533,"Bürgenstock, Ennetbürgen, Nidwalden, Switzerland"
35537,"an der Strasse nach Vicuna, Elqui, Chile"
35538,"Bgwk. Bor, Dalnegorsk, Primorje, Russia"
35540,"Bauhaus, Nentersnausen, Hersfeld-Rotenburg, Hesse, Germany"
35542,"KW Oberaar, Guttannen, Bern, Switzerland"
35548,"Spoil heap der Mine Lengenbach, Binn, Valais, Switzerland"
49210,"Simplontunnel, Valais, Switzerland"
49211,"Yates Mine, Otter Lake, Outaouais, Québec, Canada"
49212,"Ipira, Bahia, Brazil"
49213,"Rossblei-Mine, Eschachalp (Eschachboden), Schladming, Steiermark, Austria"
49216,"Mine de Collioux, Saint-Luc, Valais, Switzerland"
49223,"Pizzo Penca, Prato-Sornico, Ticino, Switzerland"
49226,"Val Lavizzara, Prato-Sornico, Ticino, Switzerland"
49227,"Cala, Chironico, Ticino, Switzerland"
49229,"Val Lareccio, S, Pratello, Ticino, Switzerland"
49230,"Piano di Sobrio, Chironico, Ticino, Switzerland"
49235,"Uomo, Val di Prato, Prato-Sornico, Ticino, Switzerland"
49242,"Pizzo Rüscada, Fusio, Ticino, Switzerland"
49245,"Vallone di Gribbio, Chironico, Ticino, Switzerland"
49253,"Quartino, Magadino, Ticino, Switzerland"
49257,"Nideri Weid, Nunningen, Solothurn, Switzerland"
49281,"Siculiana Marina (Racalmuto), Agrigento, Sizilien, Italy"
49282,"Mine Clara, Rankachtal, Wolfach, Offenbrug, Baden-Württemberg, Germany"
49284,"Dalnegorsk, Primorskiy Kray, Russia"
49286,"Tocantins, Brazil"
49287,"Smaragd-Mine, Tokovaya-Fluss, Malyshevo, Ekaterinburgskaya Oblast, Ural, Russia"
49288,"Otavi, Tsumeb, Namibia"
49289,"Wölsendorf, Schwandorf, Oberpfalz, Bavaria, Germany"
49290,"Jiangxi Province oder Xinjiang Region, China"
49292,"Nidau, Bern, Switzerland"
49294,"Ankarafa, Vohemar, Madagascar"
49295,"Pratoschlucht (Val di Prato), Prato-Sornico, Ticino, Switzerland"
49299,"Huppergrube Lausen, Lausen, Basel-Landschaft, Switzerland"
49297,"Beinwil, Solothurn, Switzerland"
49302,"Runnaquelle, Scuol, Grisons, Switzerland"
49303,"Stallerberg, Avers, Grisons, Switzerland"
49308,"Val Tujetsch, Tujetsch, Grisons, Switzerland"
49315,"Rabgiusa, Sils im Engadin/Segl, Grisons, Switzerland"
49316,"Vallée des Chapieux, Beaufort - Bourg-St-Maurice, Savoie, France"
49320,"Karoly-Stollen, Gyöngyösoroszi, Heves, Hungary"
49321,"Nyiri, Borsod-Abauj-Zemplen, Hungary"
49322,"Nassau, Rhineland-Palatinate, Germany"
49323,"Dargov, Slovakia"
49334,"Ametista do Sul, Rio Grande do Sul, Brazil"
49336,"Medels, Medel (Lucomagn), Grisons, Switzerland"
49340,"Green Monster Mountain, Prince of Wales Iceland, Alaska, USA"
49341,"Gambatesa Mine, Reppia, Province Genova, Italy"
49342,"Seula Mine, Monte Camoscio, Oltrefiume, Baveno, Verbano-Cusio-Ossola, Italy"
49346,"Ambasaguas, Muro de Aguas, Rioja, Spain"
49347,"Region Kayes, Mali"
49349,"Pollone, Biella, Piemonte, Italy"
49350,"Gipssteinbruch La Plâtrière, Vaas, Lens, Valais, Switzerland"
49351,"Quarry Choëx, Champ Bernard, Monthey, Valais, Switzerland"
49352,"Quarry Wickartsmühle, Rickenbach, Waldshut, Baden-Württemberg, Germany"
49364,"Kangasala, Tampere, Finland"
49365,"Texada Iceland, British Columbia, Canada"
49367,"Kolsaas, Sandvika, Norway"
49368,"Ylämaa, Lappeenranta, Finland"
49369,"Tiefenstein, Albtal, Waldshut, Baden-Württemberg, Germany"
49370,"Quarry an der Strasse north of Malsburg, Kandern, Lörrach, Baden-Württemberg, Germany"
49372,"Arosa, Grisons, Switzerland"
49374,"Quarry Brocatello di Arzo, Arzo, Ticino, Switzerland"
49375,"oberhalb Hospental, Uri, Switzerland"
49376,"Weissfluhjoch, Langwies, Grisons, Switzerland"
49379,"Dorado Mine, Nuevo Casas Grandes, Chihuahua, Mexico"
49380,"Bellecombe, Chatillôn, Province Aosta, Piemont, Italy"
49381,"Val di Viù/Valle di Viù, Province Turin, Piemont, Italy"
49386,"Chobelwand (Chobel-Kohlbett), Schwende, Appenzell-Innerrhoden, Switzerland"
49388,"Blindenau, Stein, Appenzell-Ausserrhoden, Switzerland"
49390,Herkunft unklar
49392,"Naturhistorisches Museum, Schlüsselberg 5, Basel, Basel-Stadt, Switzerland"
49395,"Tüscherz-Alfermée, Bern, Switzerland"
49397,"Weisse Mine, Imbach, Kirchheimbolanden, Rhineland-Palatinate, Germany"
49406,"Piz Giuv, Gurtnellen, Grisons, Switzerland"
49407,"Piz Gendusas, Disentis/Mustér, Grisons, Switzerland"
49409,"Road tunnel Hohtenn-Mittal, Gampel, Valais, Switzerland"
49410,"Eggerbergtunnel, Eggerberg, Valais, Switzerland"
49441,"Danakil-Ebene (Dallol), Province Afar, Ethiopia"
49442,"Quarry Schümel, Chalch, Holderbank, Aargau, Switzerland"
49443,"Fimberpass, Sent, Grisons, Switzerland"
49445,"Lago di Dentro, Quinto, Ticino, Switzerland"
49446,"Bocchetta di Cadlimo, Airolo, Ticino, Switzerland"
49448,"Wolfjos, Pfäfers, St. Gallen, Switzerland"
49456,"Quarry Kesslerloch, Thayngen, Schaffhausen, Switzerland"
49457,"Quarry near Schernfeld, Eichstätt, Oberbayern, Bavaria, Germany"
49465,"Island Hiddensee, Enddorn, West-Rügen, Mecklenburg-Western Pomerania, Germany"
49466,"Gipsgrube Niedersachswerfen, Harztor, Nordhausen, Thuringia, Germany"
49467,"Povraznik, Banska Bystrica, Slovakia"
49471,"Region Anosy, Tuléar, Madagascar"
49472,"Ambindandrakemba, Tranomaro, Tuléar, Madagascar"
49474,"Boudry, Neuchâtel, Switzerland"
49475,"Le Bleymard, Goulet - Mont Lozère, Languedoc-Roussillion, France"
49476,"Füessler, Schwende, Appenzell-Innerrhoden, Switzerland"
49477,"Chnorren, Sennwald, St. Gallen, Switzerland"
49478,"Ris, Oberrieter Kienberg, Oberriet, St. Gallen, Switzerland"
49483,"Steinhüttli (Bisistal), Muothatal, Schwyz, Switzerland"
49484,"Stockegg, Schwende, Appenzell-Innerrhoden, Switzerland"
49485,"Bildsteinchopf, Rüte, Appenzell-Innerrhoden, Switzerland"
49490,"Goldgrube Astano, Ticino, Switzerland"
1388,"Turbenthal, Zürich, Switzerland"
4866,"Rhein near Klybeck, Basel, Basel-Stadt, Switzerland"
7825,"Kleinbasel, Basel, Basel-Stadt, Switzerland"
7836,"Rhein near Basel, Basel-Stadt, Switzerland"
7838,"near Basel, Basel-Stadt, Switzerland"
7840,"Obere Rheinbrücke, Basel, Basel-Stadt, Switzerland"
7844,"Birs near Basel, Basel-Landschaft,Switzerland"
7845,"Kiesgrube Ruchfeld, Birsfelden, Basel-Landschaft, Switzerland"
7847,"Huningue, Haut-Rhin, France"
7848,"Birsigstrand, Basel, Basel-Stadt, Switzerland"
7853,"Spiegelhofareal, Basel, Basel-Stadt, Switzerland"
7864,"Kiesgrube Umgebung von Pratteln, Basel-Landschaft, Switzerland"
11227,"Gerlafingen, Solothurn, Switzerland"
11558,"Kiesgrube Sternenfeld, Birsfelden, Basel-Landschaft, Switzerland"
11560,"""near Basel"", Switzerland"
15954,"Pontich, Charmoille, Jura, Switzerland"
16045,"""Hohentwiel"", Singen (Hohentwiel), Baden-Württemberg, Germany"
16184,"Therwil, Basel-Landschaft, Switzerland"
18106,"Breisgau, Baden-Württemberg, Germany"
18398,"Montavon, Jura, Switzerland"
18490,"Birs near Basel, Basel-Landschaft, Switzerland"
18492,"Les Creux, Develier, Jura, Switzerland"
18494,"Grand Chenal, Corban, Jura, Switzerland"
18506,"Collège, Courfaivre, Jura, Switzerland"
18602,"Helgenmatt near Breitenbach-Büsserach, Solothurn, Switzerland"
19653,"""Bisthum Basel"", Switzerland"
19655,"Basel, Basel-Stadt,  Switzerland"
19782,"Klybeck, Basel, Basel-Stadt, Switzerland"
25942,"Ruisseau de Tramont, Bassecourt, Jura, Switzerland"
25945,"Les Boulies, Bassecourt, Jura, Switzerland"
27416,"Patrage de Rose, Neufs Champs, Courfaivre, Jura, Switzerland"
27755,"Nononai, Rio Grande do Sul, Brazil"
27773,"Rakata (Krakatau), Indonesia"
27774,"Island Santorin, Greece"
27776,"Bornemouth, England"
27780,"Kiesgrube Meyer-Spinnler, Muttenz, Basel-Landschaft, Switzerland"
27816,"Forte di Marina di Bibbona, Cecina, Province Livorno, Italy"
27884,"Florenz, Toscana, Italy"
27886,"Lindos, Island Rhodos, Greece"
27887,"Santa Maria - Pian delle Rose, Province Pisa, Italy"
27901,"Marina di Cecina, Province Livorno, Italy"
27930,"Grabung Basler Münster, Basel, Basel-Stadt, Switzerland"
27950,"Kiesgrube near Uznach, St. Gallen, Switzerland"
27951,"Wilpattu Nationalpark, Sri Lanka"
27958,"Rhein near Bangs, Voralberg, Austria"
27961,"Roquebrune, Alpes Maritimes, France"
27980,"Sarbut el Chatem, Halbinsel Sinai, Egypt"
27983,"Engstlingental, Adelboden, Bern, Switzerland"
27993,"Rhein, Kander-Mündung, Germany"
28022,"Meeresstrand Axaia, Patras, Greece"
28027,"Meeresstrand Axaia, Patras, Greichenland"
28029,"Vendoeuvre near Nancy, France"
28030,"Altstaden near Oberhausen, North Rhine-Westphalia, Germany"
28032,"Mackinlay, Nord-Queensland, Australia"
28033,"Lias-Grube Unterstürmig, Eggolsheim, Forchheim, Bavaria, Germany"
28034,"Bouxwiller, Bas-Rhin, France"
28037,"La Sterza, Province Pisa, Italy"
28055,"Kiesgrube Foltzer, Hégenheim, Haut-Rhin, France"
28080,"Axaia, Patras, Greece"
28296,"Thermas Arapey, Salto, Urugay"
30593,"Sandoz AG, Basel, Basel-Stadt, Switzerland"
30968,"Sur Paicheux, Bassecourt, Jura, Switzerland"
42072,"Séprais, Boécourt, Jura, Switzerland"
42084,"Tal der Könige, Luxor, Egypt"
42085,"Le Grand-Pressigny, Loches, Indre-et-Loire, France"
42989,"Saalbündten, Aesch, Basel-Landschaft, Switzerland"
43265,"Pineta di Roccamare, Castiglione della Pescaia, Province di Grosseto, Italy"
49468,"Le Gorette, Cecina, Province Livorno, Italy"
49469,"Martinsgasse Basel, Basel-Stadt, Switzerland"
49501,"Kiesgrube Hupfer (Grande Sablière de Saint-Louis), Saint-Louis, Haut-Rhin, France"
49504,"Hésingue, Haut-Rhin, France"
49505,"Sperlonga, Province Latina, Italy"
49506,"alter Gaskessel, Basel, Basel-Stadt, Switzerland"
49514,"Binna, Giesse, Binn, Valais, Switzerland"
49515,"Loutro, Island  Kreta, Greece"
49516,"Rheinufer Solitude, Basel, Basel-Stadt, Switzerland"
49518,"Moron near Moutier, Jura, Switzerland"
49519,"Plage de Taunasins, Carry-le-Rouet, Bouches-du-Rhône, France"
49520,"Hassenort, Island Hiddensee, Westrügen, Mecklenburg-Western Pomerania, Germany"
49521,"Tartane Prèsqu'ile de la Caravelle, Martinique"
49522,"Bai von Popoh, Mittel-Java"
49523,"Donoratico Mare, Cecina, Province Livorno, Italy"
49524,"Island Tinos, Greece"
49525,"Enddorn, Island Hiddensee, West-Rügen, Mecklenburg-Western Pomerania, Germany"
49529,"Saint-Louis, Haut-Rhin, France"
49532,"Kiesgrube Hégenheim, Haut-Rhin, France"
49535,"Marina di Caronia, Messina, Sizilien"
49537,"Neufs Champs, Courfaivre, Jura, Switzerland"
49539,"Fluss Cornia, Monteverdi Marittimo, Province Pisa, Italy"
49542,"I de Hellere, Adelboden, Bern, Switzerland"
49544,"Riad, Saudiarabien"
49545,"Kiesgrube Rheininsel Kanal Alter Rhein, Haut-Rhin, France"
49547,"Bonnal, Villersexel, Haute-Saône, France"
49551,"Kiesgrube Rheinfelden-Augst, Aargau, Switzerland"
49561,"Korfu, Island Korfu, Greece"
49563,"Adrar Touat-Senke, Plateau de Tademait, Province Adrar, Algeria"
49564,"Dürrbach near Brislach, Basel-Landschaft, Switzerland"
49565,"Flughafen Basel-Mulhouse, Hésingue/Saint-Louis, Haut-Rhin, France"
49570,"Holmhällar, Gotland, Sweden"
49572,"Flussbett Cico Arapey, Thermas Arapey, Urugay"
49573,"Sierry Salado, Honduras"
49575,"Giyoku-dzui Butto-Seki, Jdzumo, Tamatsukuri-gari, Japan"
49578,"Nehohorion, Peleponnes, Greece"
49579,"Mahapalipuram near Madras, India"
49585,"Kiesgrube Grande Sablière de Saint-Louis, Saint-Louis, Haut-Rhin, France"
49586,"Island Hiddensee, Westrügen, Mecklenburg-Western Pomerania, Germany"
49593,"Tiguil, Südmarokko"
49598,"zwischen Kara Burun und Schile, Bosporus, Turkey"
49604,"Kloster Enddorn, Island Hiddensee, Westrügen, Mecklenburg-Western Pomerania, Germany"
49605,"Kielerbach, Island Rügen, Mecklenburg-Western Pomerania, Germany"
49608,( keine Angaben)
49610,"Kiesgrube Tiergarten, Rheinfelden, Aargau, Switzerland"
49614,"Thermas Arrabey, Salto, Urugay"
49615,"Bahnhof SBB, Basel, Basel-Stadt, Switzerland"
49616,"Gymnasium Bäumlihof, Basel, Basel-Stadt, Switzerland"
49628,"Wildschönau, Tirol, Austria"
49631,"Kiesgrube Kembs-Loechle, Haut-Rhin, France"
49635,"Kiesgrube Hupfer, Hégenheim, Haut-Rhin, France"
49637,"Roatan, Honduras"
49650,"Kandertal, Bern, Switzerland"
49652,"Main-Fluss, Germany"
49653,"Marciana-Marina, Island Elba, Province Livorno, Italy"
49656,"Maloja, Grisons, Switzerland"
49658,"Hof Naturhistorisches Museum Basel, Basel-Stadt, Switzerland"
49660,Pyrenäen
49664,"Gersdorf, Zwickau, Saxony, Germany"
49671,"Island Ustica, Palermo, Italy"
49672,"Dreiser Weiher, Daun, Rhineland-Palatinate, Germany"
49674,"Bucht Galeria, Korsika, France"
49682,"Denali-Park, Mount McKinley, Alaska, USA"
49684,"Island Vulcano, Lipari, Province Messina, Italy"
49687,"Lido di Fondi, Province Latina, Italy"
49688,"Flussbett der Bruma, Castiglione della Pescaia, Province Grsseto, Italy"
49690,"Island Kreta, Greece"
49693,"Galway-Bay, Galway, Ireland"
49695,"Cala del Porto, Island Palmarola, Ponza, Latium, Italy"
49699,"Botanischer Garten, Basel, Basel-Stadt, Switzerland"
49704,"Allenburg, Rajon Prawdinsk (Friedland), Russia"
49705,"Island Jana, Scotland, England"
49706,"Plaskett Point, Monterey County, California, USA"
49707,"Libiola, Province Genua, Italy"
49709,"Gargano, Apulien, Italy"
49710,"Nerja b. Malaga, Andalusien, Spain"
49713,"Kardhamili, Peloponnes, Greece"
49714,"Cecina, Province Livorno, Italy"
49719,"Surrhein, Grisons, Switzerland"
49723,"Twann, Bern, Switzerland"
49730,"Tartane, Prèsqu'ile de la Caravelle, Martinique"
49731,"Neophorion, Peloponnes, Greece"
49732,"Dammoni (Plakias), Island  Kreta, Greece"
49737,"Birs, Basel-Landschaft, Switzerland"
49739,"Pleujouse, Jura, Switzerland"
49743,"Flughafenstrasse near Hésingue, Haut-Rhin, France"
49745,"Rodersdorf, Solothurn, Switzerland"
49751,"Kiesgrube Saint-Louis-Flugplatz, France"
49753,"""Tyrol"""
49754,"Quarry Blausee-Mitholz, Kandergrund, Bern, Switzerland"
49757,"""Zell aus dem Salzburgischen"", Austria"
49758,"Porto Kargion, Peleponnes, Greece"
49759,"Gotthardpass, Uri/Ticino, Switzerland"
49761,"Kiesgrube Kembs, Haut-Rhin, France"
49765,"Rhein, Basel, Basel-Stadt, Switzerland"
49767,"Lange Erlen, Riehen, Basel-Stadt, Switzerland"
49769,"Strand Island Rhodos, Greece"
49775,"Meeresufer Pissouri, zw. Paphos und Limasol, Zypern"
49776,"Meeresstrand Monte Rosso, Levante, Italy"
49781,"St. Albanteich, Münchenstein, Basel-Landschaft, Switzerland"
49785,"Strand near Portiglione, Follonica, Province Grosseto, Italy"
49786,"Rheinufer, Klein-Basel, Basel, Basel-Stadt, Switzerland"
49787,"Adria near Venedig, Italy"
49789,"Maggia-Delta, Locarno, Ticino, Switzerland"
49790,"Aareufer Elfenau, Bern, Kanton Bern, Switzerland"
49804,"Reinante, Province Lugo, Spain"
49805,"Torvacanico b. Rom, Italy"
49806,"Sand Point Olympical National Park, Washington, USA"
49807,"Schönenbuch, Basel-Landschaft, Switzerland"
49808,"Centovalli, Ticino, Switzerland"
49809,"Biel-Benken, Basel-Landschaft, Switzerland"
49810,"Bern, Kanton Bern, Switzerland"
49814,"Ettingen, Basel-Landschaft, Switzerland"
49823,"Agate, Sweetwater River, Wyoming, USA"
49824,"Ayia Napa-Bucht, Zypern"
49826,"Sirolo, Ancona, Italy"
49827,"Arabischer Golf,  Dubai"
49828,"Birs, Zwingen/Laufen, Basel-Landschaft, Switzerland"
49832,"Flussbett der Allier, Cevennen, France"
49833,"Minas da Passagem near Ouro Preto , Minos Gerais, Brazil"
49836,"Birskopf, Birsfelden, Basel-Landschaft, Switzerland"
49837,"La Calamita, Elba, Province Livorno, Italy"
49840,"Riba de Sella, Madrid, Spain"
49842,"Libysche Wüste, Quasr Farafra, Egypt"
49844,"Mogok, Myanmar (Burma)"
49845,Ceylon (Sri Lanka)
49846,"Zverolice, Slobeslav, Czechoslovakia"
49847,"Jizerska lauka, Czechoslovakia"
49850,"Rio Marina, Elba, Province Livorno, Italy"
49854,"Island Milos, Greece"
49881,"Castello di Duino, Duino-Aurisina, Province Triest, Italy"
49883,"(ohne Angaben, wie 49884)"
49884,"oberer Passwang, Mümliswil-Ramiswil, Solothurn, Switzerland"
49887,"Ajoie, Jura, Switzerland"
49888,"Kato Axaia, Pathras, Greece"
49889,"Island Lipsos near Patmos, Greece"
49890,"Duino-Aurisina, Province Triest, Italy"
49891,"Barletta, Barletta-Andria-Trani, Apulien, Italy"
49893,"Bockistock - Lutersee-Alp, Wolfenschiessen, Nidwalden, Switzerland"
49894,"Kokari, Samos, Greece"
49898,"Ill near Ebersheim, Sélestat, Bas-Rhin, France"
49904,"Obermatt, Lampenberg, Basel-Landschaft, Switzerland"
49906,"Conit de la Fontera, Andalusien, Spain"
49907,"Manfredonia, Foggia, Province Apulien, Italy"
49909,"Junkholz, Arboldswil, Basel-Landschaft, Switzerland"
49928,"In der Au, Riehen, Basel-Stadt, Switzerland"
49939,"Mattinata, Gargano, Province Foggia, Italy"
49940,"Flussbett Cornia, Monteverdi Marittimo, Province Pisa, Italy"
49941,"Schlachthofbrücke Basel, Basel-Stadt, Switzerland"
49944,ohne Angaben
49946,"Michigan-See, Whitefisch Bay, Wisconsin, USA"
49948,"Auggen, Freiburg, Baden-Württemberg,  Germany"
49950,"Montargis, Loiret, France"
49951,"Fontainebleau, Paris, Seine-et-Marne, France"
49952,"Mühlesteingrube, Schmitzinger Tal, Waldshut, Baden-Württemberg, Germany"
49953,"Mühlesteingrube, Schmitzinger Tal, Waldshut, Basen-Württemberg, Germany"
49954,"Mombasa, Kenya"
49957,"Villa Leiva, Boyaca, Colombia"
49958,"Tinos, Island Tinos, Greece"
49959,"St. Petersinsel, Twann, Bern, Switzerland"
49965,"Sligo Bay, NW, Ireland"
49973,"Kleinkems, Lörrach, Baden-Württtemberg, Germany"
50002,"Canneto, Monteverdi Marittimo, Province Pisa, Italy"
50012,"Kiesgrube Hupfer, Saint-Louis, Haut-Rhin, France"
50020,"Abbruchgelände Basel, Basel-Stadt, Switzerland"
50037,"Napf, Bern/Lucerne, Switzerland"
50040,"Meeresstrand Kato , Patras, Greece"
50049,"Seattle, Washington, USA"
50051,"Triestiner Karst, Province Triest, Italy"
50052,"Monte Cocco, Duino-Aurisina, Province Triest, Italy"
50053,"Chaltbrunnetal (Kaltbrunnental), Grellingen, Basel-Landschaft, Switzerland"
50055,"Brüglingen, Basel-Landschaft, Switzerland"
50056,"Altrhein, Istein, Efringen-Kirchen, Baden-Württemberg, Germany"
50057,"Umgebung von Basel, Basel-Stadt, Switzerland"
50061,"Strand La Azohia, Province Murcia, Spain"
50062,"Schweizer Jura, Switzerland"
50065,"Banyuls-sur-Mer, Languedoc-Roussillon, Pyrénées-Orientales, France"
50070,"Ziegelgrube Eimer, Sobernheim, Rheinhessen, Germany"
50071,"Hauingen, Lörrach, Baden-Württemberg, Germany"
50074,"Lac de Roselend, Beaufort, Savoyen, France"
50075,"Hörnum, Sylt, Schleswig-Holstein, Germany"
50076,"Heliopolis, nahe Kairo, Egypt"
50077,"Island Fehmarn, Schleswig-Holstein, Germany"
50079,"Grande Sablière, Saint-Louis, Haut-Rhin, France"
50080,"Istein, Efringen-Kirchen, Baden-Württemberg, Germany"
50081,"Süd-Dakota, USA"
50082,"Binningen, Basel-Landschaft, Switzerland"
50083,"Tongrube Allschwil, Basel-Landschaft, Switzerland"
50084,"Blitzenberg near Bickensohl, Vogtsburg im Kaiserstuhl, Baden-Württemberg, Germany"
50085,"zw. Allahabad und Benares, Uttar-Pradesh, India"
50086,"Narmada-Fluss, Uttar-Pradesh, India"
50091,"Sossuoli, Namibia"
50094,"Rhein, Birsfelden, Basel-Landschaft, Switzerland"
50095,"Kiesgrube near Muttenz, Basel-Landschaft, Switzerland"
50105,"Kiesgrube Meyer-Spinnler. Muttenz, Basel-Landschaft, Switzerland"
50117,"Sablière, Hégenheim, Haut-Rhin, France"
50125,"""Beim Kreuz"", Kiesgrube Sablière, Hégenheim, Haut-Rhin, France"
50131,"(hintere) Kiesgrube Foltzer, Hégenheim, Haut-Rhin, France"
50132,"Kiesgrube Bourgfelden, Haut-Rhin, France"
50149,"Kiesgrube Gschwend, Saint-Louis, Haut-Rhin, France"
50176,"Passwang, Mümliswil-Ramiswil, Solothurn, Switzerland"
50181,"Skeletten coast, Namibia"
50184,"Pelataan, Santan, Sembulu, Indonesia"
50186,"Jlizi, Sahara, Algeria"
50187,Riyodh
50188,"Gizeh, Kairo, Egypt"
39462,"Plaffeien, Fribourg, Switzerland"
39463,"Elm, Glarus South, Glarus, Switzerland"
39464,"Beverin, Tschappina/Mathon, Grisons, Switzerland"
39465,"La Bianca, Medel (Lucmagn), Grisons, Switzerland"
39482,"Scalinada pintga, Disentis/Mustér, Grisons, Switzerland"
39484,"Passo della Greina, Lumnezia, Grisons, Switzerland"
39497,"unteres Val Curnera (Cavradischlucht), Tujetsch, Grisons, Switzerland"
39504,"Vallatscha, Disentis/Mustér, Grisons, Switzerland"
39508,"Quarry Cornaux, Cornaux, Neuchâtel, Switzerland"
39511,"Balmberg, Solothurn, Switzerland"
39514,"Orismühle, Nuglar, Solothurn, Switzerland"
39515,"Tongrube Hägendorf, Hägendorf, Solothurn, Switzerland"
39518,"Galerie Baglioni e Franzi, Miglieglia, Ticino, Switzerland"
39519,"Sorirolo, Brione (Verzasca), Ticino, Switzerland"
39520,"Lucendro, Ticino, Switzerland"
39521,"Pazolatal, Andermatt, Uri, Switzerland"
39523,"Rienzenstock, Göschenen, Uri, Switzerland"
39524,"Staldenalp, Silenen, Uri, Switzerland"
39525,"Turtschi, Binn, Valais, Switzerland"
39528,"Mine Lengenbach, Fäld, Binn, Valais, Switzerland"
39531,"Torrent de Saint-Barthélemy, Evionnaz, Valais, Switzerland"
39533,"Mont Chemin, Bovernier, Valais, Switzerland"
39534,"Neuhof-Ellers, Fulda, Kassel, Hesse, Germany"
39535,"Baumholder near Idar-Oberstein, Birkenfeld, Rhineland-Palatinate, Germany"
39538,"Mine Bernhard West near Geschwend, Todtnau, Lörrach, Baden-Württemberg, Germany"
39539,"Mine Brandbach, Todtnau, Lörrach, Baden-Württemberg, Germany"
39541,"Mine Dr. Tholusbrunnen, Todtnau, Lörrach, Baden-Württemberg, Germany"
39545,"Mine Geistfelsen, Todtnau, Lörrach, Baden-Württemberg, Germany"
39560,"Mine Sohrloch North + South, Wieden, Todtnau, Lörrach, Baden-Württemberg, Germany"
39564,"Mine am Finstergrundbach (= Werner II), Wieden, Todtnau, Lörrach, Baden-Württemberg, Germany"
39567,"Mine Djebel Hammimat, Aïn Babouche, Province Oum el Bouaghi, Algeria"
39568,"N-Rand der Grand Erg Oriental-Wüste, Douz, Kebili, Tunisia"
39569,"Iron Knob, Middleback Range, South Australia, Australia"
39570,"Granatenwand, Obergurgl, Sölden, Tirol, Austria"
39572,"Araçuai, Minas Gerais, Brazil"
39573,"Pribram, Zentralböhmische Region, Tschechische Republik"
39574,"Berbes, Ribadesella, Asturien, Spain"
39575,"Almaden, Ciudad Real, Castile-La Mancha, Spain"
39576,"Theodorsschacht, Kalimine Wittelsheim, Mulhouse, Haut-Rhin, France"
39577,"near Schlüsselstein, Bergheim near Ribeauvillé (Rappoltsweiler), Haut-Rhin, France"
39578,"Alston Moor, Eden, Cumbria, England"
39579,"Fenillaz-Gang, Brusson, Piemont, Italy"
39582,"Sidi Boubker, Province Rehamna, Morocco"
39586,"Fluss Men-Kyule, Verkhoyansk, Polar-Jakutien, Sakha, Russia"
39588,"Butte Mining District, Silver Bow County, Montana, USA"
39592,"Aiguilles du Tour, Trient, Valais, Switzerland"
39594,"Congonhas, Minas Gerais, Brazil"
39602,"Lindvikskollen, Kragerö, Telemark, Norway"
39607,"Wies (Kleines Wiesental), Lörrach, Baden-Württemberg, Germany"
39610,"Engles Mine, Moonlight Peak, Plumas County, California, USA"
39612,"Königsspitze (Gran Zebrù), Solda, Trentino-Alto Adige, Italy"
39614,"Giessen, Binn, Valais, Switzerland"
39616,"Mässerbach, Binn, Valais, Switzerland"
39617,"Rodels, Grisons, Switzerland"
39618,"Kohlergraben/Kollergraben, Binn, Valais, Switzerland"
39620,"Ambas Aguas, La Rioja, Spain"
39664,"Hålsjöberg, Torsby, Värmland, Sweden"
39676,"Val Calnègia, Cevio, Ticino, Switzerland"
39679,"Wannigletscher/Schwarzhorn, Binn, Valais, Switzerland"
39681,"Cervandone, Baceno, Verbano-Cusio-Ossola, Italy"
39683,"Chli Furkahorn (Kleines Furkahorn), Obergoms, Valais, Switzerland"
39684,"Gornergletscher, Zermatt, Valais, Switzerland"
39685,"Trockener Steg, Zermatt, Valais, Switzerland"
39698,"NE-Seite Wasenalp, Ried-Brig, Valais, Switzerland"
39701,"Glarnerhauptüberschiebung, Pfäfers/Mels, Glarus, Switzerland"
39702,"Blinnental, Obergoms, Valais, Switzerland"
39705,"zwischen Blausee und Saflisch-Pass, Termen, Valais, Switzerland"
39712,"Wasserstollen Chriegalp (Kriegalp), Binn, Valais, Switzerland"
39717,"Turtmanntal, Oberems, Valais, Switzerland"
39722,"Celia, Murcia, Spain"
39727,"Wilera, Lötschental, Valais, Switzerland"
39733,"Rimpfisch, Zermatt, Valais, Switzerland"
39738,"Schwarzsee/Rimpfischwäng, Zermatt, Valais, Switzerland"
39739,"Val Cervandone, Südseite Scherbadung (Pizzo Cervandone), Baceno, Verbano-Cusio-Ossola, Italy"
39744,"Cava Beura, Beura-Cardezza, Verbano-Cusio-Ossola, Italy"
39747,"Eifel, Rhineland-Palatinate, Germany"
39750,"Tsumeb, Oshikoto, Namibia"
39754,"Orcesco, Val Vigezzo, Verbano-Cusio-Ossola, Italy"
39763,"Pizzo Marcio, Vigezzo, Verbano-Cusio.-Ossola, Italy"
39770,"Langesundsfjord, Brevik, Telemark, Norway"
39622,"Karibib, Erongo, Namibia"
39624,"Rehoboth, Hardap, Namibia"
39626,"Mine Alcaparossa, Copiapo, Atacama, Chile"
39627,"Lötschberg-Basistunnel, Steg-Hohtenn, Valais, Switzerland"
39628,"Spitzkopje, Erongo, Namibia"
39631,"Calamita, Capoliveri, Island Elba, Toscana, Italy"
39647,"Eisengruoben, Helse, Grengiols, Valais, Switzerland"
39652,"Weg Furi-Gornergletscher, Zermatt, Valais, Switzerland"
39655,"Chessjengletscher, Sass Fee, Valais, Switzerland"
39660,"Lago di Mognola, Lavizzara, Ticino, Switzerland"
39787,"Conseilheiro Lafayete Mine, Belo Horizonte, Minas Gerais, Brazil"
39788,"Burgersfort, Limpopo, South Africa"
39789,"Quarry ob Leymen, Haut-Rhin, France"
39790,"Anaconda Mine, Cripple Creep, Teller County, Colorado"
39799,"Cuolm da Vi, Sedrun, Tujetsch, Grisons, Switzerland"
39800,"Alp Eril, Eischoll, Valais, Switzerland"
39440,"Bachthalen, Oftringen, Aargau, Switzerland"
39447,"Passhöhe Staffelegg, Densbüren, Aargau, Switzerland"
39452,"Vorder Zinggestock, Guttannen, Bern, Switzerland"
