mineral_name,strunz_number
Azurite,05.BA.05
Aragonite,05.AB.15
Rutile,04.DB.05
Quartz,04.DA.05
Quartz,04.DA.05
Spodumène,09.DA.30
Spodumène,09.DA.30
Chrysobéryl,04.BA.05
Graphite,01.CB.05a
Graphite,01.CB.05a
Graphite,01.CB.05a
Graphite,01.CB.05a
Graphite,01.CB.05a
Graphite,01.CB.05a
Graphite,01.CB.05a
Graphite,01.CB.05a
Graphite,01.CB.05a
Graphite,01.CB.05a
Graphite,01.CB.05a
Graphite,01.CB.05a
Graphite,01.CB.05a
Soufre,01.CC.05
Soufre,01.CC.05
Soufre,01.CC.05
Soufre,01.CC.05
Soufre,01.CC.05
Soufre,01.CC.05
Soufre,01.CC.05
Soufre,01.CC.05
Calcédoine,
Soufre,01.CC.05
Soufre,01.CC.05
Soufre,01.CC.05
Soufre,01.CC.05
Soufre,01.CC.05
Soufre,01.CC.05
Soufre,01.CC.05
Soufre,01.CC.05
Soufre,01.CC.05
Soufre,01.CC.05
Soufre,01.CC.05
Soufre,01.CC.05
Soufre,01.CC.05
Soufre,01.CC.05
Soufre,01.CC.05
Soufre,01.CC.05
Soufre,01.CC.05
Soufre,01.CC.05
Soufre,01.CC.05
Soufre,01.CC.05
Soufre,01.CC.05
Soufre,01.CC.05
Soufre,01.CC.05
Soufre,01.CC.05
Soufre,01.CC.05
Soufre,01.CC.05
Soufre,01.CC.05
Soufre,01.CC.05
Soufre,01.CC.05
Soufre,01.CC.05
Soddyite,09.AK.05
Kasolite,09.AK.15
Cuprosklodowskite,09.AK.10
Torbernite,08.EB.05
Vandenbrandéite,04.GB.45
Manganite,04.FD.15
Cinabre,02.CD.15a
Cinabre,02.CD.15a
Sidérite,05.AB.05
Molybdénite,02.EA.30
Nickéline,02.CC.05
Arsénopyrite,02.EB.20
Bornite,02.BA.10
Fluorite,03.AB.25
Piémontite,09.BG.05a
Hématite,04.CB.05
Pyromorphite,08.BN.05
Olivenite,08.BB.30
Cuivre,01.AA.05
Argent,01.AA.05
Argent,01.AA.05
Pyrargyrite,02.GA.05
Argent,01.AA.05
Argent,01.AA.05
Argent,01.AA.05
Argent,01.AA.05
Stibnite,02.DB.05a
Stibnite,02.DB.05a
Freibergite,02.GB.05
Pyrargyrite,02.GA.05
Antimoine,01.CA.05
Stephanite,02.GB.10
Stibnite,02.DB.05a
Argent,01.AA.05
Arsénopyrite,02.EB.20
Or,01.AA.05
Or,01.AA.05
Or,01.AA.05
Or,01.AA.05
Or,01.AA.05
Or,01.AA.05
Réalgar,02.FA.15a
Arsenic,01.CA.05
Sylvanite,02.EA.05
Bismuth,01.CA.05
Sphalérite,02.CB.05a
Sphalérite,02.CB.05a
Wolframite,04.DB.30
Sphalérite,02.CB.05a
Sphalérite,02.CB.05a
Cassitérite,04.DB.05
Galène,
Cérusite,
Galène,
Célestine,07.AD.35
Anglésite,07.AD.35
Sidérite,05.AB.05
Cuivre,01.AA.05
Cérusite,
Psilomélane,
Sphalérite,02.CB.05a
Galène,
Calcite,05.AB.05
Fluorite,03.AB.25
Calcite,05.AB.05
Autunite,08.EB.05
Brochantite,07.BB.25
Phosphuranylite,08.EC.10
Calcite,05.AB.05
Richterite,09.DE.20
Kentrolite,09.BE.80
Rhodonite,09.DK.05
Hédenbergite,09.DA.15
Andradite,09.AD.25
Natrolite,09.GA.05
Olivine,09.AC.05
Hodgkinsonite,09.AE.20
Hydrozincite,05.BA.15
Hardystonite,09.BB.10
Glaucochroite,09.AC.05
Vivianite,08.CE.40
Zircon,09.AD.30
Phosgenite,05.BE.20
Biotite,09.EC.20
Rhodonite Zn,
Fluorite,03.AB.25
Smithsonite,05.AB.05
Biotite,09.EC.20
Aragonite,05.AB.15
Calcite,05.AB.05
Fluorite,03.AB.25
Calcite,05.AB.05
Calcite,05.AB.05
Calcite,05.AB.05
Calcite,05.AB.05
Calcite,05.AB.05
Fluorite,03.AB.25
Fluorite,03.AB.25
Orthose,
Opale,
Calcédoine,
Calcédoine,
Malachite,05.BA.10
Cuivre,01.AA.05
Calcite,05.AB.05
Calcite,05.AB.05
Talc Stéatite,
Arsénopyrite,02.EB.20
Talc,09.EC.05
Calcite,05.AB.05
Cuivre natif,
Quartz,04.DA.05
Calcite,05.AB.05
Calcite,05.AB.05
Calcite,05.AB.05
Calcite,05.AB.05
Calcite,05.AB.05
Calcite,05.AB.05
Calcite,05.AB.05
Calcite,05.AB.05
Goethite,04.FD.10
Goethite,04.FD.10
Smithsonite,05.AB.05
Talc,09.EC.05
Anhydrite,07.AD.30
Cérusite,
Quartz,04.DA.05
Clinochlore Fe,
Malachite,05.BA.10
Azurite,05.BA.05
Calcite,05.AB.05
Talc Stéatite,
Quartz,04.DA.05
Quartz,04.DA.05
Calcédoine,
Calcite,05.AB.05
Limonite,
Quartz,04.DA.05
Serpentine,
Cassitérite,04.DB.05
Kaolinite,09.ED.05
Hornblende,
Argentite,02.BA.30a
Meyerhofférite,06.CA.30
Topaze,
Calcite,05.AB.05
Calcite,05.AB.05
Hématite,04.CB.05
Pyrolusite,04.DB.05
Cassitérite,04.DB.05
Quartz,04.DA.05
Pyrolusite,04.DB.05
Quartz,04.DA.05
Quartz,04.DA.05
Barytine,
Quartz,04.DA.05
Quartz,04.DA.05
Calcite,05.AB.05
Quartz,04.DA.05
Célestine,07.AD.35
Quartz,04.DA.05
Célestine,07.AD.35
Célestine,07.AD.35
Quartz,04.DA.05
Calcite,05.AB.05
Diamant,01.CB.10a
Diamant,01.CB.10a
Diamant,01.CB.10a
Diamant,01.CB.10a
Diamant imitation,
Diamant,01.CB.10a
Diamant,01.CB.10a
Diamant,01.CB.10a
Diamant,01.CB.10a
Diamant,01.CB.10a
Diamant,01.CB.10a
Allemontite [pas une espèce],
Allemontite,
Allemontite,
Allemontite,
Antimoine,01.CA.05
Antimoine,01.CA.05
Antimoine,01.CA.05
Arsenic,01.CA.05
Arsenic,01.CA.05
Arsenic,01.CA.05
Arsenic,01.CA.05
Arsenic,01.CA.05
Arsenic,01.CA.05
Arsenic,01.CA.05
Arsenic,01.CA.05
Arsenic,01.CA.05
Arsenic,01.CA.05
Arsensulfurite [pas une espèce],
Stibarsenic,
Bismuth,01.CA.05
Bismuth,01.CA.05
Bismuth,01.CA.05
Bismuth,01.CA.05
Bismuth,01.CA.05
Bismuth,01.CA.05
Bismuth,01.CA.05
Bismuth,01.CA.05
Bismuth,01.CA.05
Bismuth,01.CA.05
Bismuth,01.CA.05
Bismuth,01.CA.05
Tellure,01.CC.10
Tellure,01.CC.10
Tellure,01.CC.10
Tellure,01.CC.10
Tellure,01.CC.10
Tellure,01.CC.10
Tellure,01.CC.10
Or,01.AA.05
Or,01.AA.05
Or,01.AA.05
Or,01.AA.05
Or,01.AA.05
Or,01.AA.05
Or,01.AA.05
Or,01.AA.05
Or,01.AA.05
Or,01.AA.05
Or,01.AA.05
Or,01.AA.05
Or,01.AA.05
Or (moulage) imitation,
Or,01.AA.05
Or,01.AA.05
Or,01.AA.05
Or,01.AA.05
Or,01.AA.05
Or,01.AA.05
Or,01.AA.05
Or,01.AA.05
Or,01.AA.05
Or,01.AA.05
Or,01.AA.05
Or,01.AA.05
Or,01.AA.05
Or,01.AA.05
Or,01.AA.05
Or,01.AA.05
Or,01.AA.05
Or,01.AA.05
Or,01.AA.05
Or,01.AA.05
Or,01.AA.05
Or,01.AA.05
Or,01.AA.05
Or,01.AA.05
Or,01.AA.05
Or,01.AA.05
Or,01.AA.05
Or,01.AA.05
Or,01.AA.05
Or,01.AA.05
Or,01.AA.05
Or,01.AA.05
Or,01.AA.05
Iridium,
Iridium,
Argent,01.AA.05
Argent,01.AA.05
Argent,01.AA.05
Argent,01.AA.05
Argent,01.AA.05
Argent,01.AA.05
Argent,01.AA.05
Argent,01.AA.05
Argent,01.AA.05
Argent,01.AA.05
Argent,01.AA.05
Argent,01.AA.05
Argent,01.AA.05
Argent,01.AA.05
Argent,01.AA.05
Argent,01.AA.05
Argent,01.AA.05
Argent,01.AA.05
Argent,01.AA.05
Argent,01.AA.05
Argent,01.AA.05
Argent,01.AA.05
Argent,01.AA.05
Argent,01.AA.05
Argent,01.AA.05
Argent,01.AA.05
Argent,01.AA.05
Argent,01.AA.05
Argent,01.AA.05
Argent,01.AA.05
Argent,01.AA.05
Argent/cuivre,
Electrum [pas une espèce],
Electrum,
Cuivre,01.AA.05
Cuivre,01.AA.05
Cuivre,01.AA.05
Cuivre,01.AA.05
Cuivre,01.AA.05
Cuivre,01.AA.05
Cuivre,01.AA.05
Cuivre,01.AA.05
Cuivre,01.AA.05
Cuivre,01.AA.05
Cuivre,01.AA.05
Cuivre,01.AA.05
Cuivre,01.AA.05
Cuivre,01.AA.05
Cuivre,01.AA.05
Cuivre,01.AA.05
Cuivre,01.AA.05
Cuivre,01.AA.05
Cuivre,01.AA.05
Cuivre,01.AA.05
Cuivre,01.AA.05
Cuivre,01.AA.05
Cuivre,01.AA.05
Cuivre,01.AA.05
Cuivre,01.AA.05
Cuivre,01.AA.05
Cuivre,01.AA.05
Cuivre,01.AA.05
Cuivre,01.AA.05
Cuivre,01.AA.05
Cuivre,01.AA.05
Cuivre,01.AA.05
Cuivre,01.AA.05
Cuivre,01.AA.05
Cuivre,01.AA.05
Cuivre,01.AA.05
Cuivre,01.AA.05
Cuivre,01.AA.05
Plomb,01.AA.05
Plomb,01.AA.05
Plomb,01.AA.05
Plomb,01.AA.05
Plomb,01.AA.05
Mercure,01.AD.05
Mercure,01.AD.05
Amalgame [pas une espèce],
Amalgame,01.AD.00
Amalgame,01.AD.00
Amalgame,01.AD.00
Amalgame,01.AD.00
Amalgame,01.AD.00
Amalgame,01.AD.00
Amalgame,01.AD.00
Amalgame,01.AD.00
Amalgame,01.AD.00
Amalgame,01.AD.00
Osmium,
Osmium,
Platine,01.AF.10
Platine,01.AF.10
Platine,01.AF.10
Platine,01.AF.10
Platine,01.AF.10
Platine,01.AF.10
Platine,01.AF.10
Platine,01.AF.10
Platine,01.AF.10
Platine,01.AF.10
Fer,01.AE.05
Fer,01.AE.05
Fer,01.AE.05
Pyrrhotine,
Fer,01.AE.05
Fer,01.AE.05
Fer,01.AE.05
Awaruite,
Awaruite,
Awaruite,
Iodargyrite,03.AA.10
Iodargyrite,03.AA.10
Iodargyrite,03.AA.10
Iodargyrite,03.AA.10
Iodargyrite,03.AA.10
Villiaumite,03.AA.20
Villiaumite,03.AA.20
Halite,03.AA.20
Halite,03.AA.20
Halite,03.AA.20
Halite,03.AA.20
Halite,03.AA.20
Halite,03.AA.20
Halite,03.AA.20
Halite,03.AA.20
Halite,03.AA.20
Halite,03.AA.20
Halite,03.AA.20
Halite,03.AA.20
Halite,03.AA.20
Halite,03.AA.20
Halite,03.AA.20
Halite,03.AA.20
Halite,03.AA.20
Halite,03.AA.20
Halite,03.AA.20
Halite,03.AA.20
Halite,03.AA.20
Halite,03.AA.20
Halite,03.AA.20
Halite,03.AA.20
Halite,03.AA.20
Halite,03.AA.20
Halite,03.AA.20
Halite,03.AA.20
Halite,03.AA.20
Halite,03.AA.20
Halite,03.AA.20
Halite,03.AA.20
Halite,03.AA.20
Sylvine,
Sylvine,
Chlorargyrite,03.AA.15
Chlorargyrite,03.AA.15
Chlorargyrite,03.AA.15
Chlorargyrite,03.AA.15
Chlorargyrite,03.AA.15
Chlorargyrite,03.AA.15
Chlorargyrite,03.AA.15
Bromargyrite,03.AA.15
Bromian Chlorargyrite / Chlorian Bromargyrite,
Bromian Chlorargyrite / Chlorian Bromargyrite,
Bromian Chlorargyrite / Chlorian Bromargyrite,
Bromian Chlorargyrite / Chlorian Bromargyrite,
Bromian Chlorargyrite / Chlorian Bromargyrite,
Bromargyrite,03.AA.15
Sal ammoniac,
Sal ammoniac,
Sal ammoniac,
Sal ammoniac,
Sal ammoniac,
Calomel,03.AA.30
Calomel,03.AA.30
Calomel,03.AA.30
Calomel,03.AA.30
Fluorite,03.AB.25
Fluorite,03.AB.25
Fluorite,03.AB.25
Fluorite,03.AB.25
Fluorite,03.AB.25
Fluorite,03.AB.25
Fluorite,03.AB.25
Fluorite,03.AB.25
Fluorite,03.AB.25
Fluorite,03.AB.25
Fluorite,03.AB.25
Fluorite,03.AB.25
Fluorite,03.AB.25
Fluorite,03.AB.25
Fluorite,03.AB.25
Fluorite,03.AB.25
Fluorite,03.AB.25
Fluorite,03.AB.25
Fluorite,03.AB.25
Fluorite,03.AB.25
Fluorite,03.AB.25
Fluorite,03.AB.25
Fluorite,03.AB.25
Fluorite,03.AB.25
Fluorite,
Fluorite,
Fluorite,
Fluorite,
Fluorite,
Fluorite,
Fluorite,
Fluorite,
Fluorite,
Fluorite,03.AB.25
Fluorite,
Fluorite,03.AB.25
Fluorite,
Fluorite,
Fluorite,03.AB.25
Fluorite,
Fluorite,
Fluorite,
Fluorite,
Fluorite,
Fluorite,
Fluorite,
Fluorite,
Fluorite,
Fluorite,
Fluorite,
Fluorite,
Fluorite,
Fluorite,
Fluorite,
Fluorite,
Fluorite,
Fluorite,
Fluorite,
Fluorite,
Fluorite,
Fluorine,
Fluorite,
Fluorine,
Fluorite,03.AB.25
Fluorite,03.AB.25
Fluorite,03.AB.25
Fluorite,
Fluorine,
Fluorite,
Fluorite,
Fluorite,
Fluorite,
Fluorite,
Fluorite,
Fluorite,
Fluorine,
Fluorine,
Fluorine,
Fluorine,
Fluorine,
Fluorite,
Fluorite,03.AB.25
Fluorine,
Fluorine,
Fluorine,
Fluorite,
Fluorite,03.AB.25
Fluorite,
Fluorine,
Fluorine,
Fluorine,
Fluorine,
Fluorine,
Fluorite,
Fluorine,
Fluorite,
Fluorite,
Fluorite,
Fluorine,
Fluorine,
Fluorite,
Fluorite,
Fluorite,
Fluorite,
Fluorine,
Fluorine,
Fluorite,03.AB.25
Fluorine,
Fluorite,
Fluorite,
Fluorite,03.AB.25
Fluorite,
Fluorite,
Fluorite,03.AB.25
Fluorite,
Fluorite,03.AB.25
Fluorite,
Fluorite,
Fluorite,03.AB.25
Fluorine,
Fluorine,
Fluorite,
Fluorite,
Fluorine,
Fluorine,
Fluorine,
Fluorite,03.AB.25
Fluorite,03.AB.25
Fluorine,
Fluorine,
Fluorine,
Fluorine,
Fluorine,
Fluorine,
Fluorite,03.AB.25
Fluorine,
Fluorine,
Fluorine,
Fluorite,03.AB.25
Fluorine,
Fluorine,
Fluorine,
Fluorine,
Fluorine,
Fluorine,
Fluorine,
Fluorine,
Fluorine,
Fluorine,
Fluorine,
Fluorite,
Yttrofluorine,
Yttrocerite [pas une espèce],
Fluocerite,03.AC.15
Molysite,03.AC.10
Fluellite,08.DE.10
Avogadrite,03.CA.10
Prosopite,03.CD.10
Cryolithionite,03.CB.05
Cryolite,03.CB.15
Cryolite,03.CB.15
Gearksuttite,
Creedite,03.CG.15
Thomsenolite,03.CB.40
Thomsenolite,03.CB.40
Pachnolite,03.CB.40
Pachnolite,03.CB.40
Hydrokenoralstonite,
Fluorine,
Rinneite,03.CJ.05
Carnallite,03.BA.10
Carnallite,03.BA.10
Carnallite,03.BA.10
Tachyhydrite,03.BB.35
Koenenite,03.BD.25
Atacamite,03.DA.10a
Atacamite,03.DA.10a
Atacamite,03.DA.10a
Atacamite,03.DA.10a
Atacamite,03.DA.10a
Atacamite,03.DA.10a
Atacamite,03.DA.10a
Atacamite,03.DA.10a
Atacamite,03.DA.10a
Atacamite,03.DA.10a
Atacamite,03.DA.10a
Atacamite,03.DA.10a
Atacamite,03.DA.10a
Atacamite,03.DA.10a
Atacamite,03.DA.10a
Atacamite,03.DA.10a
Connelite,
Kleinite,03.DD.35
Boleite,03.DB.15
Boleite,03.DB.15
Boleite,03.DB.15
Cumengeite,
Cumengeite,
Cotunnite,03.DC.85
Cotunnite,03.DC.85
Cotunnite,03.DC.85
Matlockite,03.DC.25
Matlockite,03.DC.25
Matlockite,03.DC.25
Matlockite,03.DC.25
Daubréeite,03.DC.25
Mendipite,03.DC.70
Nadorite,03.DC.30
Nadorite,03.DC.30
Nadorite,03.DC.30
Nadorite,03.DC.30
Nadorite,03.DC.30
Ecdemite,03.DC.65
Ecdemite,03.DC.65
Algodonite,02.AA.10a
Algodonite,02.AA.10a
Domeykite,02.AA.10b
Domeykite,02.AA.10b
Domeykite,02.AA.10b
Huntilite pas un espèce minéral,
Dyscrasite,02.AA.35
Dyscrasite,02.AA.35
Dyscrasite,02.AA.35
Dyscrasite,02.AA.35
Maucherite,02.AB.15
Chalcosine,
Chalcosine,
Chalcosine,
Chalcosine,
Chalcosine,
Chalcosine,
Chalcosine,
Chalcosine,
Chalcosine,
Chalcosine,
Chalcosine,
Chalcosine,
Chalcosine,
Chalcosine,
Chalcosine,
Chalcosine,
Chalcosine,
Chalcosine,
Chalcosine,
Berzelianite,02.BA.15a
Crookesite,02.BD.50
Berzelianite,02.BA.15a
Berzelianite,02.BA.15a
Digenite,02.BA.05e
Digenite,02.BA.05e
Bornite,02.BA.10
Bornite,02.BA.10
Bornite,02.BA.10
Bornite,02.BA.10
Bornite,02.BA.10
Bornite,02.BA.10
Bornite,02.BA.10
Bornite,02.BA.10
Bornite,02.BA.10
Bornite,02.BA.10
Bornite,02.BA.10
Acanthite,02.BA.30a
Acanthite,02.BA.30a
Argentite,02.BA.30a
Argentite,02.BA.30a
Argentite,02.BA.30a
Argentite,02.BA.30a
Argentite,02.BA.30a
Argentite,02.BA.30a
Argentite,02.BA.30a
Argentite,02.BA.30a
Argentite,02.BA.30a
Argentite,02.BA.30a
Argentite,02.BA.30a
Argentite = Argyrose,
Argentite,02.BA.30a
Argentite,02.BA.30a
Naumannite,02.BA.30b
Hessite,02.BA.30c
Hessite,02.BA.30c
Hessite,02.BA.30c
Hessite,02.BA.30c
Petzite,02.BA.40a
Petzite,02.BA.40a
Aguilarite,02.BA.30b
Argyrodite,02.BA.35
Argyrodite,02.BA.35
Stromeyerite,02.BA.25a
Stromeyerite,02.BA.25a
Heazlewoodite,02.BB.05
Pentlandite,02.BB.15a
Pentlandite,02.BB.15a
Pentlandite,02.BB.15a
Pentlandite,02.BB.15a
Hauchecornite,02.BB.10
Sphalérite Blende,
Sphalérite,02.CB.05a
Sphalérite,02.CB.05a
Sphalérite,02.CB.05a
Sphalérite,02.CB.05a
Sphalérite,02.CB.05a
Sphalérite,02.CB.05a
Sphalérite,02.CB.05a
Sphalérite,02.CB.05a
Sphalérite,02.CB.05a
Sphalérite,02.CB.05a
Sphalérite,02.CB.05a
Sphalérite,02.CB.05a
Sphalérite,02.CB.05a
Sphalérite,02.CB.05a
Sphalérite,02.CB.05a
Sphalérite,02.CB.05a
Sphalérite,02.CB.05a
Sphalérite,02.CB.05a
Sphalérite,02.CB.05a
Sphalérite,02.CB.05a
Sphalérite,02.CB.05a
Sphalérite,02.CB.05a
Sphalérite,02.CB.05a
Sphalérite,02.CB.05a
Sphalérite,02.CB.05a
Sphalérite,02.CB.05a
Sphalérite,02.CB.05a
Calcédoine,
Barytine,
Fluorine,
Marcasite,02.EB.10a
Barytine,
Dolomite,05.AB.10
Barytine,
Barytine,
Calcite,05.AB.05
Fluorine,
Calcite,05.AB.05
Barytine,
Quartz,04.DA.05
Barytine,
Calcite,05.AB.05
Fluorine,
Barytine,
Barytine,
Barytine,
Barytine,
Calcite,05.AB.05
Calcite,05.AB.05
Fluorine,
Barytine,
Barytine,
Quartz,04.DA.05
Fluorine,
Barytine,
Calcite,05.AB.05
Barytine,
Calcite,05.AB.05
Fluorite,
Quartz,04.DA.05
Calcite,05.AB.05
Calcite,05.AB.05
Fluorine,
Fluorine,
Fluorine,
Fluorine,
Fluorine,
Fluorine,
Fluorine,
Fluorine,
Pyrite,02.EB.05a
Fluorine,
Fluorite,
Fluorite,
Fluorite,03.AB.25
Fluorite,03.AB.25
Fluorite,03.AB.25
Fluorite,03.AB.25
Quartz,04.DA.05
Fluorite,03.AB.25
Fluorite,03.AB.25
Fluorite,03.AB.25
Fluorite,03.AB.25
Quartz,04.DA.05
Fluorite,03.AB.25
Fluorite,03.AB.25
Fluorite,03.AB.25
Fluorite,03.AB.25
Fluorite,03.AB.25
Fluorite,03.AB.25
Fluorite,03.AB.25
Fluorite,03.AB.25
Quartz,04.DA.05
Fluorite,03.AB.25
Fluorite,03.AB.25
Fluorite,03.AB.25
Fluorite,03.AB.25
Fluorite,03.AB.25
Fluorite,03.AB.25
Barytine,
Autunite,08.EB.05
Torbernite,08.EB.05
Torbernite,08.EB.05
Uranophane,
Torbernite,08.EB.05
Bétafite,04.DH.15
Dewindtite,08.EC.10
Prixite [pas une espèce],
Uranophane,
Francevillite,04.HB.15
Sklodowskite,09.AK.10
Kasolite,09.AK.15
Cuprosklodowskite,09.AK.10
Carnotite,04.HB.05
Métatyuyamunite,04.HB.25
Masuyite,04.GB.35
Becquerelite,04.GB.10
Soddyite,09.AK.05
Vandenbrandéite,04.GB.45
Vandenbrandéite,04.GB.45
Kasolite,09.AK.15
Guilleminite,04.JJ.10
Métatyuyamunite,04.HB.25
Uraninite,04.DL.05
Kasolite,09.AK.15
Schoepite,04.GA.05
Sklodowskite,09.AK.10
Curite,04.GB.55
Becquerelite,04.GB.10
Curite,04.GB.55
Carnotite,04.HB.05
Torbernite,08.EB.05
Zeunerite,08.EB.05
Uranophane,
Torbernite,08.EB.05
Gummite [pas une espèce] minéral,
Autunite,08.EB.05
Hibonite,04.CC.45
Thorianite,04.DL.05
Torbernite,08.EB.05
Autunite,08.EB.05
Autunite,08.EB.05
Autunite,08.EB.05
Torbernite,08.EB.05
Dewindtite,08.EC.10
Calcite,05.AB.05
Azurite,05.BA.05
Clinozoisite,09.BG.05a
Pyromorphite,08.BN.05
Titanite,
Arsenic,01.CA.05
Datolite,09.AJ.20
Augite,09.DA.15
Azurite,05.BA.05
Fluorite,03.AB.25
Stibnite,02.DB.05a
Ludwigite,06.AB.30
Anglésite,07.AD.35
Fluorite,03.AB.25
Vésuvianite,09.BG.35
Vaterite,05.AB.20
Grenat,
Vésuvianite,09.BG.35
Dawsonite,05.BB.10
Hématite,04.CB.05
Magnétite,04.BB.05
Azurite,05.BA.05
Rutile,04.DB.05
Arsénopyrite,02.EB.20
Calcédoine Chrysoprase,
Quartz,04.DA.05
Orpiment,02.FA.30
Réalgar,02.FA.15a
Tourmaline,
Molybdénite,02.EA.30
Azurite,05.BA.05
Dioptase,09.CJ.30
Gypse,
Perovskite,04.CC.30
Bournonite,02.GA.50
Dioptase,09.CJ.30
Linarite,07.BC.65
Cuivre natif,
Skutterudite,02.EC.05
Azurite,05.BA.05
Babingtonite,09.DK.05
Cuprite,04.AA.10
Cassitérite,04.DB.05
Sénégalite,08.DE.05
Calcite,05.AB.05
Libethenite,08.BB.30
Tourmaline,
Rhodochrosite,05.AB.05
Grenat,
Pyrite,02.EB.05a
Pyrite,02.EB.05a
Barytine,
Quartz,04.DA.05
Quartz,04.DA.05
Andradite,09.AD.25
Gypse,
Pseudobrookite,04.CB.15
Muscovite F,
Perovskite,04.CC.30
Fluorapatite,
Calcite,05.AB.05
Azurite,05.BA.05
Diopside,09.DA.15
Millérite,02.CC.20
Anatase,04.DD.05
Pyromorphite,08.BN.05
Pyrargyrite,02.GA.05
Proustite,02.GA.05
Pyrite,02.EB.05a
Inesite,09.DL.05
Quartz,04.DA.05
Fluorite,03.AB.25
Quartz,04.DA.05
Cérusite,
Manganite,04.FD.15
Hübnerite,04.DB.30
Quartz,04.DA.05
Wulfénite,07.GA.05
Apatite,08.BN.05
Dolomite,05.AB.10
Quartz,04.DA.05
Quartz,04.DA.05
Boulangérite et pyrite,
Sphalérite,02.CB.05a
Sphalérite,02.CB.05a
Quartz,04.DA.05
Barytine,
Azurite,05.BA.05
Tourmaline,
Wulfénite,07.GA.05
Stilbite,09.GE.10
Quartz,04.DA.05
Quartz,04.DA.05
Lazulite,08.BB.40
Quartz,04.DA.05
Quartz,04.DA.05
Apatite,08.BN.05
Quartz,04.DA.05
Quartz,04.DA.05
Quartz,04.DA.05
Malachite,05.BA.10
Quartz,04.DA.05
Barytine,
Wulfénite,07.GA.05
Axinite,09.BD.20
Hübnerite,04.DB.30
Siderite,05.AB.05
Phlogopite,09.EC.20
Epidote,09.BG.05a
Fluorite,03.AB.25
Calcite,05.AB.05
Duftite,08.BH.35
Tétraèdrite,
Cuivre natif,
Duftite,08.BH.35
Béryl,09.CJ.05
Malachite,05.BA.10
Muscovite,09.EC.15
Roselite,08.CG.10
Spinelle,
Colemanite,06.CB.10
Magnétite,04.BB.05
Calcite,05.AB.05
Brochantite,07.BB.25
Galène,
Crandallite,08.BL.10
Azurite,05.BA.05
Quartz,04.DA.05
Aragonite,05.AB.15
Quartz,04.DA.05
Chlorite,
Barytine,
Quartz,04.DA.05
Quartz,04.DA.05
Natrolite,09.GA.05
Pyrite,02.EB.05a
Quartz,04.DA.05
Stilbite,09.GE.10
Quartz,04.DA.05
Quartz,04.DA.05
Dolomite,05.AB.10
Célestine,07.AD.35
Sidérite,05.AB.05
Ilvaïte,09.BE.07
Rutile,04.DB.05
Quartz,04.DA.05
Quartz,04.DA.05
Fluorine,
Fluorite,
Fluorine,
Fluorine,
Fluorine,
Fluorite,
Fluorite,03.AB.25
Fluorite,
Fluorite,
Fluorite,03.AB.25
Barytine,
Barytine,
Barytine,
Barytine,
Barytine,
Pyrite,02.EB.05a
Tourmaline,
Calcite,05.AB.05
Almandin,
Quartz,04.DA.05
Gypse,
Calcédoine,
Quartz,04.DA.05
Quartz,04.DA.05
Kyanite Disthène,
Apatite,08.BN.05
Célestine,07.AD.35
Epidote,09.BG.05a
Célestine,07.AD.35
Célestine,07.AD.35
Célestine,07.AD.35
Goethite,04.FD.10
Marcasite,02.EB.10a
Quartz,04.DA.05
Pyrite,02.EB.05a
Pyrophyllite,09.EC.10
Marcasite,02.EB.10a
Phlogopite,09.EC.20
Danburite,09.FA.65
Tincalconite,06.DA.15
Hornblende (Byssolite),
Célestine,07.AD.35
Gypse,
Mimétite,08.BN.05
Calcite,05.AB.05
Goethite,04.FD.10
Enargite,02.KA.05
Quartz,04.DA.05
Posnjakite,07.DD.10
Quartz,04.DA.05
Vanadinite,08.BN.05
Quartz,04.DA.05
Quartz,04.DA.05
Hémimorphite,09.BD.10
Pyrite,02.EB.05a
Azurite,05.BA.05
Sphalérite,02.CB.05a
Variscite,08.CD.10
Molybdénite,02.EA.30
Quartz,04.DA.05
Sidérite,05.AB.05
Annabergite,08.CE.40
Sphalérite,02.CB.05a
Gypse,
Quartz,04.DA.05
Barytine,
Fluorite,03.AB.25
Fluorite,03.AB.25
Fluorite recouvert de Quartz,
Barytine,
Fluorite,03.AB.25
Fluorite,03.AB.25
Gypse,
Quartz,04.DA.05
Pyrite,02.EB.05a
Quartz,04.DA.05
Hémimorphite,09.BD.10
Tourmaline,
Erythrite,08.CE.40
Calcite,05.AB.05
Pyrite,02.EB.05a
Weloganite,05.CC.05
Artinite,05.DA.10
Staurotide,
Pyromorphite Polysphérite,
Wulfénite,07.GA.05
Spinelle,
Barytine,
Aragonite,05.AB.15
Hématite,04.CB.05
Albite,09.FA.35
Tourmaline,
Manganite,04.FD.15
Smithsonite,05.AB.05
Rhodochrosite,05.AB.05
Wolframite,04.DB.30
Grossulaire,
Siderite,05.AB.05
Phlogopite,09.EC.20
Wulfénite,07.GA.05
Cérusite,
Epidote,09.BG.05a
Quartz,04.DA.05
Aragonite,05.AB.15
Pyrite,02.EB.05a
Jamesonite,02.HB.15
Neptunite,09.EH.05
Topaze,
Enargite,02.KA.05
Barytine,
Tétraèdrite,
Pyrrhotine,
Calcite,05.AB.05
Erythrite,08.CE.40
Scheelite,07.GA.05
Almandin,
Cérusite,
Calcite,05.AB.05
Andradite,09.AD.25
Réalgar,02.FA.15a
Quartz,04.DA.05
Axinite,09.BD.20
Calcite,05.AB.05
Calcite,05.AB.05
Apophyllite,09.EA.15
Rhodochrosite,05.AB.05
Wavellite,08.DC.50
Lazulite,08.BB.40
Canavesite,06.HA.50
Calcite,05.AB.05
Fluorite,03.AB.25
Quartz,04.DA.05
Azurite,05.BA.05
Pyrite,02.EB.05a
Stichtite,05.DA.50
Cérusite,
Sidérite,05.AB.05
Calcite,05.AB.05
Calcite,05.AB.05
Ilménite,04.CB.05
Grossulaire,
Quartz,04.DA.05
Quartz,04.DA.05
Sphalérite,02.CB.05a
Cérusite,
Grossulaire,
Picropharmacolite,08.CH.15
Epidote,09.BG.05a
Barytine,
Quartz,04.DA.05
Scapolite,09.FB.15
Stilbite,09.GE.10
Fornacite,07.FC.10
Dolomite,05.AB.10
Vanadinite,08.BN.05
Adamite,08.BB.30
Rhodochrosite,05.AB.05
Apophyllite,09.EA.15
Tacharanite,09.HA.75
Cornetite,08.BE.15
Gyrolite,09.EE.30
Hématite,04.CB.05
Apophyllite,09.EA.15
Quartz,04.DA.05
Leucite,09.GB.05
Proustite,02.GA.05
Quartz,04.DA.05
Rutile,04.DB.05
Hématite,04.CB.05
Calcite,05.AB.05
Tourmaline,
Calcédoine,
Quartz,04.DA.05
Cérusite,
Pyromorphite,08.BN.05
Hémimorphite,09.BD.10
Datolite,09.AJ.20
Malachite,05.BA.10
Bournonite,02.GA.50
Mimetite,08.BN.05
Mercure natif,
Crocoïse,
Smithsonite,05.AB.05
Vésuvianite,09.BG.35
Quartz,04.DA.05
Calcite,05.AB.05
Gypse,
Natrolite,09.GA.05
Asbeste,
Wulfenite,07.GA.05
Mottramite,08.BH.40
Smithsonite,05.AB.05
Dolomite,05.AB.10
Barytine,
Ludlamite,08.CD.20
Rhodochrosite,05.AB.05
Célestine,07.AD.35
Calcite,05.AB.05
Sidérite,05.AB.05
Tourmaline,
Rhodochrosite,05.AB.05
Calcite,05.AB.05
Analcime,09.GB.05
Mélanophlogite,04.DA.25
Pyrite,02.EB.05a
Vermiculite,09.EC.50
Dolomite,05.AB.10
Marcasite,02.EB.10a
Almandin,
Hématite,04.CB.05
Gypse,
Gypse,
Crocoïse,
Bismuthinite,02.DB.05a
Brewsterite,09.GE.20
Rhodochrosite,05.AB.05
Jarosite,07.BC.10
Boléite,03.DB.15
Weloganite,05.CC.05
Barytine,
Calcite,05.AB.05
Ardennite,09.BJ.40
Carpholite,09.DB.05
Calcite,05.AB.05
Fluorite,03.AB.25
Calcite,05.AB.05
Calcédoine,
Pyrite,02.EB.05a
Calcite,05.AB.05
Fluorite,
Gypse,
Quartz,04.DA.05
Fluorite,
Serpentine,
Apophyllite,09.EA.15
Quartz,04.DA.05
Calcite,05.AB.05
Tourmaline,
Calcite,05.AB.05
Fluorite,
Calcite,05.AB.05
Quartz,04.DA.05
Gypse,
Azurite,05.BA.05
Cérusite,
Cyanotrichite,07.DE.10
Azurite,05.BA.05
Azurite,05.BA.05
Malachite,05.BA.10
Lavendulane,
Cyanotrichite,07.DE.10
Brochantite,07.BB.25
Wad,
Adamite,08.BB.30
Olivénite,08.BB.30
Malachite,05.BA.10
Olivénite,08.BB.30
Azurite,05.BA.05
Cyanotrichite,07.DE.10
Cornwallite,08.BD.05
Lavendulane,
Mimétite,08.BN.05
Azurite,05.BA.05
Malachite,05.BA.10
Azurite,05.BA.05
Arsenogoyazite,08.BL.10
Parnauite,08.DF.35
Duftite,08.BH.35
Azurite,05.BA.05
Cyanotrichite,07.DE.10
Parnauite,08.DF.35
Malachite,05.BA.10
Olivénite,08.BB.30
Mimétite,08.BN.05
Azurite,05.BA.05
Barytine,
Azurite,05.BA.05
Cyanotrichite,07.DE.10
Azurite,05.BA.05
Azurite,05.BA.05
Adamite,08.BB.30
Malachite,05.BA.10
Brochantite,07.BB.25
Barytine,
Barytine,
Azurite,05.BA.05
Azurite,05.BA.05
Azurite,05.BA.05
Olivénite,08.BB.30
Olivénite,08.BB.30
Dundasite,05.DB.10
Cyanotrichite,07.DE.10
Azurite,05.BA.05
Brochantite,07.BB.25
Azurite,05.BA.05
Brochantite,07.BB.25
Azurite,05.BA.05
Mimétite,08.BN.05
Olivénite,08.BB.30
Azurite,05.BA.05
Olivénite,08.BB.30
Chalcophyllite,08.DF.30
Azurite,05.BA.05
Malachite,05.BA.10
Ceruleite,08.DE.25
Pharmacosidérite,08.DK.10
Carminite,08.BH.30
Azurite,05.BA.05
Cérusite,
Olivénite,08.BB.30
Malachite,05.BA.10
Carminite,08.BH.30
Parnauite,08.DF.35
Azurite,05.BA.05
Olivénite,08.BB.30
Barytine,
Adamite,08.BB.30
Azurite,05.BA.05
Azurite,05.BA.05
Azurite,05.BA.05
Cyanotrichite,07.DE.10
Azurite,05.BA.05
Malachite,05.BA.10
Cornwallite,08.BD.05
Chalcophyllite,08.DF.30
Mimétite,08.BN.05
Cyanotrichite,07.DE.10
Olivénite,08.BB.30
Brochantite,07.BB.25
Parnauite,08.DF.35
Azurite,05.BA.05
Duftite,08.BH.35
Cyanotrichite,07.DE.10
Zeunerite,08.EB.05
Azurite,05.BA.05
Carminite,08.BH.30
Mimétite,08.BN.05
Mixite,08.DL.15
Azurite,05.BA.05
Parnauite,08.DF.35
Malachite,05.BA.10
Cyanotrichite,07.DE.10
Mimétite,08.BN.05
Fluorite,
Anglésite,07.AD.35
Ardennite,09.BJ.40
Carpholite,09.DB.05
Diadochite,08.DB.05
Gypse,
Quartz,04.DA.05
Quartz,04.DA.05
Quartz,04.DA.05
Quartz,04.DA.05
Quartz,04.DA.05
Quartz,04.DA.05
Talc,09.EC.05
Pérovskite,04.CC.30
Rutile,04.DB.05
Calcite,05.AB.05
Calcite,05.AB.05
Calcite,05.AB.05
Cérusite,
Epidote,09.BG.05a
Sphalérite,02.CB.05a
Sphalérite,02.CB.05a
Sphalérite,02.CB.05a
Sphalérite,02.CB.05a
Sphalérite,02.CB.05a
Sphalérite,02.CB.05a
Sphalérite,02.CB.05a
Sphalérite,02.CB.05a
Sphalérite,02.CB.05a
Sphalérite,02.CB.05a
Sphalérite,02.CB.05a
Sphalérite,02.CB.05a
Sphalérite,02.CB.05a
Sphalérite,02.CB.05a
Sphalérite,02.CB.05a
Sphalérite,02.CB.05a
Sphalérite,02.CB.05a
Sphalérite,02.CB.05a
Sphalérite,02.CB.05a
Sphalérite,02.CB.05a
Sphalérite,02.CB.05a
Sphalérite,02.CB.05a
Sphalérite,02.CB.05a
Sphalérite,02.CB.05a
Sphalérite,02.CB.05a
Sphalérite,02.CB.05a
Sphalérite,02.CB.05a
Sphalérite,02.CB.05a
Sphalérite,02.CB.05a
Sphalérite,02.CB.05a
Sphalérite,02.CB.05a
Sphalérite,02.CB.05a
Sphalérite,02.CB.05a
Sphalérite,02.CB.05a
Sphalérite,02.CB.05a
Sphalérite,02.CB.05a
Sphalérite,02.CB.05a
Sphalérite,02.CB.05a
Sphalérite,02.CB.05a
Sphalérite,02.CB.05a
Sphalérite,02.CB.05a
Sphalérite,02.CB.05a
Sphalérite,02.CB.05a
Sphalérite,02.CB.05a
Sphalérite,02.CB.05a
Metacinabre,02.CB.05a
Metacinabre,02.CB.05a
Metacinabre,02.CB.05a
Tiemannite,02.CB.05a
Tiemannite,02.CB.05a
Coloradoite,02.CB.05a
Coloradoite,02.CB.05a
Lautite,02.CB.40
Lautite,02.CB.40
Luzonite,02.KA.10
Stannite,02.CB.15a
Stannite,02.CB.15a
Stannite,02.CB.15a
Stannite,02.CB.15a
Stannite,02.CB.15a
Stannite,02.CB.15a
Renierite,02.CB.35a
Renierite,02.CB.35a
Chalcopyrite,02.CB.10a
Chalcopyrite,02.CB.10a
Chalcopyrite,02.CB.10a
Chalcopyrite,02.CB.10a
Chalcopyrite,02.CB.10a
Chalcopyrite,02.CB.10a
Chalcopyrite,02.CB.10a
Chalcopyrite,02.CB.10a
Chalcopyrite,02.CB.10a
Chalcopyrite,02.CB.10a
Chalcopyrite,02.CB.10a
Chalcopyrite,02.CB.10a
Chalcopyrite,02.CB.10a
Chalcopyrite,02.CB.10a
Chalcopyrite,02.CB.10a
Chalcopyrite,02.CB.10a
Sphalérite,02.CB.05a
Sphalérite,02.CB.05a
Chalcopyrite,02.CB.10a
Chalcopyrite,02.CB.10a
Chalcopyrite,02.CB.10a
Chalcopyrite,02.CB.10a
Chalcopyrite,02.CB.10a
Chalcopyrite,02.CB.10a
Chalcopyrite,02.CB.10a
Chalcopyrite,02.CB.10a
Chalcopyrite,02.CB.10a
Chalcopyrite,02.CB.10a
Chalcopyrite,02.CB.10a
Chalcopyrite,02.CB.10a
Chalcopyrite,02.CB.10a
Lépidolite,09.EC.20
Chalcopyrite,02.CB.10a
Sulvanite,02.CB.70
Sulvanite,02.CB.70
Tennantite,02.GB.05
Tennantite,02.GB.05
Tennantite,02.GB.05
Tennantite,02.GB.05
Tennantite,02.GB.05
Tennantite,02.GB.05
Tennantite,02.GB.05
Tennantite,02.GB.05
Tennantite,02.GB.05
Tennantite,02.GB.05
Tennantite,02.GB.05
Tétraédrite,
Tétraèdrite,
Tétraèdrite,
Tétraèdrite,
Tétraèdrite,
Tétraèdrite,
Tétraèdrite,
Tétraèdrite,
Tétraèdrite,
Tétraédrite,
Tétraèdrite,
Tétraèdrite,
Tétraèdrite,
Tétraèdrite,
Tétraèdrite,
Tétraédrite,
Tétraèdrite,
Tétraédrite,
Tétraèdrite,
Tétraèdrite,
Tétraèdrite,
Tétraèdrite,
Tétraèdrite,
Tétraèdrite,
Tétraèdrite,
Germanite,02.CB.30
Germanite,02.CB.30
Wurtzite,02.CB.45
Wurtzite,02.CB.45
Wurtzite,02.CB.45
Wurtzite,02.CB.45
Wurtzite,02.CB.45
Wurtzite,02.CB.45
Greenockite,02.CB.45
Greenockite,02.CB.45
Greenockite,02.CB.45
Enargite,02.KA.05
Enargite,02.KA.05
Enargite,02.KA.05
Enargite,02.KA.05
Enargite,02.KA.05
Enargite,02.KA.05
Enargite,02.KA.05
Enargite,02.KA.05
Enargite,02.KA.05
Enargite,02.KA.05
Famatinite,02.KA.10
Sternbergite,02.CB.65
Sternbergite,02.CB.65
Sternbergite,02.CB.65
Pyrrhotine,
Pyrrhotine,
Pyrrhotine,
Pyrrhotine,
Pyrrhotine,
Pyrrhotite,02.CC.10
Pyrrhotine,
Pyrrhotine,
Pyrrhotine,
Pyrrhotine,
Pyrrhotine,
Pyrrhotine,
Pyrrhotine,
Pyrrhotite,02.CC.10
Pyrrhotine,
Pyrrhotine,
Pyrrhotine,
Pyrrhotine,
Pyrrhotine,
Pyrrhotine,
Pyrrhotine,
Nickeline,02.CC.05
Nickeline,02.CC.05
Nickeline,02.CC.05
Nickeline,02.CC.05
Nickeline,02.CC.05
Nickeline,02.CC.05
Nickéline,02.CC.05
Nickéline,02.CC.05
Troïlite,02.CC.10
Nickeline,02.CC.05
Nickeline,02.CC.05
Nickeline,02.CC.05
Nickeline,02.CC.05
Nickeline,02.CC.05
Nickeline,02.CC.05
Nickeline,02.CC.05
Nickeline,02.CC.05
Breithauptite,02.CC.05
Breithauptite,02.CC.05
Breithauptite,02.CC.05
Millerite,02.CC.20
Millerite,02.CC.20
Millerite,02.CC.20
Millerite,02.CC.20
Millerite,02.CC.20
Millerite,02.CC.20
Millerite,02.CC.20
Millerite,02.CC.20
Millerite,02.CC.20
Alabandine,
Alabandine,
Galène,
Galène,
Galène,
Galène,
Galène,
Galène,
Galène,
Galène,
Galène,
Galène,
Galène,
Galène,
Galène,
Galène,
Galène,
Galène,
Galène,
Galène,
Galène,
Galène,
Galène,
Galène,
Galène,
Galène,
Galène,
Galène,
Galène,
Galène,
Galène,
Galène,
Galène,
Galène,
Galène,
Galène,
Galène,
Galène,
Galène,
Galène,
Galène,
Galène,
Galène,
Galène,
Galène,
Galène,
Galène,
Galène,
Galène,
Galène,
Galène,
Galène,
Galène,
Galène,
Galène,
Galène,
Galène,
Galène,
Galène,
Galène,
Galène,
Galène,
Galène,
Galène,
Galène,
Galène,
Galène,
Galène,
Galène,
Galène,
Galène,
Galène,
Galène,
Clausthalite,02.CD.10
Clausthalite,02.CD.10
Clausthalite,02.CD.10
Clausthalite,02.CD.10
Clausthalite,02.CD.10
Altaite,02.CD.10
Altaite,02.CD.10
Altaite,02.CD.10
Altaite,02.CD.10
Miargyrite,02.HA.10
Miargyrite,02.HA.10
Teallite,02.CD.05
Teallite,02.CD.05
Franckeite,02.HF.25b
Franckeite,02.HF.25b
Franckeite,02.HF.25b
Franckeite,02.HF.25b
Cylindrite,02.HF.25a
Cylindrite,02.HF.25a
Cinabre,02.CD.15a
Cinabre,02.CD.15a
Cinabre,02.CD.15a
Cinabre,02.CD.15a
Cinabre,02.CD.15a
Cinabre,02.CD.15a
Cinabre,02.CD.15a
Cinabre,02.CD.15a
Cinabre,02.CD.15a
Cinabre,02.CD.15a
Cinabre,02.CD.15a
Cinabre,02.CD.15a
Cinabre,02.CD.15a
Cinabre,02.CD.15a
Cinabre,02.CD.15a
Cinabre,02.CD.15a
Cinabre,02.CD.15a
Cinabre,02.CD.15a
Cinabre,02.CD.15a
Cinabre,02.CD.15a
Cinabre,02.CD.15a
Cinabre,02.CD.15a
Cinabre,02.CD.15a
Cinabre,02.CD.15a
Cinabre,02.CD.15a
Cinabre,02.CD.15a
Cinabre,02.CD.15a
Cinabre,02.CD.15a
Cinabre,02.CD.15a
Covelline,
Covelline,
Covelline,
Covelline,
Covelline,
Covelline,
Covelline,
Covelline,
Covelline,
Valleriite,02.FD.30
Valleriite,02.FD.30
Linnaeite,
Linnaeite,
Linnaeite,
Siegenite,02.DA.05
Siegenite,02.DA.05
Siegenite,02.DA.05
Polydymite,02.DA.05
Carrollite,02.DA.05
Carrollite,02.DA.05
Carrollite,02.DA.05
Carrollite,02.DA.05
Stibnite,02.DB.05a
Stibnite,02.DB.05a
Stibnite,02.DB.05a
Stibnite,02.DB.05a
Stibnite,02.DB.05a
Stibnite,02.DB.05a
Stibnite,02.DB.05a
Stibnite,02.DB.05a
Stibnite,02.DB.05a
Stibnite,02.DB.05a
Stibnite,02.DB.05a
Stibnite,02.DB.05a
Stibnite,02.DB.05a
Stibnite,02.DB.05a
Stibnite,02.DB.05a
Stibnite,02.DB.05a
Stibnite,02.DB.05a
Stibnite,02.DB.05a
Stibnite,02.DB.05a
Stibnite,02.DB.05a
Stibnite,02.DB.05a
Stibnite,02.DB.05a
Stibnite,02.DB.05a
Stibnite,02.DB.05a
Stibnite,02.DB.05a
Stibnite,02.DB.05a
Stibnite,02.DB.05a
Stibnite,02.DB.05a
Stibnite,02.DB.05a
Stibnite,02.DB.05a
Bismuthinite,02.DB.05a
Bismuthinite,02.DB.05a
Bismuthinite,02.DB.05a
Bismuthinite,02.DB.05a
Bismuthinite,02.DB.05a
Bismuthinite,02.DB.05a
Bismuthinite,02.DB.05a
Bismuthinite,02.DB.05a
Telluro-Bismuthite,
Kermesite,02.FD.05
Kermesite,02.FD.05
Kermesite,02.FD.05
Kermesite,02.FD.05
Tétradymite,02.DC.05c
Tétradymite,02.DC.05c
Tétradymite,02.DC.05c
Tétradymite,02.DC.05c
Nagyagite,02.HB.20a
Nagyagite,02.HB.20a
Nagyagite,02.HB.20a
Nagyagite,02.HB.20a
Nagyagite,02.HB.20a
Nagyagite,02.HB.20a
Nagyagite,02.HB.20a
Sylvanite,02.EA.05
Sylvanite,02.EA.05
Sylvanite,02.EA.05
Sylvanite,02.EA.05
Sylvanite,02.EA.05
Sylvanite,02.EA.05
Sylvanite,02.EA.05
Sylvanite,02.EA.05
Krennerite,02.EA.15
Calaverite,02.EA.10
Calaverite,02.EA.10
Pyrite,02.EB.05a
Pyrite,02.EB.05a
Pyrite,02.EB.05a
Pyrite,02.EB.05a
Pyrite,02.EB.05a
Pyrite,02.EB.05a
Pyrite,02.EB.05a
Pyrite,02.EB.05a
Pyrite,02.EB.05a
Pyrite,02.EB.05a
Pyrite,02.EB.05a
Pyrite,02.EB.05a
Pyrite,02.EB.05a
Pyrite,02.EB.05a
Pyrite,02.EB.05a
Pyrite,02.EB.05a
Pyrite,02.EB.05a
Pyrite,02.EB.05a
Pyrite,02.EB.05a
Hématite,04.CB.05
Orthose,
Pyrite,02.EB.05a
Pyrite,02.EB.05a
Pyrite,02.EB.05a
Pyrite,02.EB.05a
Pyrite,02.EB.05a
Pyrite,02.EB.05a
Pyrite,02.EB.05a
Pyrite,02.EB.05a
Pyrite,02.EB.05a
Pyrite,02.EB.05a
Pyrite,02.EB.05a
Pyrite,02.EB.05a
Pyrite,02.EB.05a
Pyrite,02.EB.05a
Pyrite,02.EB.05a
Pyrite,02.EB.05a
Pyrite,02.EB.05a
Pyrite,02.EB.05a
Pyrite,02.EB.05a
Pyrite,02.EB.05a
Pyrite,02.EB.05a
Pyrite,02.EB.05a
Sphalérite,02.CB.05a
Pyrite,02.EB.05a
Pyrite,02.EB.05a
Pyrite,02.EB.05a
Pyrite,02.EB.05a
Pyrite,02.EB.05a
Pyrite,02.EB.05a
Pyrite,02.EB.05a
Pyrite,02.EB.05a
Pyrite,02.EB.05a
Pyrite,02.EB.05a
Pyrite,02.EB.05a
Pyrite,02.EB.05a
Pyrite,02.EB.05a
Pyrite,02.EB.05a
Pyrite,02.EB.05a
Pyrite,02.EB.05a
Pyrite,02.EB.05a
Pyrite,02.EB.05a
Pyrite,02.EB.05a
Pyrite,02.EB.05a
Pyrite,02.EB.05a
Pyrite,02.EB.05a
Pyrite,02.EB.05a
Pyrite,02.EB.05a
Pyrite,02.EB.05a
Pyrite,02.EB.05a
Pyrite,02.EB.05a
Pyrite,02.EB.05a
Pyrite,02.EB.05a
Pyrite,02.EB.05a
Pyrite,02.EB.05a
Pyrite,02.EB.05a
Pyrite,02.EB.05a
Pyrite,02.EB.05a
Pyrite,02.EB.05a
Pyrite,02.EB.05a
Pyrite,02.EB.05a
Pyrite,02.EB.05a
Pyrite,02.EB.05a
Pyrite,02.EB.05a
Pyrite,02.EB.05a
Pyrite,02.EB.05a
Pyrite,02.EB.05a
Pyrite,02.EB.05a
Pyrite,02.EB.05a
Pyrite,02.EB.05a
Cattierite,02.EB.05a
Cattierite,02.EB.05a
Vaesite,02.EB.05a
Vaesite,02.EB.05a
Vaesite,02.EB.05a
Hauerite,02.EB.05a
Hauerite,02.EB.05a
Hauerite,02.EB.05a
Hauerite,02.EB.05a
Hauerite,02.EB.05a
Sperrylite,02.EB.05a
Cobaltine,
Cobaltine,
Cobaltine,
Cobaltine,
Cobaltine,
Cobaltine,
Cobaltine,
Cuivre,01.AA.05
Pyrite,02.EB.05a
Cobaltine,
Cobaltine,
Cobaltine,
Cobaltine,
Cobaltine,
Gersdorffite,02.EB.25
Gersdorffite,02.EB.25
Gersdorffite,02.EB.25
Gersdorffite,02.EB.25
Ullmannite,02.EB.25
Ullmannite,02.EB.25
Ullmannite,02.EB.25
Ullmannite,02.EB.25
Marcasite,02.EB.10a
Marcasite,02.EB.10a
Marcasite,02.EB.10a
Marcasite,02.EB.10a
Marcasite,02.EB.10a
Marcasite,02.EB.10a
Marcasite,02.EB.10a
Marcasite,02.EB.10a
Marcasite,02.EB.10a
Marcasite,02.EB.10a
Marcasite,02.EB.10a
Marcasite,02.EB.10a
Marcasite,02.EB.10a
Marcasite,02.EB.10a
Marcasite,02.EB.10a
Marcasite,02.EB.10a
Marcasite,02.EB.10a
Marcasite,02.EB.10a
Marcasite,02.EB.10a
Marcasite,02.EB.10a
Loellingite,02.EB.15a
Loellingite,02.EB.15a
Loellingite,02.EB.15a
Loellingite,02.EB.15a
Loellingite,02.EB.15a
Loellingite,02.EB.15a
Safflorite,02.EB.15a
Safflorite,02.EB.15a
Safflorite,02.EB.15a
Safflorite,02.EB.15a
Rammelsbergite,02.EB.15a
Rammelsbergite,02.EB.15a
Rammelsbergite,02.EB.15a
Rammelsbergite,02.EB.15a
Pararammelsbergite,02.EB.10e
Arsenopyrite,02.EB.20
Arsenopyrite,02.EB.20
Arsenopyrite,02.EB.20
Arsenopyrite,02.EB.20
Arsenopyrite,02.EB.20
Arsénopyrite,02.EB.20
Arsénopyrite,02.EB.20
Arsénopyrite,02.EB.20
Arsénopyrite,02.EB.20
Arsénopyrite,02.EB.20
Arsénopyrite,02.EB.20
Arsénopyrite,02.EB.20
Arsénopyrite,02.EB.20
Arsénopyrite,02.EB.20
Arsénopyrite,02.EB.20
Arsénopyrite,02.EB.20
Arsénopyrite,02.EB.20
Arsénopyrite,02.EB.20
Arsénopyrite,02.EB.20
Arsénopyrite,02.EB.20
Arsénopyrite,02.EB.20
Glaucodot,02.EB.10c
Glaucodot,02.EB.10c
Glaucodot,02.EB.10c
Molybdenite,02.EA.30
Molybdenite,02.EA.30
Molybdenite,02.EA.30
Molybdenite,02.EA.30
Molybdenite,02.EA.30
Molybdenite,02.EA.30
Molybdenite,02.EA.30
Molybdenite,02.EA.30
Molybdenite,02.EA.30
Molybdenite,02.EA.30
Molybdenite,02.EA.30
Molybdenite,02.EA.30
Molybdenite,02.EA.30
Molybdénite,02.EA.30
Molybdénite,02.EA.30
Molybdénite,02.EA.30
Molybdénite,02.EA.30
Erythrite,08.CE.40
Skutterudite,02.EC.05
Skutterudite,02.EC.05
Skutterudite,02.EC.05
Skutterudite,02.EC.05
Skutterudite,02.EC.05
Skutterudite,02.EC.05
Skutterudite,02.EC.05
Skutterudite,02.EC.05
Skutterudite,02.EC.05
Skutterudite,02.EC.05
Skutterudite,02.EC.05
Skutterudite,02.EC.05
Skutterudite,02.EC.05
Skutterudite,02.EC.05
Skutterudite,02.EC.05
Skutterudite,02.EC.05
Skutterudite,02.EC.05
Skutterudite,02.EC.05
Skutterudite,02.EC.05
Nickel-skutterudite,
Nickel-skutterudite,
Nickel-skutterudite,
Nickel-skutterudite,
Imhofite,02.HD.30
Skutterudite,02.EC.05
Proustite,02.GA.05
Proustite,02.GA.05
Proustite,02.GA.05
Proustite,02.GA.05
Proustite,02.GA.05
Pyrargyrite,02.GA.05
Pyrargyrite,02.GA.05
Pyrargyrite,02.GA.05
Pyrargyrite,02.GA.05
Pyrargyrite,02.GA.05
Pyrargyrite,02.GA.05
Pyrargyrite,02.GA.05
Pyrargyrite,02.GA.05
Pyrargyrite,02.GA.05
Pyrargyrite,02.GA.05
Pyrargyrite,02.GA.05
Pyrargyrite,02.GA.05
Pyrargyrite,02.GA.05
Pyrargyrite,02.GA.05
Pyrostilpnite,02.GA.10
Chalcostibite,02.HA.05
Chalcostibite,02.HA.05
Emplectite,02.HA.05
Emplectite,02.HA.05
Wittichenite,02.GA.20
Wittichenite,02.GA.20
Berthierite,02.HA.20
Berthierite,02.HA.20
Berthierite,02.HA.20
Berthierite,02.HA.20
Berthierite,02.HA.20
Berthierite,02.HA.20
Smithite,02.GC.30
Stephanite,02.GB.10
Stephanite,02.GB.10
Stephanite,02.GB.10
Stephanite,02.GB.10
Stephanite,02.GB.10
Stephanite,02.GB.10
Polybasite,02.GB.15
Polybasite,02.GB.15
Polybasite,02.GB.15
Polybasite,02.GB.15
Lorandite,02.HD.05
Lorandite,02.HD.05
Vrbaite,02.HF.20
Livingstonite,02.HA.15
Bournonite,02.GA.50
Bournonite,02.GA.50
Bournonite,02.GA.50
Bournonite,02.GA.50
Bournonite,02.GA.50
Bournonite,02.GA.50
Bournonite,02.GA.50
Bournonite,02.GA.50
Bournonite,02.GA.50
Bournonite,02.GA.50
Bournonite,02.GA.50
Bournonite,02.GA.50
Bournonite,02.GA.50
Bournonite,02.GA.50
Bournonite,02.GA.50
Bournonite,02.GA.50
Bournonite,02.GA.50
Bournonite,02.GA.50
Bournonite,02.GA.50
Bournonite,02.GA.50
Bournonite,02.GA.50
Bournonite,02.GA.50
Bournonite,02.GA.50
Bournonite,02.GA.50
Aikinite,02.HB.05a
Aikinite,02.HB.05a
Hutchinsonite,02.HD.45
Hutchinsonite,02.HD.45
Hutchinsonite,02.HD.45
Hutchinsonite,02.HD.45
Freieslebenite,02.JB.15
Freieslebenite,02.JB.15
Diaphorite,02.JB.05
Schirmerite,02.JB.40d
Baumhauerite,02.HC.05b
Baumhauerite,02.HC.05b
Baumhauerite,02.HC.05b
Baumhauerite,02.HC.05b
Baumhauerite,02.HC.05b
Liveingite,02.HC.05c
Dufrenoysite,02.HC.05d
Dufrenoysite,02.HC.05d
Dufrenoysite,02.HC.05d
Dufrenoysite,02.HC.05d
Dufrenoysite,02.HC.05d
Dufrenoysite,02.HC.05d
Dufrenoysite,02.HC.05d
Lengenbachite,02.HF.30
Jordanite,02.JB.30a
Jordanite,02.JB.30a
Jordanite,02.JB.30a
Jordanite,02.JB.30a
Jordanite,02.JB.30a
Geocronite,02.JB.30a
Gratonite,02.JB.55
Zinkenite,02.JB.35a
Zinkenite,02.JB.35a
Zinkenite,02.JB.35a
Zinkenite,02.JB.35a
Plagionite,02.HC.10b
Plagionite,02.HC.10b
Plagionite,02.HC.10b
Plagionite,02.HC.10b
Heteromorphite,02.HC.10c
Heteromorphite,02.HC.10c
Heteromorphite,02.HC.10c
Jamesonite,02.HB.15
Jamesonite,02.HB.15
Jamesonite,02.HB.15
Jamesonite,02.HB.15
Semseyite,02.HC.10d
Semseyite,02.HC.10d
Boulangerite,02.HC.15
Boulangerite,02.HC.15
Boulangerite,02.HC.15
Boulangerite,02.HC.15
Boulangerite,02.HC.15
Boulangerite,02.HC.15
Boulangerite,02.HC.15
Calcite,05.AB.05
Boulangerite,02.HC.15
Boulangerite,02.HC.15
Meneghinite,02.HB.05b
Meneghinite,02.HB.05b
Ménéghinite,02.HB.05b
Galenobismuthite,
Galenobismuthite,
Galenobismuthite,
Cannizzarite,02.JB.20
Cosalite,02.JB.10
Cosalite,02.JB.10
Realgar,02.FA.15a
Realgar,02.FA.15a
Realgar,02.FA.15a
Realgar,02.FA.15a
Realgar,02.FA.15a
Realgar,02.FA.15a
Realgar,02.FA.15a
Realgar,02.FA.15a
Realgar,02.FA.15a
Realgar,02.FA.15a
Realgar,02.FA.15a
Realgar,02.FA.15a
Realgar,02.FA.15a
Realgar,02.FA.15a
Realgar,02.FA.15a
Realgar,02.FA.15a
Realgar,02.FA.15a
Realgar,02.FA.15a
Realgar,02.FA.15a
Realgar,02.FA.15a
Realgar,02.FA.15a
Orpiment,02.FA.30
Orpiment,02.FA.30
Orpiment,02.FA.30
Orpiment,02.FA.30
Orpiment,02.FA.30
Orpiment,02.FA.30
Orpiment,02.FA.30
Orpiment,02.FA.30
Orpiment,02.FA.30
Orpiment,02.FA.30
Orpiment,02.FA.30
Orpiment,02.FA.30
Fluorite,
Fluorite,
Fluorite,
Pyrite,02.EB.05a
Barytine,
Fluorite,
Hématite,04.CB.05
Stibnite,02.DB.05a
Gypse,
Fluorite,
Fluorite,
Fluorite,03.AB.25
Fluorite,03.AB.25
Pyrite,02.EB.05a
Hématite,04.CB.05
Fluorite,03.AB.25
Calcite,05.AB.05
Barytine,
Cuprite,04.AA.10
Cuprite,04.AA.10
Cuprite,04.AA.10
Cuprite,04.AA.10
Cuprite,04.AA.10
Cuprite,04.AA.10
Cuprite,04.AA.10
Cuprite,04.AA.10
Cuprite,04.AA.10
Cuprite,04.AA.10
Cuprite,04.AA.10
Cuprite,04.AA.10
Cuprite,04.AA.10
Cuprite,04.AA.10
Cuprite,04.AA.10
Cuprite,04.AA.10
Cuprite,04.AA.10
Cuprite,04.AA.10
Cuprite,04.AA.10
Cuprite,04.AA.10
Cuprite,04.AA.10
Cuprite,04.AA.10
Cuprite,04.AA.10
Cuprite,04.AA.10
Cuprite,04.AA.10
Cuprite,04.AA.10
Cuprite,04.AA.10
Cuprite,04.AA.10
Cuprite,04.AA.10
Cuprite,04.AA.10
Cuprite (Chal),
Cuprite (Chal),
Zincite,04.AB.20
Zincite,04.AB.20
Zincite,04.AB.20
Zincite,04.AB.20
Zincite,04.AB.20
Zincite,04.AB.20
Periclase,04.AB.25
Tenorite,04.AB.10
Tenorite,04.AB.10
Tenorite,04.AB.10
Tenorite,04.AB.10
Tenorite,04.AB.10
Tenorite,04.AB.10
Delafossite,04.AB.15
Crednerite,04.AB.05
Montroydite,04.AC.15
Lithargite,
Massicot,04.AC.25
Massicot,04.AC.25
Massicot,04.AC.25
Spinelle,
Spinelle,
Spinelle,
Spinelle,
Spinelle,
Spinelle,
Spinelle,
Spinelle,
Spinelle,
Spinelle,
Spinelle,
Spinelle,
Spinelle,
Spinelle,
Spinelle,
Spinelle,
Spinelle,
Spinelle,
Spinelle,
Spinelle,
Spinelle,
Spinelle,
Hercynite,04.BB.05
Hercynite,04.BB.05
Hercynite,04.BB.05
Hercynite,04.BB.05
Hercynite,04.BB.05
Gahnite,04.BB.05
Gahnite,04.BB.05
Gahnite,04.BB.05
Gahnite,04.BB.05
Gahnite,04.BB.05
Gahnite,04.BB.05
Gahnite,04.BB.05
Gahnite,04.BB.05
Gahnite,04.BB.05
Gahnite,04.BB.05
Magnétite,04.BB.05
Magnétite,04.BB.05
Magnétite,04.BB.05
Magnétite,04.BB.05
Magnétite,04.BB.05
Magnétite,04.BB.05
Magnétite,04.BB.05
Magnétite,04.BB.05
Magnétite,04.BB.05
Magnétite,04.BB.05
Magnétite,04.BB.05
Magnétite,04.BB.05
Magnétite,04.BB.05
Magnétite,04.BB.05
Magnétite,04.BB.05
Magnétite,04.BB.05
Magnétite,04.BB.05
Magnétite,04.BB.05
Magnétite,04.BB.05
Magnétite,04.BB.05
Magnétite,04.BB.05
Magnétite,04.BB.05
Magnétite,04.BB.05
Magnétite,04.BB.05
Magnétite,04.BB.05
Magnétite,04.BB.05
Magnétite,04.BB.05
Magnétite,04.BB.05
Magnétite,04.BB.05
Magnétite,04.BB.05
Magnétite,04.BB.05
Magnétite,04.BB.05
Magnétite,04.BB.05
Magnétite,04.BB.05
Magnétite,04.BB.05
Magnétite,04.BB.05
Magnétite,04.BB.05
Magnétite,04.BB.05
Magnétite,04.BB.05
Magnétite,04.BB.05
Magnétite,04.BB.05
Magnétite,04.BB.05
Magnétite,04.BB.05
Laurionite,03.DC.05
Paralaurionite,03.DC.05
Penfieldite,03.DC.15
Chiolite,03.CE.05
Actinote,
Bixbyite,04.CB.10
Nantokite,03.AA.05
Pseudocotunnite,03.DC.90
Chloroxiphite,03.DB.30
Bixbyite,04.CB.10
Magnétite,04.BB.05
Magnétite,04.BB.05
Magnétite,04.BB.05
Magnétite,04.BB.05
Magnétite,04.BB.05
Magnétite,04.BB.05
Jacobsite,04.BB.05
Jacobsite,04.BB.05
Franklinite,04.BB.05
Franklinite,04.BB.05
Franklinite,04.BB.05
Franklinite,04.BB.05
Franklinite,04.BB.05
Franklinite,04.BB.05
Franklinite,04.BB.05
Franklinite,04.BB.05
Franklinite,04.BB.05
Franklinite,04.BB.05
Franklinite,04.BB.05
Chromite,04.BB.05
Chromite,04.BB.05
Chromite,04.BB.05
Chromite,04.BB.05
Chromite,04.BB.05
Chromite,04.BB.05
Chromite,04.BB.05
Chromite,04.BB.05
Chromite,04.BB.05
Chromite,04.BB.05
Chromite,04.BB.05
Chromite,04.BB.05
Chromite,04.BB.05
Hausmannite,04.BB.10
Hausmannite,04.BB.10
Hausmannite,04.BB.10
Hausmannite,04.BB.10
Hausmannite,04.BB.10
Hausmannite,04.BB.10
Hydro-Hausmannite,
Minium,04.BD.05
Minium,04.BD.05
Chrysoberyl,04.BA.05
Chrysobéryl,04.BA.05
Chrysobéryl,04.BA.05
Chrysobéryl,04.BA.05
Chrysobéryl,04.BA.05
Chrysobéryl,04.BA.05
Chrysobéryl,04.BA.05
Chrysobéryl,04.BA.05
Chrysobéryl,04.BA.05
Chrysobéryl,04.BA.05
Chrysobéryl,04.BA.05
Chrysobéryl,04.BA.05
Chrysobéryl,04.BA.05
Chrysobéryl,04.BA.05
Chrysobéryl,04.BA.05
Chrysobéryl,04.BA.05
Chrysobéryl,04.BA.05
Chrysobéryl,04.BA.05
Chrysobéryl,04.BA.05
Chrysobéryl,04.BA.05
Valentinite,04.CB.55
Valentinite,04.CB.55
Valentinite,04.CB.55
Valentinite,04.CB.55
Arsenolite,04.CB.50
Senarmontite,04.CB.50
Senarmontite,04.CB.50
Senarmontite,04.CB.50
Senarmontite,04.CB.50
Senarmontite,04.CB.50
Bismite,04.CB.60
Bismite,04.CB.60
Bismite,04.CB.60
Russellite,04.DE.15
Tétraédrite,
Xanthoconite,02.GA.10
Xanthoconite,02.GA.10
Chabournéite,02.HC.05e
Benavidesite,02.HB.15
Chrysoberyl,04.BA.05
Corindon,
Corindon,
Corindon,
Corindon,
Corindon,
Corindon,
Corindon,
Corindon,
Corindon,
Corindon,
Corindon,
Corindon,
Corindon,
Corindon,
Corindon,
Corindon,
Corindon,
Corindon,
Corindon,
Corindon,
Corindon,
Corindon,
Corindon,
Corindon,
Corindon,
Corindon,
Corindon,
Corindon,
Corindon,
Corindon,
Corindon,
Corindon,
Corindon,
Corindon,
Corindon,
Corindon,
Corindon,
Corindon,
Corindon,
Corindon,
Corindon,
Corindon,
Corindon,
Corindon,
Corindon,
Corindon,
Corindon,
Corindon,
Corindon,
Corindon,
Corindon,
Corindon,
Corindon,
Corindon,
Corindon,
Corindon,
Corindon,
Corindon,
Corindon,
Corindon,
Corindon,
Corindon,
Corindon,
Corindon,
Corindon,
Corindon,
Corindon,
Hématite,04.CB.05
Hématite,04.CB.05
Hématite,04.CB.05
Hématite,04.CB.05
Hématite,04.CB.05
Hématite,04.CB.05
Romeite,04.DH.20
Hématite,04.CB.05
Hématite,04.CB.05
Hématite,04.CB.05
Hématite,04.CB.05
Hématite,04.CB.05
Hématite,04.CB.05
Hématite,04.CB.05
Hématite,04.CB.05
Hématite,04.CB.05
Hématite,04.CB.05
Hématite,04.CB.05
Hématite,04.CB.05
Hématite,04.CB.05
Hématite,04.CB.05
Hématite,04.CB.05
Hématite,04.CB.05
Hématite,04.CB.05
Hématite,04.CB.05
Hématite,04.CB.05
Hématite,04.CB.05
Hématite,04.CB.05
Hématite,04.CB.05
Hématite,04.CB.05
Hématite,04.CB.05
Hématite,04.CB.05
Hématite,04.CB.05
Hématite,04.CB.05
Hématite,04.CB.05
Hématite,04.CB.05
Hématite,04.CB.05
Hématite,04.CB.05
Hématite,04.CB.05
Hématite,04.CB.05
Hématite,04.CB.05
Hématite,04.CB.05
Hématite,04.CB.05
Hématite,04.CB.05
Hématite,04.CB.05
Anhydrite,04.CB.05
Hématite,04.CB.05
Hématite,04.CB.05
Hématite,04.CB.05
Hématite,04.CB.05
Hématite,04.CB.05
Hématite,04.CB.05
Hématite,04.CB.05
Hématite,04.CB.05
Hématite,04.CB.05
Hématite,04.CB.05
Hématite,04.CB.05
Hématite,04.CB.05
Hématite,04.CB.05
Hématite,04.CB.05
Hématite,04.CB.05
Hématite,04.CB.05
Hématite,04.CB.05
Hématite,04.CB.05
Hématite,04.CB.05
Hématite,04.CB.05
Hématite,04.CB.05
Hématite,04.CB.05
Hématite,04.CB.05
Hématite,04.CB.05
Hématite,04.CB.05
Hématite,04.CB.05
Hématite,04.CB.05
Hématite,04.CB.05
Hématite,04.CB.05
Hématite,04.CB.05
Hématite,04.CB.05
Hématite,04.CB.05
Hématite,04.CB.05
Hématite,04.CB.05
Hématite,04.CB.05
Hématite,04.CB.05
Hématite,04.CB.05
Hématite,04.CB.05
Hématite,04.CB.05
Hématite,04.CB.05
Hématite,04.CB.05
Hématite,04.CB.05
Hématite,04.CB.05
Hématite,04.CB.05
Hématite,04.CB.05
Hématite,04.CB.05
Hématite,04.CB.05
Hématite,04.CB.05
Hématite,04.CB.05
Hématite,04.CB.05
Hématite,04.CB.05
Hématite,04.CB.05
Hématite,04.CB.05
Hématite,04.CB.05
Hématite,04.CB.05
Hématite,04.CB.05
Hématite,04.CB.05
Hématite,04.CB.05
Hématite,04.CB.05
Hématite,04.CB.05
Hématite,04.CB.05
Hématite,04.CB.05
Hématite,04.CB.05
Hématite,04.CB.05
Hématite,04.CB.05
Hématite,04.CB.05
Hématite,04.CB.05
Hématite,04.CB.05
Hématite,04.CB.05
Hématite,04.CB.05
Hématite,04.CB.05
Hématite,04.CB.05
Hématite,04.CB.05
Hématite,04.CB.05
Hématite,04.CB.05
Hématite,04.CB.05
Hématite,04.CB.05
Hématite,04.CB.05
Eskolaïte,04.CB.05
Magnetite,04.BB.05
Magnetite,04.BB.05
Magnetite,04.BB.05
Magnetite,04.BB.05
Ilmenite,04.CB.05
Ilmenite,04.CB.05
Ilménite,04.CB.05
Ilménite,04.CB.05
Ilménite,04.CB.05
Ilménite,04.CB.05
Ilménite,04.CB.05
Ilménite,04.CB.05
Ilménite,04.CB.05
Ilménite,04.CB.05
Ilménite,04.CB.05
Ilménite,04.CB.05
Ilménite,04.CB.05
Ilménite,04.CB.05
Ilménite,04.CB.05
Ilménite,04.CB.05
Ilménite,04.CB.05
Ilménite,04.CB.05
Ilménite,04.CB.05
Ilménite,04.CB.05
Ilménite,04.CB.05
Ilménite,04.CB.05
Ilménite,04.CB.05
Hogbomite,
Hibonite,04.CC.45
Hibonite,04.CC.45
Magnetoplumbite,04.CC.45
Plumboferrite,04.CC.45
Davidite,04.CC.40
Perovskite,04.CC.30
Perovskite,04.CC.30
Perovskite,04.CC.30
Perovskite,04.CC.30
Perovskite,04.CC.30
Perovskite,04.CC.30
Perovskite,04.CC.30
Loparite,04.CC.35
Lueshite,04.CC.30
Perovskite knopite,
Stibiconite,04.DH.20
Stibiconite,04.DH.20
Stibiconite,04.DH.20
Stibiconite,04.DH.20
Stibiconite,04.DH.20
Stibiconite,04.DH.20
Onoratoïte,03.DC.80
Romeite,04.DH.20
Roméite,04.DH.20
Roméite,04.DH.20
Roméite,04.DH.20
Roméite,04.DH.20
Partzite,04.DH.20
Stetefeldite,
Oxyplumboromeite,
Oxyplumboromeite,
Oxyplumboromeite,
Pyrochlore,04.DH.15
Pyrochlore,04.DH.15
Pyrochlore,04.DH.15
Pyrochlore,04.DH.15
Pyrochlore,04.DH.15
Pyrochlore,04.DH.15
Pyrochlore,04.DH.15
Pyrochlore,04.DH.15
Barytine,
Betafite,04.DH.15
Betafite,04.DH.15
Betafite,04.DH.15
Pyrochlore - Microlite,
Pyrochlore,04.DH.15
Uranpyrochlore,04.DH.15
Microlite,04.DH.15
Microlite,04.DH.15
Microlite,04.DH.15
Manganostibiite,
Quartz,04.DA.05
Quartz,04.DA.05
Quartz,04.DA.05
Quartz,04.DA.05
Quartz,04.DA.05
Quartz,04.DA.05
Quartz,04.DA.05
Quartz,04.DA.05
Quartz,04.DA.05
Quartz,04.DA.05
Quartz,04.DA.05
Quartz,04.DA.05
Quartz,04.DA.05
Quartz,04.DA.05
Quartz,04.DA.05
Quartz,04.DA.05
Quartz,04.DA.05
Quartz,04.DA.05
Quartz,04.DA.05
Quartz,04.DA.05
Quartz,04.DA.05
Quartz,04.DA.05
Quartz,04.DA.05
Quartz,04.DA.05
Quartz,04.DA.05
Quartz,04.DA.05
Quartz,04.DA.05
Quartz,04.DA.05
Quartz,04.DA.05
Quartz,04.DA.05
Quartz,04.DA.05
Quartz,04.DA.05
Quartz,04.DA.05
Quartz,04.DA.05
Quartz,04.DA.05
Quartz,04.DA.05
Quartz,04.DA.05
Quartz,04.DA.05
Quartz,04.DA.05
Quartz,04.DA.05
Quartz,04.DA.05
Quartz,04.DA.05
Quartz,04.DA.05
Quartz,04.DA.05
Quartz,04.DA.05
Quartz,04.DA.05
Quartz,04.DA.05
Quartz,04.DA.05
Quartz,04.DA.05
Quartz,04.DA.05
Quartz,04.DA.05
Quartz,04.DA.05
Quartz,04.DA.05
Quartz,04.DA.05
Quartz,04.DA.05
Quartz,04.DA.05
Quartz,04.DA.05
Quartz,04.DA.05
Quartz,04.DA.05
Quartz,04.DA.05
Quartz,04.DA.05
Quartz,04.DA.05
Quartz,04.DA.05
Quartz,04.DA.05
Quartz,04.DA.05
Quartz,04.DA.05
Quartz,04.DA.05
Quartz,04.DA.05
Quartz,04.DA.05
Quartz,04.DA.05
Quartz,04.DA.05
Quartz,04.DA.05
Quartz,04.DA.05
Quartz,04.DA.05
Quartz,04.DA.05
Quartz,04.DA.05
Quartz,04.DA.05
Quartz,04.DA.05
Quartz,04.DA.05
Quartz,04.DA.05
Quartz,04.DA.05
Quartz,04.DA.05
Quartz,04.DA.05
Quartz,04.DA.05
Quartz,04.DA.05
Quartz,04.DA.05
Quartz,04.DA.05
Quartz,04.DA.05
Quartz,04.DA.05
Quartz,04.DA.05
Quartz,04.DA.05
Quartz,04.DA.05
Quartz,04.DA.05
Quartz,04.DA.05
Quartz,04.DA.05
Quartz,04.DA.05
Quartz,04.DA.05
Quartz,04.DA.05
Quartz,04.DA.05
Quartz,04.DA.05
Quartz,04.DA.05
Quartz,04.DA.05
Quartz,04.DA.05
Quartz,04.DA.05
Quartz,04.DA.05
Quartz,04.DA.05
Quartz,04.DA.05
Quartz,04.DA.05
Quartz,04.DA.05
Quartz,04.DA.05
Quartz,04.DA.05
Quartz,04.DA.05
Quartz,04.DA.05
Quartz,04.DA.05
Quartz,04.DA.05
Quartz,04.DA.05
Quartz,04.DA.05
Quartz,04.DA.05
Quartz,04.DA.05
Quartz,04.DA.05
Quartz,04.DA.05
Quartz,04.DA.05
Quartz,04.DA.05
Quartz,04.DA.05
Quartz,04.DA.05
Quartz,04.DA.05
Quartz,04.DA.05
Quartz,04.DA.05
Quartz,04.DA.05
Quartz,04.DA.05
Quartz,04.DA.05
Quartz,04.DA.05
Quartz,04.DA.05
Quartz,04.DA.05
Quartz,04.DA.05
Quartz,04.DA.05
Quartz,04.DA.05
Quartz,04.DA.05
Quartz,04.DA.05
Quartz,04.DA.05
Quartz,04.DA.05
Quartz,04.DA.05
Quartz,04.DA.05
Quartz,04.DA.05
Quartz,04.DA.05
Quartz,04.DA.05
Quartz,04.DA.05
Quartz,04.DA.05
Quartz,04.DA.05
Quartz,04.DA.05
Quartz,04.DA.05
Quartz,04.DA.05
Quartz,04.DA.05
Quartz,04.DA.05
Quartz,04.DA.05
Quartz,04.DA.05
Quartz,04.DA.05
Quartz,04.DA.05
Quartz,04.DA.05
Quartz,04.DA.05
Quartz,04.DA.05
Quartz,04.DA.05
Quartz,04.DA.05
Quartz,04.DA.05
Quartz,04.DA.05
Quartz,04.DA.05
Quartz,04.DA.05
Quartz,04.DA.05
Quartz,04.DA.05
Quartz,04.DA.05
Quartz,04.DA.05
Quartz,04.DA.05
Quartz,04.DA.05
Quartz,04.DA.05
Quartz,04.DA.05
Quartz,04.DA.05
Quartz,04.DA.05
Quartz,04.DA.05
Quartz,04.DA.05
Quartz,04.DA.05
Quartz,04.DA.05
Quartz,04.DA.05
Quartz,04.DA.05
Quartz,04.DA.05
Quartz,04.DA.05
Quartz,04.DA.05
Quartz,04.DA.05
Quartz,04.DA.05
Quartz,04.DA.05
Quartz,04.DA.05
Quartz,04.DA.05
Quartz,04.DA.05
Quartz,04.DA.05
Quartz,04.DA.05
Quartz,04.DA.05
Quartz,04.DA.05
Quartz,04.DA.05
Quartz,04.DA.05
Quartz,04.DA.05
Quartz,04.DA.05
Quartz,04.DA.05
Quartz,04.DA.05
Quartz,04.DA.05
Quartz,04.DA.05
Quartz,04.DA.05
Quartz,04.DA.05
Quartz,04.DA.05
Quartz,04.DA.05
Quartz,04.DA.05
Quartz,04.DA.05
Quartz,04.DA.05
Quartz,04.DA.05
Quartz,04.DA.05
Quartz,04.DA.05
Quartz,04.DA.05
Quartz,04.DA.05
Quartz,04.DA.05
Quartz,04.DA.05
Quartz,04.DA.05
Quartz,04.DA.05
Quartz,04.DA.05
Quartz,04.DA.05
Quartz,04.DA.05
Quartz,04.DA.05
Quartz,04.DA.05
Quartz,04.DA.05
Quartz,04.DA.05
Quartz,04.DA.05
Quartz,04.DA.05
Quartz,04.DA.05
Quartz,04.DA.05
Quartz,04.DA.05
Quartz,04.DA.05
Quartz,04.DA.05
Quartz,04.DA.05
Quartz,04.DA.05
Quartz,04.DA.05
Quartz,04.DA.05
Quartz,04.DA.05
Quartz,04.DA.05
Quartz,04.DA.05
Quartz,04.DA.05
Quartz,04.DA.05
Quartz,04.DA.05
Quartz,04.DA.05
Quartz,04.DA.05
Quartz,04.DA.05
Quartz,04.DA.05
Quartz,04.DA.05
Quartz,04.DA.05
Calcédoine,
Quartz,04.DA.05
Quartz,04.DA.05
Quartz,04.DA.05
Quartz,04.DA.05
Quartz,04.DA.05
Quartz,04.DA.05
Quartz,04.DA.05
Quartz,04.DA.05
Quartz,04.DA.05
Quartz,04.DA.05
Quartz,04.DA.05
Quartz,04.DA.05
Quartz,04.DA.05
Quartz,04.DA.05
Quartz,04.DA.05
Quartz,04.DA.05
Quartz,04.DA.05
Quartz,04.DA.05
Quartz,04.DA.05
Quartz,04.DA.05
Quartz,04.DA.05
Quartz,04.DA.05
Quartz,04.DA.05
Quartz,04.DA.05
Quartz,04.DA.05
Quartz,04.DA.05
Quartz,04.DA.05
Quartz,04.DA.05
Quartz,04.DA.05
Quartz,04.DA.05
Quartz,04.DA.05
Quartz,04.DA.05
Quartz,04.DA.05
Quartz,04.DA.05
Quartz,04.DA.05
Quartz,04.DA.05
Quartz,04.DA.05
Quartz,04.DA.05
Quartz,04.DA.05
Quartz,04.DA.05
Quartz,04.DA.05
Quartz,04.DA.05
Quartz,04.DA.05
Quartz,04.DA.05
Quartz,04.DA.05
Quartz,04.DA.05
Quartz,04.DA.05
Quartz,04.DA.05
Quartz,04.DA.05
Quartz,04.DA.05
Quartz,04.DA.05
Quartz,04.DA.05
Quartz,04.DA.05
Quartz,04.DA.05
Quartz,04.DA.05
Quartz,04.DA.05
Quartz,04.DA.05
Quartz,04.DA.05
Quartz,04.DA.05
Quartz,04.DA.05
Quartz,04.DA.05
Quartz,04.DA.05
Quartz,04.DA.05
Quartz,04.DA.05
Quartz,04.DA.05
Quartz,04.DA.05
Quartz,04.DA.05
Quartz,04.DA.05
Quartz,04.DA.05
Quartz,04.DA.05
Quartz,04.DA.05
Quartz,04.DA.05
Quartz,04.DA.05
Quartz,04.DA.05
Quartz,04.DA.05
Quartz,04.DA.05
Quartz,04.DA.05
Quartz,04.DA.05
Quartz,04.DA.05
Quartz,04.DA.05
Quartz,04.DA.05
Quartz,04.DA.05
Quartz,04.DA.05
Quartz,04.DA.05
Quartz,04.DA.05
Quartz,04.DA.05
Quartz,04.DA.05
Quartz,04.DA.05
Quartz,04.DA.05
Quartz,04.DA.05
Quartz,04.DA.05
Quartz,04.DA.05
Quartz,04.DA.05
Quartz,04.DA.05
Quartz,04.DA.05
Quartz,04.DA.05
Quartz,04.DA.05
Quartz,04.DA.05
Quartz,04.DA.05
Quartz,04.DA.05
Quartz,04.DA.05
Quartz,04.DA.05
Quartz,04.DA.05
Céladonite,09.EC.15
Quartz,04.DA.05
Quartz,04.DA.05
Quartz,04.DA.05
Quartz,04.DA.05
Quartz,04.DA.05
Quartz,04.DA.05
Quartz,04.DA.05
Quartz,04.DA.05
Quartz,04.DA.05
Quartz,04.DA.05
Quartz,04.DA.05
Quartz,04.DA.05
Quartz,04.DA.05
Quartz,04.DA.05
Quartz,04.DA.05
Quartz,04.DA.05
Quartz,04.DA.05
Quartz,04.DA.05
Calcédoine,
Quartz,04.DA.05
Quartz,04.DA.05
Quartz,04.DA.05
Quartz,04.DA.05
Quartz,04.DA.05
Quartz,04.DA.05
Quartz,04.DA.05
Quartz,04.DA.05
Quartz,04.DA.05
Quartz,04.DA.05
Quartz,04.DA.05
Quartz,04.DA.05
Quartz,04.DA.05
Quartz,04.DA.05
Quartz,04.DA.05
Quartz,04.DA.05
Quartz,04.DA.05
Quartz,04.DA.05
Quartz,04.DA.05
Quartz,04.DA.05
Jaspe,
Quartz,04.DA.05
Quartz,04.DA.05
Quartz,04.DA.05
Quartz,04.DA.05
Tridymite,04.DA.10
Tridymite,04.DA.10
Cristobalite,04.DA.15
Cristobalite,04.DA.15
Cristobalite,04.DA.15
Calcite,05.AB.05
Opale,04.DA.10
Opale,04.DA.10
Opale,04.DA.10
Opale,04.DA.10
Opale,04.DA.10
Opale,04.DA.10
Opale,04.DA.10
Opale,04.DA.10
Opale,04.DA.10
Opale,04.DA.10
Opale,04.DA.10
Opale,04.DA.10
Opale,04.DA.10
Opale,04.DA.10
Opale,04.DA.10
Opale,04.DA.10
Opale,04.DA.10
Opale,04.DA.10
Opale,04.DA.10
Opale,04.DA.10
Opale,04.DA.10
Opale,04.DA.10
Opale,04.DA.10
Opale,04.DA.10
Opale,04.DA.10
Opale,04.DA.10
Opale,04.DA.10
Opale,04.DA.10
Opale,04.DA.10
Opale,04.DA.10
Opale,04.DA.10
Opale,04.DA.10
Opale,04.DA.10
Opale,04.DA.10
Opale,04.DA.10
Opale,04.DA.10
Opale,04.DA.10
Opale,04.DA.10
Opale,04.DA.10
Opale,04.DA.10
Opale,04.DA.10
Opale,04.DA.10
Opale,04.DA.10
Opale,04.DA.10
Opale,04.DA.10
Opale,04.DA.10
Opale,04.DA.10
Opale,04.DA.10
Opale,04.DA.10
Opale,04.DA.10
Opale,04.DA.10
Opale,04.DA.10
Opale,04.DA.10
Produits de Geyser,
Melanophlogite,04.DA.25
Melanophlogite,04.DA.25
Melanophlogite,04.DA.25
Melanophlogite,04.DA.25
Calcédoine,
Calcédoine,
Calcédoine,
Calcédoine,
Calcédoine,
Calcédoine,
Calcédoine,
Calcédoine,
Calcédoine,
Calcédoine,
Calcédoine,
Calcédoine,
Calcédoine,
Calcédoine,
Calcédoine,
Calcédoine,
Calcédoine,
Calcédoine,
Calcédoine,
Calcédoine,
Calcédoine,
Calcédoine,
Calcédoine,
Calcédoine,
Calcédoine,
Calcédoine,
Calcédoine,
Calcédoine,
Calcédoine,
Calcédoine,
Calcédoine,
Calcédoine,
Calcédoine,
Calcédoine,
Calcédoine,
Calcédoine,
Calcédoine,
Calcédoine,
Calcédoine,
Calcédoine,
Calcédoine,
Calcédoine,
Calcédoine,
Calcédoine,
Calcédoine,
Calcédoine,
Calcédoine,
Calcédoine,
Calcédoine,
Calcédoine,
Calcédoine,
Calcédoine,
Calcédoine,
Calcédoine,
Calcédoine,
Calcédoine,
Calcédoine,
Calcédoine,
Calcédoine,
Calcédoine,
Calcédoine,
Calcédoine,
Calcédoine,
Calcédoine,
Calcédoine,
Calcédoine,
Calcédoine,
Calcédoine,
Calcédoine,
Calcédoine,
Calcédoine,
Calcédoine,
Calcédoine,
Calcédoine,
Calcédoine,
Calcédoine,
Calcédoine,
Calcédoine,
Calcédoine,
Calcédoine,
Calcédoine,
Calcédoine,
Calcédoine,
Calcédoine,
Calcédoine,
Calcédoine,
Calcédoine,
Calcédoine,
Calcédoine,
Calcedoine,
Calcédoine,
Calcédoine,
Calcédoine,
Calcédoine,
Calcédoine,
Calcédoine,
Calcédoine,
Calcédoine,
Calcédoine,
Calcédoine,
Calcédoine,
Calcédoine,
Calcédoine,
Calcédoine,
Magnetite,04.BB.05
Jaspe,
Limonite,
Calcédoine,
Calcédoine,
Calcédoine,
Calcédoine,
Calcédoine,
Calcédoine,
Calcédoine,
Jaspe,
Jaspe,
Jaspe,
Jaspe,
Jaspe,
Jaspe,
Jaspe,
Jaspe,
Jaspe,
Jaspe,
Jaspe,
Jaspe,
Jaspe,
Jaspe,
Jaspe,
Jaspe,
Jaspe,
Jaspe,
Jaspe,
Jaspe,
Jaspe,
Jaspe,
Jaspe,
Jaspe,
Jaspe,
Jaspe,
Jaspe,
Jaspe,
Jaspe,
Jaspe,
Jaspe,
Jaspe,
Jaspe,
Jaspe,
Jaspe,
Jaspe,
Jaspe,
Jaspe,
Jaspe,
Jaspe,
Jaspe,
Jaspe,
Jaspe,
Jaspe,
Jaspe,
Jaspe,
Quartz,04.DA.05
Jaspe,
Limonite,
Jaspe,
Silex,
Silex,
Silex,
Silex,
Silex,
Silex,
Silex,
Silex,
Silex,
Silex,
Silex,
Silex,
Silex,
Silex,
Silex,
Silex,
Silex,
Silex,
Silex,
Silex,
Silex,
Silex,
Silex,
Oeil de faucon,
Oeil de faucon,
Oeil de faucon,
Oeil de faucon,
Oeil de tigre,
Oeil de tigre,
Oeil de tigre,
Oeil de tigre,
Oeil de tigre,
Rutile,04.DB.05
Rutile,04.DB.05
Rutile,04.DB.05
Rutile,04.DB.05
Rutile,04.DB.05
Rutile,04.DB.05
Rutile,04.DB.05
Rutile,04.DB.05
Rutile,04.DB.05
Rutile,04.DB.05
Rutile,04.DB.05
Rutile,04.DB.05
Rutile,04.DB.05
Rutile,04.DB.05
Rutile,04.DB.05
Rutile,04.DB.05
Rutile,04.DB.05
Rutile,04.DB.05
Rutile,04.DB.05
Rutile,04.DB.05
Rutile,04.DB.05
Rutile,04.DB.05
Rutile,04.DB.05
Rutile,04.DB.05
Rutile,04.DB.05
Rutile,04.DB.05
Rutile,04.DB.05
Rutile,04.DB.05
Rutile,04.DB.05
Rutile,04.DB.05
Rutile,04.DB.05
Rutile,04.DB.05
Rutile,04.DB.05
Rutile,04.DB.05
Rutile,04.DB.05
Rutile,04.DB.05
Rutile,04.DB.05
Rutile,04.DB.05
Rutile,04.DB.05
Rutile,04.DB.05
Rutile,04.DB.05
Rutile,04.DB.05
Rutile,04.DB.05
Rutile,04.DB.05
Rutile,04.DB.05
Rutile,04.DB.05
Rutile,04.DB.05
Rutile,04.DB.05
Rutile,04.DB.05
Rutile,04.DB.05
Rutile,04.DB.05
Rutile,04.DB.05
Rutile,04.DB.05
Rutile,04.DB.05
Rutile,04.DB.05
Rutile,04.DB.05
Rutile,04.DB.05
Rutile,04.DB.05
Rutile,04.DB.05
Rutile,04.DB.05
Cassiterite,04.DB.05
Cassiterite,04.DB.05
Cassiterite,04.DB.05
Cassiterite,04.DB.05
Cassiterite,04.DB.05
Cassiterite,04.DB.05
Cassiterite,04.DB.05
Cassiterite,04.DB.05
Cassiterite,04.DB.05
Cassiterite,04.DB.05
Cassiterite,04.DB.05
Cassiterite,04.DB.05
Cassiterite,04.DB.05
Cassiterite,04.DB.05
Cassiterite,04.DB.05
Cassiterite,04.DB.05
Cassiterite,04.DB.05
Cassiterite,04.DB.05
Cassiterite,04.DB.05
Cassiterite,04.DB.05
Cassiterite,04.DB.05
Cassiterite,04.DB.05
Cassiterite,04.DB.05
Cassiterite,04.DB.05
Cassiterite,04.DB.05
Cassiterite,04.DB.05
Cassiterite,04.DB.05
Cassiterite,04.DB.05
Cassiterite,04.DB.05
Cassiterite,04.DB.05
Cassiterite,04.DB.05
Cassiterite,04.DB.05
Cassiterite,04.DB.05
Cassiterite,04.DB.05
Plattnerite,04.DB.05
Varlamoffite,04.DB.05
Varlamoffite,04.DB.05
Pyrolusite,04.DB.05
Pyrolusite,04.DB.05
Pyrolusite,04.DB.05
Pyrolusite,04.DB.05
Pyrolusite,04.DB.05
Pyrolusite,04.DB.05
Pyrolusite,04.DB.05
Pyrolusite,04.DB.05
Pyrolusite,04.DB.05
Pyrolusite,04.DB.05
Pyrolusite,04.DB.05
Pyrolusite,04.DB.05
Pyrolusite,04.DB.05
Pyrolusite,04.DB.05
Pyrolusite,04.DB.05
Pyrolusite,04.DB.05
Pyrolusite,04.DB.05
Pyrolusite,04.DB.05
Pyrolusite,04.DB.05
Pyrolusite,04.DB.05
Pyrolusite,04.DB.05
Pyrolusite,04.DB.05
Pyrolusite,04.DB.05
Cryptomelane,04.DK.10
Cryptomelane,04.DK.10
Fluorite,03.AB.25
Hollandite,04.DK.05
Coronadite,04.DK.05
Coronadite,04.DK.05
Coronadite,04.DK.05
Coronadite,04.DK.05
Psilomelane pas espéce,
Psilomelane,
Psilomelane,
Psilomelane,
Psilomelane,
Psilomelane,
Psilomelane,
Psilomélane,
Ramsdellite,04.DB.15a
Ramsdellite,04.DB.15a
Tripuhyite,04.DB.05
Tapiolite Ferrotapiolite-Manganotapiolite,
Tapiolite,04.DB.10
Ilmenorutile,04.CB.25
Anatase,04.DD.05
Anatase,04.DD.05
Anatase,04.DD.05
Anatase,04.DD.05
Anatase,04.DD.05
Anatase,04.DD.05
Anatase,04.DD.05
Anatase,04.DD.05
Anatase,04.DD.05
Anatase,04.DD.05
Anatase,04.DD.05
Anatase,04.DD.05
Anatase,04.DD.05
Anatase,04.DD.05
Anatase,04.DD.05
Anatase,04.DD.05
Anatase,04.DD.05
Anatase,04.DD.05
Anatase,04.DD.05
Anatase,04.DD.05
Anatase,04.DD.05
Anatase,04.DD.05
Anatase,04.DD.05
Anatase,04.DD.05
Anatase,04.DD.05
Anatase,04.DD.05
Anatase,04.DD.05
Anatase,04.DD.05
Anatase,04.DD.05
Anatase,04.DD.05
Anatase,04.DD.05
Anatase,04.DD.05
Anatase,04.DD.05
Anatase,04.DD.05
Anatase,04.DD.05
Anatase,04.DD.05
Anatase,04.DD.05
Anatase,04.DD.05
Anatase,04.DD.05
Anatase,04.DD.05
Anatase,04.DD.05
Anatase,04.DD.05
Anatase,04.DD.05
Anatase,04.DD.05
Anatase,04.DD.05
Anatase,04.DD.05
Anatase,04.DD.05
Anatase,04.DD.05
Anatase,04.DD.05
Anatase,04.DD.05
Anatase,04.DD.05
Brookite,04.DD.10
Brookite,04.DD.10
Brookite,04.DD.10
Brookite,04.DD.10
Brookite,04.DD.10
Brookite,04.DD.10
Brookite,04.DD.10
Brookite,04.DD.10
Brookite,04.DD.10
Brookite,04.DD.10
Brookite,04.DD.10
Anatase,04.DD.05
Brookite,04.DD.10
Brookite,04.DD.10
Brookite,04.DD.10
Brookite,04.DD.10
Brookite,04.DD.10
Brookite,04.DD.10
Brookite,04.DD.10
Brookite,04.DD.10
Brookite,04.DD.10
Brookite,04.DD.10
Brookite,04.DD.10
Brookite,04.DD.10
Brookite,04.DD.10
Brookite,04.DD.10
Brookite,04.DD.10
Brookite,04.DD.10
Brookite,04.DD.10
Brookite,04.DD.10
Brookite,04.DD.10
Brookite,04.DD.10
Brookite,04.DD.10
Brookite,04.DD.10
Brookite,04.DD.10
Ferberite,04.DB.30
Ferberite,04.DB.30
Ferberite,04.DB.30
Wolframite,04.DB.30
Wolframite,04.DB.30
Wolframite,04.DB.30
Wolframite,04.DB.30
Wolframite,04.DB.30
Wolframite,04.DB.30
Wolframite,04.DB.30
Wolframite,04.DB.30
Wolframite,04.DB.30
Wolframite,04.DB.30
Wolframite,04.DB.30
Wolframite,04.DB.30
Wolframite,04.DB.30
Wolframite,04.DB.30
Wolframite,04.DB.30
Wolframite,04.DB.30
Hubnerite,
Hubnerite,
Hubnerite,
Hubnerite,
Hübnerite,04.DB.30
Ixiolite,04.DB.25
Columbo-tantalite Fe/Mn,
Columbo-tantalite Fe/Mn,
Columbo-tantalite Fe/Mn,
Columbo-tantalite Fe/Mn,
Columbo-tantalite Fe/Mn,
Ferro/Manganocolumbite,
Ferro/Manganotantalite,
Ferro/Manganotantalite,
Ferro/Manganotantalite,
Ferro/Manganotantalite,
Ferro/Manganotantalite,
Ferro/Manganocolumbite,
Ferro/Manganocolumbite,
Ferro/Manganocolumbite,
Ferro/Manganocolumbite,
Ferro/Manganocolumbite,
Ferro/Manganocolumbite,
Ferro/Manganocolumbite,
Ferro/Manganocolumbite,
Ferro/Manganocolumbite,
Manganotantalite,
Euxenite,04.DG.05
Euxenite,04.DG.05
Euxenite,04.DG.05
Euxenite,04.DG.05
Euxenite,04.DG.05
Samarskite,04.DB.25
Samarskite,04.DB.25
Samarskite,04.DB.25
Samarskite,04.DB.25
Samarskite,04.DB.25
Samarskite,04.DB.25
Samarskite,04.DB.25
Samarskite,04.DB.25
Yttrotantalite,04.DG.10
Yttrotantalite,04.DG.10
Yttrotantalite,04.DG.10
Yttrotantalite,04.DG.10
Yttrotantalite,04.DG.10
Polycrase,04.DG.05
Zirconolite-3O,
Zirconolite-3O,
Zirconolite-3O,
Bétafite,04.DH.15
Aeschynite (Ce),
Aeschynite,04.DF.05
Aeschynite,04.DF.05
Aeschynite,04.DF.05
Aeschynite,04.DF.05
Aeschynite,04.DF.05
Brannerite,04.DH.05
Brannerite,04.DH.05
Fergusonite,
Fergusonite,
Fergusonite,
Fergusonite,
Fergusonite,
Cervantite,04.DE.30
Cervantite,04.DE.30
Cervantite,04.DE.30
Simpsonite,04.DC.10
Thoreaulite,04.DG.15
Thoreaulite,04.DG.15
Baddeleyite,04.DE.35
Cerianite,04.DL.05
Thorianite,04.DL.05
Thorianite,04.DL.05
Thorianite,04.DL.05
Uraninite,04.DL.05
Uraninite,04.DL.05
Uraninite,04.DL.05
Uraninite,04.DL.05
Uraninite,04.DL.05
Uraninite,04.DL.05
Uraninite,04.DL.05
Uraninite,04.DL.05
Uraninite,04.DL.05
Uraninite,04.DL.05
Uraninite,04.DL.05
Uraninite,04.DL.05
Uraninite,04.DL.05
Uraninite,04.DL.05
Uraninite,04.DL.05
Uraninite,04.DL.05
Uraninite,04.DL.05
Uraninite,04.DL.05
Uraninite,04.DL.05
Uraninite,04.DL.05
Uraninite,04.DL.05
Uraninite,04.DL.05
Uraninite,04.DL.05
Uraninite,04.DL.05
Uraninite,04.DL.05
Uraninite,04.DL.05
Uraninite,04.DL.05
Uraninite,04.DL.05
Uraninite,04.DL.05
Uraninite,04.DL.05
Uraninite,04.DL.05
Molybdite,04.EA.10
Molybdite,04.EA.10
Tungstite,04.FJ.10
Tungstite,04.FJ.10
Ilsemannite,04.FJ.15
Yttrotungstite-(Y),
Yttrotungstite-(Y),
Yttrotungstite-(Y),
Sassolite,06.AA.05
Sassolite,06.AA.05
Gibbsite,04.FE.10
Gibbsite,04.FE.10
Opale,
Gibbsite,04.FE.10
Gibbsite,04.FE.10
Gibbsite,04.FE.10
Brucite,04.FE.05
Brucite,04.FE.05
Brucite,04.FE.05
Brucite,04.FE.05
Brucite,04.FE.05
Brucite,04.FE.05
Brucite,04.FE.05
Brucite,04.FE.05
Brucite,04.FE.05
Brucite,04.FE.05
Pyrochroite,04.FE.05
Pyrochroite,04.FE.05
Diaspore,04.FD.10
Diaspore,04.FD.10
Diaspore,04.FD.10
Diaspore,04.FD.10
Diaspore,04.FD.10
Diaspore,04.FD.10
Diaspore,04.FD.10
Diaspore,04.FD.10
Diaspore,04.FD.10
Diaspore,04.FD.10
Diaspore,04.FD.10
Goethite,04.FD.10
Goethite,04.FD.10
Goethite,04.FD.10
Goethite,04.FD.10
Goethite,04.FD.10
Goethite,04.FD.10
Goethite,04.FD.10
Goethite,04.FD.10
Goethite,04.FD.10
Goethite,04.FD.10
Goethite,04.FD.10
Groutite,04.FD.10
Manganite,04.FD.15
Manganite,04.FD.15
Manganite,04.FD.15
Actinote,
Manganite,04.FD.15
Manganite,04.FD.15
Manganite,04.FD.15
Manganite,04.FD.15
Manganite,04.FD.15
Manganite,04.FD.15
Manganite,04.FD.15
Manganite,04.FD.15
Bauxite,
Bauxite,
Bauxite,
Bauxite,
Bauxite,
Limonite,
Limonite,
Limonite,
Limonite,
Limonite,
Limonite,
Limonite,
Manganite,04.FD.15
Limonite,
Limonite,
Limonite,
Limonite,
Limonite,
Limonite,
Limonite,
Limonite,
Limonite,
Limonite,
Goethite,04.FD.10
Limonite,
Limonite,
Limonite,
Limonite,
Goethite,04.FD.10
Limonite,
Limonite,
Limonite,
Limonite,
Limonite,
Limonite,
Limonite,
Limonite,
Limonite,
Limonite,
Heterogenite,04.FE.20
Heterogenite,04.FE.20
Heterogenite,04.FE.20
Heterogenite,04.FE.20
Heterogenite,04.FE.20
Heterogenite,04.FE.20
Lithiophorite,04.FE.25
Chalcophanite,04.FL.20
Chalcophanite,04.FL.20
Chalcophanite,04.FL.20
Quenselite,04.FE.30
Hummerite,04.HC.10
Ianthinite,04.GA.10
Becquerelite,04.GB.10
Becquerelite,04.GB.10
Billietite,04.GB.10
Vandenbrandeite,04.GB.45
Curite,04.GB.55
Curite,04.GB.55
Curite,04.GB.55
Uranosphaerite,04.GB.65
Uraninite,04.DL.05
Uranophane,
Uraninite,04.DL.05
Curite,04.GB.55
Uraninite,04.DL.05
Schoepite,04.GA.05
Finnemanite,04.JB.45
Chalcomenite,04.JH.05
Emmonsite,04.JM.10
Mackayite,04.JL.10
Schwartzembergite,04.KB.10
Niter,05.NA.10
Nitratite,
Warwickite,06.AB.20
Geikielite,04.CB.05
Pinakiolite,06.AB.35
Pinakiolite,06.AB.35
Ludwigite,06.AB.30
Ludwigite,06.AB.30
Ludwigite,06.AB.30
Ludwigite,06.AB.30
Ludwigite,06.AB.30
Vonsenite,06.AB.30
Vonsenite,06.AB.30
Vonsenite,06.AB.30
Vonsenite,06.AB.30
Hulsite,06.AB.45
Fluoborite,06.AB.50
Szaibelyite,06.BA.15
Sussexite,06.BA.15
Kurnakovite,06.CA.20
Kurnakovite,06.CA.20
Inderite,06.CA.15
Meyerhofferite,06.CA.30
Kernite,06.DB.05
Tincalconite,06.DA.15
Borax,06.DA.10
Borax,06.DA.10
Probertite,06.EB.15
Ulexite,06.EA.25
Ulexite,06.EA.25
Ulexite,06.EA.25
Ulexite,06.EA.25
Ulexite,06.EA.25
Ulexite,06.EA.25
Priceite,06.EB.25
Priceite,06.EB.25
Priceite,06.EB.25
Pinnoite,06.BB.05
Colemanite,06.CB.10
Colemanite,06.CB.10
Colemanite,06.CB.10
Colemanite,06.CB.10
Colemanite,06.CB.10
Colemanite,06.CB.10
Colemanite,06.CB.10
Colemanite,06.CB.10
Colemanite,06.CB.10
Hydroboracite,06.CB.15
Kernite,06.DB.05
Hambergite,06.AB.05
Hambergite,06.AB.05
Rhodizite,06.GC.05
Rhodizite,06.GC.05
Boracite,06.GA.05
Boracite,06.GA.05
Boracite,06.GA.05
Boracite,06.GA.05
Boracite,06.GA.05
Wulfénite,07.GA.05
Boracite,06.GA.05
Boracite,06.GA.05
Boracite,06.GA.05
Boracite,06.GA.05
Boracite,06.GA.05
Boracite,06.GA.05
Boracite,06.GA.05
Boracite,06.GA.05
Boracite,06.GA.05
Boracite,06.GA.05
Boracite,06.GA.05
Boracite,06.GA.05
Boracite,06.GA.05
Canavesite,06.HA.50
Langbeinite,07.AC.10
Thenardite,07.AC.25
Thenardite,07.AC.25
Thenardite,07.AC.25
Sal ammoniaque,
Aphthitalite,07.AC.35
Aphthitalite,07.AC.35
Glauberite,07.AD.25
Paraluminite,
Pectolite,09.DG.05
Spherocobaltite,05.AB.05
Synchysite-(Y),
Anglésite,07.AD.35
Anglésite,07.AD.35
Anglésite,07.AD.35
Glauberite,07.AD.25
Glauberite,07.AD.25
Glauberite,07.AD.25
Glauberite,07.AD.25
Anhydrite,07.AD.30
Anhydrite,07.AD.30
Anhydrite,07.AD.30
Anhydrite,07.AD.30
Anhydrite,07.AD.30
Anhydrite,07.AD.30
Anhydrite,07.AD.30
Anhydrite,07.AD.30
Anhydrite,07.AD.30
Anhydrite,07.AD.30
Anhydrite,07.AD.30
Anhydrite,07.AD.30
Anhydrite,07.AD.30
Anhydrite,07.AD.30
Anhydrite,07.AD.30
Anhydrite,07.AD.30
Anhydrite,07.AD.30
Anhydrite,07.AD.30
Anhydrite,07.AD.30
Anhydrite,07.AD.30
Anhydrite,07.AD.30
Anhydrite,07.AD.30
Anhydrite,07.AD.30
Anhydrite,07.AD.30
Anhydrite,07.AD.30
Celestine,07.AD.35
Celestine,07.AD.35
Celestine,07.AD.35
Celestine,07.AD.35
Celestine,07.AD.35
Celestine,07.AD.35
Celestine,07.AD.35
Celestine,07.AD.35
Celestine,07.AD.35
Celestine,07.AD.35
Celestine,07.AD.35
Celestine,07.AD.35
Celestine,07.AD.35
Celestine,07.AD.35
Celestine,07.AD.35
Celestine,07.AD.35
Celestine,07.AD.35
Celestine,07.AD.35
Celestine,07.AD.35
Barytine,
Celestine,07.AD.35
Celestine,07.AD.35
Celestine,07.AD.35
Celestine,07.AD.35
Celestine,07.AD.35
Celestine,07.AD.35
Celestine,07.AD.35
Celestine,07.AD.35
Celestine,07.AD.35
Celestine,07.AD.35
Celestine,07.AD.35
Celestine,07.AD.35
Celestine,07.AD.35
Celestine,07.AD.35
Celestine,07.AD.35
Celestine,07.AD.35
Celestine,07.AD.35
Celestine,07.AD.35
Celestine,07.AD.35
Celestine,07.AD.35
Celestine,07.AD.35
Celestine,07.AD.35
Celestine,07.AD.35
Celestine,07.AD.35
Celestine,07.AD.35
Celestine,07.AD.35
Celestine,07.AD.35
Celestine,07.AD.35
Celestine,07.AD.35
Celestine,07.AD.35
Celestine,07.AD.35
Celestine,07.AD.35
Celestine,07.AD.35
Celestine,07.AD.35
Barytine = Barite,
Barytine,
Barytine,
Barytine,
Barytine,
Barytine,
Barytine,
Barytine,
Barytine,
Barytine,
Barytine,
Barytine,
Barytine,
Barytine,
Barytine,
Barytine,
Barytine,
Barytine,
Barytine,
Barytine,
Barytine,
Barytine,
Barytine,
Barytine,
Barytine,
Barytine,
Barytine,
Cérusite,
Barytine,
Barytine,
Barytine,
Barytine,
Barytine,
Barytine,
Barytine,
Barytine,
Barytine,
Cérusite,
Barytine,
Barytine,
Barytine,
Barytine,
Barytine,
Barytine,
Barytine,
Barytine,
Barytine,
Barytine,
Barytine,
Barytine,
Barytine,
Barytine,
Barytine,
Barytine,
Barytine,
Barytine,
Barytine,
Barytine,
Barytine,
Barytine,
Barytine,
Barytine,
Barytine,
Barytine,
Barytine,
Barytine,
Barytine,
Barytine,
Barytine,
Barytine,
Barytine,
Barytine,
Barytine,
Barytine,
Barytine,
Barytine,
Barytine,
Barytine,
Barytine,
Barytine,
Barytine,
Barytine,
Barytine,
Barytine,
Barytine,
Barytine,
Barytine,
Barytine,
Barytine,
Barytine,
Barytine,
Barytine,
Barytine,
Barytine,
Barytine,
Barytine,
Barytine,
Barytine,
Barytine,
Anglésite,07.AD.35
Anglésite,07.AD.35
Anglésite,07.AD.35
Anglésite,07.AD.35
Anglésite,07.AD.35
Anglésite,07.AD.35
Anglésite,07.AD.35
Anglésite,07.AD.35
Anglésite,07.AD.35
Anglésite,07.AD.35
Anglésite,07.AD.35
Anglésite,07.AD.35
Anglésite,07.AD.35
Anglésite,07.AD.35
Anglésite,07.AD.35
Anglésite,07.AD.35
Anglésite,07.AD.35
Anglésite,07.AD.35
Anglésite,07.AD.35
Anglésite,07.AD.35
Anglésite,07.AD.35
Anglésite,07.AD.35
Anglésite,07.AD.35
Anglésite,07.AD.35
Anglésite,07.AD.35
Anglésite,07.AD.35
Anglésite,07.AD.35
Anglésite,07.AD.35
Anglésite,07.AD.35
Barytocelestine [pas une espèce] !,
Barytocelestine,
Antlerite,07.BB.15
Antlerite,07.BB.15
Brochantite,07.BB.25
Brochantite,07.BB.25
Brochantite,07.BB.25
Brochantite,07.BB.25
Brochantite,07.BB.25
Brochantite,07.BB.25
Brochantite,07.BB.25
Brochantite,07.BB.25
Linarite,07.BC.65
Linarite,07.BC.65
Azurite,05.BA.05
Linarite,07.BC.65
Linarite,07.BC.65
Linarite,07.BC.65
Linarite,07.BC.65
Linarite,07.BC.65
Alunite,07.BC.10
Alunite,07.BC.10
Alunite,07.BC.10
Alunite,07.BC.10
Alunite,07.BC.10
Natrojarosite,07.BC.10
Natrojarosite,07.BC.10
Jarosite,07.BC.10
Jarosite,07.BC.10
Jarosite,07.BC.10
Jarosite,07.BC.10
Jarosite,07.BC.10
Jarosite,07.BC.10
Hydroniumjarosite,07.BC.10
Plumbojarosite,07.BC.10
Svanbergite,08.BL.05
Beudantite,08.BL.05
Kyanite,09.AF.15
Lanarkite,07.BD.40
Burkeite,07.BD.25
Hanksite,07.BD.30
Hanksite,07.BD.30
Hanksite,07.BD.30
Hanksite,07.BD.30
Caledonite,07.BC.50
Caledonite,07.BC.50
Caledonite,07.BC.50
Leadhillite,05.BF.40
Kieserite,07.CB.05
Kieserite,07.CB.05
Kieserite,07.CB.05
Goudeyite,08.DL.15
Chalcanthite,07.CB.20
Chalcanthite,07.CB.20
Chalcanthite,07.CB.20
Chalcanthite,07.CB.20
Chalcanthite,07.CB.20
Chalcanthite,07.CB.20
Chalcanthite,07.CB.20
Chalcanthite,07.CB.20
Chalcanthite,07.CB.20
Chalcanthite,07.CB.20
Erythrite,08.CE.40
Mélantérite,07.CB.35
Mélantérite,07.CB.35
Bieberite,07.CB.35
Chalcanthite,07.CB.20
Mélantérite,07.CB.35
Alunogène,
Epsomite,07.CB.40
Epsomite,07.CB.40
Epsomite,07.CB.40
Goslarite,07.CB.40
Goslarite,07.CB.40
Morenosite,07.CB.40
Fauserite = Epsomite Mn,
Coquimbite,07.CB.50
Coquimbite,07.CB.50
Coquimbite,07.CB.50
Copiapite,07.DB.35
Alunogène,
Alunogène,
Alunogène,
Alunogène,
Alunogène,
Römerite,07.CB.75
Pickeringite,07.CB.85
Pickeringite,07.CB.85
Dietrichite,07.CB.85
Alum K,
Tschermigite,07.CC.20
Tschermigite,07.CC.20
Tschermigite,07.CC.20
Voltaite,07.CC.25
Kroehnkite,07.CC.30
Loeweite,07.CC.45
Bloedite,07.CC.50
Bloedite,07.CC.50
Bloedite,07.CC.50
Bloedite,07.CC.50
Bloedite,07.CC.50
Picromerite,07.CC.60
Picromerite,
Picromerite,07.CC.60
Picromerite,07.CC.60
Picromerite,07.CC.60
Polyhalite,07.CC.65
Polyhalite,07.CC.65
Polyhalite,07.CC.65
Mirabilite,07.CD.10
Mirabilite,07.CD.10
Mirabilite,07.CD.10
Syngenite,07.CD.35
Gypse,07.CD.40
Gypse,07.CD.40
Gypse,07.CD.40
Gypse,07.CD.40
Gypse,07.CD.40
Gypse,07.CD.40
Gypse,07.CD.40
Gypse,07.CD.40
Gypse,07.CD.40
Gypse,07.CD.40
Gypse,07.CD.40
Gypse,07.CD.40
Gypse,07.CD.40
Gypse,07.CD.40
Gypse,07.CD.40
Gypse,07.CD.40
Gypse,07.CD.40
Gypse,07.CD.40
Gypse,07.CD.40
Gypse,07.CD.40
Gypse,07.CD.40
Gypse,07.CD.40
Gypse,07.CD.40
Gypse,07.CD.40
Gypse,07.CD.40
Gypse,07.CD.40
Gypse,07.CD.40
Gypse,07.CD.40
Gypse,07.CD.40
Gypse,07.CD.40
Gypse,07.CD.40
Gypse,07.CD.40
Gypse,07.CD.40
Gypse,07.CD.40
Gypse,07.CD.40
Gypse,07.CD.40
Gypse,07.CD.40
Gypse,07.CD.40
Gypse,07.CD.40
Gypse,07.CD.40
Gypse,07.CD.40
Gypse,07.CD.40
Gypse,07.CD.40
Gypse,07.CD.40
Gypse,07.CD.40
Gypse,07.CD.40
Gypse,07.CD.40
Gypse,07.CD.40
Gypse,07.CD.40
Gypse,07.CD.40
Gypse,07.CD.40
Gypse,07.CD.40
Gypse,07.CD.40
Gypse,07.CD.40
Gypse,07.CD.40
Gypse,07.CD.40
Gypse,07.CD.40
Gypse,07.CD.40
Gypse,07.CD.40
Gypse,07.CD.40
Gypse,07.CD.40
Gypse,07.CD.40
Gypse,07.CD.40
Gypse,07.CD.40
Gypse,07.CD.40
Gypse,07.CD.40
Gypse,07.CD.40
Gypse,07.CD.40
Gypse,07.CD.40
Gypse,07.CD.40
Gypse,07.CD.40
Gypse,07.CD.40
Gypse,07.CD.40
Gypse,07.CD.40
Gypse,07.CD.40
Gypse,07.CD.40
Gypse,07.CD.40
Gypse,07.CD.40
Gypse,07.CD.40
Gypse,07.CD.40
Gypse,07.CD.40
Gypse,07.CD.40
Gypse,07.CD.40
Gypse,07.CD.40
Gypse,07.CD.40
Gypse,07.CD.40
Gypse,07.CD.40
Gypse,07.CD.40
Gypse,07.CD.40
Gypse,07.CD.40
Gypse,07.CD.40
Gypse,07.CD.40
Gypse,07.CD.40
Gypse,07.CD.40
Gypse,07.CD.40
Gypse,07.CD.40
Gypse,07.CD.40
Gypse,07.CD.40
Gypse,07.CD.40
Gypse,07.CD.40
Gypse,07.CD.40
Gypse,07.CD.40
Gypse,07.CD.40
Gypse,07.CD.40
Gypse,07.CD.40
Gypse,07.CD.40
Gypse,07.CD.40
Gypse,07.CD.40
Gypse,07.CD.40
Gypse,07.CD.40
Gypse,07.CD.40
Gypse,07.CD.40
Gypse,07.CD.40
Gypse,07.CD.40
Gypse,07.CD.40
Gypse,07.CD.40
Gypse,07.CD.40
Posnjakite,07.DD.10
Langite,07.DD.10
Langite,07.DD.10
Parabutlerite,07.DC.10
Amarantite,07.DB.30
Hohmannite,07.DB.30
Fibroferrite,07.DC.15
Fibroferrite,07.DC.15
Fibroferrite,07.DC.15
Aluminite,07.DC.05
Aluminite,07.DC.05
Aluminite,07.DC.05
Aluminite,07.DC.05
Chalcoalumite,07.DD.75
Cyanotrichite,07.DE.10
Cyanotrichite,07.DE.10
Botryogene,
Botryogene,
Copiapite,07.DB.35
Copiapite,07.DB.35
Copiapite,07.DB.35
Kainite,07.DF.10
Kainite,07.DF.10
Devilline,07.DD.30
Serpierite,07.DD.30
Serpierite,07.DD.30
Serpierite,07.DD.30
Serpierite,07.DD.30
Ettringite,07.DG.15
Ettringite,07.DG.15
Zippeite,07.EC.05
Johannite,07.EB.05
Klebelsbergite,07.BB.35
Crocoise,
Embreyite,07.FC.20
Crocoise,
Crocoise,
Crocoise,
Crocoise,
Crocoise,
Crocoise,
Crocoise,
Crocoise,
Crocoise,
Crocoise,
Crocoise,
Crocoise,
Crocoise,
Crocoise,
Crocoise,
Crocoise,
Crocoise,
Crocoise,
Crocoise,
Crocoise,
Crocoise,
Crocoise,
Phoenicochroite,07.FB.05
Vauquelinite,07.FC.05
Powellite,07.GA.05
Scheelite,07.GA.05
Scheelite,07.GA.05
Scheelite,07.GA.05
Scheelite,07.GA.05
Scheelite,07.GA.05
Scheelite,07.GA.05
Scheelite,07.GA.05
Scheelite,07.GA.05
Scheelite,07.GA.05
Scheelite,07.GA.05
Scheelite,07.GA.05
Scheelite,07.GA.05
Scheelite,07.GA.05
Scheelite,07.GA.05
Scheelite,07.GA.05
Scheelite,07.GA.05
Scheelite,07.GA.05
Scheelite,07.GA.05
Scheelite,07.GA.05
Stolzite,07.GA.05
Stolzite,07.GA.05
Stolzite,07.GA.05
Sidérite,05.AB.05
Calcite,05.AB.05
Quartz,04.DA.05
Béryl,09.CJ.05
Gypse,
Cuivre,01.AA.05
Béryl,09.CJ.05
Quartz,04.DA.05
Kyanite,09.AF.15
Quartz,04.DA.05
Quartz,04.DA.05
Limonite,
Oeil de tigre,
Quartz,04.DA.05
Gypse,
Albite,09.FA.35
Rhodochrosite,05.AB.05
Grenat,
Calcite,05.AB.05
Microcline,09.FA.30
Muscovite,09.EC.15
Tourmaline,
Tourmaline,
Tourmaline,
Lépidolite,09.EC.20
Quartz,04.DA.05
Quartz,04.DA.05
Microcline,09.FA.30
Almandin,
Aragonite,05.AB.15
Danburite,09.FA.65
Danburite,09.FA.65
Hémimorphite,09.BD.10
Ludjibaite,08.BD.25
Reichenbachite,08.BD.05
Defernite,05.BA.25
Vuagnatite,09.AG.60
Rutile,04.DB.05
Célestine,07.AD.35
Soufre,01.CC.05
Gaudefroyite,06.AB.60
Minehillite,09.EE.75
Chrysocolle,
Susannite,05.BF.40
Tangeite,
Varaite ??,
Marsturite,09.DK.05
Sylvine,
Wulfénite,07.GA.05
Wulfénite,07.GA.05
Wulfénite,07.GA.05
Wulfénite,07.GA.05
Wulfénite,07.GA.05
Wulfénite,07.GA.05
Wulfénite,07.GA.05
Wulfénite,07.GA.05
Wulfénite,07.GA.05
Wulfénite,07.GA.05
Wulfénite,07.GA.05
Wulfénite,07.GA.05
Wulfénite,07.GA.05
Wulfénite,07.GA.05
Wulfénite,07.GA.05
Wulfénite,07.GA.05
Wulfénite,07.GA.05
Wulfénite,07.GA.05
Wulfénite,07.GA.05
Wulfénite,07.GA.05
Wulfénite,07.GA.05
Wulfénite,07.GA.05
Wulfénite,07.GA.05
Wulfénite,07.GA.05
Wulfénite,07.GA.05
Wulfénite,07.GA.05
Wulfénite,07.GA.05
Wulfénite,07.GA.05
Wulfénite,07.GA.05
Wulfénite,07.GA.05
Chillagite [pas une espèce] !,
Chillagite,
Chillagite,
Ferrimolybdite,07.GB.30
Andradite,09.AD.25
Beryllonite,08.AA.10
Beryllonite,08.AA.10
Hurlbutite,08.AA.15
Triphylite,08.AB.10
Triphylite,08.AB.10
Triphylite,08.AB.10
Heterosite,08.AB.10
Purpurite,08.AB.10
Purpurite,08.AB.10
Graftonite,08.AB.20
Hagendorfite,08.AC.10
Alluaudite,08.AC.10
Caryinite,08.AC.10
Caryinite,08.AC.10
Griphite,08.BF.15
Berzeliite,08.AC.25
Berzeliite,08.AC.25
Xenotime,08.AD.35
Xenotime,08.AD.35
Xenotime,08.AD.35
Xenotime,08.AD.35
Monazite,08.AD.50
Monazite,08.AD.50
Monazite,08.AD.50
Monazite,08.AD.50
Monazite,08.AD.50
Monazite,08.AD.50
Monazite,08.AD.50
Monazite,08.AD.50
Monazite,08.AD.50
Monazite,08.AD.50
Monazite,08.AD.50
Monazite,08.AD.50
Monazite,08.AD.50
Monazite,08.AD.50
Monazite,08.AD.50
Beryl,09.CJ.05
Pucherite,08.AD.40
Herderite,08.BA.10
Herderite,08.BA.10
Herderite,08.BA.10
Amblygonite,08.BB.05
Amblygonite,08.BB.05
Amblygonite,08.BB.05
Amblygonite,08.BB.05
Amblygonite,08.BB.05
Amblygonite,08.BB.05
Amblygonite,08.BB.05
Amblygonite,08.BB.05
Amblygonite,08.BB.05
Wagnerite,08.BB.15
Wagnerite,08.BB.15
Wagnerite,08.BB.15
Dolomite,05.AB.10
Dolomite,05.AB.10
Garniérite DISC???,
Ludwigite,06.AB.30
Gypse,
Tourmaline,
Stilbite,09.GE.10
Stilbite,09.GE.10
Sellaite,03.AB.15
Gypse,
Natrolite,09.GA.05
Scheelite,07.GA.05
Stibiconite,04.DH.20
Chalcanthite,07.CB.20
Quartz,04.DA.05
Dolomite,05.AB.10
Apatite,08.BN.05
Garniérite DISC???,
Tinzenite,09.BD.20
Orthose,
Orthose,
Alstonite,05.AB.35
Hornblende,
Actinote,
Analcime,09.GB.05
Analcime,09.GB.05
Andalousite,
Andalousite,
Anglésite,07.AD.35
Apophyllite,09.EA.15
Aragonite,05.AB.15
Aragonite,05.AB.15
Argentite,02.BA.30a
Antimoine,01.CA.05
Axinite,09.BD.20
Azurite,05.BA.05
Azurite,05.BA.05
Azurite,05.BA.05
Azurite,05.BA.05
Azurite,05.BA.05
Barytine,
Barytine,
Sphalérite,02.CB.05a
Bornite,02.BA.10
Silex,
Calcite,05.AB.05
Calcite,05.AB.05
Calomel,03.AA.30
Hématite,04.CB.05
Célestine,07.AD.35
Célestine,07.AD.35
Chondrodite,09.AF.45
Cobaltine,
Corindon,
Corindon,
Cuivre natif,
Cuprite,04.AA.10
Andradite,09.AD.25
Actinote,
Diopside,09.DA.15
Kyanite,09.AF.15
Kyanite,09.AF.15
Kyanite,09.AF.15
Epidote,09.BG.05a
Actinote,
Epidote,09.BG.05a
Epidote,09.BG.05a
Epidote,09.BG.05a
Epidote,09.BG.05a
Grossulaire,
Fluorite,
Fluorite,
Fluorite,
Fluorite,
Fluorite,03.AB.25
Galène,
Galène,
Goethite,04.FD.10
Andradite,09.AD.25
Gypse,
Gypse,
Harmotome,09.GC.10
Hématite,04.CB.05
Hématite,04.CB.05
Grossulaire,
Hydromagnésite,05.DA.05
Kaolinite,09.ED.05
Leucite,09.GB.05
Magnétite,04.BB.05
Malachite,05.BA.10
Microcline,09.FA.30
Arsenopyrite,02.EB.20
Molybdénite,02.EA.30
Muscovite,09.EC.15
Natrolite,09.GA.05
Clinochlore P,
Clinochlore P,
Psilomélane,
Pyrite,02.EB.05a
Diopside,09.DA.15
Pyrite ,
Pyromorphite,08.BN.05
Pyrope,09.AD.25
Pyrophyllite,09.EC.10
Quartz,04.DA.05
Quartz,04.DA.05
Quartz,04.DA.05
Quartz,04.DA.05
Quartz,04.DA.05
Quartz,04.DA.05
Quartz,04.DA.05
Quartz,04.DA.05
Quartz,04.DA.05
Quartz,04.DA.05
Quartz,04.DA.05
Quartz,04.DA.05
Quartz,04.DA.05
Quartz,04.DA.05
Soufre,01.CC.05
Soufre,01.CC.05
Stephanite,02.GB.10
Stilbite,09.GE.10
Stilbite,09.GE.10
Stilbite,09.GE.10
Talc,09.EC.05
Tellure,01.CC.10
Tétraèdrite,
Topaze,
Topaze,
Vésuvianite,09.BG.35
Aluminite,07.DC.05
Zoisite,09.BG.10
Pyromorphite,08.BN.05
Goethite,04.FD.10
Augite,09.DA.15
Galène,
Epidote,09.BG.05a
Chalcopyrite,02.CB.10a
Tennantite,02.GB.05
Calcédoine,
Ambre,
Bismuth,01.CA.05
Wagnerite,08.BB.15
Wagnerite,08.BB.15
Wagnerite,08.BB.15
Wagnerite,08.BB.15
Wagnerite,08.BB.15
Triplite,08.BB.10
Triplite,08.BB.10
Triplite,08.BB.10
Triplite,08.BB.10
Triplite,08.BB.10
Triplite,08.BB.10
Wolfeite,08.BB.15
Sarkinite,08.BB.15
Sarkinite,08.BB.15
Libethenite,08.BB.30
Libethenite,08.BB.30
Libethenite,08.BB.30
Libethenite,08.BB.30
Libethenite,08.BB.30
Libethenite,08.BB.30
Libethenite,08.BB.30
Olivénite,08.BB.30
Olivenite,08.BB.30
Olivenite,08.BB.30
Olivenite,08.BB.30
Olivenite,08.BB.30
Olivenite,08.BB.30
Olivenite,08.BB.30
Olivenite,08.BB.30
Olivenite,08.BB.30
Olivenite,08.BB.30
Adamite,08.BB.30
Adamite,08.BB.30
Adamite,08.BB.30
Adamite,08.BB.30
Adamite,08.BB.30
Adamite,08.BB.30
Adamite,08.BB.30
Cobalto-Adamite,
Cupro-Adamite,
Tarbuttite,08.BB.35
Tarbuttite,08.BB.35
Tarbuttite,08.BB.35
Lazulite,08.BB.40
Lazulite,08.BB.40
Lazulite,08.BB.40
Lazulite,08.BB.40
Lazulite,08.BB.40
Lazulite,08.BB.40
Lazulite,08.BB.40
Lazulite,08.BB.40
Lazulite,08.BB.40
Lazulite,08.BB.40
Lazulite,08.BB.40
Lazulite,08.BB.40
Barbosalite,08.BB.40
Dufrenite,08.DK.15
Dufrenite,08.DK.15
Dufrenite,08.DK.15
Dufrenite,08.DK.15
Dufrenite,08.DK.15
Dufrenite,08.DK.15
Dufrenite,08.DK.15
Rockbridgeite,08.BC.10
Pseudomalachite,08.BD.05
Pseudomalachite,08.BD.05
Pseudomalachite,08.BD.05
Pseudomalachite,08.BD.05
Pseudomalachite,08.BD.05
Pseudomalachite,08.BD.05
Pseudomalachite,08.BD.05
Pseudomalachite,08.BD.05
Cornwallite,08.BD.05
Cornubite,08.BD.30
Augelite,08.BE.05
Augelite,08.BE.05
Cornetite,08.BE.15
Cornetite,08.BE.15
Cornetite,08.BE.15
Cornetite,08.BE.15
Cornetite,08.BE.15
Cornetite,08.BE.15
Cornetite,08.BE.15
Clinoclase,08.BE.20
Clinoclase,08.BE.20
Conichalcite,08.BH.35
Conichalcite,08.BH.35
Clinoclase,08.BE.20
Allactite,08.BE.30
Synadelphite,08.BE.50
Hematolite,08.BE.45
Durangite,08.BH.10
Plomb natif,
Torbernite,08.EB.05
Austinite,08.BH.35
Austinite,08.BH.35
Conichalcite,08.BH.35
Duftite,08.BH.35
Tangeite,08.BH.35
Descloizite,08.BH.40
Descloizite,08.BH.40
Descloizite,08.BH.40
Descloizite,08.BH.40
Descloizite,08.BH.40
Descloizite,08.BH.40
Descloizite,08.BH.40
Descloizite,08.BH.40
Descloizite,08.BH.40
Descloizite,08.BH.40
Descloizite,08.BH.40
Descloizite,08.BH.40
Descloizite,08.BH.40
Descloizite,08.BH.40
Mottramite,08.BH.40
Mottramite,08.BH.40
Mottramite,08.BH.40
Vuagnatite,09.AG.60
Austinite B,
Brazilianite,08.BK.05
Brazilianite,08.BK.05
Brazilianite,08.BK.05
Brazilianite,08.BK.05
Brazilianite,08.BK.05
Cafarsite,04.JC.05
Carminite,08.BH.30
Carminite,08.BH.30
Bayldonite,08.BH.45
Vésigniéite,08.BH.45
Vésigniéite,08.BH.45
Apatite,08.BN.05
Goyazite,08.BL.10
Goyazite,08.BL.10
Goyazite,08.BL.10
Goyazite,08.BL.10
Goyazite,08.BL.10
Plumbogummite,08.BL.10
Dussertite,08.BL.10
Apatite = Groupe,
Apatite,08.BN.05
Apatite,08.BN.05
Apatite,08.BN.05
Apatite,08.BN.05
Apatite,08.BN.05
Apatite,08.BN.05
Apatite,08.BN.05
Apatite,08.BN.05
Apatite,08.BN.05
Apatite,08.BN.05
Apatite,08.BN.05
Apatite,08.BN.05
Apatite,08.BN.05
Apatite,08.BN.05
Apatite,08.BN.05
Apatite,08.BN.05
Apatite,08.BN.05
Apatite,08.BN.05
Apatite,08.BN.05
Apatite,08.BN.05
Apatite,08.BN.05
Apatite,08.BN.05
Apatite,08.BN.05
Apatite,08.BN.05
Apatite,08.BN.05
Apatite,08.BN.05
Apatite,08.BN.05
Apatite,08.BN.05
Apatite,08.BN.05
Apatite,08.BN.05
Apatite,08.BN.05
Apatite,08.BN.05
Apatite,08.BN.05
Apatite,08.BN.05
Apatite,08.BN.05
Apatite,08.BN.05
Apatite,08.BN.05
Apatite,08.BN.05
Apatite,08.BN.05
Apatite,08.BN.05
Apatite,08.BN.05
Apatite,08.BN.05
Apatite,08.BN.05
Apatite,08.BN.05
Apatite,08.BN.05
Apatite,08.BN.05
Apatite,08.BN.05
Apatite,08.BN.05
Apatite,08.BN.05
Apatite,08.BN.05
Apatite,08.BN.05
Apatite,08.BN.05
Apatite,08.BN.05
Apatite,08.BN.05
Apatite,08.BN.05
Apatite,08.BN.05
Apatite,08.BN.05
Apatite,08.BN.05
Apatite,08.BN.05
Apatite,08.BN.05
Apatite,08.BN.05
Apatite,08.BN.05
Apatite,08.BN.05
Apatite,08.BN.05
Apatite,08.BN.05
Apatite,08.BN.05
Apatite,08.BN.05
Apatite,08.BN.05
Apatite,08.BN.05
Apatite,08.BN.05
Apatite,08.BN.05
Apatite,08.BN.05
Apatite,08.BN.05
Apatite,08.BN.05
Apatite,08.BN.05
Apatite,08.BN.05
Apatite,08.BN.05
Apatite,08.BN.05
Apatite,08.BN.05
Apatite,08.BN.05
Apatite,08.BN.05
Réalgar,02.FA.15a
Fluorapatite,
Carbonate-fluorapatite,08.BN.05
Carbonate-fluorapatite,08.BN.05
Carbonate-(fluor)apatite,
Ellestadite-(OH),
Pyromorphite,08.BN.05
Pyromorphite,08.BN.05
Pyromorphite,08.BN.05
Pyromorphite,08.BN.05
Pyromorphite,08.BN.05
Pyromorphite,08.BN.05
Pyromorphite,08.BN.05
Pyromorphite,08.BN.05
Pyromorphite,08.BN.05
Pyromorphite,08.BN.05
Pyromorphite,08.BN.05
Pyromorphite,08.BN.05
Pyromorphite,08.BN.05
Pyromorphite,08.BN.05
Pyromorphite,08.BN.05
Pyromorphite,08.BN.05
Pyromorphite,08.BN.05
Pyromorphite,08.BN.05
Pyromorphite,08.BN.05
Pyromorphite,08.BN.05
Pyromorphite,08.BN.05
Pyromorphite,08.BN.05
Pyromorphite,08.BN.05
Pyromorphite,08.BN.05
Pyromorphite,08.BN.05
Pyromorphite,08.BN.05
Pyromorphite,08.BN.05
Pyromorphite,08.BN.05
Pyromorphite,08.BN.05
Pyromorphite,08.BN.05
Pyromorphite,08.BN.05
Pyromorphite,08.BN.05
Pyromorphite,08.BN.05
Pyromorphite,08.BN.05
Pyromorphite,08.BN.05
Pyromorphite,08.BN.05
Pyromorphite,08.BN.05
Pyromorphite,08.BN.05
Mimetite,08.BN.05
Mimetite,08.BN.05
Mimetite,08.BN.05
Mimetite,08.BN.05
Mimetite,08.BN.05
Mimetite,08.BN.05
Mimetite,08.BN.05
Mimetite,08.BN.05
Vanadinite,08.BN.05
Vanadinite,08.BN.05
Vanadinite,08.BN.05
Vanadinite,08.BN.05
Vanadinite,08.BN.05
Vanadinite,08.BN.05
Vanadinite,08.BN.05
Vanadinite,08.BN.05
Vanadinite,08.BN.05
Vanadinite,08.BN.05
Vanadinite,08.BN.05
Vanadinite,08.BN.05
Vanadinite,08.BN.05
Vanadinite,08.BN.05
Vanadinite,08.BN.05
Vanadinite,08.BN.05
Vanadinite,08.BN.05
Carbonate-hydroxylapatite,08.BN.05
Apatite,08.BN.05
Apatite,08.BN.05
Fermorite,08.BN.05
Mimétite,08.BN.05
Hedyphane,08.BN.05
Hedyphane,08.BN.05
Vanadinite As,
Vanadinite As,
Vanadinite As,
Atelestite,08.BO.15
Hureaulite,08.CB.10
Hureaulite,08.CB.10
Hureaulite,08.CB.10
Scholzite,08.CA.45
Scholzite,08.CA.45
Volborthite,08.FD.05
Phosphoferrite,08.CC.05
Phosphosidérite,08.CD.05
Variscite,08.CD.10
Variscite,08.CD.10
Variscite,08.CD.10
Variscite,08.CD.10
Variscite,08.CD.10
Variscite,08.CD.10
Variscite,08.CD.10
Strengite,08.CD.10
Strengite,08.CD.10
Strengite,08.CD.10
Mansfieldite,08.CD.10
Scorodite,08.CD.10
Scorodite,08.CD.10
Scorodite,08.CD.10
Scorodite,08.CD.10
Scorodite,08.CD.10
Scorodite,08.CD.10
Bukovskyite,08.DB.40
Malachite,05.BA.10
Ludlamite,08.CD.20
Ludlamite,08.CD.20
Phosphophyllite,08.CA.40
Phosphophyllite,08.CA.40
Hopeite,08.CA.30
Hopeite,08.CA.30
Lindackerite,08.CE.30
Anapaite,08.CH.10
Anapaite,08.CH.10
Newberyite,08.CE.10
Newberyite,08.CE.10
Koninckite,08.CE.55
Apatite,08.BN.05
Bobierrite,08.CE.35
Vivianite,08.CE.40
Vivianite,08.CE.40
Vivianite,08.CE.40
Vivianite,08.CE.40
Vivianite,08.CE.40
Vivianite,08.CE.40
Vivianite,08.CE.40
Vivianite,08.CE.40
Agardite,08.DL.15
Vivianite,08.CE.40
Vivianite,08.CE.40
Vivianite,08.CE.40
Vivianite,08.CE.40
Vivianite,08.CE.40
Vivianite,08.CE.40
Vivianite,08.CE.40
Vivianite,08.CE.40
Erythrite,08.CE.40
Erythrite,08.CE.40
Erythrite,08.CE.40
Erythrite,08.CE.40
Erythrite,08.CE.40
Erythrite,08.CE.40
Erythrite,08.CE.40
Erythrine,
Erythrite,08.CE.40
Erythrite,08.CE.40
Erythrite,08.CE.40
Annabergite,08.CE.40
Annabergite,08.CE.40
Annabergite,08.CE.40
Annabergite,08.CE.40
Symplesite,08.CE.45
Annabergite,08.CE.40
Annabergite C,
Annabergite C,
Collinsite,08.CG.05
Collinsite,08.CG.05
Messelite,08.CG.05
Roselite,08.CG.10
Roselite,08.CG.10
Roselite,08.CG.10
Brandtite,08.CG.10
Picropharmacolite,08.CH.15
Picropharmacolite,08.CH.15
Picropharmacolite,08.CH.15
Picropharmacolite,08.CH.15
Struvite,08.CH.40
Haidingerite,08.CJ.20
Brushite,08.CJ.50
Pharmacolite ?,
Pharmacolite,08.CJ.50
Pharmacolite,08.CJ.50
Pharmacolite ?,
Calcite,05.AB.05
Churchite-(Y),
Churchite-(Y),
Brackebuschite,08.BG.05
Pseudomalachite,08.BD.05
Legrandite,08.DC.10
Legrandite,08.DC.10
Euchroïte,08.DC.07
Euchroite,08.DC.07
Vauxite,08.DC.35
Strunzite,08.DC.25
Cacoxenite,08.DC.40
Cacoxenite,08.DC.40
Cacoxenite ???,
Cacoxenite,08.DC.40
Beraunite,08.DC.27
Beraunite,08.DC.27
Diadochite,08.DB.05
Diadochite,08.DB.05
Diadochite,08.DB.05
Pitticite,08.DB.05
Pitticite,08.DB.05
Wavellite,08.DC.50
Wavellite,08.DC.50
Wavellite,08.DC.50
Wavellite,08.DC.50
Wavellite,08.DC.50
Wavellite,08.DC.50
Wavellite,08.DC.50
Wavellite,08.DC.50
Wavellite,08.DC.50
Wavellite,08.DC.50
Wavellite,08.DC.50
Wavellite,08.DC.50
Wavellite,08.DC.50
Wavellite,08.DC.50
Wavellite,08.DC.50
Childrenite,08.DD.20
Childrenite,08.DD.20
Eosphorite,08.DD.20
Turquoise,08.DD.15
Turquoise,08.DD.15
Turquoise,08.DD.15
Camerolaite,07.DE.75
Turquoise,08.DD.15
Turquoise,08.DD.15
Turquoise,08.DD.15
Turquoise,08.DD.15
Segelerite famille Jhansite - Segelerite,
Chalcosiderite,08.DD.15
Chalcosiderite,08.DD.15
Turquoise,08.DD.15
Chenevixite,08.DD.05
Arthurite,08.DC.15
Tyrolite,08.DM.10
Tyrolite,08.DM.10
Liskeardite,08.DF.10
Delvauxite,08.DM.35
Delvauxite,08.DM.35
Chalcophyllite,08.DF.30
Chalcophyllite,08.DF.30
Chalcophyllite,08.DF.30
Liroconite,08.DF.20
Liroconite,08.DF.20
Liroconite,08.DF.20
Liroconite,08.DF.20
Evansite,08.DF.10
Minyulite,08.DH.05
Wardite,08.DL.10
Wardite,08.DL.10
Mitridatite,08.DH.30
Arseniosiderite,08.DH.30
ArseniosideritePas ceci,
Arseniosiderite,08.DH.30
Arseniosiderite,08.DH.30
Richellite,08.BB.90
Pharmacosiderite,08.DK.10
Pharmacosiderite,08.DK.10
Pharmacosiderite,08.DK.10
Pharmacosidérite,08.DK.10
Pharmacosiderite,08.DK.10
Sampleite,08.DG.05
Lavendulane,
Lavendulane,
Mixite,08.DL.15
Mixite,08.DL.15
Walpurgite,08.EA.05
Sabugalite,08.EB.55
Sabugalite,08.EB.55
Saleeite,08.EB.05
Saleeite,08.EB.05
Saleeite,08.EB.05
Torbernite,08.EB.05
Torbernite,08.EB.05
Torbernite,08.EB.05
Torbernite,08.EB.05
Torbernite,08.EB.05
Torbernite,08.EB.05
Torbernite,08.EB.05
Torbernite,08.EB.05
Torbernite,08.EB.05
Torbernite,08.EB.05
Torbernite,08.EB.05
Torbernite,08.EB.05
Torbernite,08.EB.05
Torbernite,08.EB.05
Torbernite,08.EB.05
Torbernite,08.EB.05
Torbernite,08.EB.05
Torbernite,08.EB.05
Torbernite,08.EB.05
Torbernite,08.EB.05
Torbernite,08.EB.05
Autunite,08.EB.05
Autunite,08.EB.05
Autunite,08.EB.05
Autunite,08.EB.05
Autunite,08.EB.05
Autunite,08.EB.05
Autunite,08.EB.05
Autunite,08.EB.05
Autunite,08.EB.05
Autunite,08.EB.05
Autunite,08.EB.05
Autunite,08.EB.05
Autunite,08.EB.05
Uranocircite,08.EB.05
Novacekite,08.EB.05
Zeunerite,08.EB.05
Meta-Torbernite,
Meta-Torbernite,
Meta-Torbernite,
Meta-Torbernite,
Meta-Torbernite,
Meta-autunite,08.EB.10
Trögerite,08.EB.15
Dewindtite,08.EC.10
Dewindtite,08.EC.10
Parsonsite,08.EA.10
Dumontite,08.EC.15
Dumontite,08.EC.15
Carnotite,04.HB.05
Carnotite,04.HB.05
Carnotite,04.HB.05
Tyuyamunite,04.HB.25
Francevillite,04.HB.15
Hewettite,04.HE.15
Metahewettite,04.HE.15
Corvusite,04.HE.20
Célestine,07.AD.35
Phénacite,
Phénacite,
Phénacite,
Phénacite,
Phénacite,
Phénacite,
Phénacite,
Phénacite,
Phénacite,
Phénacite,
Phénacite,
Phénacite,
Phénacite,
Phénacite,
Phénacite,
Phénacite,
Phénacite,
Willemite,09.AA.05
Willemite,09.AA.05
Willémite,09.AA.05
Willemite,09.AA.05
Willemite,09.AA.05
Willemite,09.AA.05
Willemite,09.AA.05
Willemite,09.AA.05
Willemite,09.AA.05
Willemite,09.AA.05
Willemite,09.AA.05
Willemite,09.AA.05
Willemite,09.AA.05
Willemite,09.AA.05
WIllemite,09.AA.05
Willemite,09.AA.05
Willemite Mn,
Willemite Mn,
Willemite Mn,
Trimerite,09.AB.05
Forstérite,09.AC.05
Forstérite,09.AC.05
Forstérite,09.AC.05
Forstérite,09.AC.05
Olivine,09.AC.05
Olivine,09.AC.05
Olivine,09.AC.05
Olivine,09.AC.05
Olivine,09.AC.05
Olivine,09.AC.05
Olivine,09.AC.05
Olivine,09.AC.05
Olivine,09.AC.05
Olivine,09.AC.05
Olivine,09.AC.05
Olivine,09.AC.05
Olivine,09.AC.05
Olivine,09.AC.05
Olivine,09.AC.05
Olivine,09.AC.05
Olivine,09.AC.05
Olivine,09.AC.05
Olivine,09.AC.05
Fayalite,09.AC.05
Fayalite,09.AC.05
Fayalite,09.AC.05
Fayalite Knebelite,
Fayalite Knebelite,
Téphroite,09.AC.05
Olivine,09.AC.05
Olivine,09.AC.05
Forstérite,09.AC.05
Monticellite,09.AC.10
Monticellite,09.AC.10
Monticellite,09.AC.10
Larsenite,09.AB.10
Merwinite,09.AD.15
Grenat,
Grossulaire,
Grossulaire,
Grossulaire,
Andradite,09.AD.25
Almandin,
Grenat,
Grenat,
Andradite,09.AD.25
Grenat,
Grossulaire,
Almandin,
Grenat,
Grenat,
Grenat,
Grenat,
Almandin,
Grenat,
Grenat,
Almandin,
Grenat,
Almandin,
Grenat,
Pyrope,09.AD.25
Pyrope,09.AD.25
Almandin,
Almandin,
Almandin,
Almandin,
Almandin,
Almandin,
Almandin,
Almandin,
Almandin,
Almandin,
Almandin,
Almandin,
Almandin,
Almandin,
Almandin,
Almandin,
Almandin,
Almandin,
Almandin,
Almandin,
Spessartine,09.AD.25
Spessartine,09.AD.25
Spessartine,09.AD.25
Spessartine,09.AD.25
Spessartine,09.AD.25
Almandin,09.AD.25
Spessartine,09.AD.25
Grossulaire,
Grossulaire,
Grossulaire,
Grossulaire,
Grossulaire,
Grossulaire,
Grossulaire,
Grossulaire,
Grossulaire,
Grossulaire,
Grossulaire,
Grossulaire,
Grossulaire,
Grossulaire,
Grossulaire,
Grossulaire,
Grossulaire,
Grossulaire,
Grossulaire,
Andradite,09.AD.25
Andradite,09.AD.25
Andradite,09.AD.25
Andradite,09.AD.25
Andradite,09.AD.25
Andradite,09.AD.25
Andradite,09.AD.25
Andradite,09.AD.25
Andradite,09.AD.25
Andradite,09.AD.25
Andradite,09.AD.25
Andradite,09.AD.25
Andradite,09.AD.25
Andradite,09.AD.25
Andradite,09.AD.25
Andradite,09.AD.25
Andradite,09.AD.25
Andradite,09.AD.25
Andradite,09.AD.25
Andradite,09.AD.25
Ouvarovite,
Ouvarovite,
Ouvarovite,
Ouvarovite,
Ouvarovite,
Ouvarovite,
Ouvarovite,
Ouvarovite,
Ouvarovite,
Ouvarovite,
Grossulaire,
Grossulaire,
Grossulaire,
Grossulaire,
Grossulaire,
Grossulaire,
Grossulaire,
Grossulaire,
Grossulaire,
Grossulaire,
Grossulaire,
Grossulaire,
Grossulaire,
Grossulaire,
Grossulaire,
Andradite,09.AD.25
Andradite,09.AD.25
Andradite,09.AD.25
Andradite,09.AD.25
Andradite,09.AD.25
Andradite,09.AD.25
Andradite,09.AD.25
Andradite,09.AD.25
Andradite,09.AD.25
Andradite,09.AD.25
Andradite,09.AD.25
Andradite,09.AD.25
Andradite,09.AD.25
Andradite,09.AD.25
Andradite,09.AD.25
Andradite,09.AD.25
Andradite,09.AD.25
Andradite,09.AD.25
Andradite,09.AD.25
Zircon,09.AD.30
Zircon,09.AD.30
Zircon,09.AD.30
Zircon,09.AD.30
Zircon,09.AD.30
Zircon,09.AD.30
Zircon,09.AD.30
Zircon,09.AD.30
Zircon,09.AD.30
Zircon,09.AD.30
Zircon,09.AD.30
Zircon,09.AD.30
Zircon,09.AD.30
Zircon,09.AD.30
Zircon,09.AD.30
Zircon,09.AD.30
Zircon,09.AD.30
Zircon,09.AD.30
Zircon,09.AD.30
Zircon,09.AD.30
Zircon,09.AD.30
Zircon,09.AD.30
Zircon,09.AD.30
Zircon,09.AD.30
Zircon,09.AD.30
Zircon,09.AD.30
Zircon,09.AD.30
Zircon,09.AD.30
Zircon,09.AD.30
Zircon,09.AD.30
Zircon,09.AD.30
Zircon,09.AD.30
Zircon,09.AD.30
Zircon,09.AD.30
Zircon,09.AD.30
Zircon,09.AD.30
Zircon,09.AD.30
Zircon,09.AD.30
,
Zircon,09.AD.30
Thorite,09.AD.30
Thorite,09.AD.30
Thorite,09.AD.30
Thorite,09.AD.30
Thorite,09.AD.30
Thorite,09.AD.30
Thorite,09.AD.30
Coffinite,09.AD.30
Zircon,09.AD.30
Eulytine,
Eulytine,
Eulytine,
Euclase,09.AE.10
Euclase,09.AE.10
Euclase,09.AE.10
Euclase,09.AE.10
Euclase,09.AE.10
Sillimanite,09.AF.05
Sillimanite,09.AF.05
Sillimanite,09.AF.05
Sillimanite,09.AF.05
Sillimanite,09.AF.05
Sillimanite,09.AF.05
Sillimanite,09.AF.05
Sillimanite,09.AF.05
Sillimanite,09.AF.05
Defernite,05.BA.25
Vuagnatite,09.AG.60
Andalousite,
Andalousite,
Andalousite,
Andalousite,
Andalousite,
Andalousite,
Andalousite,
Andalousite,
Andalousite,
Andalousite,
Andalousite,
Andalousite,
Andalousite,
Andalousite,
Andalousite,
Andalousite,
Andalousite,
Andalousite,
Andalousite,
Andalousite,
Andalousite,
Kyanite Disthène,
Kyanite,09.AF.15
Kyanite,09.AF.15
Kyanite,09.AF.15
Kyanite,09.AF.15
Kyanite,09.AF.15
Kyanite,09.AF.15
Kyanite,09.AF.15
Kyanite,09.AF.15
Kyanite,09.AF.15
Kyanite,09.AF.15
Kyanite,09.AF.15
Kyanite,09.AF.15
Kyanite,09.AF.15
Kyanite,09.AF.15
Kyanite,09.AF.15
Kyanite,09.AF.15
Kyanite,09.AF.15
Kyanite,09.AF.15
Kyanite,09.AF.15
Kyanite,09.AF.15
Kyanite,09.AF.15
Kyanite,09.AF.15
Kyanite,09.AF.15
Kyanite,09.AF.15
Kyanite,09.AF.15
Kyanite,09.AF.15
Kyanite,09.AF.15
Kyanite,09.AF.15
Kyanite,09.AF.15
Kyanite,09.AF.15
Kyanite,09.AF.15
Kyanite,09.AF.15
Kyanite,09.AF.15
Kyanite,09.AF.15
Kyanite,09.AF.15
Kyanite,09.AF.15
Kyanite,09.AF.15
Kyanite,09.AF.15
Topaze,
Topaze,
Topaze,
Topaze,
Topaze,
Topaze,
Topaze,
Topaze,
Topaze,
Topaze,
Topaze,
Topaze,
Topaze,
Topaze,
Topaze,
Topaze,
Topaze,
Topaze,
Topaze,
Topaze,
Topaze,
Topaze,
Topaze,
Topaze,
Topaze,
Topaze,
Topaze,
Topaze,
Topaze,
Topaze,
Topaze,
Topaze,
Topaze,
Topaze,
Topaze,
Topaze,
Topaze,
Topaze,
Topaze,
Topaze,
Topaze,
Topaze,
Topaze,
Topaze,
Topaze,
Topaze,
Topaze,
Topaze,
Topaze,
Topaze,
Topaze,
Topaze,
Topaze,
Staurotide,
Staurotide,
Staurotide,
Staurotide,
Staurotide,
Staurotide,
Staurotide,
Staurotide,
Staurotide,
Staurotide,
Staurotide,
Staurotide,
Staurotide,
Staurotide,
Staurotide,
Staurotide,
Staurotide,
Staurotide,
Staurotide,
Staurotide,
Staurotide,
Staurotide,
Staurotide,
Staurotide,
Staurotide,
Sapphirine,09.DH.45
Sapphirine,09.DH.45
Papagoite,09.CE.05
Norbergite,09.AF.40
Norbergite,09.AF.40
Chondrodite,09.AF.45
Chondrodite,09.AF.45
Chondrodite,09.AF.45
Chondrodite,09.AF.45
Chondrodite,09.AF.45
Chondrodite,09.AF.45
Chondrodite,09.AF.45
Chondrodite,09.AF.45
Chondrodite,09.AF.45
Chondrodite,09.AF.45
Humite,09.AF.50
Humite,09.AF.50
Humite,09.AF.50
Clinohumite,09.AF.55
Clinohumite,09.AF.55
Clinohumite,09.AF.55
Clinohumite,09.AF.55
Chapmanite,09.ED.25
Bismutoferrite,09.ED.25
Braunite,09.AG.05
Braunite,09.AG.05
Braunite,09.AG.05
Braunite,09.AG.05
Braunite,09.AG.05
Braunite,09.AG.05
Langbanite,09.AG.10
Dixenite,08.BE.45
Spurrite,09.AH.15
Thaumasite,07.DG.15
Thaumasite,07.DG.15
Hillebrandite,09.DG.40
Afwillite,09.AG.75
Titanite,09.AG.15
Titanite,09.AG.15
Titanite,09.AG.15
Titanite,09.AG.15
Titanite,09.AG.15
Titanite,09.AG.15
Titanite,09.AG.15
Titanite,09.AG.15
Titanite,09.AG.15
Titanite,09.AG.15
Titanite,09.AG.15
Titanite,09.AG.15
Titanite,09.AG.15
Titanite,09.AG.15
Titanite,09.AG.15
Titanite,09.AG.15
Titanite,09.AG.15
Titanite,09.AG.15
Titanite,09.AG.15
Titanite,09.AG.15
Harmotome,09.GC.10
Titanite,09.AG.15
Titanite,09.AG.15
Titanite,09.AG.15
Titanite,09.AG.15
Titanite,09.AG.15
Titanite,09.AG.15
Titanite,09.AG.15
Titanite,09.AG.15
Titanite,09.AG.15
Titanite,09.AG.15
Titanite,09.AG.15
Titanite,09.AG.15
Titanite,09.AG.15
Titanite,09.AG.15
Titanite,09.AG.15
Titanite,09.AG.15
Titanite,09.AG.15
Titanite,09.AG.15
Titanite,09.AG.15
Titanite,09.AG.15
Titanite,09.AG.15
Titanite,09.AG.15
Titanite,09.AG.15
Titanite,09.AG.15
Titanite,09.AG.15
Titanite,09.AG.15
Titanite,09.AG.15
Titanite,09.AG.15
Titanite,09.AG.15
Titanite,09.AG.15
Titanite,09.AG.15
Titanite,09.AG.15
Titanite,09.AG.15
Titanite,09.AG.15
Titanite,09.AG.15
Titanite,09.AG.15
Titanite,09.AG.15
Titanite,09.AG.15
Titanite,09.AG.15
Titanite,09.AG.15
Titanite,09.AG.15
Titanite,09.AG.15
Titanite,09.AG.15
Titanite,09.AG.15
Titanite,09.AG.15
Titanite,09.AG.15
Titanite,09.AG.15
Titanite,09.AG.15
Titanite,09.AG.15
Titanite,09.AG.15
Titanite,09.AG.15
Titanite,09.AG.15
Titanite,09.AG.15
Titanite,09.AG.15
Titanite,09.AG.15
Titanite,09.AG.15
Titanite,09.AG.15
Titanite,09.AG.15
Titanite,09.AG.15
Titanite,09.AG.15
Titanite,09.AG.15
Titanite,09.AG.15
Titanite,09.AG.15
Titanite,09.AG.15
Titanite,09.AG.15
Titanite,09.AG.15
Titanite,09.AG.15
Titanite,09.AG.15
Titanite,09.AG.15
Titanite,09.AG.15
Titanite,09.AG.15
Titanite,09.AG.15
Titanite,09.AG.15
Titanite,09.AG.15
Titanite,09.AG.15
Titanite,09.AG.15
Titanite,09.AG.15
Titanite,09.AG.15
Titanite,09.AG.15
Titanite,09.AG.15
Titanite,09.AG.15
Titanite,09.AG.15
Titanite,09.AG.15
Titanite,09.AG.15
Titanite,09.AG.15
Titanite,09.AG.15
Titanite,09.AG.15
Titanite,09.AG.15
Titanite,09.AG.15
Titanite,09.AG.15
Titanite,09.AG.15
Titanite,09.AG.15
Titanite,09.AG.15
Titanite,09.AG.15
Titanite,09.AG.15
Titanite,09.AG.15
Titanite,09.AG.15
Titanite,09.AG.15
Titanite,09.AG.15
Titanite,09.AG.15
Titanite,09.AG.15
Titanite,09.AG.15
Titanite,09.AG.15
Titanite,09.AG.15
Titanite,09.AG.15
Titanite,09.AG.15
Titanite,09.AG.15
Titanite,09.AG.15
Titanite,09.AG.15
Titanite,09.AG.15
Titanite,09.AG.15
Titanite,09.AG.15
Titanite,09.AG.15
Titanite,09.AG.15
Titanite,09.AG.15
Titanite,09.AG.15
Titanite,09.AG.15
Titanite,09.AG.15
Titanite,09.AG.15
Titanite,09.AG.15
Titanite,09.AG.15
Titanite,09.AG.15
Titanite,09.AG.15
Titanite,09.AG.15
Titanite,09.AG.15
Titanite,09.AG.15
Titanite,09.AG.15
Titanite,09.AG.15
Titanite,09.AG.15
Titanite,09.AG.15
Titanite (Y),
Titanite (Y),
Cerite,09.AG.20
Cerite,09.AG.20
Cerite,09.AG.20
Cerite,09.AG.20
Tritomite,09.AH.30
Chloritoïde,
Chloritoïde,
Chloritoïde,
Chloritoïde,
Chloritoïde,
Ottrelite,09.AF.85
Ottrelite,09.AF.85
Ottrelite,09.AF.85
Epistolite,09.BE.30
Epistolite,09.BE.30
Datolite,09.AJ.20
Datolite,09.AJ.20
Datolite,09.AJ.20
Datolite,09.AJ.20
Datolite,09.AJ.20
Datolite,09.AJ.20
Datolite,09.AJ.20
Datolite,09.AJ.20
Datolite,09.AJ.20
Datolite,09.AJ.20
Datolite,09.AJ.20
Datolite,09.AJ.20
Datolite,09.AJ.20
Datolite,09.AJ.20
Datolite,09.AJ.20
Datolite,09.AJ.20
Datolite,09.AJ.20
Datolite,09.AJ.20
Datolite,09.AJ.20
Datolite,09.AJ.20
Gadolinite,09.AJ.20
Gadolinite,09.AJ.20
Gadolinite,09.AJ.20
Gadolinite,09.AJ.20
Gadolinite,09.AJ.20
Gadolinite,09.AJ.20
Gadolinite,09.AJ.20
Gadolinite,09.AJ.20
Gadolinite,09.AJ.20
Gadolinite,09.AJ.20
Gadolinite,09.AJ.20
Kornerupine,09.BJ.50
Kornerupine,09.BJ.50
Dumortierite,09.AJ.10
Tourmaline,
Dumortierite,09.AJ.10
Serendibite,09.DH.45
Grandidierite,09.AJ.05
Howlite,06.CB.20
Howlite,06.CB.20
Melanocerite,09.AJ.20
Sklodowskite,09.AK.10
Sklodowskite,09.AK.10
Cuprosklodowskite,09.AK.10
Cuprosklodowskite,09.AK.10
Cuprosklodowskite,09.AK.10
Uranophane,
Uranophane,
Uranophane,
Uranophane,
Kasolite,09.AK.15
Kasolite,09.AK.15
Kasolite,09.AK.15
Kasolite,09.AK.15
Kasolite,09.AK.15
Kasolite,09.AK.15
Boltwoodite,09.AK.15
Soddyite,09.AK.05
Soddyite,09.AK.05
Soddyite,09.AK.05
Thortveitite,09.BC.05
Thalenite,09.BJ.20
Thalenite,09.BJ.20
Gehlenite,09.BB.10
Gehlenite,09.BB.10
Gehlenite,09.BB.10
Gehlenite,09.BB.10
Gehlenite,09.BB.10
Melilite,09.BB.10
Melilite,09.BB.10
Melilite,09.BB.10
Melilite,09.BB.10
Melilite,09.BB.10
Hardystonite,09.BB.10
Hardystonite,09.BB.10
Meliphanite DISC?,
Leucophanite,09.DH.05
Leucophanite,09.DH.05
Leucophanite,09.DH.05
Leucophanite,09.DH.05
Bavenite,09.DF.25
Barysilite,09.BC.20
Lawsonite,09.BE.05
Ilvaïte,09.BE.07
Ilvaïte,09.BE.07
Ilvaïte,09.BE.07
Ilvaïte,09.BE.07
Ilvaïte,09.BE.07
Ilvaïte,09.BE.07
Ilvaïte,09.BE.07
Ilvaïte,09.BE.07
Ilvaïte,09.BE.07
Ilvaïte,09.BE.07
Ilvaïte,09.BE.07
Ilvaïte,09.BE.07
Ilvaïte,09.BE.07
Ilvaïte,09.BE.07
Ilvaïte,09.BE.07
Cuspidine,09.BE.17
Hémimorphite,09.BD.10
Hémimorphite,09.BD.10
Hémimorphite,09.BD.10
Hémimorphite,09.BD.10
Hémimorphite,09.BD.10
Hémimorphite,09.BD.10
Hémimorphite,09.BD.10
Hémimorphite,09.BD.10
Hémimorphite,09.BD.10
Hémimorphite,09.BD.10
Hémimorphite,09.BD.10
Hémimorphite,09.BD.10
Hémimorphite,09.BD.10
Hémimorphite,09.BD.10
Smithsonite,05.AB.05
Hémimorphite,09.BD.10
Hémimorphite,09.BD.10
Hémimorphite,09.BD.10
Hémimorphite,09.BD.10
Hémimorphite,09.BD.10
Hémimorphite,09.BD.10
Hémimorphite,09.BD.10
Hémimorphite,09.BD.10
Hémimorphite,09.BD.10
Clinohedrite,09.AE.30
Astrophyllite,09.DC.05
Astrophyllite,09.DC.05
Astrophyllite,09.DC.05
Astrophyllite,09.DC.05
Astrophyllite,09.DC.05
Astrophyllite,09.DC.05
Astrophyllite,09.DC.05
Wöhlerite,09.BE.17
Wöhlerite,09.BE.17
Wöhlerite,09.BE.17
Lavenite,09.BE.17
Niocalite,09.BE.17
Hellandite,09.DK.20
Hellandite,09.DK.20
Hiortdahlite,09.BE.17
Mosandrite,09.BE.20
Mosandrite = Rinkite altéré,
Mosandrite,09.BE.20
Rosenbuschite,09.BE.22
Lamprophyllite,09.BE.25
Lamprophyllite,09.BE.25
Lamprophyllite,09.BE.25
Ganomalite,09.BG.25
Melanotekite,09.BE.80
Clinozoisite,09.BG.05a
Clinozoisite,09.BG.05a
Clinozoisite,09.BG.05a
Epidote,09.BG.05a
Epidote,09.BG.05a
Epidote,09.BG.05a
Epidote,09.BG.05a
Epidote,09.BG.05a
Epidote,09.BG.05a
Epidote,09.BG.05a
Epidote,09.BG.05a
Epidote,09.BG.05a
Epidote,09.BG.05a
Epidote,09.BG.05a
Epidote,09.BG.05a
Epidote,09.BG.05a
Epidote,09.BG.05a
Epidote,09.BG.05a
Epidote,09.BG.05a
Epidote,09.BG.05a
Epidote,09.BG.05a
Epidote,09.BG.05a
Epidote,09.BG.05a
Epidote,09.BG.05a
Epidote,09.BG.05a
Epidote,09.BG.05a
Epidote,09.BG.05a
Epidote,09.BG.05a
Epidote,09.BG.05a
Epidote,09.BG.05a
Epidote,09.BG.05a
Epidote,09.BG.05a
Epidote,09.BG.05a
Epidote,09.BG.05a
Epidote,09.BG.05a
Epidote,09.BG.05a
Epidote,09.BG.05a
Epidote,09.BG.05a
Epidote,09.BG.05a
Epidote,09.BG.05a
Epidote,09.BG.05a
Epidote,09.BG.05a
Epidote,09.BG.05a
Epidote,09.BG.05a
Epidote,09.BG.05a
Epidote,09.BG.05a
Epidote,09.BG.05a
Epidote,09.BG.05a
Epidote,09.BG.05a
Epidote,09.BG.05a
Epidote,09.BG.05a
Epidote,09.BG.05a
Epidote,09.BG.05a
Epidote,09.BG.05a
Epidote,09.BG.05a
Analcime,09.GB.05
Epidote,09.BG.05a
Epidote,09.BG.05a
Epidote,09.BG.05a
Epidote,09.BG.05a
Epidote,09.BG.05a
Epidote,09.BG.05a
Epidote,09.BG.05a
Epidote,09.BG.05a
Epidote,09.BG.05a
Epidote,09.BG.05a
Epidote,09.BG.05a
Epidote,09.BG.05a
Epidote,09.BG.05a
Epidote,09.BG.05a
Epidote,09.BG.05a
Epidote,09.BG.05a
Epidote,09.BG.05a
Epidote,09.BG.05a
Epidote,09.BG.05a
Epidote,09.BG.05a
Epidote,09.BG.05a
Epidote,09.BG.05a
Epidote,09.BG.05a
Epidote,09.BG.05a
Epidote,09.BG.05a
Epidote,09.BG.05a
Piémontite,09.BG.05a
Piémontite,09.BG.05a
Piémontite,09.BG.05a
Piémontite,09.BG.05a
Piémontite,09.BG.05a
Piémontite,09.BG.05a
Piémontite,09.BG.05a
Piémontite,09.BG.05a
Vésuvianite,09.BG.35
Vésuvianite,09.BG.35
Vésuvianite,09.BG.35
Vésuvianite,09.BG.35
Vésuvianite,09.BG.35
Vésuvianite,09.BG.35
Vésuvianite,09.BG.35
Vésuvianite,09.BG.35
Vésuvianite,09.BG.35
Vésuvianite,09.BG.35
Vésuvianite,09.BG.35
Vésuvianite,09.BG.35
Vésuvianite,09.BG.35
Vésuvianite,09.BG.35
Vésuvianite,09.BG.35
Vésuvianite,09.BG.35
Vésuvianite,09.BG.35
Vésuvianite,09.BG.35
Vésuvianite,09.BG.35
Vésuvianite,09.BG.35
Vésuvianite,09.BG.35
Vésuvianite,09.BG.35
Vésuvianite,09.BG.35
Vésuvianite,09.BG.35
Vésuvianite,09.BG.35
Vésuvianite,09.BG.35
Vésuvianite,09.BG.35
Vésuvianite,09.BG.35
Vésuvianite,09.BG.35
Vésuvianite,09.BG.35
Vésuvianite,09.BG.35
Vésuvianite,09.BG.35
Vésuvianite,09.BG.35
Vésuvianite,09.BG.35
Vésuvianite,09.BG.35
Vésuvianite,09.BG.35
Vésuvianite,09.BG.35
Vésuvianite,09.BG.35
Vésuvianite,09.BG.35
Vésuvianite,09.BG.35
Vésuvianite,09.BG.35
Vésuvianite,09.BG.35
Vésuvianite,09.BG.35
Vésuvianite,09.BG.35
Allanite,09.BG.05b
Allanite,09.BG.05b
Allanite,09.BG.05b
Allanite,09.BG.05b
Allanite,09.BG.05b
Allanite,09.BG.05b
Allanite,09.BG.05b
Allanite,09.BG.05b
Allanite,09.BG.05b
Allanite,09.BG.05b
Allanite,09.BG.05b
Epidote-(Pb),
Epidote-(Pb),
Epidote-(Pb),
Zoisite,09.BG.10
Zoisite,09.BG.10
Zoisite,09.BG.10
Zoisite,09.BG.10
Zoisite,09.BG.10
Zoisite,09.BG.10
Zoisite,09.BG.10
Zoisite,09.BG.10
Zoisite,09.BG.10
Zoisite,09.BG.10
Ardennite,09.BJ.40
Ardennite,09.BJ.40
Ardennite,09.BJ.40
Chevkinite,09.BE.70
Chevkinite,09.BE.70
Pumpellyite,09.BG.20
Pumpellyite,09.BG.20
Pumpellyite,09.BG.20
Pumpellyite,09.BG.20
Pumpellyite,09.BG.20
Bénitoide,
Bénitoide,
Bénitoide,
Catapléiite,09.CA.15
Catapléiite,09.CA.15
Eudialyte,09.CO.10
Eudialyte,09.CO.10
Eudialyte,09.CO.10
Eudialyte,09.CO.10
Eudialyte,09.CO.10
Eudialyte,09.CO.10
Eudialyte,09.CO.10
Eudialyte,09.CO.10
Elpidite,09.DG.65
Neptunite,09.EH.05
Neptunite,09.EH.05
Neptunite,09.EH.05
Neptunite,09.EH.05
Neptunite,09.EH.05
Kainosite (Cénosite),
Kaïnosite,09.CF.10
Axinite GRP.,
Axinite,09.BD.20
Axinite,09.BD.20
Axinite,09.BD.20
Axinite,09.BD.20
Axinite,09.BD.20
Axinite,09.BD.20
Axinite,09.BD.20
Axinite,09.BD.20
Axinite,09.BD.20
Axinite,09.BD.20
Axinite,09.BD.20
Axinite,09.BD.20
Axinite,09.BD.20
Axinite,09.BD.20
Axinite,09.BD.20
Axinite,09.BD.20
Axinite,09.BD.20
Axinite,09.BD.20
Axinite,09.BD.20
Axinite,09.BD.20
Axinite,09.BD.20
Axinite,09.BD.20
Axinite,09.BD.20
Axinite,09.BD.20
Axinite,09.BD.20
Axinite,09.BD.20
Axinite,09.BD.20
Axinite,09.BD.20
Axinite,09.BD.20
Axinite,09.BD.20
Tinzenite,09.BD.20
Tinzenite,09.BD.20
Béryl,09.CJ.05
Béryl,09.CJ.05
Béryl,09.CJ.05
Béryl,09.CJ.05
Béryl,09.CJ.05
Béryl,09.CJ.05
Béryl,09.CJ.05
Béryl,09.CJ.05
Béryl,09.CJ.05
Béryl,09.CJ.05
Béryl,09.CJ.05
Béryl,09.CJ.05
Béryl,09.CJ.05
Béryl,09.CJ.05
Béryl,09.CJ.05
Béryl,09.CJ.05
Béryl,09.CJ.05
Béryl,09.CJ.05
Béryl,09.CJ.05
Béryl,09.CJ.05
Béryl,09.CJ.05
Béryl,09.CJ.05
Béryl,09.CJ.05
Béryl,09.CJ.05
Béryl,09.CJ.05
Béryl,09.CJ.05
Béryl,09.CJ.05
Béryl,09.CJ.05
Béryl,09.CJ.05
Béryl,09.CJ.05
Béryl,09.CJ.05
Béryl,09.CJ.05
Béryl,09.CJ.05
Alunogène,
Apuanite,04.JA.25
Sphalérite,02.CB.05a
Béryl,09.CJ.05
Barytine,
Barytine,
Balangéroite,09.DH.35
Cérusite,
Carminite,08.BH.30
Cuprite,04.AA.10
Cassitérite,04.DB.05
Chiavennite,09.GF.25
Cérusite,
Chalcostibite,02.HA.05
Cattiérite,02.EB.05a
Chrysocolle,
Cassitérite,04.DB.05
Coquandite,07.DE.35
Calcite,05.AB.05
Carletonite,09.EB.20
Diamant,01.CB.10a
Kyanite,09.AF.15
Duranusite,02.FA.05
Earlshannonite,08.DC.15
Edenite,09.DE.10
Ferrinatrite,07.CC.35
Franzinite,09.FB.05
Ferrarisite,08.CJ.30
Guerinite,08.CJ.75
Hématite,04.CB.05
Grossulaire,
Hémimorphite,09.BD.10
Motukoreaite,07.DD.35
Malachite,05.BA.10
Malachite,05.BA.10
Malachite,05.BA.10
Medaite,09.BJ.30
Pectolite,09.DG.05
Pectolite,09.DG.05
Nordstrandite,04.FE.10
Nickeline,02.CC.05
Nickéline,02.CC.05
Or,01.AA.05
Pyrite,02.EB.05a
Pyrite,02.EB.05a
Chernovite,08.AD.35
Curienite,04.HB.15
Goosecreekite,09.GB.25
Gormanite,08.DC.45
Grischunite,08.CF.05
Kulanite,08.BH.20
Mcnearite,08.CJ.55
Parnauite,08.DF.35
Peretaite,07.DF.45
Perloffite,08.BH.20
Preiswerkite,09.EC.20
Sorensenite,09.DG.30
Stellerite,09.GE.15
Sturmanite,07.DG.15
Whiteite,08.DH.15
Dypingite,05.DA.05
Pyrite,02.EB.05a
Prehnite,09.DP.20
Quartz,04.DA.05
Rhodonite,09.DK.05
Reniérite,02.CB.35a
Roggianite,09.GB.20
Stibnite,02.DB.05a
Scheelite,07.GA.05
Smithsonite,05.AB.05
Saneroite,09.DK.15
Serandite,09.DG.05
Wardite,08.DL.10
Talmessite,08.CG.05
Tyuyamunite,04.HB.25
Wenkite,09.GD.25
Willhendersonite,09.GD.10
Wulfénite,07.GA.05
Béryl,09.CJ.05
Béryl,09.CJ.05
Béryl,09.CJ.05
Béryl,09.CJ.05
Béryl,09.CJ.05
Béryl,09.CJ.05
Béryl,09.CJ.05
Béryl,09.CJ.05
Béryl,09.CJ.05
Béryl,09.CJ.05
Béryl,09.CJ.05
Béryl,09.CJ.05
Béryl,09.CJ.05
Béryl,09.CJ.05
Béryl,09.CJ.05
Béryl,09.CJ.05
Béryl,09.CJ.05
Béryl,09.CJ.05
Béryl,09.CJ.05
Béryl,09.CJ.05
Béryl,09.CJ.05
Béryl,09.CJ.05
Béryl,09.CJ.05
Béryl,09.CJ.05
Béryl,09.CJ.05
Béryl,09.CJ.05
Béryl,09.CJ.05
Béryl,09.CJ.05
Béryl,09.CJ.05
Béryl,09.CJ.05
Béryl,09.CJ.05
Béryl,09.CJ.05
Cordiérite,09.CJ.10
Cordiérite,09.CJ.10
Cordiérite,09.CJ.10
Cordiérite,09.CJ.10
Cordiérite,09.CJ.10
Cordiérite,09.CJ.10
Cordiérite,09.CJ.10
Cordiérite,09.CJ.10
Cordiérite,09.CJ.10
Cordiérite,09.CJ.10
Cordiérite,09.CJ.10
Cordiérite,09.CJ.10
Cordiérite,09.CJ.10
Cordiérite,09.CJ.10
Cordiérite,09.CJ.10
Cordiérite,09.CJ.10
Cordiérite,09.CJ.10
Cordiérite,09.CJ.10
Cordiérite,09.CJ.10
Cordiérite,09.CJ.10
Cordiérite,09.CJ.10
Cordiérite,09.CJ.10
Cordiérite,09.CJ.10
Cordiérite,09.CJ.10
Cordiérite,09.CJ.10
Cordiérite,09.CJ.10
Sekaninaite,09.CJ.10
Sekaninaite,09.CJ.10
Actinote,
Béryl,09.CJ.05
Béryl,09.CJ.05
Tourmaline = Grp.,
Tourmaline,
Tourmaline,
Tourmaline,
Tourmaline,
Tourmaline,
Tourmaline,
Tourmaline,
Tourmaline,
Tourmaline,
Tourmaline,
Tourmaline,
Tourmaline,
Tourmaline,
Tourmaline,
Tourmaline,
Tourmaline,
Tourmaline,
Tourmaline,
Tourmaline,
Tourmaline,
Tourmaline,
Tourmaline,
Tourmaline,
Tourmaline,
Tourmaline,
Tourmaline,
Tourmaline,
Tourmaline,
Tourmaline,
Tourmaline,
Tourmaline,
Tourmaline,
Tourmaline,
Tourmaline,
Tourmaline,
Tourmaline,
Tourmaline,
Tourmaline,
Tourmaline,
Tourmaline,
Tourmaline,
Tourmaline,
Tourmaline,
Tourmaline,
Tourmaline,
Tourmaline,
Tourmaline,
Tourmaline,
Tourmaline,
Tourmaline,
Tourmaline,
Tourmaline,
Tourmaline,
Tourmaline,
Tourmaline,
Tourmaline,
Tourmaline,
Tourmaline,
Tourmaline,
Tourmaline,
Tourmaline,
Tourmaline,
Tourmaline,
Tourmaline,
Tourmaline,
Tourmaline,
Tourmaline,
Tourmaline,
Tourmaline,
Tourmaline,
Tourmaline,
Tourmaline,
Tourmaline,
Tourmaline,
Tourmaline,
Tourmaline,
Tourmaline,
Tourmaline,
Tourmaline,
Tourmaline,
Tourmaline,
Tourmaline,
Tourmaline,
Tourmaline,
Tourmaline,
Tourmaline,
Tourmaline,
Tourmaline,
Tourmaline,
Tourmaline,
Tourmaline,
Tourmaline,
Tourmaline,
Tourmaline,
Béryl,09.CJ.05
Tourmaline,
Tourmaline,
Tourmaline,
Tourmaline,
Tourmaline,
Tourmaline,
Tourmaline,
Tourmaline,
Tourmaline,
Tourmaline,
Tourmaline,
Tourmaline,
Tourmaline,
Tourmaline,
Tourmaline,
Tourmaline,
Tourmaline,
Tourmaline,
Tourmaline,
Tourmaline,
Tourmaline,
Tourmaline,
Tourmaline,
Tourmaline,
Buergerite,09.CK.05
Dioptase,09.CJ.30
Dioptase,09.CJ.30
Dioptase,09.CJ.30
Dioptase,09.CJ.30
Dioptase,09.CJ.30
Dioptase,09.CJ.30
Dioptase,09.CJ.30
Dioptase,09.CJ.30
Dioptase,09.CJ.30
Dioptase,09.CJ.30
Dioptase,09.CJ.30
Dioptase,09.CJ.30
Dioptase,09.CJ.30
Dioptase,09.CJ.30
Chrysocolle,
Chrysocolle,
Chrysocolle,
Chrysocolle,
Chrysocolle,
Chrysocolle,
Chrysocolle,
Chrysocolle,
Chrysocolle,
Chrysocolle,
Chrysocolle,
Chrysocolle,
Chrysocolle,
Chrysocolle,
Chrysocolle,
Chrysocolle,
Chrysocolle,
Chrysocolle,
Chrysocolle,
Chrysocolle,
Chrysocolle,
Shattuckite,09.DB.40
Shattuckite,09.DB.40
Planchéite,09.DB.35
Planchéite,09.DB.35
Planchéite,09.DB.35
Planchéite,09.DB.35
Planchéite,09.DB.35
Planchéite,09.DB.35
Planchéite,09.DB.35
Ajoïte,09.EA.70
Milarite,09.CM.05
Milarite,09.CM.05
Milarite,09.CM.05
Milarite,09.CM.05
Milarite,09.CM.05
Milarite,09.CM.05
Milarite,09.CM.05
Milarite,09.CM.05
Milarite,09.CM.05
Milarite,09.CM.05
Milarite,09.CM.05
Milarite,09.CM.05
Osumilite,09.CM.05
Osumilite,09.CM.05
Hédenbergite,09.DA.15
Augite,09.DA.15
Diopside,09.DA.15
Diopside,09.DA.15
Diopside,09.DA.15
Hedenbergite,09.DA.15
Actinote,
Hédenbergite,09.DA.15
Diopside,09.DA.15
Diopside,09.DA.15
Augite,09.DA.15
Diopside (var. baïkalite),
Diopside (var. baïkalite),
Diopside,09.DA.15
Diopside,09.DA.15
Diopside,09.DA.15
Diopside,09.DA.15
Diopside,09.DA.15
Diopside,09.DA.15
Diopside,09.DA.15
Diopside,09.DA.15
Diopside,09.DA.15
Diopside,09.DA.15
Diopside,09.DA.15
Diopside,09.DA.15
Diopside,09.DA.15
Diopside,09.DA.15
Diopside,09.DA.15
Diopside,09.DA.15
Diopside,09.DA.15
Diopside,09.DA.15
Diopside,09.DA.15
Diopside,09.DA.15
Diopside,09.DA.15
Diopside,09.DA.15
Diopside,09.DA.15
Diopside,09.DA.15
Diopside,09.DA.15
Diopside,09.DA.15
Diopside,09.DA.15
Diopside,09.DA.15
Diopside,09.DA.15
Diopside,09.DA.15
Diopside,09.DA.15
Diopside,09.DA.15
Diopside,09.DA.15
Diopside,09.DA.15
Diopside (var. diallage),
Diopside,09.DA.15
Diopside,09.DA.15
Diopside,09.DA.15
Diopside,09.DA.15
Diopside,09.DA.15
Diopside,09.DA.15
Diopside,09.DA.15
Diopside (var. violane),
Diopside (var. violane),
Diopside (var. diallage),
Diopside,09.DA.15
Hedenbergite,09.DA.15
Hedenbergite,09.DA.15
Hédenbergite,09.DA.15
Hédenbergite,09.DA.15
Hédenbergite,09.DA.15
Hédenbergite,09.DA.15
Hédenbergite,09.DA.15
Hédenbergite,09.DA.15
Hédenbergite,09.DA.15
Hédenbergite,09.DA.15
Hédenbergite,09.DA.15
Johannsenite,09.DA.15
Hédenbergite,09.DA.15
Hédenbergite,09.DA.15
Hédenbergite,09.DA.15
Augite,09.DA.15
Augite,09.DA.15
Augite,09.DA.15
Augite,09.DA.15
Augite,09.DA.15
Augite,09.DA.15
Augite,09.DA.15
Augite,09.DA.15
Augite,09.DA.15
Augite,09.DA.15
Augite,09.DA.15
Augite,09.DA.15
Augite,09.DA.15
Augite,09.DA.15
Augite,09.DA.15
Augite,09.DA.15
Augite,09.DA.15
Augite,09.DA.15
Augite,09.DA.15
Diopside (var. fassaïte),
Diopside (var. fassaïte),
Diopside (var. fassaïte),
Diopside (var. fassaïte),
Diopside (var. fassaïte),
Omphacite,09.DA.20
Spodumène,09.DA.30
Spodumène,09.DA.30
Spodumène,09.DA.30
Spodumène,09.DA.30
Spodumène,09.DA.30
Spodumène,09.DA.30
Spodumène,09.DA.30
Spodumène,09.DA.30
Spodumène,09.DA.30
Spodumène,09.DA.30
Spodumène,09.DA.30
Spodumène,09.DA.30
Spodumène,09.DA.30
Spodumène,09.DA.30
Spodumène,09.DA.30
Jadéite,09.DA.25
Jadéite,09.DA.25
Jadéite,09.DA.25
Jadéite,09.DA.25
Jadéite,09.DA.25
Jadéite,09.DA.25
Aegirine,09.DA.25
Aegirine,09.DA.25
Aegirine,09.DA.25
Aegirine,09.DA.25
Aegirine,09.DA.25
Aegirine,09.DA.25
Aegirine,09.DA.25
Aegirine,09.DA.25
Aegirine,09.DA.25
Enstatite,09.DA.05
Enstatite,09.DA.05
Enstatite,09.DA.05
Enstatite,09.DA.05
Enstatite (Bronzite),
Enstatite (Bronzite),
Enstatite (Bronzite),
Enstatite (Bronzite),
Enstatite (Bronzite),
Hypersthène[pas une espèce],
Hypersthène,09.DX.00
Hypersthène,09.DX.00
Hypersthène,09.DX.00
Hypersthène,09.DX.00
Hypersthène,09.DX.00
Hypersthène,09.DX.00
Hypersthène,09.DX.00
Enstatite (Bronzite),
Enstatite (Bronzite),
Heulandite,09.GE.05
Enstatite (Bronzite),
Enstatite (Bronzite),
Enstatite (Bronzite),
Carpholite,09.DB.05
Carpholite,09.DB.05
Carpholite,09.DB.05
Bertrandite,09.BD.05
Bertrandite,09.BD.05
Bertrandite,09.BD.05
Kinoïte,09.BH.10
Hornblende,
Almandin,
Hornblende,
Hornblende,
Cummingtonite,09.DE.05
Cummingtonite,09.DE.05
Grunerite,09.DE.05
Trémolite,09.DE.10
Trémolite,09.DE.10
Trémolite,09.DE.10
Trémolite,09.DE.10
Trémolite,09.DE.10
Trémolite,09.DE.10
Trémolite,09.DE.10
Trémolite,09.DE.10
Trémolite,09.DE.10
Trémolite,09.DE.10
Trémolite,09.DE.10
Trémolite,09.DE.10
Trémolite,09.DE.10
Trémolite,09.DE.10
Trémolite,09.DE.10
Trémolite,09.DE.10
Trémolite,09.DE.10
Trémolite,09.DE.10
Trémolite,09.DE.10
Trémolite,09.DE.10
Trémolite,09.DE.10
Trémolite,09.DE.10
Trémolite,09.DE.10
Trémolite,09.DE.10
Actinote,
Actinote,
Actinote,
Actinote,
Actinote,
Actinote,
Actinote,
Actinote,
Actinote,
Actinote,
Actinote,
Actinote,
Actinote,
Actinote,
Actinote,
Actinote,
Hornblende,
Hornblende,
Hornblende,
Hornblende,
Hornblende,
Hornblende,
Hornblende,
Hornblende,
Hornblende,
Hornblende,
Hornblende,
Hornblende,
Hornblende,
Hornblende,
Hornblende,
Hornblende (var. bargamaskite),
Edenite,09.DE.10
Pargasite,09.DE.10
Pargasite,09.DE.10
Hornblende,
Pargasite,09.DE.10
Pargasite,09.DE.10
Kaersutite,09.DE.10
Zunyite,09.BJ.55
Actinote N,
Actinote N,
Jadéïte (hache),
Actinote N,
Actinote N,
Actinote N,
Actinote N,
Actinote N,
Actinote N,
Actinote N,
Actinote N,
Actinote N,
Actinote N,
Actinote N,
Actinote N,
Actinote N,
Actinote N,
Actinote N,
Actinote N,
Actinote N,
Asbeste,
Asbeste,
Asbeste,
Asbeste,
Asbeste,
Asbeste,
Epidote,09.BG.05a
Asbeste,
Asbeste,
Asbeste,
Asbeste,
Asbeste [pas une espèce],
Asbeste,
Asbeste,
Asbeste,
Asbeste,
Asbeste,
Asbeste,
Asbeste,
Actinote,
Actinote,
Actinote,
Hornblende,
Hornblende,
Glaucophane,09.DE.25
Glaucophane,09.DE.25
Glaucophane,09.DE.25
Glaucophane,09.DE.25
Riebeckite,09.DE.25
Riebeckite,09.DE.25
Riebeckite,09.DE.25
Richterite,09.DE.20
Arfvedsonite,09.DE.25
Riebeckite,09.DE.25
Riebeckite,09.DE.25
Riebeckite,09.DE.25
Riebeckite,09.DE.25
Riebeckite (var. crocidolite),
Anthophyllite,09.DE.05
Anthophyllite,09.DE.05
Anthophyllite,09.DE.05
Gedrite,09.DE.05
Gedrite,09.DE.05
Gedrite,09.DE.05
Gedrite,09.DE.05
Holmquistite,09.DE.05
Holmquistite,09.DE.05
Aenigmatite,09.DH.45
Aenigmatite,09.DH.45
Howieite,09.DH.65
Tinaksite,09.DG.75
Tacharanite,09.HA.75
Tacharanite,09.HA.75
Wollastonite,09.DG.05
Wollastonite,09.DG.05
Wollastonite,09.DG.05
Wollastonite,09.DG.05
Wollastonite,09.DG.05
Wollastonite,09.DG.05
Wollastonite,09.DG.05
Wollastonite,09.DG.05
Wollastonite,09.DG.05
Wollastonite,09.DG.05
Wollastonite,09.DG.05
Bustamite,09.DG.05
Pectolite,09.DG.05
Pectolite,09.DG.05
Pectolite,09.DG.05
Pectolite,09.DG.05
Pectolite,09.DG.05
Serandite,09.DG.05
Foshagite,09.DG.15
Okenite,09.EA.40
Okenite,09.EA.40
Xonotlite,09.DG.35
Rhodonite,09.DK.05
Rhodonite,09.DK.05
Rhodonite,09.DK.05
Rhodonite,09.DK.05
Rhodonite,09.DK.05
Rhodonite,09.DK.05
Rhodonite,09.DK.05
Rhodonite,09.DK.05
Rhodonite,09.DK.05
Rhodonite,09.DK.05
Rhodonite,09.DK.05
Rhodonite,09.DK.05
Rhodonite,09.DK.05
Rhodonite,09.DK.05
Rhodonite,09.DK.05
Rhodonite,09.DK.05
Rhodonite,09.DK.05
Rhodonite,09.DK.05
Rhodonite,09.DK.05
Rhodonite,09.DK.05
Rhodonite,09.DK.05
Rhodonite,09.DK.05
Rhodonite,09.DK.05
Rhodonite,09.DK.05
Rhodonite,09.DK.05
Babingtonite,09.DK.05
Babingtonite,09.DK.05
Babingtonite,09.DK.05
Babingtonite,09.DK.05
Rhodonite Zn,
Rhodonite Zn,
Rhodonite Zn,
Rhodonite Zn,
Rhodonite Zn,
Rhodonite Zn,
Inesite,09.DL.05
Inesite,09.DL.05
Inésite,09.DL.05
Pyroxmangite,09.DO.05
Narsarsukite,09.DJ.05
Rhodochrosite,05.AB.05
Eudidymite,09.DG.60
Eudidymite,09.DG.60
Eudidymite,09.DG.60
Epididymite,09.DG.55
Litidionite,09.DG.07.0
Cuprorivaite,09.EA.05
muscovite?,
Cavansite,09.EA.50
Apophyllite = Grp.,
Apophyllite,09.EA.15
Apophyllite,09.EA.15
Apophyllite,09.EA.15
Apophyllite,09.EA.15
Apophyllite,09.EA.15
Apophyllite,09.EA.15
Apophyllite,09.EA.15
Apophyllite,09.EA.15
Apophyllite,09.EA.15
Apophyllite,09.EA.15
Apophyllite,09.EA.15
Apophyllite,09.EA.15
Apophyllite,09.EA.15
Apophyllite,09.EA.15
Apophyllite,09.EA.15
Apophyllite,09.EA.15
Apophyllite,09.EA.15
Apophyllite,09.EA.15
Apophyllite,09.EA.15
Apophyllite,09.EA.15
Apophyllite,09.EA.15
Apophyllite,09.EA.15
Apophyllite,09.EA.15
Apophyllite,09.EA.15
Apophyllite,09.EA.15
Apophyllite,09.EA.15
Apophyllite,09.EA.15
Apophyllite,09.EA.15
Apophyllite,09.EA.15
Apophyllite,09.EA.15
Apophyllite,09.EA.15
Apophyllite,09.EA.15
Apophyllite,09.EA.15
Apophyllite,09.EA.15
Apophyllite,09.EA.15
Apophyllite,09.EA.15
Apophyllite,09.EA.15
Apophyllite,09.EA.15
Apophyllite,09.EA.15
Apophyllite,09.EA.15
Sanbornite,09.EF.10
Pyrophyllite,09.EC.10
Pyrophyllite,09.EC.10
Pyrophyllite,09.EC.10
Pyrophyllite,09.EC.10
Pyrophyllite,09.EC.10
Pyrophyllite,09.EC.10
Talc,09.EC.05
Talc,09.EC.05
Talc,09.EC.05
Talc,09.EC.05
Talc,09.EC.05
Talc,09.EC.05
Talc,09.EC.05
Talc,09.EC.05
Talc,09.EC.05
Talc,09.EC.05
Talc,09.EC.05
Talc,09.EC.05
Talc,09.EC.05
,
Talc,09.EC.05
Talc,09.EC.05
Talc,09.EC.05
Talc,09.EC.05
Talc,09.EC.05
Talc,09.EC.05
Talc,09.EC.05
Talc,09.EC.05
Talc,09.EC.05
Talc,09.EC.05
Talc,09.EC.05
Talc,09.EC.05
Pyrophyllite,09.EC.10
"Pyrophyllite (var, agalmolite)",
Pyrophyllite,09.EC.10
Pyrophyllite,09.EC.10
Talc,09.EC.05
Phlogopite,09.EC.20
Phlogopite,09.EC.20
Phlogopite,09.EC.20
Biotite,09.EC.20
Biotite,09.EC.20
Biotite,09.EC.20
Muscovite,09.EC.15
Biotite,09.EC.20
Muscovite,09.EC.15
Paragonite,09.EC.15
Muscovite,09.EC.15
Muscovite,09.EC.15
Muscovite,09.EC.15
Muscovite,09.EC.15
Muscovite,09.EC.15
Muscovite,09.EC.15
Muscovite,09.EC.15
Muscovite,09.EC.15
Muscovite,09.EC.15
Muscovite,09.EC.15
Muscovite,09.EC.15
Muscovite,09.EC.15
Muscovite,09.EC.15
Muscovite,09.EC.15
Muscovite,09.EC.15
Muscovite,09.EC.15
Muscovite,09.EC.15
Muscovite,09.EC.15
Muscovite,09.EC.15
Muscovite,09.EC.15
Muscovite,09.EC.15
Muscovite,09.EC.15
Muscovite,09.EC.15
Muscovite,09.EC.15
Muscovite,09.EC.15
Muscovite,09.EC.15
Muscovite,09.EC.15
Muscovite,09.EC.15
Muscovite,09.EC.15
Muscovite,09.EC.15
Muscovite,09.EC.15
Muscovite,09.EC.15
Muscovite,09.EC.15
Muscovite,09.EC.15
Muscovite,09.EC.15
Muscovite,09.EC.15
Muscovite,09.EC.15
Muscovite,09.EC.15
Muscovite,09.EC.15
Muscovite,09.EC.15
Muscovite,09.EC.15
Muscovite,09.EC.15
Muscovite,09.EC.15
Muscovite,09.EC.15
Muscovite,09.EC.15
Muscovite,09.EC.15
Muscovite,09.EC.15
Muscovite,09.EC.15
Muscovite,09.EC.15
Muscovite,09.EC.15
Glauconie,
Glauconie,
Céladonite,09.EC.15
Céladonite,09.EC.15
Céladonite,09.EC.15
Céladonite,09.EC.15
Céladonite,09.EC.15
Roscoelite,09.EC.15
Muscovite P,
Muscovite P,
Muscovite P,
Muscovite P,
Muscovite P,
Muscovite P,
Muscovite P,
Muscovite P,
Muscovite P,
Muscovite Ph,
Muscovite A,
Muscovite Ö,
Muscovite Ö,
Muscovite F,
Muscovite F,
Muscovite F,
Muscovite F,
Muscovite F,
Muscovite F,
Phlogopite,09.EC.20
Phlogopite,09.EC.20
Phlogopite,09.EC.20
Phlogopite,09.EC.20
Phlogopite,09.EC.20
Phlogopite,09.EC.20
Phlogopite,09.EC.20
Phlogopite,09.EC.20
Phlogopite,09.EC.20
Phlogopite,09.EC.20
Biotite,09.EC.20
Biotite,09.EC.20
Biotite,09.EC.20
Biotite,09.EC.20
Biotite,09.EC.20
Biotite,09.EC.20
Biotite,09.EC.20
Biotite,09.EC.20
Biotite,09.EC.20
Biotite,09.EC.20
Biotite,09.EC.20
Lépidolite,09.EC.20
Lépidolite,09.EC.20
Lépidolite,09.EC.20
Lépidolite,09.EC.20
Lépidolite,09.EC.20
Lépidolite,09.EC.20
Lépidolite,09.EC.20
Lépidolite,09.EC.20
Lépidolite,09.EC.20
Lépidolite,09.EC.20
Biotite,09.EC.20
Biotite,09.EC.20
Zinnwaldite,09.EC.20
Zinnwaldite,09.EC.20
Zinnwaldite,09.EC.20
Zinnwaldite,09.EC.20
Biotite L,
Biotite L,
Biotite L,
Biotite R,
Biotite R,
Margarite,09.EC.30
Margarite,09.EC.30
Margarite,09.EC.30
Margarite,09.EC.30
Margarite,09.EC.30
Margarite,09.EC.30
Margarite,09.EC.30
Clintonite,09.EC.35
Clintonite,09.EC.35
Clintonite,09.EC.35
Clintonite,09.EC.35
Illite[pas une espèce] = groupe,
Illite,09.EC.60
Stilpnomélane,09.EG.40
Stilpnomélane,09.EG.40
Ekmaniteespèce ?,
Montmorillonite,09.EC.40
Montmorillonite,09.EC.40
Montmorillonite,09.EC.40
Montmorillonite,09.EC.40
Montmorillonite,09.EC.40
Montmorillonite,09.EC.40
Beidellite,09.EC.40
Nontronite,09.EC.40
Nontronite,09.EC.40
Nontronite,09.EC.40
Nontronite,09.EC.40
Volkonskoite,09.EC.40
Stevensite,09.EC.45
Saponite,09.EC.45
Vermiculite Groupe,
Vermiculite J,
Vermiculite,09.EC.50
Vermiculite J,
Vermiculite,09.EC.50
Vermiculite,09.EC.50
Vermiculite J,
Vermiculite,09.EC.50
Vermiculite,09.EC.50
Aluminite,07.DC.05
Chlorite = GRP.,
Chlorite,
Epidote,09.BG.05a
Chlorite,
Chlorite,
Aerinite,09.DB.45
Aerinite,09.DB.45
Clinochlore P,
Clinochlore P,
Clinochlore P,
Clinochlore P,
Clinochlore P,
Clinochlore P,
Clinochlore P,
Clinochlore P,
Clinochlore P,
Clinochlore P,
Clinochlore P,
Clinochlore P,
Clinochlore P,
Clinochlore P,
Clinochlore P,
Clinochlore P,
Clinochlore P,
Clinochlore P,
Clinochlore P,
Clinochlore P,
Clinochlore P,
Clinochlore P,
Clinochlore P,
Clinochlore P,
Clinochlore P,
Clinochlore,09.EC.55
Clinochlore,09.EC.55
Clinochlore,09.EC.55
Clinochlore,09.EC.55
Clinochlore,09.EC.55
Clinochlore,09.EC.55
Clinochlore,09.EC.55
Clinochlore,09.EC.55
Clinochlore,09.EC.55
Clinochlore,09.EC.55
Clinochlore,09.EC.55
Clinochlore,09.EC.55
Clinochlore,09.EC.55
Clinochlore,09.EC.55
Clinochlore,09.EC.55
Clinochlore,09.EC.55
Clinochlore,09.EC.55
Clinochlore,09.EC.55
Clinochlore Fe,
Clinochlore Fe,
Clinochlore Fe,
Clinochlore Fe,
Clinochlore Fe,
Clinochlore Fe,
Clinochlore Fe,
Clinochlore Fe,
Clinochlore Fe,
Clinochlore Fe,
Clinochlore Fe,
Clinochlore Fe,
Clinochlore Fe,
Chamosite,09.EC.55
Chamosite,09.EC.55
Chamosite,09.EC.55
Chamosite,09.EC.55
Chamosite,09.EC.55
Chamosite,09.EC.55
Chamosite,09.EC.55
Chamosite,09.EC.55
Chamosite,09.EC.55
Chamosite,09.EC.55
Clinochlore K,
Clinochlore K,
Clinochlore K,
Clinochlore K,
Clinochlore K,
Clinochlore K,
Clinochlore K,
Clinochlore K,
Clinochlore K,
Clinochlore K,
Clinochlore,09.EC.55
Clinochlore,09.EC.55
Kaolinite,09.ED.05
Kaolinite,09.ED.05
Kaolinite,09.ED.05
Kaolinite (var. Anauxite),
Kaolinite,09.ED.05
Kaolinite,09.ED.05
Kaolinite,09.ED.05
Kaolinite,09.ED.05
Dickite,09.ED.05
Nacrite,09.ED.05
Nacrite,09.ED.05
Serpentine = groupe,
Serpentine,
Serpentine,
Serpentine,
Serpentine,
Serpentine,
Antigorite,09.ED.15
Antigorite,09.ED.15
Antigorite,09.ED.15
Antigorite,09.ED.15
Antigorite,09.ED.15
Antigorite,09.ED.15
Antigorite,09.ED.15
Antigorite,09.ED.15
Antigorite,09.ED.15
Chrysotile,09.ED.15
Chrysotile,09.ED.15
Chrysotile,09.ED.15
Chrysotile,09.ED.15
Chrysotile,09.ED.15
Chrysotile,09.ED.15
Chrysotile,09.ED.15
Chrysotile,09.ED.15
Chrysotile,09.ED.15
Chrysotile,09.ED.15
Chrysotile,09.ED.15
Chrysotile,09.ED.15
Chrysotile,09.ED.15
Chrysotile,09.ED.15
Chrysotile,09.ED.15
Chrysotile,09.ED.15
Chrysotile,09.ED.15
Chrysotile,09.ED.15
Chrysotile,09.ED.15
Chrysotile,09.ED.15
Caryopilite,09.ED.15
Cronstedtite,09.ED.15
Cronstedtite,09.ED.15
Cronstedtite,09.ED.15
Garniérite[pas une espèce],
Garniérite,
Garniérite,
Garniérite,
Garniérite,
Garniérite,
Willemseite,09.EC.05
AsbesteP[pas une espèce],
Actinolite,09.DE.10
Palygorskite?,
Palygorskite?,
AsbesteP,
Actinolite-tremolite?,
Actinolite,09.DE.10
AsbesteP,
Asbeste?,
Chrysotile,09.ED.15
AsbesteP,
Antigorite-chrysotile,
Antigorite-chrysotile?,
Actinolite,09.DE.10
Halloysite,09.ED.10
Halloysite,09.ED.10
Halloysite,09.ED.10
Halloysite,09.ED.10
Halloysite,09.ED.10
Halloysite,09.ED.10
Halloysite,09.ED.10
Halloysite,09.ED.10
Halloysite,09.ED.10
Allophane,09.ED.20
Allophane,09.ED.20
Allophane,09.ED.20
Allophane,09.ED.20
Allophane,09.ED.20
Allophane,09.ED.20
Allophane,09.ED.20
Hisingerite,09.ED.10
Hisingerite,09.ED.10
Hisingerite,09.ED.10
Rectorite,09.EC.60
Rectorite,09.EC.60
Rectorite,09.EC.60
Rectorite,09.EC.60
Rectorite,09.EC.60
Rectorite,09.EC.60
Rectorite,09.EC.60
Rectorite,09.EC.60
Rectorite,09.EC.60
Pyrosmalite,09.EE.10
Pyrosmalite,09.EE.10
Pyrosmalite,09.EE.10
Pyrosmalite,09.EE.10
Bementite,09.EE.05
Palygorskite,09.EE.20
Sépiolite,09.EE.25
Sépiolite,09.EE.25
Sépiolite,09.EE.25
Sépiolite,09.EE.25
Sépiolite,09.EE.25
Gyrolite,09.EE.30
Gyrolite,09.EE.30
Zéophyllite,09.EE.70
Néphéline,09.FA.05
Néphéline,09.FA.05
Néphéline,09.FA.05
Néphéline,09.FA.05
Néphéline,09.FA.05
Néphéline,09.FA.05
Néphéline,09.FA.05
Néphéline,09.FA.05
Néphéline,09.FA.05
Néphéline,09.FA.05
Néphéline,09.FA.05
Pétalite,09.EF.05
Pétalite,09.EF.05
Pétalite,09.EF.05
Pétalite,09.EF.05
Pétalite,09.EF.05
Pétalite,09.EF.05
Pétalite,09.EF.05
Pétalite,09.EF.05
Pétalite,09.EF.05
Analcime,09.GB.05
Analcime,09.GB.05
Analcime,09.GB.05
Analcime,09.GB.05
Analcime,09.GB.05
Analcime,09.GB.05
Analcime,09.GB.05
Analcime,09.GB.05
Analcime,09.GB.05
Analcime,09.GB.05
Analcime,09.GB.05
Analcime,09.GB.05
Analcime,09.GB.05
Analcime,09.GB.05
Analcime,09.GB.05
Analcime,09.GB.05
Analcime,09.GB.05
Analcime,09.GB.05
Analcime,09.GB.05
Analcime,09.GB.05
Leucite,09.GB.05
Leucite,09.GB.05
Leucite,09.GB.05
Leucite,09.GB.05
Leucite,09.GB.05
Leucite,09.GB.05
Leucite,09.GB.05
Leucite,09.GB.05
Leucite,09.GB.05
Leucite,09.GB.05
Leucite,09.GB.05
Leucite,09.GB.05
Leucite,09.GB.05
Pollucite,09.GB.05
Pollucite,09.GB.05
Pollucite,09.GB.05
Pollucite,09.GB.05
Pollucite,09.GB.05
Sanidine,09.FA.30
Sanidine,09.FA.30
Sanidine,09.FA.30
Sanidine,09.FA.30
Sanidine,09.FA.30
Orthose,
Orthose,
Orthose,
Orthose,
Orthose,
Orthose,
Orthose,
Orthose,
Orthose,
Orthose,
Orthose,
Orthose,
Orthose,
Orthose,
Orthose,
Orthose,
Orthose,
Orthose,
Orthose,
Orthose,
Orthose,
Orthose,
Orthose,
Orthose,
Orthose,
Orthose,
Orthose,
Orthose,
Orthose,
Orthose,
Orthose,
Orthose,
Orthose,
Orthose,
Orthose,
Orthose,
Orthose,
Orthose,
Orthose,
Orthose,
Orthose,
Orthose,
Orthose,
Orthose,
Orthose,
Orthose,
Orthose,
Orthose,
Orthose,
Orthose,
Orthose,
Orthose,
Orthose,
Orthose,
Orthose,
Orthose,
Orthose,
Orthose,
Orthose,
Orthose,
Orthose,
Orthose,
Orthose,
Orthose,
Orthose,
Orthose,
Orthose,
Orthose,
Orthose,
Orthose,
Orthose,
Orthose,
Orthose,
Orthose,
Orthose,
Orthose,
Orthose,
Orthose,
Orthose,
Orthose,
Orthose,
Orthose,
Orthose,
Orthose,
Orthose,
Orthose,
Orthose,
Orthose,
Orthose,
Orthose,
Orthose,
Orthose,
Orthose,
Orthose,
Orthose,
Orthose,
Orthose,
Orthose,
Orthose,
Orthose,
Orthose,
Orthose,
Orthose,
Danburite,09.FA.65
Orthose,
Orthose,
Orthose,
Orthose,
Orthose,
Orthose,
Orthose,
Orthose,
Orthose,
Orthose,
Orthose,
Orthose,
Orthose,
Orthose,
Orthose,
Calcite,05.AB.05
Orthose,
Orthose,
Orthose,
Orthose,
Orthose,
Orthose,
Orthose,
Orthose,
Orthose,
Orthose,
Orthose,
Orthose,
Orthose,
Orthose,
Orthose,
Orthose,
Orthose,
Orthose,
Orthose,
Orthose,
Orthose,
Orthose,
Orthose,
Orthose,
Orthose,
Orthose,
Orthose,
Orthose,
Orthose,
Orthose,
Néphéline,09.FA.05
Néphéline,09.FA.05
Néphéline,09.FA.05
Néphéline,09.FA.05
Néphéline,09.FA.05
Néphéline,09.FA.05
Yugawaralite,09.GB.15
Orthose,
Orthose,
Microcline,09.FA.30
Microcline,09.FA.30
Microcline,09.FA.30
Microcline,09.FA.30
Microcline,09.FA.30
Microcline,09.FA.30
Microcline,09.FA.30
Microcline,09.FA.30
Microcline,09.FA.30
Orthose,
Microcline,09.FA.30
Hyalophane,09.FA.30
Hyalophane,09.FA.30
Hyalophane,09.FA.30
Hyalophane,09.FA.30
Hyalophane,09.FA.30
Celsiane,
Albite,09.FA.35
Albite,09.FA.35
Albite,09.FA.35
Albite,09.FA.35
Albite,09.FA.35
Albite,09.FA.35
Albite,09.FA.35
Albite,09.FA.35
Albite,09.FA.35
Albite,09.FA.35
Albite,09.FA.35
Albite,09.FA.35
Albite,09.FA.35
Albite,09.FA.35
Albite,09.FA.35
Albite,09.FA.35
Albite,09.FA.35
Albite,09.FA.35
Albite,09.FA.35
Albite,09.FA.35
Albite,09.FA.35
Albite,09.FA.35
Albite,09.FA.35
Albite,09.FA.35
Albite,09.FA.35
Albite,09.FA.35
Albite,09.FA.35
Albite,09.FA.35
Albite,09.FA.35
Albite,09.FA.35
Albite,09.FA.35
Albite,09.FA.35
Albite,09.FA.35
Albite,09.FA.35
Albite,09.FA.35
Albite,09.FA.35
Albite,09.FA.35
Albite,09.FA.35
Albite,09.FA.35
Albite,09.FA.35
Albite,09.FA.35
Albite,09.FA.35
Albite,09.FA.35
Albite,09.FA.35
Albite,09.FA.35
Albite,09.FA.35
Albite,09.FA.35
Albite,09.FA.35
Albite,09.FA.35
Albite,09.FA.35
Albite,09.FA.35
Albite,09.FA.35
Albite,09.FA.35
Albite,09.FA.35
Albite,09.FA.35
Albite,09.FA.35
Albite,09.FA.35
Albite,09.FA.35
Albite,09.FA.35
Oligoclase,09.FA.35
Oligoclase,09.FA.35
Oligoclase,09.FA.35
Labradorite,09.FA.35
Oligoclase,09.FA.35
Oligoclase [pas une espèce],
Oligoclase,09.FA.35
Andésine,09.FA.35
Andésine,09.FA.35
Andésine,09.FA.35
Andésine,09.FA.35
Andésine,09.FA.35
Andésine,09.FA.35
Andésine,09.FA.35
Andésine,09.FA.35
Andésine,09.FA.35
Labradorite,09.FA.35
Labradorite,09.FA.35
Labradorite,09.FA.35
Labradorite,09.FA.35
Anorthite,09.FA.35
Labradorite,09.FA.35
Labradorite,09.FA.35
Labradorite,09.FA.35
Labradorite,09.FA.35
Labradorite,09.FA.35
Labradorite,09.FA.35
Labradorite,09.FA.35
Bytownite,09.FA.35
Bytownite,09.FA.35
Anorthite,09.FA.35
Anorthite,09.FA.35
Anorthite,09.FA.35
Anorthite,09.FA.35
Anorthite,09.FA.35
Anorthite,09.FA.35
Anorthite,09.FA.35
Anorthite,09.FA.35
Anorthite,09.FA.35
Anorthite,09.FA.35
Anorthite,09.FA.35
Anorthite,09.FA.35
Anorthite,09.FA.35
Anorthite,09.FA.35
Albite,09.FA.35
Albite,09.FA.35
Albite,09.FA.35
"Saussurite [pas une espèce]""",
"Saussurite """,
"Saussurite """,
"Saussurite """,
"Saussurite """,
"Saussurite """,
Paracelsiane,
Danburite,09.FA.65
Danburite,09.FA.65
Danburite,09.FA.65
Danburite,09.FA.65
Danburite,09.FA.65
Danburite,09.FA.65
Danburite,09.FA.65
Danburite,09.FA.65
Danburite,09.FA.65
Danburite,09.FA.65
Danburite,09.FA.65
Cancrinite,09.FB.05
Cancrinite,09.FB.05
Cancrinite,09.FB.05
Vishnevite,09.FB.05
Davyne,09.FB.05
Sodalite,09.FB.10
Sodalite,09.FB.10
Sodalite,09.FB.10
Sodalite,09.FB.10
Sodalite,09.FB.10
Sodalite,09.FB.10
Sodalite,09.FB.10
Sodalite,09.FB.10
Sodalite,09.FB.10
Sodalite,09.FB.10
Sodalite,09.FB.10
Sodalite,09.FB.10
Noséane,
Noséane,
Hauyne,
Hauyne,
Hauyne,
Hauyne,
Hauyne,
Hauyne,
Hauyne,
Hauyne,
Hauyne,
Hauyne,
Hauyne,
Hauyne,
Lazurite,09.FB.10
Lazurite,09.FB.10
Lazurite,09.FB.10
Lazurite,09.FB.10
Lazurite,09.FB.10
Lazurite,09.FB.10
Lazurite,09.FB.10
Lazurite,09.FB.10
Lazurite,09.FB.10
Lazurite,09.FB.10
Lazurite,09.FB.10
Lazurite,09.FB.10
Lazurite,09.FB.10
Lazurite,09.FB.10
Lazurite,09.FB.10
Lazurite,09.FB.10
Lazurite,09.FB.10
Lazurite,09.FB.10
Lazurite,09.FB.10
Lazurite,09.FB.10
Lazurite,09.FB.10
Lazurite,09.FB.10
Lazurite,09.FB.10
Lazurite,09.FB.10
Helvine,
Helvine,
Helvine,
Helvine,
Helvine,
Wernerite DISC [pas une espèce],
Wernerite DISC,
Wernerite DISC,
Wernerite DISC,
Wernerite DISC,
Scapolite = groupe,
Scapolite,09.FB.15
Scapolite,09.FB.15
Scapolite,09.FB.15
Scapolite,09.FB.15
Scapolite,09.FB.15
Scapolite,09.FB.15
Scapolite,09.FB.15
Scapolite,09.FB.15
Scapolite,09.FB.15
Scapolite,09.FB.15
Meionite,09.FB.15
Marialite,09.FB.15
Dipyre [pas une espèce],
Dipyre,
Dipyre,
Dipyre,
Dipyre,
Dipyre,
Dipyre,
Dipyre,
Dipyre,
Marialite,09.FB.15
Marialite,09.FB.15
Meionite,09.FB.15
Meionite,09.FB.15
Meionite,09.FB.15
Meionite,09.FB.15
Meionite,09.FB.15
Meionite,09.FB.15
Meionite,09.FB.15
Meionite,09.FB.15
Meionite,09.FB.15
Meionite,09.FB.15
Meionite,09.FB.15
Meionite,09.FB.15
Sarcolite,09.EH.15
Natrolite,09.GA.05
Mésotype a vérifier,
Mésotype a vérifier,
Mésotype a vérifier,
Natrolite,09.GA.05
Mésotype a vérifier,
Mésotype a vérifier,
Natrolite Mésolite !,
Natrolite,09.GA.05
Natrolite,09.GA.05
Natrolite,09.GA.05
Mésotype a vérifier,
Natrolite,09.GA.05
Natrolite,09.GA.05
Natrolite,09.GA.05
Natrolite,09.GA.05
Natrolite,09.GA.05
Natrolite,09.GA.05
Natrolite,09.GA.05
Mésotype a vérifier,
Thomsonite,09.GA.10
Mésotype a vérifier,
Natrolite,09.GA.05
Natrolite,09.GA.05
Mésotype a vérifier,
Mésotype a vérifier,
Natrolite,09.GA.05
Mésotype a vérifier,
Mésotype a vérifier,
Scolécite,09.GA.05
Scolécite,09.GA.05
Scolécite,09.GA.05
Scolécite,09.GA.05
Scolécite,09.GA.05
Scolécite,09.GA.05
Scolécite,09.GA.05
Scolécite,09.GA.05
Scolécite,09.GA.05
Scolécite,09.GA.05
Scolécite,09.GA.05
Mésotype a vérifier,
Thomsonite,09.GA.10
Thomsonite,09.GA.10
Thomsonite,09.GA.10
Thomsonite,09.GA.10
Thomsonite,09.GA.10
Thomsonite,09.GA.10
Thomsonite,09.GA.10
Gonnardite,09.GA.05
Edingtonite,09.GA.15
Edingtonite,09.GA.15
Laumontite,09.GB.10
Laumontite,09.GB.10
Laumontite,09.GB.10
Laumontite,09.GB.10
Laumontite,09.GB.10
Laumontite,09.GB.10
Laumontite,09.GB.10
Laumontite,09.GB.10
Mordenite,09.GD.35
Mordenite,09.GD.35
Heulandite,09.GE.05
Heulandite,09.GE.05
Heulandite,09.GE.05
Heulandite,09.GE.05
Heulandite,09.GE.05
Heulandite,09.GE.05
Heulandite,09.GE.05
Heulandite,09.GE.05
Heulandite,09.GE.05
Heulandite,09.GE.05
Heulandite,09.GE.05
Heulandite,09.GE.05
Heulandite,09.GE.05
Heulandite,09.GE.05
Heulandite,09.GE.05
Heulandite,09.GE.05
Heulandite,09.GE.05
Heulandite,09.GE.05
Heulandite,09.GE.05
Heulandite,09.GE.05
Heulandite,09.GE.05
Heulandite,09.GE.05
Heulandite,09.GE.05
Heulandite,09.GE.05
Heulandite,09.GE.05
Heulandite,09.GE.05
Clinoptilolite,09.GE.05
Clinoptilolite,09.GE.05
Epistilbite,09.GD.45
Epistilbite,09.GD.45
Epistilbite,09.GD.45
Epistilbite,09.GD.45
Epistilbite,09.GD.45
Stilbite,09.GE.10
Stilbite,09.GE.10
Stilbite,09.GE.10
Stilbite,09.GE.10
Stilbite,09.GE.10
Stilbite,09.GE.10
Stilbite,09.GE.10
Stilbite,09.GE.10
Stilbite,09.GE.10
Stilbite,09.GE.10
Stilbite,09.GE.10
Stilbite,09.GE.10
Stilbite,09.GE.10
Stilbite,09.GE.10
Stilbite,09.GE.10
Stilbite,09.GE.10
Stilbite,09.GE.10
Stilbite,09.GE.10
Stilbite,09.GE.10
Stilbite,09.GE.10
Stilbite,09.GE.10
Stilbite,09.GE.10
Stilbite,09.GE.10
Stilbite,09.GE.10
Stilbite,09.GE.10
Stilbite,09.GE.10
Stilbite,09.GE.10
Stilbite,09.GE.10
Stilbite,09.GE.10
Stilbite,09.GE.10
Stilbite,09.GE.10
Stilbite,09.GE.10
Stilbite,09.GE.10
Stilbite,09.GE.10
Stilbite,09.GE.10
Stilbite,09.GE.10
Stilbite,09.GE.10
Stilbite,09.GE.10
Stilbite,09.GE.10
Stilbite,09.GE.10
Stilbite,09.GE.10
Stilbite,09.GE.10
Stilbite,09.GE.10
Stilbite,09.GE.10
Stilbite,09.GE.10
Stilbite,09.GE.10
Brewsterite,09.GE.20
Brewsterite,09.GE.20
Ferrierite,09.GD.50
Phillipsite,09.GC.10
Phillipsite,09.GC.10
Phillipsite,09.GC.10
Phillipsite,09.GC.10
Phillipsite,09.GC.10
Phillipsite,09.GC.10
Phillipsite,09.GC.10
Phillipsite,09.GC.10
Phillipsite,09.GC.10
Phillipsite,09.GC.10
Phillipsite,09.GC.10
Phillipsite,09.GC.10
Harmotome,09.GC.10
Harmotome,09.GC.10
Harmotome,09.GC.10
Harmotome,09.GC.10
Harmotome,09.GC.10
Harmotome,09.GC.10
Harmotome,09.GC.10
Harmotome,09.GC.10
Harmotome,09.GC.10
Harmotome,09.GC.10
Gismondine,09.GC.05
Gismondine,09.GC.05
Gismondine,09.GC.05
Gismondine,09.GC.05
Gmelinite,09.GD.05
Gmelinite,09.GD.05
Gmelinite,09.GD.05
Gmelinite,09.GD.05
Chabasite,
Chabasite,
Chabasite,
Chabasite,
Chabasite,
Chabasite,
Chabasite,
Chabasite,
Chabasite,
Chabasite,
Chabasite,
Chabasite,
Chabasite,
Chabasite,
Chabasite,
Chabasite,
Chabasite,
Chabasite,
Chabasite,
Chabasite,
Chabasite,
Chabasite,
Chabasite,
Chabasite,
Chabasite,
Chabasite,
Chabasite,
Chabasite,
Offretite,09.GD.25
Levyne,09.GD.15
Levyne,09.GD.15
Herschelite DISC???,
Faujasite,09.GD.30
Whewellite,10.AB.45
Whewellite,10.AB.45
Whewellite,10.AB.45
Whewellite,10.AB.45
Carpathite,
Ozocerite,
Ozocerite,
Rétinite,
Rétinite,
Rétinite,
Scheererite,
Scheererite,
Scheererite,
Pigotite,
Neuquenite,
Jais,
Fichtelite,10.BA.05
Dysodile,
Idrialite,10.BA.20
Elaterite,
Pyropissite ?,
Uintahite,
Asphaltite,
Humboldtine,10.AB.05
Branchite,10.BA.10
Mellite,10.AC.05
Mellite,10.AC.05
Siegburgite,
Ambre,
Evenkite (?),
Ambre,
Ambre,
Ambre,
Ambre,
Ambre,
Ambre,
Ambre,
Ambre,
Ambre,
Ambre,
Ambre,
Ambre,
Ambre,
Ambre,
Ambre,
Ambre,
Ambre,
Ambre,
Ambre,
Malachite,05.BA.10
Quartz,04.DA.05
Halite,03.AA.20
Tridymite,04.DA.10
Cristobalite,04.DA.15
Sphalérite,02.CB.05a
Calcite,05.AB.05
Calcédoine,
Hématite,04.CB.05
Zincite,04.AB.20
Malachite,05.BA.10
Calcite,05.AB.05
Charlesite,07.DG.15
Getchellite,02.FA.35
Kolbeckite,08.CD.05
Wakabayashilite,02.FA.40
Iowaite,04.FL.05
Orlymanite,09.EJ.15
Tucekite,02.BB.10
Normandite,09.BE.17
Betekhtinite,02.BE.05
Xénotime,08.AD.35
Djurleite,02.BA.05b
Calcio-ancylite,
Magnésite,05.AB.05
Magnésite,05.AB.05
Magnésite,05.AB.05
Magnésite,05.AB.05
Magnésite,05.AB.05
Magnésite,05.AB.05
Magnésite,05.AB.05
Magnésite,05.AB.05
Smithsonite,05.AB.05
Smithsonite,05.AB.05
Smithsonite,05.AB.05
Smithsonite,05.AB.05
Smithsonite,05.AB.05
Smithsonite,05.AB.05
Smithsonite,05.AB.05
Smithsonite,05.AB.05
Smithsonite,05.AB.05
Smithsonite,05.AB.05
Smithsonite,05.AB.05
Smithsonite,05.AB.05
Smithsonite,05.AB.05
Smithsonite,05.AB.05
Smithsonite,05.AB.05
Smithsonite,05.AB.05
Smithsonite,05.AB.05
Smithsonite,05.AB.05
Smithsonite,05.AB.05
Siderite,05.AB.05
Siderite,05.AB.05
Siderite,05.AB.05
Siderite,05.AB.05
Siderite,05.AB.05
Siderite,05.AB.05
Siderite,05.AB.05
Siderite,05.AB.05
Siderite,05.AB.05
Siderite,05.AB.05
Siderite,05.AB.05
Siderite,05.AB.05
Siderite,05.AB.05
Siderite,05.AB.05
Siderite,05.AB.05
Siderite,05.AB.05
Siderite,05.AB.05
Siderite,05.AB.05
Siderite,05.AB.05
Siderite,05.AB.05
Siderite,05.AB.05
Siderite,05.AB.05
Siderite,05.AB.05
Siderite,05.AB.05
Siderite,05.AB.05
Siderite,05.AB.05
Siderite,05.AB.05
Siderite,05.AB.05
Siderite,05.AB.05
Siderite,05.AB.05
Siderite,05.AB.05
Siderite,05.AB.05
Siderite,05.AB.05
Siderite,05.AB.05
Siderite,05.AB.05
Siderite,05.AB.05
Siderite,05.AB.05
Siderite,05.AB.05
Siderite,05.AB.05
Siderite,05.AB.05
Siderite,05.AB.05
Siderite,05.AB.05
Siderite,05.AB.05
Spherocobaltite,05.AB.05
Calcite (Co),
Muscovite,09.EC.15
Rhodochrosite,05.AB.05
Rhodochrosite,05.AB.05
Rhodochrosite,05.AB.05
Rhodochrosite,05.AB.05
Rhodochrosite,05.AB.05
Rhodochrosite,05.AB.05
Rhodochrosite,05.AB.05
Rhodochrosite,05.AB.05
Rhodochrosite,05.AB.05
Rhodochrosite,05.AB.05
Rhodochrosite,05.AB.05
Rhodochrosite,05.AB.05
Rhodochrosite,05.AB.05
Rhodochrosite,05.AB.05
Rhodochrosite,05.AB.05
Rhodochrosite,05.AB.05
Rhodochrosite,05.AB.05
Rhodochrosite,05.AB.05
Rhodochrosite,05.AB.05
Rhodochrosite,05.AB.05
Rhodochrosite,05.AB.05
Rhodochrosite,05.AB.05
Rhodochrosite,05.AB.05
Rhodochrosite,05.AB.05
Rhodochrosite,05.AB.05
Rhodochrosite,05.AB.05
Otavite,05.AB.05
Calcite,05.AB.05
Calcite,05.AB.05
Calcite,05.AB.05
Calcite,05.AB.05
Calcite,05.AB.05
Calcite,05.AB.05
Calcite,05.AB.05
Calcite,05.AB.05
Calcite,05.AB.05
Calcite,05.AB.05
Calcite,05.AB.05
Calcite,05.AB.05
Calcite,05.AB.05
Calcite,05.AB.05
Calcite,05.AB.05
Calcite,05.AB.05
Calcite,05.AB.05
Calcite,05.AB.05
Calcite,05.AB.05
Calcite,05.AB.05
Calcite,05.AB.05
Calcite,05.AB.05
Calcite,05.AB.05
Calcite,05.AB.05
Calcite,05.AB.05
Calcite,05.AB.05
Calcite,05.AB.05
Calcite,05.AB.05
Calcite,05.AB.05
Calcite,05.AB.05
Calcite,05.AB.05
Calcite,05.AB.05
Calcite,05.AB.05
Calcite,05.AB.05
Calcite,05.AB.05
Calcite,05.AB.05
Calcite,05.AB.05
Calcite,05.AB.05
Calcite,05.AB.05
Calcite,05.AB.05
Calcite,05.AB.05
Calcite,05.AB.05
Calcite,05.AB.05
Calcite,05.AB.05
Calcite,05.AB.05
Calcite,05.AB.05
Calcite,05.AB.05
Calcite,05.AB.05
Calcite,05.AB.05
Calcite,05.AB.05
Calcite,05.AB.05
Calcite,05.AB.05
Calcite,05.AB.05
Calcite,05.AB.05
Calcite,05.AB.05
Calcite,05.AB.05
Calcite,05.AB.05
Calcite,05.AB.05
Calcite,05.AB.05
Calcite,05.AB.05
Calcite,05.AB.05
Calcite,05.AB.05
Calcite,05.AB.05
Calcite,05.AB.05
Calcite,05.AB.05
Calcite,05.AB.05
Calcite,05.AB.05
Calcite,05.AB.05
Calcite,05.AB.05
Calcite,05.AB.05
Calcite,05.AB.05
Calcite,05.AB.05
Calcite,05.AB.05
Calcite,05.AB.05
Calcite,05.AB.05
Calcite,05.AB.05
Calcite,05.AB.05
Calcite,05.AB.05
Calcite,05.AB.05
Calcite,05.AB.05
Calcite,05.AB.05
Calcite,05.AB.05
Calcite,05.AB.05
Calcite,05.AB.05
Calcite,05.AB.05
Calcite,05.AB.05
Calcite,05.AB.05
Calcite,05.AB.05
Calcite,05.AB.05
Calcite,05.AB.05
Calcite,05.AB.05
Calcite,05.AB.05
Calcite,05.AB.05
Calcite,05.AB.05
Calcite,05.AB.05
Calcite,05.AB.05
Calcite,05.AB.05
Calcite,05.AB.05
Calcite,05.AB.05
Calcite,05.AB.05
Calcite,05.AB.05
Calcite,05.AB.05
Calcite,05.AB.05
Calcite,05.AB.05
Calcite,05.AB.05
Calcite,05.AB.05
Calcite,05.AB.05
Calcite,05.AB.05
Calcite,05.AB.05
Calcite,05.AB.05
Calcite,05.AB.05
Calcite,05.AB.05
Calcite,05.AB.05
Calcite,05.AB.05
Calcite,05.AB.05
Calcite,05.AB.05
Calcite,05.AB.05
Calcite,05.AB.05
Calcite,05.AB.05
Calcite,05.AB.05
Calcite,05.AB.05
Calcite,05.AB.05
Calcite,05.AB.05
Calcite,05.AB.05
Calcite,05.AB.05
Calcite,05.AB.05
Calcite,05.AB.05
Calcite,05.AB.05
Calcite,05.AB.05
Calcite,05.AB.05
Calcite,05.AB.05
Calcite,05.AB.05
Calcite,05.AB.05
Calcite,05.AB.05
Calcite,05.AB.05
Calcite,05.AB.05
Calcite,05.AB.05
Calcite,05.AB.05
Calcite,05.AB.05
Calcite,05.AB.05
Calcite,05.AB.05
Calcite,05.AB.05
Calcite,05.AB.05
Calcite,05.AB.05
Calcite,05.AB.05
Calcite,05.AB.05
Calcite,05.AB.05
Calcite,05.AB.05
Calcite,05.AB.05
Calcite,05.AB.05
Calcite,05.AB.05
Calcite,05.AB.05
Aragonite,05.AB.15
Aragonite,05.AB.15
Aragonite,05.AB.15
Calcite,05.AB.05
Calcite,05.AB.05
Calcite,05.AB.05
Calcite,05.AB.05
Calcite,05.AB.05
Calcite,05.AB.05
Calcite,05.AB.05
Calcite,05.AB.05
Calcite,05.AB.05
Calcite,05.AB.05
Calcite,05.AB.05
Calcite,05.AB.05
Calcite,05.AB.05
Calcite,05.AB.05
Calcite,05.AB.05
Calcite,05.AB.05
Calcite,05.AB.05
Calcite,05.AB.05
Calcite,05.AB.05
Calcite,05.AB.05
Calcite,05.AB.05
Calcite,05.AB.05
Calcite,05.AB.05
Calcite,05.AB.05
Calcite,05.AB.05
Calcite,05.AB.05
Calcite,05.AB.05
Calcite,05.AB.05
Calcite,05.AB.05
Calcite,05.AB.05
Calcite,05.AB.05
Calcite,05.AB.05
Calcite,05.AB.05
Calcite,05.AB.05
Calcite,05.AB.05
Calcite,05.AB.05
Calcite,05.AB.05
Calcite,05.AB.05
Calcite,05.AB.05
Calcite,05.AB.05
Calcite,05.AB.05
Calcite,05.AB.05
Calcite,05.AB.05
Calcite,05.AB.05
Calcite,05.AB.05
Calcite,05.AB.05
Calcite,05.AB.05
Calcite,05.AB.05
Calcite,05.AB.05
Calcite,05.AB.05
Calcite,05.AB.05
Calcite,05.AB.05
Calcite,05.AB.05
Calcite,05.AB.05
Calcite,05.AB.05
Calcite,05.AB.05
Calcite,05.AB.05
Calcite,05.AB.05
Calcite,05.AB.05
Calcite,05.AB.05
Calcite,05.AB.05
Calcite,05.AB.05
Calcite,05.AB.05
Calcite,05.AB.05
Calcite,05.AB.05
Calcite,05.AB.05
Calcite,05.AB.05
Calcite,05.AB.05
Calcite,05.AB.05
Calcite,05.AB.05
Calcite,05.AB.05
Calcite,05.AB.05
Calcite,05.AB.05
Calcite,05.AB.05
Calcite,05.AB.05
Calcite,05.AB.05
Calcite,05.AB.05
Calcite,05.AB.05
Calcite,05.AB.05
Calcite,05.AB.05
Calcite,05.AB.05
Calcite,05.AB.05
Calcite,05.AB.05
Calcite,05.AB.05
Calcite,05.AB.05
Calcite,05.AB.05
Calcite,05.AB.05
Calcite,05.AB.05
Calcite,05.AB.05
Calcite,05.AB.05
Calcite,05.AB.05
Calcite,05.AB.05
Calcite,05.AB.05
Calcite,05.AB.05
Calcite,05.AB.05
Calcite,05.AB.05
Calcite,05.AB.05
Calcite,05.AB.05
Calcite,05.AB.05
Calcite,05.AB.05
Calcite,05.AB.05
Calcite,05.AB.05
Calcite,05.AB.05
Calcite,05.AB.05
Calcite,05.AB.05
Calcite,05.AB.05
Calcite,05.AB.05
Calcite,05.AB.05
Calcite,05.AB.05
Calcite,05.AB.05
Calcite,05.AB.05
Calcite,05.AB.05
Calcite,05.AB.05
Calcite,05.AB.05
Calcite,05.AB.05
Calcite,05.AB.05
Calcite,05.AB.05
Calcite,05.AB.05
Calcite,05.AB.05
Calcite,05.AB.05
Calcite,05.AB.05
Calcite,05.AB.05
Calcite,05.AB.05
Calcite,05.AB.05
Calcite,05.AB.05
Calcite,05.AB.05
Calcite,05.AB.05
Calcite,05.AB.05
Calcite,05.AB.05
Calcite,05.AB.05
Calcite,05.AB.05
Calcite,05.AB.05
Calcite,05.AB.05
Calcite,05.AB.05
Calcite,05.AB.05
Calcite,05.AB.05
Calcite,05.AB.05
Calcite,05.AB.05
Calcite,05.AB.05
Calcite,05.AB.05
Calcite,05.AB.05
Calcite,05.AB.05
Calcite,05.AB.05
Calcite,05.AB.05
Calcite,05.AB.05
Calcite,05.AB.05
Calcite,05.AB.05
Calcite,05.AB.05
Calcite,05.AB.05
Calcite,05.AB.05
Calcite,05.AB.05
Calcite,05.AB.05
Calcite,05.AB.05
Calcite,05.AB.05
Calcite,05.AB.05
Calcite,05.AB.05
Calcite,05.AB.05
Calcite,05.AB.05
Calcite,05.AB.05
Calcite,05.AB.05
Calcite,05.AB.05
Calcite,05.AB.05
Calcite,05.AB.05
Calcite,05.AB.05
Calcite,05.AB.05
Calcite,05.AB.05
Calcite,05.AB.05
Calcite,05.AB.05
Calcite,05.AB.05
Calcite,05.AB.05
Calcite,05.AB.05
Calcite,05.AB.05
Calcite,05.AB.05
Magnésite,05.AB.05
Dolomite,05.AB.10
Gaspéite,05.AB.05
Dolomite,05.AB.10
Dolomite,05.AB.10
Dolomite,05.AB.10
Dolomite,05.AB.10
Dolomite,05.AB.10
Dolomite,05.AB.10
Dolomite,05.AB.10
Dolomite,05.AB.10
Dolomite,05.AB.10
Dolomite,05.AB.10
Dolomite,05.AB.10
Dolomite,05.AB.10
Dolomite,05.AB.10
Dolomite,05.AB.10
Dolomite,05.AB.10
Dolomite,05.AB.10
Dolomite,05.AB.10
Dolomite,05.AB.10
Dolomite,05.AB.10
Dolomite,05.AB.10
Dolomite,05.AB.10
Dolomite,05.AB.10
Dolomite,05.AB.10
Dolomite,05.AB.10
Dolomite,05.AB.10
Dolomite,05.AB.10
Dolomite,05.AB.10
Dolomite,05.AB.10
Dolomite,05.AB.10
Dolomite,05.AB.10
Dolomite,05.AB.10
Dolomite,05.AB.10
Dolomite,05.AB.10
Dolomite,05.AB.10
Dolomite,05.AB.10
Dolomite,05.AB.10
Dolomite,05.AB.10
Dolomite,05.AB.10
Dolomite,05.AB.10
Dolomite,05.AB.10
Dolomite,05.AB.10
Dolomite,05.AB.10
Dolomite,05.AB.10
Dolomite,05.AB.10
Dolomite,05.AB.10
Dolomite,05.AB.10
Dolomite,05.AB.10
Dolomite,05.AB.10
Dolomite,05.AB.10
Dolomite,05.AB.10
Dolomite,05.AB.10
Dolomite,05.AB.10
Dolomite,05.AB.10
Ankérite,05.AB.10
Ankérite,05.AB.10
Ankérite,05.AB.10
Kutnohorite,05.AB.10
Kutnohorite,05.AB.10
Huntite,05.AB.25
Aragonite,05.AB.15
Aragonite,05.AB.15
Aragonite,05.AB.15
Aragonite,05.AB.15
Aragonite,05.AB.15
Aragonite,05.AB.15
Aragonite,05.AB.15
Aragonite,05.AB.15
Aragonite,05.AB.15
Aragonite,05.AB.15
Aragonite,05.AB.15
Aragonite,05.AB.15
Aragonite,05.AB.15
Aragonite,05.AB.15
Aragonite,05.AB.15
Aragonite,05.AB.15
Aragonite,05.AB.15
Aragonite,05.AB.15
Aragonite,05.AB.15
Aragonite,05.AB.15
Aragonite,05.AB.15
Aragonite,05.AB.15
Aragonite,05.AB.15
Aragonite,05.AB.15
Aragonite,05.AB.15
Aragonite,05.AB.15
Aragonite,05.AB.15
Aragonite,05.AB.15
Aragonite,05.AB.15
Aragonite,05.AB.15
Aragonite,05.AB.15
Aragonite,05.AB.15
Aragonite,05.AB.15
Aragonite,05.AB.15
Aragonite,05.AB.15
Aragonite,05.AB.15
Aragonite,05.AB.15
Aragonite,05.AB.15
Aragonite,05.AB.15
Aragonite,05.AB.15
Aragonite,05.AB.15
Aragonite,05.AB.15
Aragonite,05.AB.15
Aragonite,05.AB.15
Aragonite,05.AB.15
Aragonite,05.AB.15
Aragonite,05.AB.15
Aragonite,05.AB.15
Aragonite,05.AB.15
Aragonite,05.AB.15
Aragonite,05.AB.15
Aragonite,05.AB.15
Aragonite,05.AB.15
Aragonite,05.AB.15
Aragonite,05.AB.15
Aragonite,05.AB.15
Aragonite,05.AB.15
Aragonite,05.AB.15
Aragonite,05.AB.15
Aragonite,05.AB.15
Aragonite,05.AB.15
Aragonite,05.AB.15
Aragonite,05.AB.15
Aragonite,05.AB.15
Aragonite,05.AB.15
Aragonite,05.AB.15
Aragonite,05.AB.15
Aragonite,05.AB.15
Aragonite,05.AB.15
Aragonite,05.AB.15
Aragonite,05.AB.15
Aragonite,05.AB.15
Aragonite,05.AB.15
Aragonite,05.AB.15
Aragonite,05.AB.15
Aragonite,05.AB.15
Aragonite,05.AB.15
Strontianite,05.AB.15
Strontianite,05.AB.15
Strontianite,05.AB.15
Strontianite,05.AB.15
Strontianite,05.AB.15
Strontianite,05.AB.15
Strontianite,05.AB.15
Strontianite,05.AB.15
Strontianite,05.AB.15
Strontianite,05.AB.15
Strontianite,05.AB.15
Witherite,05.AB.15
Witherite,05.AB.15
Witherite,05.AB.15
Witherite,05.AB.15
Witherite,05.AB.15
Witherite,05.AB.15
Witherite,05.AB.15
Witherite,05.AB.15
Cérusite,
Cérusite,
Cérusite,
Cérusite,
Cérusite,
Cérusite,
Cérusite,
Cérusite,
Cérusite,
Cérusite,
Cérusite,
Cérusite,
Cérusite,
Cérusite,
Cérusite,
Cérusite,
Cérusite,
Cérusite,
Cérusite,
Cérusite,
Cérusite,
Cérusite,
Cérusite,
Cérusite,
Cérusite,
Cérusite,
Cérusite,
Cérusite,
Cérusite,
Cérusite,
Cérusite,
Cérusite,
Cérusite,
Cérusite,
Cérusite,
Cérusite,
Cérusite,
Cérusite,
Cérusite,
Cérusite,
Cérusite,
Cérusite,
Cérusite,
Cérusite,
Cérusite,
Cérusite,
Cérusite,
Cérusite,
Cérusite,
Cérusite,
Cérusite,
Cérusite,
Cérusite,
Cérusite,
Cérusite,
Cérusite,
Cérusite,
Cérusite,
Cérusite,
Cérusite,
Cérusite,
Cérusite,
Cérusite,
Cérusite,
Cérusite,
Cérusite,
Alstonite,05.AB.35
Alstonite,05.AB.35
Barytocalcite,05.AB.45
Aragonite,05.AB.15
Aragonite,05.AB.15
Azurite,05.BA.05
Azurite,05.BA.05
Azurite,05.BA.05
Azurite,05.BA.05
Azurite,05.BA.05
Azurite,05.BA.05
Azurite,05.BA.05
Azurite,05.BA.05
Azurite,05.BA.05
Azurite,05.BA.05
Azurite,05.BA.05
Azurite,05.BA.05
Azurite,05.BA.05
Azurite,05.BA.05
Azurite,05.BA.05
Azurite,05.BA.05
Azurite,05.BA.05
Azurite,05.BA.05
Azurite,05.BA.05
Azurite,05.BA.05
Azurite,05.BA.05
Azurite,05.BA.05
Azurite,05.BA.05
Azurite,05.BA.05
Azurite,05.BA.05
Azurite,05.BA.05
Azurite,05.BA.05
Azurite,05.BA.05
Azurite,05.BA.05
Azurite,05.BA.05
Azurite,05.BA.05
Azurite,05.BA.05
Azurite,05.BA.05
Azurite,05.BA.05
Azurite,05.BA.05
Azurite,05.BA.05
Rosasite,05.BA.10
Malachite,05.BA.10
Malachite,05.BA.10
Malachite,05.BA.10
Malachite,05.BA.10
Malachite,05.BA.10
Malachite,05.BA.10
Malachite,05.BA.10
Malachite,05.BA.10
Malachite,05.BA.10
Malachite,05.BA.10
Malachite,05.BA.10
Malachite,05.BA.10
Malachite,05.BA.10
Malachite,05.BA.10
Malachite,05.BA.10
Malachite,05.BA.10
Malachite,05.BA.10
Malachite,05.BA.10
Malachite,05.BA.10
Malachite,05.BA.10
Malachite,05.BA.10
Malachite,05.BA.10
Malachite,05.BA.10
Malachite,05.BA.10
Malachite,05.BA.10
Malachite,05.BA.10
Malachite,05.BA.10
Malachite,05.BA.10
Malachite,05.BA.10
Malachite,05.BA.10
Malachite,05.BA.10
Malachite,05.BA.10
Malachite,05.BA.10
Malachite,05.BA.10
Malachite,05.BA.10
Malachite,05.BA.10
Malachite,05.BA.10
Malachite,05.BA.10
Malachite,05.BA.10
Malachite,05.BA.10
Malachite,05.BA.10
Malachite,05.BA.10
Malachite,05.BA.10
Malachite,05.BA.10
Hydrozincite,05.BA.15
Hydrozincite,05.BA.15
Hydrozincite,05.BA.15
Hydrozincite,05.BA.15
Aurichalcite,05.BA.15
Aurichalcite,05.BA.15
Aurichalcite,05.BA.15
Aurichalcite,05.BA.15
Aurichalcite,05.BA.15
Dawsonite,05.BB.10
Dawsonite,05.BB.10
Tunisite,05.BB.15
Northupite,05.BF.05
Bastnaesite,05.BD.20a
Bastnaesite,05.BD.20a
Bastnaesite,05.BD.20a
Bastnaesite,05.BD.20a
Bastnaesite,05.BD.20a
Parisite,05.BD.20b
Parisite,05.BD.20b
Parisite,05.BD.20b
Parisite,05.BD.20b
Synchyste-(Y),
Synchysite-(Y) ? ou (Ce) ou(Nd),
Cordylite,05.BD.05
Hydrocérusite,
Phosgenite,05.BE.20
Phosgenite,05.BE.20
Phosgenite,05.BE.20
Phosgenite,05.BE.20
Phosgenite,05.BE.20
Phosgenite,05.BE.20
Phosgenite,05.BE.20
Artinite,05.DA.10
Phosgenite,05.BE.20
Nesquehonite,05.CA.05
Hellyerite,05.CA.20
Nitratite,
Trona,05.CB.15
Trona,05.CB.15
Pirssonite,05.CB.30
Gaylussite,05.CB.35
Gaylussite,05.CB.35
Wermlandite,07.DD.35
Weloganite,05.CC.05
Lanthanite,05.CC.25
Clinochlore K,
Hydromagnésite,05.DA.05
Hydromagnésite,05.DA.05
Brucite,04.FE.05
Artinite,05.DA.10
Schuilingite,05.DB.20
Malachite,05.BA.10
Malachite,05.BA.10
Théophrastite,04.FE.05
Pas déterminé (zaratite),
Callaghanite,05.DA.25
Hydrotalcite,05.DA.45
Hydrotalcite,05.DA.50
Hydrotalcite,05.DA.50
Hydrotalcite,05.DA.50
Stichtite,05.DA.50
Stichtite,05.DA.50
Pyroaurite,05.DA.50
Takovite,05.DA.50
Dundasite,05.DB.10
Sharpite,05.EA.35
Liebigite,05.ED.20
Liebigite,05.ED.20
Schröckingerite,05.EG.05
Schröckingerite,05.EG.05
Liebigite,05.ED.20
Parisite,05.BD.20b
Akermanite,09.BB.10
Althausite,08.BB.25
Ammoniojarosite,07.BC.10
Andorite,02.JB.40a
Annite,09.EC.20
Anorthose,
Anthoinite,07.GB.35
Argutite,04.DB.05
Armenite,09.CM.05
Arrojadite,08.BF.05
Arsentsumebite,08.BG.05
Asbecasite,04.JB.30
Aubertite,07.DB.05
Aurorite,04.FL.20
Aurostibite,02.EB.05a
Azoproite,06.AB.30
Baricite,08.CE.40
Bakerite=datolite,09.AJ.20
Bahianite,04.DC.05
Bafertisite,09.BE.55
Bellingerite,04.KC.05
Bayleyite,05.ED.05
Ferrohornblende,09.DE.10
Beyerite,05.BE.35
Bermanite,08.DC.20
Bergslagite,08.BA.10
Boothite,07.CB.35
Biphosphammite,08.AD.15
Bikitaite,09.GD.55
Bicchulite,09.FB.10
Pyrite,02.EB.05a
Pyrite,02.EB.05a
Braitschite,06.HA.10
Briartite,02.KA.10
Britholite-(Ce),
Brownmillerite,04.AC.10
Boussingaultite,07.CC.60
Brugnatellite,05.DA.45
Bultfonteinite,09.AG.80
Butlerite,07.DC.10
Byströmite,04.DB.10
Calcioferrite,08.DH.25
Calcurmolite,07.HB.15
Calderite,09.AD.25
Carletonite,09.EB.20
Carrboydite,07.DD.35
Ceruleite,08.DE.25
Cheralite,08.XX.00
Chervetite,08.FA.15
Claudetite,04.CB.45
Cliffordite,04.JK.75
Clinobisvanite,08.AD.65
Coalingite,05.DA.55
Compreignacite,04.GB.05
Corderoite,02.FC.15a
Corkite,08.BL.05
Coulsonite,04.BB.05
Cowlesite,09.GG.05
Crandallite,08.BL.10
Crookesite,02.BD.50
Cubanite,02.CB.55a
Cupropavonite,02.JA.05a
Cymrite,09.EG.05
Cyrilovite,08.DL.10
Dannemorite DISC???,
Demesmaekerite,04.JJ.20
Derriksite,04.JG.30
Desautelsite,05.DA.50
Diaboléite,03.DB.05
Diopside,09.DA.15
Dypingite,05.DA.05
Eckermannite,09.DE.25
Eclarite,02.HB.10c
Ellenbergerite,09.AF.80
Elyite,07.DF.65
Englishite,08.DH.55
Ephesite,09.EC.20
Erdite,02.FD.20
Ericaite,06.GA.05
Erionite,09.GD.20
Erionite,09.GD.20
Esperite,09.AB.15
Fairfieldite,08.CG.05
Famatinite,02.KA.10
Ferrisicklerite,08.AB.10
Axinite Fe,
Florencite-Ce,
Foggite,08.DL.05
Foggite,08.DL.05
Fresnoite,09.BE.15
Friedelite,09.EE.10
Frondelite,08.BC.10
Galkhaite,02.GB.20
Garronite,09.GC.05
Gaudefroyite,06.AB.60
Geffroyite,02.BB.15a
Genthelvite,09.FB.10
Georgiadesite,04.JB.70
Giuseppettite,09.FB.05
Glaucocerinite,07.DD.35
Guilleminite,04.JJ.10
Hannebachite,04.JE.10
Heinrichite,08.EB.05
Ecdemite,03.DC.65
Hématophanite,03.DB.35
Hemihedrite,07.FC.15
Hemihedrite,07.FC.15
Hétaerolite,04.BB.10
Hexahydrite,07.CB.25
Hidalgoite (arsenogorceixite?),
Hilairite,09.DM.10
Hinsdalite,08.BL.05
Hodrushite,
Holtedahlite,08.BB.20
Fayalite,09.AC.05
Huemulite,04.HG.10
Hydrobiotite,09.EC.60
Hydrodresserite,05.DB.15
Hydroniumjarosite,07.BC.10
Hypercinabre,02.CD.15b
Hannebachite,04.JE.10
Idrialite,10.BA.20
Imiterite,02.BD.05
Jahnsite,08.DH.15
Jarlite,03.CC.20
Planerite,08.DD.15
Jonesite,09.DJ.30
Jordisite,02.EA.30
Julgoldite,09.BG.20
Junitoite,09.BD.15
Jurbanite,07.DB.15
Kaliophilite,09.FA.05
Karibibite,04.JA.15
Baratovite,09.CJ.25
Kawazulite,02.DC.05c
Keckite,08.DH.15
Kegelite,09.EC.80
Kesterite,02.CB.15a
Kidwellite,08.DK.20
Kingsmountite,08.DH.25
Kingsmountite,08.DH.25
Kladnoite,10.CA.25
Köttigite,08.CE.40
Kolwezite,05.BA.10
Kraisslite,08.BE.45
Krautite,08.CB.15
Krupkaite,02.HB.05a
Kryzhanovskite,08.CC.05
Kupletskite,09.DC.05
Laffittite,02.GA.35
Landesite,08.CC.05
Laphamite,02.FA.30
Latrappite,04.CC.30
Laueite,08.DC.30
Lavenite,09.BE.17
Leiteite,04.JA.05
Leucophoenicite,09.AF.60
Liddicoatite,09.CK.05
Lindgrenite,07.GB.05
Lipscombite,08.BB.90
Lomonosovite,09.BE.32
Lotharmeyerite,08.CG.15
Luneburgite,
Macedonite,04.CC.35
Macfallite,09.BG.15
Carminite,08.BH.30
Céruléite,08.DE.25
Magadiite,09.EA.20
Maghemite,04.BB.15
Anthophyllite,09.DE.05
Magnesioarfvedsonite,
Magnesiochromite,04.BB.05
Malayaite,09.AG.15
Maldonite,02.AA.40
Babingtonite,09.DK.05
Mantienneite,08.DH.35
Margaritasite,04.HB.05
Marshite,03.AA.05
Masuyite,04.GB.35
Mattagamite,02.EB.10a
Chlormayenite,04.CC.20
Mcguinessite,
Melonjosephite,08.BG.10
Merlinoite,09.GC.15
Merwinite,09.AD.15
Metalodevite,08.EB.10
Minamiite,07.BC.10
Miserite,09.DG.85
Mitridatite,08.DH.30
Montdorite,09.EC.15
Montgomeryite,08.DH.25
Moraesite,08.DA.05
Morinite,08.DM.05
Murdochite,03.DB.45
Murmanite,09.BE.27
Nakauriite,07.DG.30
Namibite,08.BB.50
Natrochalcite,07.DF.15
Naujakasite,09.EG.10
Néalite,04.JD.05
Nekoite,09.EA.45
Nitratite,
Northupite,05.BF.05
Okanoganite,09.AJ.35
Ordonezite,04.DB.10
Ericssonite-2O,09.BE.25
Orthopinakiolite,06.AB.40
Osumilite,09.CM.05
Ourayite,02.JB.40c
Parascholzite,08.CA.45
Spurrite,09.AH.15
Paravauxite,08.DC.30
Pascoite,04.HC.05
Partzite,04.DH.20
Paulingite,09.GC.35
Perhamite,08.DO.20
Perrierite,09.BE.70
Petarasite,09.CJ.40
Phaunouxite,08.CJ.40
Phosphoferrite,08.CC.05
Phosphuranylite,08.EC.10
Polylithionite,09.EC.20
Portlandite,04.FE.05
Pseudolaueite,08.DC.30
Semseyite,02.HC.10d
Quenstedtite,07.CB.65
Raguinite,02.CB.60
Raite,09.EE.55
Ramdohrite,02.JB.40a
Ramsbeckite,07.DD.60
Rancieite,04.FL.40
Ranunculite,08.EB.40
Rauenthalite,08.CJ.40
Rauvite,04.HB.40
Reddingite,08.CC.05
Reevesite,05.DA.50
Reinhardbraunsite,09.AF.45
Retgersite,07.CB.30
Rhabdophane,08.CJ.45
Rhönite,09.DH.45
Richelsdorfite,08.DK.25
Rickardite,02.BA.20a
Robertsite,08.DH.30
Rodalquilarite,04.JL.05
Rösslerite,08.CE.20
Roggianite,09.GB.20
Romeite,04.DH.20
Roselite,08.CG.10
Rostite,07.DB.10
Routhierite,02.GA.40
Ruizite,09.BJ.35
Rutherfordine,05.EB.05
Sabugalite,08.EB.55
Sacrofanite,09.FB.05
Samsonite,02.GA.15
Saneroite,09.DK.15
Santaclaraite,09.DK.10
Sarabauite,02.MA.10
Sarcopside,08.AB.15
Schneiderhöhnite,04.JA.35
Schoonerite,08.DB.15
Schröckingerite,05.EG.05
Schuetteite,07.BB.40
Powellite,07.GA.05
Orpiment,02.FA.30
Orpiment,02.FA.30
Cassitérite,04.DB.05
Spodumène,09.DA.30
Defernite,05.BA.25
Schulenbergite,07.DD.80
Searlesite,09.EF.15
Sélénium,01.CC.10
Sénaite,04.CC.40
Sénégalite,08.DE.05
Sengierite,04.HB.10
Shortite,05.AC.25
Sicklerite,08.AB.10
Siderazote,01.BC.10
Siderophyllite,09.EC.20
Simonkolleite,03.DA.20
Skinnerite,02.GA.20
Slavikite,07.DF.30
Sogdianite,09.CM.05
Sorbyite,02.LB.60
Souzalite,08.DC.45
Smithsonite,05.AB.05
Spangolite,07.DD.15
Spionkopite,02.CA.05c
Steacyite,09.CH.10
Steenstrupine,09.CK.20
Stewartite,08.DC.30
Straczekite,04.HE.20
Stringhamite,09.AE.35
Strontiojoaquinite,09.CE.25
Strontio-orthojoaquinite,09.CE.25
Stützite,02.BA.30e
Sturmanite,07.DG.15
Sudoite,09.EC.55
Swamboite,09.AK.20
Swedenborgite,04.AC.05
Swinefordite,09.EC.45
Switzerite,08.CE.25
Talc,09.EC.05
Talmessite,08.CG.05
Talnakhite,02.CB.10b
Taramellite,09.CE.20
Tirodite,
Tavorite,08.BB.05
Teineite,04.JM.20
Tengerite,05.CC.10
Tétraèdrite,
Tétranatrolite DISC ???,
Theisite,08.BE.75
Thermonatrite,05.CB.05
Béryl,09.CJ.05
Thorikosite,03.DC.40
Tilasite,08.BH.10
Tiptopite,08.DA.25
Tlapallite,04.JL.25
Trolleite,08.BB.45
Tsumcorite,08.CG.15
Tsumebite,08.BG.05
Tugtupite,09.FB.10
Tulameenite,01.AG.40
Tunellite,06.FC.05
Uchucchacuaite,02.JB.40a
Uklonskovite,07.DF.05
Ullmannite,02.EB.25
Uranopilite,07.EA.05
Vandendriesscheite,04.GB.40
Väyrynenite,08.BA.05
Veatchite,06.EC.15
Veszelyite,08.DA.30
Vikingite,02.JB.40a
Vinciennite,02.CB.35a
Vladimirite,08.CJ.25
Volborthite,08.FD.05
Weberite,03.CB.25
Weeksite,09.AK.30
Weilite,08.AD.10
Whiteite,08.DH.15
Wickenburgite,09.EG.55
Wilhelmvierlingite,08.DH.20
Willhendersonite,09.GD.10
Winchite,09.DE.20
Wodginite,04.DB.40
Wolframixiolite,
Woodhouseite,08.BL.05
Woodruffite,04.FL.25
Wülfingite,04.FA.10
Yarrowite,02.CA.05d
Yoderite,09.AF.25
Yofortierite,
Yoshimuraite,09.BE.42
Zemannite,04.JM.05
Zincaluminite,07.DD.35
Zippeite,07.EC.05
Zirkelite,04.DL.05
Zussmanite,09.EG.35
Zwieselite,08.BB.10
Robertsite,08.DH.30
Téphroite,09.AC.05
Limonite,
Olivine,09.AC.05
Synchysite-(Y) ? ou (Ce) ou (Nd),
Béryl,09.CJ.05
Kornerupine,09.BJ.50
Béryl,09.CJ.05
Vanadinite,08.BN.05
Dioptase,09.CJ.30
Azurite,05.BA.05
Muscovite,09.EC.15
Kyanite,09.AF.15
Ankérite,05.AB.10
Danburite,09.FA.65
Kornerupine,09.BJ.50
Euclase,09.AE.10
Chrysobéryl,04.BA.05
Halite,03.AA.20
Andalousite,
Acetamide,10.AA.20
Aerinite,09.DB.45
Aeschynite (Y),
Aeschynite (Y),
Afwillite,09.AG.75
Agardite,08.DL.15
Agardite,08.DL.15
Agrellite,09.DH.75
Akaganeite,04.DK.05
Akatoreite,09.BH.15
Alamosite,09.DO.20
Alamosite,09.DO.20
Aldermanite,08.DE.35
Allanite,09.BG.05b
Allanite,09.BG.05b
Allanite,09.BG.05b
Aluminocopiapite,07.DB.35
Alumopharmacosiderite,08.DK.10
Amesite,09.ED.15
Anandite,09.EC.35
Ancylite,05.DC.05
Apachite,09.HE.10
Mordenite,09.GD.35
Argentojarosite,07.BC.10
Argentopyrite,02.CB.65
Arsenohauchecornite,02.BB.10
Austinite,08.BH.35
Stichtite,05.DA.50
Barrandite [pas une espèce] minéral,
Barroisite,09.DE.20
Barylite,09.BB.15
Bassanite,07.CD.45
Bazirite,09.CA.05
Belyankinite,04.FM.25
Benavidesite,02.HB.15
Bénitoïde,
Benstonite,05.AB.55
Bergslagite,08.BA.10
Bergslagite,08.BA.10
Berlinite,08.AA.05
Berthierite,02.HA.20
Bertossaite,08.BH.25
Bertossaite,08.BH.25
Betpakdalite,08.DM.15
Beusite,08.AB.20
Birnessite,04.FL.45
Birnessite,04.FL.45
Chrysocolle,
Bismoclite,03.DC.25
Bismutomicrolite,04.DH.15
Bjarebyite,08.BH.20
Boehmite,04.FE.15
Bokite,04.HE.20
Boléite,03.DB.15
Borax,06.DA.10
Delvauxite,08.DM.35
Pickeringite Mn,
Brueggenite,04.KC.10
Byströmite,04.DB.10
Tangeite,
Campigliaite,07.DD.30
(Carbonate-)cyanotrichite,
Carlfriesite,04.JK.25
Catapleiite,09.CA.15
Cechite,08.BH.40
Celsiane,
Gyrolite,09.EE.30
Céruléite,08.DE.25
Césarolite,04.FG.10
Nickelskutterudite,02.EC.05
Cheralite,08.XX.00
Chevkinite,09.BE.70
Choloalite,04.JK.45
Coesite,04.DA.35
Coloradoite,02.CB.05a
Colusite,02.CB.30
Compreignacite,04.GB.05
Cordylite,05.BD.05
Corkite,08.BL.05
Creaseyite,09.HH.15
Cuprostibite,02.AA.20
Cupro-halloysite,
Curetonite,08.BK.15
Zircon,09.AD.30
Davidite FAUX,
Dickinsonite,08.BF.05
Dugganite,08.BL.20
Eakerite,09.CG.05
Eggletonite,09.EG.30
Elpidite,09.DG.65
Epididymite,09.DG.55
Ericssonite,09.BE.25
Eskolaite,04.CB.05
Eucryptite,09.AA.05
Eudidymite,09.DG.60
Famatinite,02.KA.10
Fernandinite,04.HE.20
Ferrisymplésite,08.CE.40
Ferrostrunzite,08.DC.25
Ferrowyllieite,08.AC.15
Fersmanite,09.BE.72
Fervanite,04.HG.05
Fluoborite,06.AB.50
Apophyllite,09.EA.15
Foshagite,09.DG.15
Fraipontite,09.ED.15
Franciscanite,09.AF.07.5
Friedrichite,02.HB.05a
Gagarinite,03.AB.35
Gageite,09.DH.35
Galkhaite,02.GB.20
Galkhaite,02.GB.20
Gallite,02.CB.10a
Geocronite,02.JB.30a
Getchellite,02.FA.35
Gilalite,09.HE.05
Girdite,04.JL.30
Aphthitalite,07.AC.35
Gobbinsite,09.GC.05
Götzenite,09.BE.22
Goldmanite,09.AD.25
Saponite,09.EC.45
Gruenlingite DISC???,
Gustavite,02.JB.40a
Halite,03.AA.20
Hannebachite,04.JE.10
Hastingsite,09.DE.10
Hawleyite,02.CB.05a
Hectorite,09.EC.45
Hedleyite,02.DC.05a
Hedyphane,08.BN.05
Hendricksite,09.EC.20
Herzenbergite,02.CD.05
Hétérogénite,04.FE.20
Trémolite,09.DE.10
Högbomite,
Holdenite,08.BE.55
Ellestadite OH,
Hydroxylherderite,08.BA.10
Cérusite,
Inderborite,06.CA.25
Jacobsite,04.BB.10
Janhaugite,09.BE.17
Joaquinite,09.CE.25
Joseite,02.DC.05d
Carpathite,
Kentrolite,09.BE.80
Kettnerite,05.BE.30
Kimuraite,05.CC.50
Kimuraite,05.CC.50
Kingite,08.DC.47
Kobellite,02.HB.10a
Mangano-ferri-eckermannite,09.DE.25
Krausite ??,
Krennerite,02.EA.15
Ktenasite,07.DD.20
Kuranakhite,04.DM.25
Labuntsovite,09.CE.30e
Lacroixite,08.BH.10
Lanarkite,07.BD.40
Latiumite,09.EG.45
Kidwellite,08.DK.20
Lawsonite,09.BE.05
Lennilenapeite,09.EG.40
Letovicite,07.AD.20
Leucophosphite,08.DH.10
Livingstonite,02.HA.15
Livingstonite,02.HA.15
Lorenzenite,09.DB.10
Luetheite,08.DD.05
Macdonaldite,09.EB.05
Mackinawite,02.CC.25
Thorite,09.AD.30
Macquartite,09.HH.05
Madocite,02.LB.30
Magnesioaxinite,
Zincocopiapite,07.DB.35
Magnesioriebeckite,09.DE.25
Cummingtonite ,
Magnesio-gedrite DISC???,
Magnesio-hastingsite,
Magnetoplumbite,04.CC.45
Hydrotalcite,05.DA.45
Axinite-(Mn),
Phlogopite,09.EC.20
Gypse,
Topaze,
Manjiroite,04.DK.05
Manjiroite,04.DK.05
Margarosanite,09.CA.25
Margarosanite,09.CA.25
Matildite,02.JA.20
Matulaite,08.DK.30
Mazzite-(Mg),09.GC.20
Mckinstryite,02.BA.25b
Mendozite,07.CC.15
Metaheinrichite,08.EB.10
Metahewettite,04.HE.15
Metaschoderite,08.CE.70
Metasiclerite [pas une espèce],
Metastibnite,02.DB.05a
Metavariscite,08.CD.05
Metavauxite,08.DC.25
Metazeunerite,08.EB.10
Milarite,09.CM.05
Millosevichite,07.AB.05
Minnesotaite,09.EC.05
Mohawkite [pas une espèce],
Molybdophyllite,09.HH.25
Darapskite,07.DG.05
Montroydite,04.AC.15
Mooreite,07.DD.45
Mopungite,04.FC.15
Mullite,09.AF.20
Nahcolite,05.AA.15
Nambulite,09.DK.05
Nasonite,09.BE.77
Nasonite,09.BE.77
Natromontebrasite DISC,
Naumannite,02.BA.30b
Navajoite,04.HG.30
Nelenite,09.EE.15
Nepouite ???,
Ningyoite,08.CJ.80
Niobophyllite,09.DC.05
Niocalite,09.BE.17
Nissonite,08.DC.05
Nsutite,04.DB.15c
Lizardite,09.ED.15
Ogdensburgite,08.DC.57
Chrysotile Ortho,
Osarizawaite,07.BC.10
Osmium,
Ottrelite,09.AF.85
Otwayite,05.DA.15
Owyheeite,02.HC.35
Vonsenite,06.AB.30
Palermoite,08.BH.25
Bariopyrochlore,04.DH.15
Paraguanajuatite,02.DC.05c
Parahopeite,08.CA.70
Paranatrolite,09.GA.05
Wollastonite,09.DG.05
Pargasite,09.DE.10
Parisite,05.BD.20b
Patronite,02.EC.10
Pecoraite,09.ED.15
Pectolite,09.DG.05
Peisleyite ??,
Philipsbornite,08.BL.10
Phurcalite,08.EC.35
Pintadoite,08.FC.15
Dravite,09.CK.05
Platiniridium,
Jennite,09.DG.20
Polydymite,02.DA.05
Poughite,04.JN.10
Preisingerite,08.BO.10
Pyroxferroite,09.DO.05
Pascoite,04.HC.05
Quartz,04.DA.05
Queitite,09.BF.20
Rapidcreekite,07.DG.20
Raspite,04.DG.20
Reevesite,05.DA.50
Rhabdophane,08.CJ.45
Rodalquilarite,04.JL.05
Roeblingite,09.CB.05
Téphroite,09.AC.05
Rosemaryite,08.AC.15
Rosickyite,01.CC.05
Ruizite,09.BJ.35
Sabinaite,05.BB.20
Sahlinite,08.BO.20
Salesite,04.KB.05
Hureaulite,08.CB.10
Santafeite,08.DM.40
Satterlyite,08.BB.20
Sauconite,09.EC.45
Schmitterite,04.JK.70
Schoderite,08.CE.70
Schuetteite,07.BB.40
Scorzalite,08.BB.40
Kobellite,02.HB.10a
Sincosite,08.CJ.65
Smolyaninovite,08.CH.55
Smythite,02.CC.10
Sogdianite,09.CM.05
Spencerite,08.DA.40
Hétérogénite,04.FE.20
Steigerite,08.CE.65
Stellerite,09.GE.15
Stenonite,03.CG.05
Stishovite,04.DA.40
Stokesite,09.DM.05
Stringhamite,09.AE.35
Strontiodresserite,05.DB.10
Strueverite,
Struvite,08.CH.40
Stützite,02.BA.30e
Sulphohalite,
Suolunite,09.BE.10
Svabite,08.BN.05
Swedenborgite,04.AC.05
Szomolnokite,07.CB.05
Tamarugite,07.CC.10
Taneyamalite,09.DH.65
Taramellite,09.CE.20
Taranakite,08.CH.25
Tellurantimony,
Terlinguaite,03.DD.20
Tétradymite,02.DC.05c
Thorite,09.AD.30
Tiemannite,02.CB.05a
Tlalocite ?? faux?,
Tlapallite,04.JL.25
Tobelite,09.EC.15
Tochilinite,02.FD.35
Tocornalite DISC ???,
Tombarthite,09.AD.35
Tosudite,09.EC.60
Trévorite,04.BB.05
Triangulite,08.EB.45
Triphylite,08.AB.10
Tritomite,09.AH.30
Tschermakite,09.DE.10
Tungstenite,02.EA.30
Tungstite,04.FJ.10
Hématite,04.CB.05
Tvalchrelidzeite,02.GC.45
Tychite,05.BF.05
Tyrrellite,02.DA.05
Tyuyamunite,04.HB.25
Ulexite,06.EA.25
Ouvarovite,
Valleriite,02.FD.30
Tourmaline,
Varulite,08.AC.10
Vashegyite,08.DB.10
Violarite,02.DA.05
Vishnevite,09.FB.05
Voglite,05.EE.05
Vuorelainenite,04.BB.05
Walentaite,08.CH.05
Walstromite,09.CA.25
Warwickite,06.AB.20
Waylandite,08.BL.13
Westerveldite,02.CC.15
Whelanite,
Whitmoreite,08.DC.15
Fluorapatite,
Willemseite,09.EC.05
Wölsendorfite,04.GB.30
Wickenburgite,09.EG.55
Xanthoxenite,08.DH.40
Dravite,09.CK.05
Yukonite,08.DM.25
Yuksporite,09.DG.95
Zapatalite,08.DE.20
Zektzerite,09.DN.05
Zincite,04.AB.20
Aegyrine Mn Schefferite,
Gerstleyite,02.HE.05
Incaite,02.HF.25b
Perrierite,09.BE.70
Perroudite,02.FC.20c
Perroudite,02.FC.20c
Sarabauite,02.MA.10
Schneiderhöhnite,04.JA.35
Tripuhyite,04.DB.05
Adelite,08.BH.35
Balyakinite,04.JK.15
Braggite,02.CC.35a
Carnotite,04.HB.05
Chambersite,06.GA.05
Cooperite,02.CC.35a
Davreuxite,09.BF.15
Mottramite,08.BH.40
Durangite,08.BH.10
Fraipontite,09.ED.15
Goedkenite,08.BG.05
Kamotoite,05.EA.30
Keiviite,09.BC.05
Lepersonnite,05.EG.10
Liskeardite,08.DF.10
Ludlockite,04.JA.45
Moctezumite,04.JK.65
Palermoite,08.BH.25
Parapierrotite,02.HC.05f
Rhabdophane,08.CJ.45
Spencerite,08.DA.40
Sperrylite,02.EB.05a
Spherocobaltite,05.AB.05
Suzukiite,09.DH.15
Vanuralite,04.HB.20
Voglite,05.EE.05
Weibullite,02.JB.45
Yeatmanite,09.AE.45
Yftisite,09.AG.25
Agardite,08.DL.15
Athabascaite,02.BA.15d
Arsenolamprite,01.CA.10
Benjaminite,02.JA.05e
Beryllonite,08.AA.10
Brenkite,05.BC.05
Caryinite,08.AC.10
Cetineite,02.MA.05
Claringbullite,03.DA.15
Danalite,09.FB.10
Ericssonite,09.BE.25
Eucairite,02.BA.25d
Eucryptite,09.AA.05
Fizelyite,02.JB.40a
Fredrikssonite,06.AB.30
Fredrikssonite,06.AB.30
Friedrichite,02.HB.05a
Gedrite,09.DE.05
Hedyphane,08.BN.05
Heyite,08.BK.20
Iranite,07.FC.15
Jasmundite,09.AG.70
Jennite,09.DG.20
Jeremejevite,06.AB.15
Kaliborite,06.FB.10
Kambaldaite,05.DA.20
Laitakarite,02.DC.05d
Lavenite,09.BE.17
Lepidocrocite,04.FE.15
Chlormayenite,04.CC.20
Melanotekite,09.BE.80
Minrecordite,05.AB.10
Nenadkevichite,09.CE.30a
Nobleite,06.FC.05
Ojuelaite,08.DC.15
Penroseite,02.EB.05a
Phurcalite,08.EC.35
Pitticite,08.DB.05
Platynite,02.DC.05
Portlandite,04.FE.05
Pyroxmangite,09.DO.05
Raguinite,02.CB.60
Roedderite,09.CM.05
Schlossmacherite,07.BC.10
Sidwillite,04.FJ.05
Sincosite,08.CJ.65
Sonoraite,04.JN.05
Srebrodolskite,04.AC.10
Straetlingite Strätlingite,
Svabite,08.BN.05
Trolleite,08.BB.45
Uytenbogaardtite,02.BA.40b
Vaterite,05.AB.20
Väyrynenite,08.BA.05
Veatchite-A,
Veenite,02.HC.05d
Welshite,09.DH.45
Winstanleyite,04.JK.05
Yecoraite,07.DF.70
Maricite,08.AC.20
Or,01.AA.05
Pyrope,09.AD.25
Chrysocolle,
Quartz,04.DA.05
Halite,03.AA.20
Almandin,
Epidote,09.BG.05a
Gypse,
Calcite,05.AB.05
Calcite,05.AB.05
Quartz,04.DA.05
Kyanite,09.AF.15
Corindon,
Preiswerkite,09.EC.20
Dufrenoysite,02.HC.05d
Hatchite,02.GC.05
Calcite,05.AB.05
Quartz,04.DA.05
Quartz,04.DA.05
Opale,
Bournonite,02.GA.50
Célestine,07.AD.35
Gypse,
Uvite,09.CK.05
Olivine,09.AC.05
Axinite,09.BD.20
Muscovite,09.EC.15
Quartz,04.DA.05
Pyrrhotine,
Calcédoine,
Talc,09.EC.05
Asbeste,
Calcédoine,
Agardite,08.DL.15
Ammonioleucite,09.GB.05
Anilite,02.BA.05f
Antarcticite,03.BB.30
Arcanite,07.AD.05
Arseniosiderite,08.DH.30
Arsenosulvanite,02.CB.07.0
Aschamalmite,02.JB.40b
Attakolite,08.BH.60
Banalsite,09.FA.60
Atacamite,03.DA.10a
Bariandite,04.HE.20
Bartonite,02.FC.10
Barytocalcite,05.AB.45
Bassetite,08.EB.10
Benleonardite,02.LA.50
Betekhtinite,02.BE.05
Bogdanovite,02.BA.50
Bohdanowiczite,02.JA.20
Bolivarite,08.DF.10
Bonattite,07.CB.10
Cheralite,08.XX.00
Paragonite,09.EC.25
Brannockite,09.CM.05
Bredigite,09.AD.20
Brindleyite,09.ED.15
Brockite,08.CJ.45
Brunogeierite,04.BB.05
Buddingtonite,09.FA.30
Burbankite,05.AC.30
Burckhardtite,09.EC.70
Bursaite,02.JB.40a
Calcio-ancylite,
Calkinsite,05.CC.25
Calzirtite,04.DL.10
Canfieldite,02.BA.35
Carbonate-hydroxylapatite,08.BN.05
Canfieldite,02.BA.35
Cesbronite,04.JN.15
Chalconatronite,05.CB.40
Chamosite,09.EC.55
Charlesite,07.DG.15
Chesterite,09.DF.05
Hydroxylapatite,
Chlorophoenicite,08.BE.35
Clarkeite,04.GC.05
Cliffordite,04.JK.75
Clinosafflorite,02.EB.15a
Cobaltaustinite,08.BH.35
Coconinoite,08.EB.35
Comancheite,03.DD.65
Combeite,09.CJ.15
Corderoite,02.FC.15a
Cordylite,05.BD.05
Corrensite,09.EC.60
Creaseyite,09.HH.15
Tetradymite,02.DC.05c
Cuprotungstite ??,
Cuzticite,04.FM.35
Darapskite,07.DG.05
Delrioite,04.HG.35
Denningite,04.JK.30
Diomingite,
Djerfisherite,02.FC.05
Doloresite,04.HE.30
Donnayite,05.CC.05
Donpeacorite,09.DA.05
Dugganite,08.BL.20
Edingtonite,09.GA.15
Eglestonite,03.DD.05
Emeleusite,09.DN.05
Halloysite,09.ED.10
Ernstite,08.DD.20
Eskimoite,02.JB.40b
Ezcurrite,06.EB.10
Eztlite,04.JN.20
Fairbankite,04.JK.50
Falkmanite = Boulangérite,
Famatinite,02.KA.10
Faustite,08.DD.15
Feitknechtite,04.FE.25
Fergusonite,
Fergusonite,07.GA.05
Ferricopiapite,07.DB.35
Ferrostrunzite,08.DC.25
Ferritungstite,04.DH.15
Ferrobustamite,09.DG.05
Ferroselite,02.EB.10a
Fichtelite,10.BA.05
Fluocerite,03.AC.15
Franciscanite,09.AF.07.5
Franconite,04.FM.15
Franklinfurnaceite,09.EC.55
Gadolinite,09.AJ.20
Gaidonnayite,09.DM.15
Galaxite,04.BB.05
Galeite,07.BD.10
Gamagarite,08.BG.05
Georgechaoite,09.DM.15
Georgeite,05.BA.10
Gilalite,09.HE.05
Giniite,08.DB.50
Priceite,06.EB.25
Girdite,04.JL.30
Gittinsite,09.BC.05
Glaucodot,02.EB.10c
Glaucosphaerite,
Götzenite,09.BE.22
Goldichite,07.CC.40
Grantsite,04.HG.55
Greenalite,09.ED.15
Gregoryite ?,
Griphite,08.BF.15
Guildite,07.DC.30
Haeggite,
Hallimondite,08.EA.10
Hammarite,02.HB.05a
Harkerite,06.AB.70
Heazlewoodite,02.BB.05
Haycockite,02.CB.10b
Hellandite,09.DK.20
Hemusite,02.CB.35a
Hendricksite,09.EC.20
Henritermierite,09.AD.25
Hidalgoite (arsenogorceixite?),
Hilairite,09.DM.10
Hilgardite,06.ED.05
Hingganite-(Y),
Hochelagaite,04.FM.15
Holtite,09.AJ.10
Homilite,09.AJ.20
Honessite,07.DD.35
Hsianghualite,09.GB.05
Huanghoite,05.BD.35
Humberstonite,07.DG.10
Hummerite,04.HC.10
Huttonite,09.AD.35
Hydro-Ugrandite,
Ilesite,07.CB.15
Ilmajokite,09.HB.05
Imogolite,09.ED.20
Meyerhofferite,06.CA.30
Inyoite,06.CA.35
Iranite,07.FC.15
Iranite,07.FC.15
Iriginite ???,
Iriginite ???,
Iriginite,04.GB.60
Jagowerite,08.BH.55
Jalpaite,02.BA.25c
Jaskolskiite,02.HB.05c
Jeanbandyite,04.FC.15
Jeppeite,04.CC.50
Jimthompsonite,09.DF.05
Joesmithite,09.DE.10
Bismuthinite,02.DB.05a
Jouravskite,07.DG.15
Junoite,02.JB.25a
Kanonaite,09.AF.10
Keiviite,09.BC.05
Keldyshite,09.BC.10
Kiddcreekite,02.CB.35a
Kilchoanite,09.BJ.45
Kolymite,01.AD.10
Kornelite,07.CB.60
Kosmochlore,
Kovdorskite,08.DC.22
Kuliokite,09.AG.50
Kuramite,02.CB.15a
Kuranakhite,04.DM.25
Laihunite,09.AC.05
Lamprophyllite,09.BE.25
Lansfordite,05.CA.10
Lapieite,02.GA.25
Lemoynite,09.DP.35
Lemoynite,09.DP.35
Leucophanite,09.DH.05
Lewisite,08.XX.00
Lithiophosphate,08.AA.20
Loughlinite,09.EE.25
Lourenswalsite,09.EJ.05
Luddenite,09.HH.10
Luetheite,08.DD.05
Macaulayite,09.EC.65
Macfallite,09.BG.15
Magnesium-astrophyllite,
Magnesium-astrophyllite,
Magnussonite,04.JB.15
Mandarinoite,04.JH.15
Manganberzeliite,08.AC.25
Manganpyrosmalite,
Maricite,08.AC.20
Maricopaite,09.GD.35
Maricopaite,09.GD.35
Masutomilite,09.EC.20
Mattagamite,02.EB.10a
Maxwellite,08.BH.10
McGillite,09.EE.10
Mcgovernite,08.BE.45
Melonite,02.EA.20
Mendozavilite FAUX,
Metaalunogène,
Metadelrioite,04.HG.40
Miersite,03.AA.05
Minehillite,09.EE.75
Mitscherlichite,03.CJ.15
Montanite,07.CD.60
Winchite,09.DE.20
Montroseite,04.FD.10
Montroseite,04.FD.10
Montroyalite,05.DB.35
Mooihoekite,02.CB.10b
Mountkeithite,07.DD.35
Mpororoite,07.GB.35
Mushistonite,04.FC.10
Narsarsukite,09.DJ.05
Narsarsukite,09.DJ.05
Natanite,04.FC.10
Neighborite,03.AA.35
Nekrasovite,02.CB.30
Nichromite,04.BB.05
Nickel-Zippeite,
Nigerite,
Celadonite,09.EC.15
Norbergite,09.AF.40
Norsethite,05.AB.30
Nullaginite,05.BA.10
Nyerereite,05.AC.10
Oboyerite,04.JN.25
Obradovicite,07.GB.40
Ohmilite,09.DH.10
Okhotskite,09.BG.20
Ordonezite,04.DB.10
Osarizawaite,07.BC.10
Lizardite,09.ED.15
Paramendozavilite,07.GB.45
Paramontroseite,04.DB.15a
Parapierrotite,02.HC.05f
Paratellurite,04.DE.25
Pellyite,09.DO.10
Pentahydroborite,06.BB.10
Perite,03.DC.30
Perrierite,09.BE.70
Perroudite,02.FC.20c
Philipsburgite,08.DA.35
Planerite,08.DD.15
Alunogène,
Poughite,04.JN.10
Preobrazhenskite,06.GB.15
Priderite,04.DK.05
Qandilite,
Quetzalcoatlite,04.FE.45
Rancieite,04.FL.40
Rasvumite,02.FB.20
Galaxite,04.BB.05
Rhodostannite,02.DA.10
Rivadavite,06.FA.20
Rossite,04.HD.05
Roxbyite,02.BA.05d
Rucklidgeite,02.GC.40c
Sabinaite,05.BB.20
Sakuraiite,02.CB.05b
Sampleite,08.DG.05
Sarabauite,02.MA.10
Satpaevite,04.HG.65
Schmitterite,04.JK.70
Shcherbinaite,04.HE.10
Shcherbakovite,09.DH.20
Siderotil,07.CB.20
Sidwillite,04.FJ.05
Silhydrite,04.FM.30
Sinkankasite,08.DB.20
Slawsonite,09.FA.50
Saponite,09.EC.45
Sonoraite,04.JN.05
Tripuhyite,04.DB.05
Stibiotantalite,04.DE.30
Stibivanite,04.JA.55
Stillwellite,09.AJ.25
Stronalsite,09.FA.60
Szmikite,07.CB.05
Magnesiotaaffeite,
Tadzhikite-(Ce),
Tarapacaite,07.FA.05
Tausonite,04.CC.35
Arcanite,07.AD.05
Telargpalite,02.BC.45
Tellurite,04.DE.20
Saneroite,09.DK.15
Tlapallite,04.JL.25
Tolbachite,03.AB.05
Tolovkite,02.EB.25
Treasurite,02.JB.40a
Tsumoite,02.DC.05b
Turanite,08.BB.70
Ulrichite,08.EA.15
Ungemachite,07.DG.10
Ushkovite,08.DC.30
Vanmeersscheite,08.EC.20
Vanoxite,04.HG.25
Vanthoffite,07.AC.05
Vigezzite,04.DF.05
Vlasovite,09.DM.25
Wadeite,09.CA.10
Wairakite,09.GB.05
Wairauite,01.AE.15
Wakefieldite,08.AD.35
Weissite,02.BA.20b
Wicksite,08.CF.05
Hexahydrite,07.CB.25
Winstanleyite,04.JK.05
Wiserite,06.BA.20
Wollastonite,09.DG.05
Wonesite,09.EC.20
Wyllieite,08.AC.15
Xanthoconite,02.GA.10
Xocomecatlite,07.BB.50
Yecoraite,07.DF.70
Yttrotungstite-(Y),
Zincrosasite,05.BA.10
Zorite,09.DG.45
Zykaite,08.DB.45
Chalcocyanite,07.AB.10
Melanothallite,03.DA.05
Mimétite,08.BN.05
Zeunerite,08.EB.05
Lavendulane,
Galène,
Chalcanthite,07.CB.20
Katoptrite,09.AE.40
Ellenbergerite,09.AF.80
Stottite,04.FC.15
Montebrasite,08.BB.05
Seeligerite,04.KB.15
Chalcocyanite,07.AB.10
Charlesite,07.DG.15
Aminoffite,09.BH.05
Berdesinskyite,
Allanite,09.BG.05b
Robinsonite,02.HC.20
Dadsonite,02.HC.30
Stibiopalladinite,02.AC.20a
Schreyerite,04.CB.35
Goosecreekite,09.GB.25
Guanajuatite,02.DB.05a
Dyscrasite,02.AA.35
Lanthanite,05.CC.25
Quartz,04.DA.05
Gypse,
Axinite,09.BD.20
Barytine,
Kainosite,09.CF.10
Rutile,04.DB.05
Apophyllite,09.EA.15
Bertrandite,09.BD.05
Quartz,04.DA.05
Gypse,
Gypse,
Zircon,09.AD.30
Spinelle,
Gahnospinelle,
Autunite,08.EB.05
Calcédoine,
Halite,03.AA.20
Gersdorffite,02.EB.25
Lazurite,09.FB.10
Augite,09.DA.15
Diamant,01.CB.10a
Diamant,01.CB.10a
Diamant,01.CB.10a
Diamant,01.CB.10a
Diamant,01.CB.10a
Diamant,01.CB.10a
Diamant,01.CB.10a
Diamant,01.CB.10a
Graphite,01.CB.05a
Graphite,01.CB.05a
Soufre,01.CC.05
Soufre,01.CC.05
Soufre,01.CC.05
Soufre,01.CC.05
Soufre,01.CC.05
Soufre,01.CC.05
Soufre,01.CC.05
Arsenic,01.CA.05
Arsenic,01.CA.05
Bismuth,01.CA.05
Bismuth,01.CA.05
Plomb,01.AA.05
Plomb,01.AA.05
Antimoine,01.CA.05
Fer,01.AE.05
Fer,01.AE.05
Fer,01.AE.05
Fer,01.AE.05
Platine,01.AF.10
Argent,01.AA.05
Argent,01.AA.05
Argent,01.AA.05
Argent,01.AA.05
Argent,01.AA.05
Argent,01.AA.05
Argent,01.AA.05
Cuivre,01.AA.05
Cuivre,01.AA.05
Cuivre,01.AA.05
Cuivre,01.AA.05
Calcite,05.AB.05
Oligoclase,09.FA.35
Malachite,05.BA.10
Quartz,04.DA.05
Limonite,
Malachite,05.BA.10
Malachite,05.BA.10
Malachite,05.BA.10
Malachite,05.BA.10
Malachite,05.BA.10
Malachite,05.BA.10
Malachite,05.BA.10
Malachite,05.BA.10
Malachite,05.BA.10
Malachite,05.BA.10
Malachite,05.BA.10
Or,01.AA.05
Or,01.AA.05
Or,01.AA.05
Or,01.AA.05
Or,01.AA.05
Or,01.AA.05
Argent,01.AA.05
Orpiment,02.FA.30
Mercure,01.AD.05
Or,01.AA.05
Réalgar,02.FA.15a
Réalgar,02.FA.15a
Or,01.AA.05
Or,01.AA.05
Or,01.AA.05
Or,01.AA.05
Or,01.AA.05
Réalgar,02.FA.15a
Réalgar,02.FA.15a
Réalgar,02.FA.15a
Réalgar,02.FA.15a
Stibnite,02.DB.05a
Stibnite,02.DB.05a
Stibnite,02.DB.05a
Stibnite,02.DB.05a
Stibnite,02.DB.05a
Stibnite,02.DB.05a
Stibnite,02.DB.05a
Stibnite,02.DB.05a
Molybdénite,02.EA.30
Molybdénite,02.EA.30
Tétradymite,02.DC.05c
Sphalérite,02.CB.05a
Sphalérite,02.CB.05a
Sphalérite,02.CB.05a
Sphalérite,02.CB.05a
Grossulaire,
Bazzite,09.CJ.05
Sphalérite,02.CB.05a
Sphalérite,02.CB.05a
Dufrenoysite,02.HC.05d
Sphalérite,02.CB.05a
Sphalérite,02.CB.05a
Sphalérite,02.CB.05a
Sphalérite,02.CB.05a
Sphalérite,02.CB.05a
Sphalérite,02.CB.05a
Realgar,02.FA.15a
Realgar,02.FA.15a
Wurtzite,02.CB.45
Wurtzite,02.CB.45
Troïlite,02.CC.10
Pyrrhotine,
Pyrrhotine,
Pyrrhotine,
Chalcopyrite,02.CB.10a
Pyrrhotine,
Pyrrhotine,
Pyrrhotine,
Millérite,02.CC.20
Pyrrhotine,
Pyrite,02.EB.05a
Pyrite,02.EB.05a
Pyrite,02.EB.05a
Pyrite,02.EB.05a
Pyrite,02.EB.05a
Pyrite,02.EB.05a
Pyrite,02.EB.05a
Pyrite,02.EB.05a
Boulangérite,02.HC.15
Pyrite,02.EB.05a
Pyrite,02.EB.05a
Pyrite,02.EB.05a
Pyrite,02.EB.05a
Pyrite,02.EB.05a
Pyrite,02.EB.05a
Enargite,02.KA.05
Pyrite,02.EB.05a
Pyrite,02.EB.05a
Pyrite,02.EB.05a
Stannite,02.CB.15a
Pyrite,02.EB.05a
Pyrite,02.EB.05a
Pyrite,02.EB.05a
Pyrite,02.EB.05a
Chalcopyrite,02.CB.10a
Skutterudite,02.EC.05
Skutterudite,02.EC.05
Ullmannite,02.EB.25
Ullmannite,02.EB.25
Sphalérite,02.CB.05a
Sphalérite,02.CB.05a
Galène,
Galène,
Sphalérite,02.CB.05a
Semseyite,02.HC.10d
Bournonite,02.GA.50
Bournonite,02.GA.50
Marcasite,02.EB.10a
Marcasite,02.EB.10a
Sphalérite,02.CB.05a
Galène,
Dyscrasite,02.AA.35
Galène,
Galène,
Galène,
Galène,
Galène,
Galène,
Galène,
Galène,
Galène,
Galène,
Galène,
Galène,
Argentite,02.BA.30a
Argentite,02.BA.30a
Argentite,02.BA.30a
Acanthite,02.BA.30a
Argentite,02.BA.30a
Argentite,02.BA.30a
Chalcosine,
Hématite,04.CB.05
Millérite,02.CC.20
Covelline,
Covelline,
Cinabre,02.CD.15a
Cinabre,02.CD.15a
Cinabre,02.CD.15a
Cinabre,02.CD.15a
Cinabre,02.CD.15a
Cinabre,02.CD.15a
Cinabre,02.CD.15a
Mercure,01.AD.05
Sylvanite,02.EA.05
Calavérite,02.EA.10
Nickeline,02.CC.05
Nagyagite,02.HB.20a
Chalcopyrite,02.CB.10a
Chalcopyrite,02.CB.10a
Tétraèdrite,
Chalcopyrite,02.CB.10a
Chalcopyrite,02.CB.10a
Chalcopyrite,02.CB.10a
Linnaéite,
Linnaeite,
Linnaeite,
Hauchecornite,02.BB.10
Andorite,02.JB.40a
Andorite,02.JB.40a
Zinkenite,02.JB.35a
Fizelyite,02.JB.40a
Semseyite,02.HC.10d
Boulangérite,02.HC.15
Proustite,02.GA.05
Bournonite,02.GA.50
Pyrargyrite,02.GA.05
Bournonite,02.GA.50
Bournonite,02.GA.50
Bournonite,02.GA.50
Riebeckite,09.DE.25
Riebeckite,09.DE.25
Riebeckite,09.DE.25
Riebeckite,09.DE.25
Riebeckite,09.DE.25
Riebeckite,09.DE.25
Anthophyllite,09.DE.05
Chrysotile,09.ED.15
Chrysotile,09.ED.15
Chrysotile,09.ED.15
AsbesteP,
AsbesteP,
AsbesteP,
AsbesteP,
AsbesteP,
Tétraèdrite,
Tétraèdrite,
Tennantite,02.GB.05
Jordanite,02.JB.30a
Jordanite,02.JB.30a
Stephanite,02.GB.10
Enargite,02.KA.05
Stannite,02.CB.15a
Cannizzarite,02.JB.20
Cannizzarite,02.JB.20
Fuloppite,
Quartz,04.DA.05
Quartz,04.DA.05
Quartz,04.DA.05
Quartz,04.DA.05
Quartz,04.DA.05
Quartz,04.DA.05
Quartz,04.DA.05
Quartz,04.DA.05
Quartz,04.DA.05
Quartz,04.DA.05
Quartz,04.DA.05
Quartz,04.DA.05
Quartz,04.DA.05
Quartz,04.DA.05
Quartz,04.DA.05
Quartz,04.DA.05
Quartz,04.DA.05
Quartz,04.DA.05
Quartz,04.DA.05
Quartz,04.DA.05
Quartz,04.DA.05
Quartz,04.DA.05
Quartz,04.DA.05
Quartz,04.DA.05
Quartz,04.DA.05
Quartz,04.DA.05
Quartz,04.DA.05
Quartz,04.DA.05
Quartz,04.DA.05
Quartz,04.DA.05
Quartz,04.DA.05
Quartz,04.DA.05
Quartz,04.DA.05
Quartz,04.DA.05
Quartz,04.DA.05
Quartz,04.DA.05
Quartz,04.DA.05
Quartz,04.DA.05
Quartz,04.DA.05
Quartz,04.DA.05
Quartz,04.DA.05
Quartz,04.DA.05
Quartz,04.DA.05
Quartz,04.DA.05
Quartz,04.DA.05
Quartz,04.DA.05
Quartz,04.DA.05
Quartz,04.DA.05
Quartz,04.DA.05
Quartz,04.DA.05
Quartz,04.DA.05
Quartz,04.DA.05
Quartz,04.DA.05
Quartz,04.DA.05
Quartz,04.DA.05
Quartz,04.DA.05
Quartz,04.DA.05
Quartz,04.DA.05
Quartz,04.DA.05
Quartz,04.DA.05
Quartz,04.DA.05
Quartz,04.DA.05
Quartz,04.DA.05
Quartz,04.DA.05
Quartz,04.DA.05
Quartz,04.DA.05
Quartz,04.DA.05
Quartz,04.DA.05
Quartz,04.DA.05
Sphalérite,02.CB.05a
Quartz,04.DA.05
Quartz,04.DA.05
Quartz,04.DA.05
Galène,
Quartz,04.DA.05
Quartz,04.DA.05
Quartz,04.DA.05
Quartz,04.DA.05
Quartz,04.DA.05
Quartz,04.DA.05
Quartz,04.DA.05
Quartz,04.DA.05
Quartz,04.DA.05
Quartz,04.DA.05
Quartz,04.DA.05
Quartz,04.DA.05
Quartz,04.DA.05
Quartz,04.DA.05
Quartz,04.DA.05
Quartz,04.DA.05
Quartz,04.DA.05
Quartz,04.DA.05
Quartz,04.DA.05
Quartz,04.DA.05
Calcédoine,
Calcédoine,
Opale,
Calcédoine,
Calcédoine,
Calcédoine,
Opale,
Opale,
Opale,
Calcédoine,
Opale,
Calcédoine,
Opale,
Brookite,04.DD.10
Brookite,04.DD.10
Brookite,04.DD.10
Tridymite,04.DA.10
Anatase,04.DD.05
Anatase,04.DD.05
Anatase,04.DD.05
Anatase,04.DD.05
Anatase,04.DD.05
Anatase,04.DD.05
Anatase,04.DD.05
Anatase,04.DD.05
Anatase,04.DD.05
Anatase,04.DD.05
Anatase,04.DD.05
Anatase,04.DD.05
Thorite,09.AD.30
Rutile,04.DB.05
Rutile,04.DB.05
Rutile,04.DB.05
Rutile,04.DB.05
Rutile,04.DB.05
Quartz,04.DA.05
Rutile,04.DB.05
Quartz,04.DA.05
Zircon,09.AD.30
Zircon,09.AD.30
Rutile,04.DB.05
Zircon,09.AD.30
Thorite,09.AD.30
Zircon,09.AD.30
Thorite,09.AD.30
à identifier,
Cassitérite,04.DB.05
Cassitérite,04.DB.05
Cassitérite,04.DB.05
Cassitérite,04.DB.05
Cassitérite,04.DB.05
Cassitérite,04.DB.05
Cassitérite,04.DB.05
Cassitérite,04.DB.05
Zircon,09.AD.30
Pyrolusite,04.DB.05
Corindon,
Corindon,
Hématite,04.CB.05
Hématite,04.CB.05
Hématite,04.CB.05
Hématite,04.CB.05
Hématite,04.CB.05
Hématite,04.CB.05
Hématite,04.CB.05
Hématite,04.CB.05
Apatite,08.BN.05
Hématite,04.CB.05
Hématite,04.CB.05
Hématite,04.CB.05
Hématite,04.CB.05
Hématite,04.CB.05
Hématite,04.CB.05
Hématite,04.CB.05
Hématite,04.CB.05
Hématite,04.CB.05
Carborandum,
Hématite,04.CB.05
Hématite,04.CB.05
Hématite,04.CB.05
Hématite,04.CB.05
Hématite,04.CB.05
Hématite,04.CB.05
Hématite,04.CB.05
Hématite,04.CB.05
Hématite,04.CB.05
Goethite,04.FD.10
Hématite,04.CB.05
Hématite,04.CB.05
Hématite,04.CB.05
Hématite,04.CB.05
Hématite,04.CB.05
Hématite,04.CB.05
Hématite,04.CB.05
Limonite,
Cuprite,04.AA.10
Cuprite,04.AA.10
Cuprite,04.AA.10
Cuprite,04.AA.10
Cuprite,04.AA.10
Cuprite,04.AA.10
Cuprite,04.AA.10
Cuprite,04.AA.10
Malachite,05.BA.10
Cuprite,04.AA.10
Tenorite,04.AB.10
Cuprite,04.AA.10
Ténorite,04.AB.10
Ténorite,04.AB.10
Manganite,04.FD.15
Manganite,04.FD.15
Goethite,04.FD.10
Goethite,04.FD.10
Goethite,04.FD.10
Brucite,04.FE.05
Kermesite,02.FD.05
Kermesite,02.FD.05
Halite,03.AA.20
Halite,03.AA.20
Halite,03.AA.20
Sal ammoniac,
Fluorite,
Fluorite,
Fluorite,
Fluorite,03.AB.25
Fluorite,03.AB.25
Fluorite,03.AB.25
Fluorite,03.AB.25
Fluorite,03.AB.25
Fluorite,03.AB.25
Fluorite,03.AB.25
Fluorite,03.AB.25
Fluorite,03.AB.25
Fluorite,03.AB.25
Fluorite,03.AB.25
Fluorite,03.AB.25
Fluorite,03.AB.25
Fluorite,03.AB.25
Fluorite,03.AB.25
Fluorite,03.AB.25
Fluorite,03.AB.25
Fluorite,03.AB.25
Fluorite,03.AB.25
Fluorite,03.AB.25
Fluorite,03.AB.25
Fluorite,03.AB.25
Fluorite,03.AB.25
Fluorite,03.AB.25
Fluorite,03.AB.25
Fluorite,03.AB.25
Fluorite,03.AB.25
Fluorite,03.AB.25
Fluorite,03.AB.25
Fluorite,03.AB.25
Cotunnite,03.DC.85
Fluoborite,06.AB.50
Cryolite,03.CB.15
Carbonate indéterminé,
Atacamite,03.DA.10a
Atacamite,03.DA.10a
Atacamite,03.DA.10a
Corindon,
Limonite,
Calcite,05.AB.05
Calcite,05.AB.05
Sidérite,05.AB.05
Calcite,05.AB.05
Calcite,05.AB.05
Fluorite,03.AB.25
Fluorite,03.AB.25
Halite,03.AA.20
Calcite,05.AB.05
Cuprite,04.AA.10
Calcite,05.AB.05
Calcite,05.AB.05
Calcite,05.AB.05
Calcite,05.AB.05
Calcite,05.AB.05
Calcite,05.AB.05
Calcite,05.AB.05
Calcite,05.AB.05
Calcite,05.AB.05
Calcite,05.AB.05
Calcite,05.AB.05
Calcite,05.AB.05
Calcite,05.AB.05
Calcite,05.AB.05
Calcite,05.AB.05
Calcite,05.AB.05
Calcite,05.AB.05
Calcite,05.AB.05
Calcite,05.AB.05
Calcite,05.AB.05
Calcite,05.AB.05
Calcite,05.AB.05
Calcite,05.AB.05
Calcite,05.AB.05
Calcite,05.AB.05
Magnésite,05.AB.05
Magnésite,05.AB.05
Magnésite,05.AB.05
Magnésite,05.AB.05
Dolomite,05.AB.10
Dolomite,05.AB.10
Quartz,04.DA.05
Dolomite,05.AB.10
Dolomite,05.AB.10
Dolomite,05.AB.10
Rhodochrosite,05.AB.05
Rhodochrosite,05.AB.05
Dolomite,05.AB.10
Smithsonite,05.AB.05
Siderite,05.AB.05
Sidérite,05.AB.05
Sidérite,05.AB.05
Sidérite,05.AB.05
Sidérite,05.AB.05
Sidérite,05.AB.05
Sidérite,05.AB.05
Sidérite,05.AB.05
Sidérite,05.AB.05
Sidérite,05.AB.05
Sidérite,05.AB.05
Sidérite,05.AB.05
Sidérite,05.AB.05
Sidérite,05.AB.05
Smithsonite,05.AB.05
Smithsonite,05.AB.05
Smithsonite,05.AB.05
Smithsonite,05.AB.05
Smithsonite,05.AB.05
Aragonite,05.AB.15
Aragonite,05.AB.15
Aragonite,05.AB.15
Witherite,05.AB.15
Witherite,05.AB.15
Witherite,05.AB.15
Witherite,05.AB.15
Witherite,05.AB.15
Witherite,05.AB.15
Cérusite,
Cérusite,
Cérusite,
Cérusite,
Cérusite,
Cérusite,
Cérusite,
Cérusite,
Cérusite,
Cérusite,
Cérusite,
Cérusite,
Cérusite,
Cérusite,
Cérusite,
Aragonite,05.AB.15
Descloizite,08.BH.40
Malachite,05.BA.10
Malachite,05.BA.10
Malachite,05.BA.10
Malachite,05.BA.10
Malachite,05.BA.10
Malachite,05.BA.10
Malachite,05.BA.10
Aurichalcite,05.BA.15
Azurite,05.BA.05
Azurite,05.BA.05
Sylvanite,02.EA.05
Hausmannite,04.BB.10
Hausmannite,04.BB.10
Barytine,
Anhydrite,07.AD.30
Anhydrite,07.AD.30
Anhydrite,07.AD.30
Anhydrite,07.AD.30
Célestine,07.AD.35
Célestine,07.AD.35
Célestine,07.AD.35
Célestine,07.AD.35
Célestine,07.AD.35
Célestine,07.AD.35
Célestine,07.AD.35
Barytine,
Barytine,
Barytine,
Barytine,
Barytine,
Barytine,
Barytine,
Smithsonite,05.AB.05
Anglésite,07.AD.35
Anglésite,07.AD.35
Anglésite,07.AD.35
Anglésite,07.AD.35
Anglésite,07.AD.35
Galène,
Chalcopyrite,02.CB.10a
Barytine,
Crocoïse,
Crocoïse,
Dolomite,05.AB.10
Smithsonite,05.AB.05
Aragonite,05.AB.15
Aragonite,05.AB.15
Strontianite,05.AB.15
Célestine,07.AD.35
Célestine,07.AD.35
Crocoïse,
Crocoïse,
Scheelite,07.GA.05
Alunite,07.BC.10
Gypse,
Gypse,
Wolframite,04.DB.30
Wulfénite,07.GA.05
Wulfénite,07.GA.05
Wulfénite,07.GA.05
Scheelite,07.GA.05
Scheelite,07.GA.05
Wolframite,04.DB.30
Wulfénite,07.GA.05
Ferberite,04.DB.30
Uraninite,04.DL.05
Uraninite,04.DL.05
Autunite,08.EB.05
Uraninite,04.DL.05
Uraninite,04.DL.05
Linarite,07.BC.65
Brochantite,07.BB.25
Gypse,
Gypse,
Langite,07.DD.10
Devilline,07.DD.30
Devilline,07.DD.30
Spinelle,
Spinelle,
Spinelle,
Spinelle,
Spinelle,
à identifier,
Magnétite,04.BB.05
Hématite,04.CB.05
Magnétite,04.BB.05
Magnétite,04.BB.05
Magnétite,04.BB.05
Magnétite,04.BB.05
Magnétite,04.BB.05
Magnétite,04.BB.05
Magnétite,04.BB.05
Magnétite,04.BB.05
Apatite,08.BN.05
Gahnite,04.BB.05
Franklinite,04.BB.05
Franklinite,04.BB.05
Spinelle,
Spinelle,
Spinelle,
Spinelle,
Chrysobéryl,04.BA.05
Boracite,06.GA.05
Colemanite,06.CB.10
Triphylite,08.AB.10
Xénotime,08.AD.35
Xénotime,08.AD.35
Monazite,08.AD.50
Monazite,08.AD.50
Monazite,08.AD.50
Ferro/Manganotantalite,
Ferro/Manganocolumbite,
Ferro/Manganocolumbite,
Rutile,
Apatite,08.BN.05
Apatite,08.BN.05
Apatite,08.BN.05
Apatite,08.BN.05
Apatite,08.BN.05
Apatite,08.BN.05
Apatite,08.BN.05
Apatite,08.BN.05
Apatite,08.BN.05
Apatite,08.BN.05
Apatite,08.BN.05
Apatite,08.BN.05
Apatite,08.BN.05
Apatite,08.BN.05
Apatite,08.BN.05
Apatite,08.BN.05
Pyromorphite,08.BN.05
Pyromorphite,08.BN.05
Pyromorphite,08.BN.05
Pyromorphite,08.BN.05
Pyromorphite,08.BN.05
Pyromorphite,08.BN.05
Mimetite,08.BN.05
Mimétite,08.BN.05
Vanadinite,08.BN.05
Vanadinite,08.BN.05
Vanadinite,08.BN.05
Vanadinite,08.BN.05
Vanadinite,08.BN.05
Vanadinite,08.BN.05
Vanadinite,08.BN.05
Mimétesite,
Libethenite,08.BB.30
Libethenite,08.BB.30
Libethenite,08.BB.30
Descloizite,08.BH.40
Descloizite,08.BH.40
Descloizite,08.BH.40
Wagnerite,08.BB.15
Wagnerite,08.BB.15
Triplite,08.BB.10
à identifier,
Clinoclase,08.BE.20
Lazulite,08.BB.40
Zircon,09.AD.30
Roselite,08.CG.10
Hopeite,08.CA.30
Vivianite,08.CE.40
Vivianite,08.CE.40
Vivianite,08.CE.40
Vivianite,08.CE.40
Erythrite,08.CE.40
Erythrite,08.CE.40
Annabergite,08.CE.40
Annabergite,08.CE.40
Scorodite,08.CD.10
Euchroïte,08.DC.07
Pharmacosidérite,08.DK.10
Pharmacosidérite,08.DK.10
Pharmacosidérite,08.DK.10
Liroconite,08.DF.20
Phosphophyllite,08.CA.40
Torbernite,08.EB.05
Zeunerite,08.EB.05
Volborthite,08.FD.05
Staurotide,
Dumortiérite,09.AJ.10
Dumortiérite,09.AJ.10
Tourmaline,
Tourmaline,
Tourmaline,
Tourmaline,
Tourmaline,
Tourmaline,
Tourmaline,
Tourmaline,
Tourmaline,
Tourmaline,
Tourmaline,
Tourmaline,
Tourmaline,
Tourmaline,
Tourmaline,
Kyanite,09.AF.15
Tourmaline,
Andalousite,
Andalousite,
Kyanite,09.AF.15
Topaze,
Topaze,
Topaze,
Célestine,07.AD.35
Vanadinite,08.BN.05
Andalousite,
Topaze,
Hémimorphite,09.BD.10
Andradite,09.AD.25
Albite,09.FA.35
Phlogopite,09.EC.20
Spodumène,09.DA.30
Béryl,09.CJ.05
Béryl,09.CJ.05
Béryl,09.CJ.05
Diopside,09.DA.15
Euclase,09.AE.10
Gadolinite,09.AJ.20
Gadolinite,09.AJ.20
Gehlenite,09.BB.10
Melilite,09.BB.10
Humite,09.AF.50
Humite,09.AF.50
Hellandite,09.DK.20
Ilvaïte,09.BE.07
Ilvaite,09.BE.07
Ilvaite,09.BE.07
Epidote,09.BG.05a
Epidote,09.BG.05a
Epidote,09.BG.05a
Epidote,09.BG.05a
Epidote,09.BG.05a
Epidote,09.BG.05a
Actinote,
Epidote,09.BG.05a
Epidote,09.BG.05a
Epidote,09.BG.05a
Epidote,09.BG.05a
Epidote,09.BG.05a
Epidote,09.BG.05a
Augite,09.DA.15
Epidote,09.BG.05a
Epidote,09.BG.05a
Epidote,09.BG.05a
Allanite Orthite,
Epidote,09.BG.05a
Epidote,09.BG.05a
Vésuvianite,09.BG.35
Vésuvianite,09.BG.35
Vésuvianite,09.BG.35
Vésuvianite,09.BG.35
Vésuvianite,09.BG.35
Vésuvianite,09.BG.35
Cuspidine,09.BE.17
Hémimorphite,09.BD.10
Hémimorphite,09.BD.10
Hémimorphite,09.BD.10
Asbeste,
Phénacite,
Willémite,09.AA.05
Néphéline,09.FA.05
Néphéline,09.FA.05
Néphéline,09.FA.05
Davyne,09.FB.05
Willémite,09.AA.05
Hauyne,
Hauyne,
Lazurite,09.FB.10
Danburite,09.FA.65
Enstatite,09.DA.05
Grossulaire,
Diopside,09.DA.15
Andradite,09.AD.25
Andradite,09.AD.25
Grossulaire,
Grossulaire,
Dioptase,09.CJ.30
Grenat,
Almandin,
Grossulaire,
Almandin,
Almandin,
Grenat,
Grenat,
Grenat,
Wollastonite,09.DG.05
Dioptase,09.CJ.30
Grossulaire,
Dioptase,09.CJ.30
Heulandite,09.GE.05
Grossulaire,
Axinite,09.BD.20
Axinite,09.BD.20
Axinite,09.BD.20
Pyrosmalite,09.EE.10
Muscovite,09.EC.15
Muscovite,09.EC.15
Muscovite,09.EC.15
Phlogopite,09.EC.20
Phlogopite,09.EC.20
Phlogopite,09.EC.20
Lépidolite,09.EC.20
Lépidolite,09.EC.20
Muscovite,09.EC.15
Muscovite F,
Muscovite F,
Muscovite,09.EC.15
Clintonite,09.EC.35
Chlorite,
Chlorite,
Chlorite,
Chlorite,
Chlorite,
Chlorite,
Chlorite,
Chlorite,
Chlorite,
Serpentine,
Clinochlore,09.EC.55
Muscovite,09.EC.15
Clinochlore P,
Sépiolite,09.EE.25
Talc,09.EC.05
Cordiérite,09.CJ.10
Cordiérite,09.CJ.10
Actinolite,09.DE.10
Ilménite,04.CB.05
Ilménite,04.CB.05
Ilménite,04.CB.05
Ilménite,04.CB.05
Pyroxène,
Augite,09.DA.15
Diopside,09.DA.15
Diopside,09.DA.15
Augite,09.DA.15
Jade (?),
Spodumène,09.DA.30
Wollastonite,09.DG.05
Wollastonite,09.DG.05
Pectolite,09.DG.05
Rhodonite,09.DK.05
Trémolite,09.DE.10
Actinote N,
Pargasite,09.DE.10
Pargasite,09.DE.10
Hornblende,
Hornblende,
Hornblende,
Actinote,
Actinote,
Actinote,
Actinote,
Actinote,
Actinote,
Leucite,09.GB.05
Leucite,09.GB.05
Béryl,09.CJ.05
Béryl,09.CJ.05
Béryl,09.CJ.05
Béryl,09.CJ.05
Béryl,09.CJ.05
Béryl,09.CJ.05
Béryl,09.CJ.05
Béryl,09.CJ.05
Asbeste,
Orthose A,
Orthose A,
Orthose A,
Orthose A,
Orthose A,
Orthose,
Orthose,
Scapolite,09.FB.15
Titanite,09.AG.15
Heulandite,09.GE.05
Chabasite,
Stilbite,09.GE.10
Scapolite,09.FB.15
Scapolite,09.FB.15
Scapolite,09.FB.15
Scapolite,09.FB.15
Scapolite,09.FB.15
Scapolite,09.FB.15
Scapolite,09.FB.15
Meionite,09.FB.15
Litidionite,09.DG.07.0
Titanite,09.AG.15
Titanite,09.AG.15
Titanite,09.AG.15
Titanite,09.AG.15
Titanite,09.AG.15
Titanite,09.AG.15
Titanite,09.AG.15
Titanite,09.AG.15
Titanite,09.AG.15
Titanite,09.AG.15
Titanite,09.AG.15
Titanite,09.AG.15
Titanite,09.AG.15
Titanite,09.AG.15
Milarite,09.CM.05
Neptunite,09.EH.05
Eudialyte,09.CO.10
Perovskite,04.CC.30
Zirconolite,04.DH.30
Steenstrupine,09.CK.20
Euxénite,04.DG.05
Aeschynite,04.DF.05
Wiikite[pas une espèce],
Wiikite,
Orthose,
Microcline,09.FA.30
Microcline,09.FA.30
Orthose,
Orthose,
Orthose A,
Orthose A,
Adulaire,
Orthose A,
Orthose A,
Orthose A,
Orthose A,
Orthose,
Orthose A,
Orthose A,
Rutile,04.DB.05
Orthose A,
Orthose A,
Orthose A,
Chabasite,
Orthose A,
Microcline,09.FA.30
Sanidine,09.FA.30
Hyalophane,09.FA.30
Albite,09.FA.35
Albite,09.FA.35
Albite,09.FA.35
Albite,09.FA.35
Albite,09.FA.35
Albite,09.FA.35
Albite,09.FA.35
Albite,09.FA.35
Albite,09.FA.35
Albite,09.FA.35
Orthose A,
Oligoclase,09.FA.35
Labradorite,09.FA.35
Anorthite,09.FA.35
Anorthite,09.FA.35
Albite,09.FA.35
Albite,09.FA.35
Albite,09.FA.35
Natrolite,09.GA.05
Natrolite,09.GA.05
Natrolite,09.GA.05
Analcime,09.GB.05
Faujasite,09.GD.30
Heulandite,09.GE.05
Heulandite,09.GE.05
Heulandite,09.GE.05
Heulandite,09.GE.05
Heulandite,09.GE.05
Stilbite,09.GE.10
Gismondine,09.GC.05
Stilbite = Desmine,
Harmotome,09.GC.10
Stilbite,09.GE.10
Stilbite,09.GE.10
Heulandite,09.GE.05
Chabasite,
Chabasite,
Chabasite,
Chabasite,
Chabasite,
Whewellite,10.AB.45
Whewellite,10.AB.45
Whewellite,10.AB.45
Chabasite,
Whewellite,10.AB.45
Whewellite,10.AB.45
Ambre,
Ambre,
Ambre,
Ambre,
Ambre,
Ambre,
Ambre,
Ambre,
Ambre,
Ambre,
Ambre,
Ambre,
Ambre,
Ambre,
Calcite,05.AB.05
Ambre,
Ambre,
Ambre,
Ambre,
Ambre,
Ambre,
Ambre,
Ambre,
Ambre,
Ambre,
Ambre,
Ambre,
Soufre,01.CC.05
Soufre,01.CC.05
Opale,
Corindon,
Zircon,09.AD.30
Spinelle,
Orthose,
Béryl,09.CJ.05
Opale,
Zircon,09.AD.30
Spinelle,
Opale,
Tourmaline,
Chrysobéryl,04.BA.05
Corindon,
Corindon,
Opale,
Opale,
Opale,
Opale,
Quartz,04.DA.05
Manganite,04.FD.15
Marcasite,02.EB.10a
Cordiérite,09.CJ.10
Pyrite,02.EB.05a
Galène,
Bournonite,02.GA.50
Sidérite,05.AB.05
Wolframite,04.DB.30
Cuivre,01.AA.05
Calcite,05.AB.05
Almandin,
Grossulaire,
Fluorite,03.AB.25
Phénacite,
Tourmaline,
Dioptase,09.CJ.30
Tourmaline,
Tourmaline,
Tourmaline,
Andradite,09.AD.25
Béryl,09.CJ.05
Cuivre,01.AA.05
Grenat,
Quartz,04.DA.05
Calcite,05.AB.05
Calcite,05.AB.05
Azurite,05.BA.05
Calcite,05.AB.05
Calcite,05.AB.05
Magnétite,04.BB.05
Muscovite F,
Quartz,04.DA.05
Azurite,05.BA.05
Wulfénite,07.GA.05
Opalsinter = Stilolite,
Epidote,09.BG.05a
Silex,
Calcite,05.AB.05
Spinelle,
Datolite,09.AJ.20
Muscovite,09.EC.15
Heulandite,09.GE.05
Aragonite,05.AB.15
Diopside,09.DA.15
Corindon,
Sylvanite,02.EA.05
Cérusite,
Gypse,
Calcite,05.AB.05
Talc,09.EC.05
Stilbite,09.GE.10
Calcédoine,
Biotite,09.EC.20
Quartz,04.DA.05
Graphite,01.CB.05a
Aragonite,05.AB.15
Aragonite,05.AB.15
Calcite,05.AB.05
Rhodochrosite,05.AB.05
Calcite,05.AB.05
Labradorite,09.FA.35
Sidérite,05.AB.05
Halite,03.AA.20
Apophyllite,09.EA.15
Cérusite,
Calcite,05.AB.05
Cérusite,
Epidote,09.BG.05a
Calcite,05.AB.05
Aragonite,05.AB.15
Calcite,05.AB.05
Rhodochrosite,05.AB.05
Fluorite,03.AB.25
Fluorite,03.AB.25
Gypse,
Quartz,04.DA.05
Quartz,04.DA.05
Fluorite,03.AB.25
Fluorite,03.AB.25
Smithsonite,05.AB.05
Gypse,
Vanadinite,08.BN.05
Vanadinite,08.BN.05
Vanadinite,08.BN.05
Halite,03.AA.20
Pyromorphite,08.BN.05
Phosphophyllite,08.CA.40
Wulfénite,07.GA.05
Wulfénite,07.GA.05
Mélanophlogite,04.DA.25
Barytine,
Meyerhofferite,06.CA.30
Aragonite,05.AB.15
Brochantite,07.BB.25
Malachite,05.BA.10
Barytine,
Malachite,05.BA.10
Azurite,05.BA.05
Azurite,05.BA.05
Azurite,05.BA.05
Orthose,
Azurite,05.BA.05
Azurite,05.BA.05
Quartz,04.DA.05
Quartz,04.DA.05
Quartz,04.DA.05
Turquoise,08.DD.15
Vésuvianite,09.BG.35
Calcite,05.AB.05
Calcite,05.AB.05
Vésuvianite,09.BG.35
Mimétite,08.BN.05
Quartz,04.DA.05
Ambre,
Quartz,04.DA.05
Azurite,05.BA.05
Dolomite,05.AB.10
Ouvarovite,
Aragonite,05.AB.15
Quartz,04.DA.05
Grossulaire,
Actinote N,
Actinote N,
Orthose,
Calcédoine,
Spodumène,09.DA.30
Topaze,
Célestine,07.AD.35
Evansite,08.DF.10
Biotite,09.EC.20
Topaze,
Béryl,09.CJ.05
Epidote,09.BG.05a
Orthose,
Tourmaline,
Tourmaline,
Tourmaline,
Lazurite,09.FB.10
Lazurite,09.FB.10
Grossulaire,
Tourmaline,
Tourmaline,
Tourmaline,
Talc,09.EC.05
Phénacite,
Azurite,05.BA.05
Smithsonite,05.AB.05
Dioptase,09.CJ.30
Dioptase,09.CJ.30
Andradite,09.AD.25
Strontianite,05.AB.15
Analcime,09.GB.05
Orthose,
Grossulaire,
Dolomite,05.AB.10
Microcline,09.FA.30
Albite,09.FA.35
Smithsonite,05.AB.05
Marcasite,02.EB.10a
Soufre,01.CC.05
Soufre,01.CC.05
Epidote,09.BG.05a
Pyrrhotine,
Célestine,07.AD.35
Andalousite,
Lazurite,09.FB.10
Pyrite,02.EB.05a
Covelline,
Cuivre,01.AA.05
Hématite,04.CB.05
Pyrolusite,04.DB.05
Grenat,
Calcédoine,
Almandin,
Pyrite,02.EB.05a
Galène,
Pyrrhotine,
Torbernite,08.EB.05
Stibnite,02.DB.05a
Calcite,05.AB.05
Arsenopyrite,02.EB.20
Hématite,04.CB.05
Apatite,08.BN.05
Arsenopyrite,02.EB.20
Bismuth,01.CA.05
Pyrite,02.EB.05a
Hématite,04.CB.05
Stibnite,02.DB.05a
Molybdénite,02.EA.30
Stibnite,02.DB.05a
Tétraèdrite,
Hématite,04.CB.05
Phosgénite,05.BE.20
Stibnite,02.DB.05a
Hématite,04.CB.05
Wolframite,04.DB.30
Enargite,02.KA.05
Chalcopyrite,02.CB.10a
Heulandite,09.GE.05
Tétraèdrite,
Talc,09.EC.05
Hématite,04.CB.05
Galène,
Psilomélane,
Nickéline,02.CC.05
Oeil-de-tigre,
Calcédoine,
Quartz,04.DA.05
Marcasite,02.EB.10a
Tourmaline,
Calcite,05.AB.05
Calcite,05.AB.05
Dumortiérite,09.AJ.10
Tourmaline,
Clinochlore P,
Tourmaline,
Prehnite,09.DP.20
Prehnite,09.DP.20
Apatite,08.BN.05
Actinote N,
Prehnite,09.DP.20
Actinote,
Grenat,
Albite,09.FA.35
Marcasite,02.EB.10a
Prehnite,09.DP.20
Dolomite,05.AB.10
Stilbite,09.GE.10
Pyrite,02.EB.05a
Glauconie,
Béryl,09.CJ.05
Prehnite,09.DP.20
Prehnite,09.DP.20
Béryl,09.CJ.05
Prehnite,09.DP.20
Chrysotile,09.ED.15
Malachite,05.BA.10
Malachite,05.BA.10
Malachite,05.BA.10
Sidérite,05.AB.05
Tunisite,05.BB.15
Heterogenite,
Vésuvianite,09.BG.35
Quartz,04.DA.05
Réalgar,02.FA.15a
Stibnite,02.DB.05a
Wolframite,04.DB.30
Molybdénite,02.EA.30
Hématite,04.CB.05
Galène,
Sphalérite,02.CB.05a
Galène,
Calcite,05.AB.05
Gypse,
Gypse,
Lavendulane,
Lavendulane,
Lavendulane,
Mansfieldite,08.CD.10
Mansfieldite,08.CD.10
Cobalto-adamite,
Almandin,
Chrysocolle,
Celestine,07.AD.35
Olivénite,08.BB.30
Epidote,09.BG.05a
Anhydrite,07.AD.30
Sengierite,04.HB.10
Sabugalite,08.EB.55
Sabugalite,08.EB.55
Uranophane,
Parsonsite,08.EA.10
Uranophane,
Méta-autunite,08.EB.10
Barytine,
Enargite,02.KA.05
Hémimorphite,09.BD.10
Kyanite,09.AF.15
Cordiérite,09.CJ.10
Tourmaline,
Dioptase,09.CJ.30
Dioptase,09.CJ.30
Tourmaline,
Diopside,09.DA.15
Epidote,09.BG.05a
Apophyllite,09.EA.15
Heulandite,09.GE.05
Heulandite,09.GE.05
Natrolite,09.GA.05
Stilbite,09.GE.10
Scolécite,09.GA.05
Apophyllite,09.EA.15
Heulandite,09.GE.05
Stilbite,09.GE.10
Apophyllite,09.EA.15
Okénite,09.EA.40
Apophyllite,09.EA.15
Apophyllite,09.EA.15
Barytine,
Gypse,
Dioptase,09.CJ.30
Quartz,04.DA.05
Natrolite,09.GA.05
Gypse,
Duftite,08.BH.35
Azurite,05.BA.05
Azurite,05.BA.05
Labradorite,09.FA.35
Descloizite,08.BH.40
Calcite,05.AB.05
Marcasite,02.EB.10a
Calcite,05.AB.05
Duftite,08.BH.35
Grossulaire,
Labradorite,09.FA.35
Cuivre,01.AA.05
Apatite,08.BN.05
Epidote,09.BG.05a
Calcite,05.AB.05
Apophyllite,09.EA.15
Apophyllite,09.EA.15
Apophyllite,09.EA.15
Barytine,
Barytine,
Hématite,04.CB.05
Hématite,04.CB.05
Goethite,04.FD.10
Axinite,09.BD.20
Cérusite,
Rhodonite,09.DK.05
Epidote,09.BG.05a
Epidote,09.BG.05a
Piémontite,09.BG.05a
Monazite,08.AD.50
Fluorite,03.AB.25
Clinozoisite,09.BG.05a
Alun de potassium,
Alun d'ammoniaque,
Olivine,09.AC.05
Rutile,04.DB.05
Calcédoine,
Orthose A,
Siderite,05.AB.05
Calcite,05.AB.05
Calcédoine,
Calcite,05.AB.05
Célestine,07.AD.35
Calcédoine,
Calcédoine,
Calcédoine,
Calcédoine,
Calcédoine,
Calcédoine,
Calcédoine,
Calcédoine,
Calcédoine,
Calcédoine,
Calcédoine,
Calcédoine,
Clinoptilolite,09.GE.05
Apophyllite,09.EA.15
Calcédoine,
Calcédoine,
Calcédoine,
Calcédoine,
Chrysocolle,
Actinote N,
Marshite,03.AA.05
Franconite,04.FM.15
Vikingite,02.JB.40a
Reevesite,05.DA.50
Chalcosine,
Pyrargyrite,02.GA.05
Jaspe,
Dolomite,05.AB.10
Topaze,
Tourmaline,
Chrysobéryl,04.BA.05
Quartz,04.DA.05
Ilvaïte,09.BE.07
Argent natif,
Chamosite,09.EC.55
Fluorite,03.AB.25
Quartz,04.DA.05
Or,
Galène,
Diopside,09.DA.15
Brookite,04.DD.10
Leucite,09.GB.05
Siderite,05.AB.05
Hématite,04.CB.05
Phlogopite,09.EC.20
Rutile,04.DB.05
Calcite,05.AB.05
Calcite,05.AB.05
Orthose,
Grossulaire,
Grossulaire,
Vésuvianite,09.BG.35
Meionite,09.FB.15
Meionite,09.FB.15
Zircon,09.AD.30
Aragonite,05.AB.15
Aragonite,05.AB.15
Epidote,09.BG.05a
Corindon,
Zircon,09.AD.30
Spinelle,
Opale,
Opale,
Stilbite,09.GE.10
Heulandite,09.GE.05
Nuffieldite,02.JB.25g
Hornblende,
Hornblende,
Prehnite,09.DP.20
Prehnite,09.DP.20
Prehnite,09.DP.20
Prehnite,09.DP.20
Prehnite,09.DP.20
Prehnite,09.DP.20
Prehnite,09.DP.20
Prehnite,09.DP.20
Prehnite,09.DP.20
Prehnite,09.DP.20
Prehnite,09.DP.20
Prehnite,09.DP.20
Prehnite,09.DP.20
Prehnite,09.DP.20
Prehnite,09.DP.20
Prehnite,09.DP.20
Prehnite,09.DP.20
Prehnite,09.DP.20
Prehnite,09.DP.20
Prehnite,09.DP.20
Prehnite,09.DP.20
Prehnite,09.DP.20
Prehnite,09.DP.20
Stibnite,02.DB.05a
Sodalite,09.FB.10
Quartz,04.DA.05
Quartz,04.DA.05
Quartz,04.DA.05
Phlogopite,09.EC.20
Calcédoine,
Spinelle,
Spinelle,
Spinelle,
Chromite,04.BB.05
Rectorite,09.EC.60
Spadaite,09.EC.45
Talc,09.EC.05
Staurotide,
Cérusite,
Glauberite,07.AD.25
Cummingtonite,09.DE.05
Gypse,
Olivine,09.AC.05
Olivine,09.AC.05
Chrysocolle,
Charoite,09.DG.09.2
Welshite,09.DH.45
Cuivre,01.AA.05
Cuivre,01.AA.05
Prehnite,09.DP.20
Actinolite,09.DE.10
Actinote,
Actinote,
Actinote,
Actinote,
Actinote,
Tourmaline,
Grossulaire,
Grossulaire,
Grossulaire,
Grossulaire,
Grossulaire,
Grossulaire,
Grossulaire,
Andradite,09.AD.25
Andradite,09.AD.25
Grossulaire,
Andradite,09.AD.25
Andradite,09.AD.25
Andradite,09.AD.25
Chrysotile,09.ED.15
Andradite,09.AD.25
Andradite,09.AD.25
Andradite,09.AD.25
Andradite,09.AD.25
Andradite,09.AD.25
Andradite,09.AD.25
Andradite,09.AD.25
Grenat,
Grenat,
Almandin,
Grenat,
Grenat,
Grossulaire,
Grossulaire,
Grenat,
Grenat,
Grenat,
Grenat,
Grenat,
Dolomite,05.AB.10
Prehnite,09.DP.20
Prehnite,09.DP.20
Prehnite,09.DP.20
Prehnite,09.DP.20
Prehnite,09.DP.20
Prehnite,09.DP.20
Prehnite,09.DP.20
Prehnite,09.DP.20
Andradite,09.AD.25
Almandin,
Almandin,
Pyrope,09.AD.25
Albite,09.FA.35
Sturtite [pas une espèce]!,
Hornblende,
Kyanite,09.AF.15
Sanidine,09.FA.30
Platine,01.AF.10
Réalgar,02.FA.15a
Hauerite,02.EB.05a
Gersdorffite,02.EB.25
Arsenopyrite,02.EB.20
Arsenopyrite,02.EB.20
Rammelsbergite,02.EB.15a
Hessite,02.BA.30c
Chalcopyrite,02.CB.10a
Carrollite,02.DA.05
Scheelite,07.GA.05
Quartz,04.DA.05
Quartz,04.DA.05
Quartz,04.DA.05
Quartz,04.DA.05
Fer,01.AE.05
Cristobalite,04.DA.15
Apatite,08.BN.05
Apatite,08.BN.05
Apatite,08.BN.05
Bayldonite,08.BH.45
Andalousite,
Pyroxène,
Aeschynite,04.DF.05
Béryl,09.CJ.05
Zéolite,
Quartz,04.DA.05
Quartz,04.DA.05
Corindon,
Oeil de tigre,
Béryl,09.CJ.05
Béryl,09.CJ.05
Pyrite,02.EB.05a
Ullmannite,02.EB.25
Polybasite,02.GB.15
Pyromorphite,08.BN.05
Orthose A,
Parsettensite,09.EG.40
Parsettensite,09.EG.40
Parsettensite,09.EG.40
Vésuvianite,09.BG.35
Epidote,09.BG.05a
Hornblende,
Albite,09.FA.35
Orthose A,
Autunite,08.EB.05
Pyrite,02.EB.05a
Vanadinite,08.BN.05
Muscovite F,
Béryl synthétique,
Béryl synthétique,
Calcite,05.AB.05
Opale,
Ambre,
Ambre,
Titanite,09.AG.15
Piemontite,09.BG.05a
Clinoclase,08.BE.20
Axinite,09.BD.20
Glaucocerinite,07.DD.35
Topaze,
Azurite -Malachite,
Bixbyite,04.CB.10
Quartz taillé,
Quartz,04.DA.05
Epidote,09.BG.05a
Gypse,
Gypse 3 p.,
Chalcanthite,07.CB.20
Lulzacite,08.BK.25
Pyrite,02.EB.05a
Pyrite,02.EB.05a
Beryl synthétique,
Dumortiérite,09.AJ.10
Corindon,
Scheelite,07.GA.05
Chromite,04.BB.05
Fer natif,
Nordstrandite,04.FE.10
Cassitérite,04.DB.05
Chalcopyrite et Bornite,
Muscovite,09.EC.15
Smithsonite,05.AB.05
Dewindtite,08.EC.10
Withérite,05.AB.15
Fluorite,03.AB.25
Fluorite,03.AB.25
Smithsonite,05.AB.05
Calcite,05.AB.05
Calcite,05.AB.05
Ulrichite/metatorbernite,
Quartz taillé,
Tourmaline,
Pyrite,02.EB.05a
Villyaellenite,08.CB.10
Parthéite,09.GB.35
Parthéite,09.GB.35
Chessexite,07.DG.35
Trabzonite,09.BJ.15
Vuagnatite,09.AG.60
Chantalite,09.AG.55
Vuagnatite,09.AG.60
Defernite,05.BA.25
Jaffeite,09.BE.12
Villyaellenite,08.CB.10
Gysinite-Nd,
Asselbornite,08.ED.10
Theisite,08.BE.75
Delafossite,04.AB.15
Kamotoite-(Y),
Deloryite,04.FL.85
"Kténasite-Co,Ni",
Camerolaite,07.DE.75
Crichtonite-senaite,
Orthoserpiérite,07.DD.30
Macphersonite,05.BF.40
Scotlandite,04.JE.20
Perroudite,02.FC.20c
Iltisite,02.FC.20b
Capgaronnite,02.FC.20a
Guarinoite,07.DD.80
Geminite,08.CB.30
Ba-Zn Alumopharmacosiderite,
Theresemagnanite,07.DD.80
Cu riche Schulenbergite,
Schneebergite,08.CG.15
Pradetite,
Perroudite,02.FC.20c
Goudeyite,08.DL.15
Mahnertite,08.DH.45
Pushcharovskite,08.CA.55
Mahnertite,08.DH.45
Capgaronnite,02.FC.20a
Yvonite,08.CB.25
Pushcharovskite,08.CA.55
Cobaltlotharmeyerite,08.CG.15
Geminite,08.CB.30
Mahnertite,08.DH.45
Zdenekite,08.DG.05
Lindackerite,08.CE.30
Richelsdorfite,08.DK.25
Znucalite,05.ED.45
Znucalite,05.ED.45
Gilmarite,08.BE.25
Theoparacelsite,08.BB.65
Rouaite,05.NB.05
Wallkilldellite-Fe,
Rollandite,08.CD.30
Gerhardtite,05.NB.05
Radovanite,08.CB.40
Rouaite,05.NB.05
Tillmannsite,08.AC.80
Cavansite,09.EA.50
Celestite,
Gypse,
Chromite,04.BB.05
Dioptase,09.CJ.30
Calcite,05.AB.05
Cervandonite,09.BE.09.2
Spessartite,
Strontiodresserite,05.DB.10
Strontiodresserite,05.DB.10
Sillimanite,09.AF.05
Tremolite,09.DE.10
Franklinite,04.BB.05
Diioptase,
Fluorite,03.AB.25
Pyrite,02.EB.05a
Ambre,
Ambre,
Ambre,
Ambre,
Zoisite,09.BG.10
Piémontite,09.BG.05a
Zoisite,09.BG.10
Epidote,09.BG.05a
Zoisite,09.BG.10
Azurite,05.BA.05
Rutile,04.DB.05
Pyromorphite,08.BN.05
Talc,09.EC.05
Hedenbergite,09.DA.15
Stilbite,09.GE.10
Celestite,
Quartz,04.DA.05
Bornite,02.BA.10
Dolomite,05.AB.10
Stilbite,09.GE.10
Natrolite,09.GA.05
Fluorite,03.AB.25
Fluorite,03.AB.25
Gypse,
Gypse,
Barytine,
Gypse,
Quartz,04.DA.05
Quartz,04.DA.05
Agate,
Quartz,04.DA.05
Gypse,
Natrolite,09.GA.05
Natrolite,09.GA.05
Quartz,04.DA.05
Aragonite,05.AB.15
Soufre,01.CC.05
Soufre,01.CC.05
Soufre,01.CC.05
Stephanite,02.GB.10
Stephanite,02.GB.10
Azurite,05.BA.05
Muscovite,09.EC.15
Gypse,
Aragonite,05.AB.15
Graphite,01.CB.05a
Pargasite,09.DE.10
Quartz,04.DA.05
Quartz,04.DA.05
Pyrite,02.EB.05a
Adulaire,
Dioptase,09.CJ.30
Soufre,01.CC.05
Soufre,01.CC.05
Hemimorphite,09.BD.10
Hemimorphite,09.BD.10
Calcite,05.AB.05
Malachite,05.BA.10
Malachite,05.BA.10
Malachite,05.BA.10
Malachite,05.BA.10
Malchite,
Malachite,05.BA.10
Malachite,05.BA.10
Cuivre,01.AA.05
Smithsonite,05.AB.05
Azurite,05.BA.05
Corindon,
Columbite,04.DB.35
Dioptase,09.CJ.30
Sphalerite,02.CB.05a
Stibnite,02.DB.05a
Columbite,04.DB.35
Cassiterite,04.DB.05
Cassiterite,04.DB.05
Cassiterite,04.DB.05
Beryl,09.CJ.05
Hematite,04.CB.05
Gypse,
Dolomite,05.AB.10
Dioptase,09.CJ.30
Sillimanite,09.AF.05
Cabalzarite,08.CG.15
Aurichalcite,05.BA.15
Jamesonite,02.HB.15
Omphacite,09.DA.20
Calcedoine,
Anglésite,07.AD.35
Stephanite,02.GB.10
Apophyllite,09.EA.15
Nesquehonite,05.CA.05
Stilbite,09.GE.10
Apophyllite,09.EA.15
Agate,
Bornite,02.BA.10
Apophyllite,09.EA.15
Apophyllite ?,
Titanite,09.AG.15
Stilbite ?,
Heulandite,09.GE.05
Stilbite,09.GE.10
Agate,
Tourmaline (),
Diopside,09.DA.15
Ferrochrome,
Ferrochrome,
Ferrochrome,
Ferrochrome,
Margarite,09.EC.30
Vésuvianite,09.BG.35
Aegirine,09.DA.25
Aegirine,09.DA.25
Grenat,
Tremolite,09.DE.10
Spinelle,
Corindon,
Magnetite,04.BB.05
Magnetite,04.BB.05
Calcedoine,
Corindon,
Corindon,
Corindon,
Grischunite,08.CF.05
Graeserite,
Tripuhyite,04.DB.05
Cabalzarite,08.CG.15
Senaite,04.CC.40
Cabalzarite,08.CG.15
Rutile,04.DB.05
Pyrite,02.EB.05a
Rutile,04.DB.05
Titanite,09.AG.15
Brookite,04.DD.10
Brookite,04.DD.10
Brookite,04.DD.10
Actinote,
Actinote,
Dioptase,09.CJ.30
Apophyllite,09.EA.15
Apophyllite,09.EA.15
Apophyllite,09.EA.15
Apophyllite,09.EA.15
Stilbite,09.GE.10
Apophyllite,09.EA.15
Apophyllite,09.EA.15
Stilbite,09.GE.10
Pyrite,02.EB.05a
Calcite,05.AB.05
Fluorite,03.AB.25
Adamite,08.BB.30
Kyanite,09.AF.15
Calcite,05.AB.05
Hematite,04.CB.05
Gypse,
Calcite,05.AB.05
Ottrélite,09.AF.85
Grunerite,09.DE.05
Staurolite,09.AF.30
Magnesiochloritoide,
Pyrite,02.EB.05a
Epsomite,07.CB.40
Diaspore,04.FD.10
Quartz,04.DA.05
Apophyllite,09.EA.15
Gedrite,09.DE.05
Apatite,08.BN.05
Chernovite,
Cabalzarite,08.CG.15
Cervandonite,09.BE.09.2
Calcite,05.AB.05
Magnetite,04.BB.05
Cérusite,
Aragonite,05.AB.15
Quartz,04.DA.05
Quartz,04.DA.05
Pyrite,02.EB.05a
Malachite,05.BA.10
Mésolite,09.GA.05
Azurite,05.BA.05
Dioptase,09.CJ.30
Barytine,
Stilbite,09.GE.10
Chrysoberyl,04.BA.05
Phillipsite,09.GC.10
Epidote,09.BG.05a
Luneburgite,
Quartz,04.DA.05
Calcio-andyrobertsite 2O,
Celestite,
Graphite,01.CB.05a
Dumortierite,09.AJ.10
Celestite,
Magnetite,04.BB.05
Dumortierite,09.AJ.10
Clinochlore,09.EC.55
Quartz,04.DA.05
Manganite,04.FD.15
Clinochlore,09.EC.55
Pyroxmangite,09.DO.05
Palenzonaite,08.AC.25
Gamagarite,08.BG.05
Saneroite,09.DK.15
Tiragalloite,09.BJ.25
Rhodochrosite,05.AB.05
Ganophyllite,09.EG.30
Tinzenite,09.BD.20
Rhodonite,09.DK.05
Chalcocite,02.BA.05a
Phillipsite,09.GC.10
Inesite,09.DL.05
Volborthite,08.FD.05
Namansilite,09.DA.25
Adulaire,
Hematite,04.CB.05
Apatite,08.BN.05
Apatite,08.BN.05
Adulaire,
Titanite,09.AG.15
Hematite,04.CB.05
Calcite,05.AB.05
Titanite,09.AG.15
Hematite,04.CB.05
Titanite,09.AG.15
Quartz,04.DA.05
Calcédoine,
Muscovite,09.EC.15
Adulaire,
Titanite,09.AG.15
Hematite,04.CB.05
Hematite,04.CB.05
Rutile,04.DB.05
Titanite,09.AG.15
Rutile,04.DB.05
Quartz,04.DA.05
Adulaire,
Anatase,04.DD.05
Muscovite,09.EC.15
Albite,09.FA.35
Siderite,05.AB.05
Rutile,04.DB.05
Titanite,09.AG.15
Quartz,04.DA.05
Apatite,08.BN.05
Hematite,04.CB.05
Quartz,04.DA.05
Aragonite,05.AB.15
Magnétite,04.BB.05
Magnetite,04.BB.05
Magnetite,04.BB.05
Anatase,04.DD.05
Anatase,04.DD.05
Rutile,04.DB.05
Anatase,04.DD.05
Tourmaline,
Titanite,09.AG.15
Rutile,04.DB.05
Azurite,05.BA.05
Corindon,
Quartz,04.DA.05
Soufre,01.CC.05
Sphalerite,02.CB.05a
Ettringite,07.DG.15
Ferromanganèse,
Brucite,04.FE.05
Calcite,05.AB.05
Kyanite,09.AF.15
Zircon,09.AD.30
Sodalite,09.FB.10
Nepheline,09.FA.05
Gypse,
Piemontite,09.BG.05a
Piemontite,09.BG.05a
Piemontite,09.BG.05a
Muscovite,09.EC.15
Tremolite,09.DE.10
Spinelle,
Spinelle,
Spinelle,
Apatite,08.BN.05
Clinochlore,09.EC.55
Clinochlore,09.EC.55
Coesite,04.DA.35
Grenat,
Grenat,
Grenat,
Augite,09.DA.15
Bassanite,07.CD.45
Quartz,04.DA.05
Corindon,
Cleusonite,04.CC.40
Pizgrischite,02.JA.10d
Halite,03.AA.20
Colemanite,06.CB.10
Opale,
Torbernite,08.EB.05
Torbernite,08.EB.05
Torbernite,08.EB.05
Torbernite,08.EB.05
Torbernite,08.EB.05
Saleeite,08.EB.05
Uranophane,
Torbernite,08.EB.05
Euxenite,04.DG.05
Fergusonite,
Dolomite,05.AB.10
Kasolite,09.AK.15
Torbernite,08.EB.05
Uranophane,
Torbernite,08.EB.05
Kasolite,09.AK.15
Vandenbrandeite,04.GB.45
Kasolite,09.AK.15
Becquerelite,04.GB.10
Yttrotantalite,04.DG.10
Uraninite,04.DL.05
Uraninite,04.DL.05
Soddyite,09.AK.05
Uraninite,04.DL.05
Uraninite,04.DL.05
Curite,04.GB.55
Torbernite,08.EB.05
Torbernite,08.EB.05
Torbernite,08.EB.05
Soddyite,09.AK.05
Uraninite,04.DL.05
Torbernite,08.EB.05
Calcite,05.AB.05
Calcite,05.AB.05
Calcite,05.AB.05
Calcite,05.AB.05
Calcite,05.AB.05
Calcite,05.AB.05
Calcite,05.AB.05
Calcite,05.AB.05
Hématite,04.CB.05
Torbernite,08.EB.05
Becquerelite,04.GB.10
Yttrotantalite,
Torbernite,08.EB.05
Polycrase,04.DG.05
Torbernite,08.EB.05
Pyrochlore,04.DH.15
Soddyite,09.AK.05
Uranite (?),
Autunite,08.EB.05
Autunite,08.EB.05
Torbernite,08.EB.05
Uraninite,04.DL.05
Kasolite,09.AK.15
Carnotite,04.HB.05
Autunite,08.EB.05
Pyrochlore,04.DH.15
Bétafite,04.DH.15
Polycrase,04.DG.05
Uraninite,04.DL.05
Uraninite,04.DL.05
Autunite,08.EB.05
Bétafite,04.DH.15
Pyrochlore,04.DH.15
Pyrochlore,04.DH.15
Aeschynite,04.DF.05
Samarskite,04.DB.25
Uraninite,04.DL.05
Torbernite,08.EB.05
Kasolite,09.AK.15
Samarskite,04.DB.25
Samarskite,04.DB.25
Autunite,08.EB.05
Uraninite,04.DL.05
Stibnite,02.DB.05a
Pyrite,02.EB.05a
Uraninite,04.DL.05
Olivine,09.AC.05
Autunite,08.EB.05
Euxenite,04.DG.05
Uraninite,04.DL.05
Euxenite,04.DG.05
Opale,
Lepidolite,09.EC.20
Staurolite,09.AF.30
Tourmaline,
Apophyllite,09.EA.15
CalcédoineSphalerite,
Beryl,09.CJ.05
Aragonite,05.AB.15
Calcite,05.AB.05
Calcite,05.AB.05
Quartz,04.DA.05
Quartz,04.DA.05
Azurite,05.BA.05
Quartz,04.DA.05
Quartz,04.DA.05
Dioptase,09.CJ.30
Charoïte,09.DG.09.2
Pyrite,02.EB.05a
Zircon,09.AD.30
Béryl,09.CJ.05
Labradorite,09.FA.35
Quartz,04.DA.05
,
Torbernite,08.EB.05
Becquerelite,04.GB.10
Euxenite,04.DG.05
Chantalite,09.AG.55
Tourmaline,
Yazganite,08.AC.10
Leucite,09.GB.05
Celestite,
Vuagnatite,09.AG.60
Calcédoine,
Calcédoine,
Calcédoine,
Calcédoine,
Cabalzarite,08.CG.15
Strontiodresserite,05.DB.10
Hématite,04.CB.05
Phosgenite,05.BE.20
Calcite,05.AB.05
Millerite,02.CC.20
Calcite,05.AB.05
Anglésite/barytine,
Anglésite,07.AD.35
Calcite,05.AB.05
Strontiodresserite,05.DB.10
Opale,
Plattnerite,04.DB.05
Vesuvianite,09.BG.35
Anatase,04.DD.05
Grenat,
Grenat,
Titanite,09.AG.15
Anatase,04.DD.05
Wollastonite,09.DG.05
Monazite,08.AD.50
Apophyllite,09.EA.15
Titanite,09.AG.15
Ankerite,05.AB.10
Sphalerite,02.CB.05a
Apatite,08.BN.05
Quartz,04.DA.05
Titanite,09.AG.15
Adulaire,
Vesuvianite,09.BG.35
Brookite,04.DD.10
Carbure de silicium,
Siderite,05.AB.05
Armenite,09.CM.05
Dufrenoysite,02.HC.05d
Sartorite,02.HC.05a
Clinochlore,09.EC.55
Ilmenite,04.CB.05
Titanite,09.AG.15
Meneghinite,02.HB.05b
Euchlorine,07.BC.30
Gartrellite,08.CG.20
Gartrellite,08.CG.20
Bismuth,01.CA.05
Strashimirite,08.DC.12
Iimorite-(Y),
Ferrochrome,
Ferrochrome,
Rammelsbergite,02.EB.15a
Deerite,09.DH.60
Mendipite,03.DC.70
Bahianite,04.DC.05
Clinozoisite,09.BG.05a
Zircon,09.AD.30
Ferro-columbite,
Chrome-aluminium,
Ferro-silicium,
Romanèchite,04.DK.10
Malachite,05.BA.10
Malachite,05.BA.10
Malachite,05.BA.10
Pyrite,02.EB.05a
Kaolinite,09.ED.05
Magnetite,04.BB.05
Berthierite,02.HA.20
Chrysocolle,
Celestite,
Calcite,05.AB.05
Celestite,
Emplectite,02.HA.05
Clinoclase,08.BE.20
Hemimorphite,09.BD.10
Fibroferrite,07.DC.15
Cesàrolite,04.FG.10
Pumpellyite,09.BG.20
Hydrozincite,05.BA.15
Scheelite,07.GA.05
Arseniosiderite,08.DH.30
Pyrophyllite,09.EC.10
Bayldonite,08.BH.45
Bromure de Ba hydraté,
Hedenbergite,09.DA.15
Stibnite,02.DB.05a
Arsenopyrite,02.EB.20
Hemimorphite,09.BD.10
Cinabre,02.CD.15a
Galène,
Chamosite,09.EC.55
Chamosite,09.EC.55
Cerusite,
Argent,01.AA.05
Chromite,04.BB.05
Ilvaite,09.BE.07
Galène,
Pseudomalachite,08.BD.05
Jeremejevite,06.AB.15
Stilpnomelane,09.EG.40
Stilpnomelane,09.EG.40
Grenat,
Rozenite,07.CB.15
Magnesiochloritoide,
Actinolite,09.DE.10
Chloritoid,09.AF.85
Clinochlore,09.EC.55
Pyrite,02.EB.05a
Marcassite,
Pyrite,02.EB.05a
Tschermigite,07.CC.20
Cuivre,01.AA.05
Gypse,
Siderite,05.AB.05
Aragonite,05.AB.15
Muscovite,09.EC.15
Quartz,04.DA.05
Byssolite,
Staurolite,09.AF.30
Topaze,
Quartz,04.DA.05
Quartz,04.DA.05
Quartz,04.DA.05
Molybdenite,02.EA.30
Quartz,04.DA.05
Chalcanthite,07.CB.20
Heulandite,09.GE.05
Apophyllite,09.EA.15
Vesuvianite,09.BG.35
Clinochlore,09.EC.55
Celestite,
Calcite,05.AB.05
Realgar,02.FA.15a
Baumhauerite,02.HC.05b
Tremolite,09.DE.10
Grenat,
Grenat,
Stilbite,09.GE.10
Stilbite,09.GE.10
Apophyllite,09.EA.15
Stilbite,09.GE.10
Mesolite,09.GA.05
Mesolite,09.GA.05
Stilbite,09.GE.10
Stilbite,09.GE.10
Stilbite,09.GE.10
Barytine,
Ferrocyanure de K,
Sulfite de Sr,
Fluorure de Sm et Ba,
Apophyllite,09.EA.15
Arfvedsonite,09.DE.25
Ferrosilicium,
Strontianite,05.AB.15
Cerusite,
Chalcanthite,07.CB.20
Tunisite,05.BB.15
Smithsonite,05.AB.05
Crocidolite,
Calcite,05.AB.05
Malachite,05.BA.10
Brochantite,07.BB.25
Erythrite,08.CE.40
Anorthoclase,09.FA.30
Cuivre,01.AA.05
Clinochlore,
Rutile,04.DB.05
Titanite,09.AG.15
Titanite,09.AG.15
Fer,01.AE.05
Etain,01.AC.10
Antimoine,01.CA.05
Corindon,
Phillipsite,09.GC.10
Hematite,04.CB.05
Gismondine,09.GC.05
Molysite,03.AC.10
Phlogopite,09.EC.20
Orpiment,02.FA.30
Soufre,01.CC.05
Stibnite,02.DB.05a
Grenat,
Gypse,
Actinolite,09.DE.10
Realgar,02.FA.15a
Diopside,09.DA.15
Quartz,04.DA.05
Dolomite,05.AB.10
Kyanite,09.AF.15
Argent,01.AA.05
Sepiolite,09.EE.25
Stilbite,09.GE.10
Cinabre,02.CD.15a
Goethite,04.FD.10
Fluorite,03.AB.25
Olivine,09.AC.05
Malachite,05.BA.10
Malachite,05.BA.10
Vanadinite,08.BN.05
Chalcopyrite,02.CB.10a
Natrolite,09.GA.05
Calcite,05.AB.05
Calcedoine,
Wulfenite,07.GA.05
Adulaire/titanite,
Goethite,04.FD.10
Titanite,09.AG.15
Realgar,02.FA.15a
Babingtonite,09.DK.05
Agate,
Anorthite,09.FA.35
Olivine,09.AC.05
Galene,
Copal,
Quartz,04.DA.05
Pickeringite,07.CB.85
Vesuvianite,09.BG.35
Fluorite,03.AB.25
Dolomite,05.AB.10
Pyrite,02.EB.05a
Agate,
Calcite,05.AB.05
Barytine,
Okenite,09.EA.40
Sphalerite,02.CB.05a
Cumengeite,
Bariopharmacoalumite,
Biotite,09.EC.20
Calcédoine,
Afmite,
Fluorite,03.AB.25
Pyrite,02.EB.05a
Skutterudite,02.EC.05
Jaspe,
Galene,
Celestite,
Magnetite,04.BB.05
Vanadinite,08.BN.05
Quartz,04.DA.05
Calcite,05.AB.05
Sphalerite,02.CB.05a
Osumilite,09.CM.05
Muscovite,09.EC.15
Tourmaline,
Realgar,02.FA.15a
Lepidolite,09.EC.20
Limonite,
Actinolite,09.DE.10
Augite,09.DA.15
Silicium,01.CB.15
Acide tartrique,
Axinite,09.BD.20
Bornite,02.BA.10
Muscovite,09.EC.15
Pyrite,02.EB.05a
Volborthite,08.FD.05
Ferromanganese,
Ferrosilicium,
Antimoine,01.CA.05
Quartz,04.DA.05
Willemite,09.AA.05
Piemontite,09.BG.05a
Limonite,
Cérusite,
Pyrite,02.EB.05a
Cuprite,04.AA.10
Kaolinite,09.ED.05
Galene,
Soufre,01.CC.05
Galene,
Pyrite,02.EB.05a
Galene,
Pyrite,02.EB.05a
Stibnite,02.DB.05a
Pyrite,02.EB.05a
Cinabre,02.CD.15a
Malachite,05.BA.10
Pyrolusite,04.DB.05
Hematite,04.CB.05
Rutile,04.DB.05
Tourmaline,
Chrysocolle,
Wulfenite,07.GA.05
Agate,
Molybdenite,02.EA.30
Titanite,09.AG.15
Cuprite,04.AA.10
Fluorite,03.AB.25
Cassiterite,04.DB.05
Grenat,
Malachite,05.BA.10
Azurite,05.BA.05
Dioptase,09.CJ.30
Pyrite,02.EB.05a
Gypse,
Phosgenite,05.BE.20
Pyrite,02.EB.05a
Muscovite,09.EC.15
Calcite,05.AB.05
Cuprite,04.AA.10
Malachite,05.BA.10
Azurite,05.BA.05
Sphalerite,02.CB.05a
Orthose,
Muscovite,09.EC.15
Agate,
Opale,
Omphacite,09.DA.20
Quartz,04.DA.05
Agate,
Agate,
Galene,
Turquoise,08.DD.15
Muscovite,09.EC.15
Galene,
Agate,
Quartz,04.DA.05
Calcite,05.AB.05
Antimoine,01.CA.05
Turquoise,08.DD.15
Muscovite,09.EC.15
Pararealgar,02.FA.15b
Merrillite,08.AC.45
Muscovite,09.EC.15
Agate,
Microcline,09.FA.30
Gypse,
Agate,
Sugilite,09.CM.05
Agate,
Tephroite,09.AC.05
Azurite,05.BA.05
Pyrite,02.EB.05a
Adulaire,
Realgar,02.FA.15a
Eglestonite,03.DD.05
Pyrite,02.EB.05a
Calcédoine,
Agate,
Albite,09.FA.35
Apatite,08.BN.05
Siderite,05.AB.05
Dolomite,05.AB.10
Wulfenite,07.GA.05
Calcite,05.AB.05
Quartz,04.DA.05
Pyrite,02.EB.05a
Carpathite,
Opale-AN,
Mogánite,04.DA.20
Cuprite,04.AA.10
Etain,01.AC.10
Chromate de Mg et NH4,
Sulfate hydraté de Mg et NH4,
Magnesite,05.AB.05
Opale-AN,
Calcedoine,
Quartz,04.DA.05
Tourmaline,
Apatite,08.BN.05
Calcedoine,
Opale-AN,
Celadonite,09.EC.15
Erythrite,08.CE.40
Soufre,01.CC.05
Descloizite,08.BH.40
Mogánite,04.DA.20
Pyrite,02.EB.05a
Zircon,09.AD.30
Soufre,01.CC.05
Gypse,
Alunogene,
Soufre,01.CC.05
Celestite,
Muscovite,09.EC.15
Epidote,09.BG.05a
Kaolinite,09.ED.05
Quartz,04.DA.05
Quartz,04.DA.05
Quartz,04.DA.05
Quartz,04.DA.05
Quartz,04.DA.05
Quartz,04.DA.05
Quartz,04.DA.05
Quartz,04.DA.05
Barytine,
Barytine,
Celestite,
Strontianite,05.AB.15
Dolomite,05.AB.10
Quartz,04.DA.05
Celestite,
Calcedoine,
Quartz,04.DA.05
Calcite,05.AB.05
Calcite,05.AB.05
Dolomite,05.AB.10
Quartz,04.DA.05
Barytine,
Barytine,
Celestite,
Barytine,
Dolomite,05.AB.10
Quartz,04.DA.05
Calcite,05.AB.05
Quartz,04.DA.05
Celestite,
Quartz,04.DA.05
Strontianite,05.AB.15
Quartz,04.DA.05
Quartz,04.DA.05
Tincalconite,06.DA.15
Calcite,05.AB.05
Chrysocolle,
Calcite,05.AB.05
Celestite,
Quartz,04.DA.05
Quartz,04.DA.05
Quartz,04.DA.05
Celestite,
Strontianite,05.AB.15
Dioptase,09.CJ.30
Chrysocolle,
Tourmaline,
Acide tartrique,
Clinochlore,09.EC.55
Xenotime,08.AD.35
Pyrrhotite,02.CC.10
Ferromanganèse,
Rutile,04.DB.05
Carbure de silicium,
Anorthite,09.FA.35
Titanite,09.AG.15
Salammoniac,03.AA.25
Thénardite,07.AC.25
Zinc,01.AB.05
Celestite,
Plomb,01.AA.05
Soufre,01.CC.05
Soufre,01.CC.05
Titanite,09.AG.15
Ferrochrome,
Aluminium,
Carbure de silicium,
Andradite,09.AD.25
Hematite,04.CB.05
Hornblende,
Haüyne,09.FB.10
Augite,09.DA.15
Phlogopite,09.EC.20
Phlogopite,09.EC.20
Augite,09.DA.15
Phlogopite,09.EC.20
Bityite,09.EC.35
Rhodizite,06.GC.05
Rutile,04.DB.05
Dolomite,05.AB.10
Olivine,09.AC.05
Phlogopite,09.EC.20
Soufre,01.CC.05
Soufre,01.CC.05
Alunite,07.BC.10
Phillipsite,09.GC.10
Grenat,
Vesuvianite,09.BG.35
Andradite,09.AD.25
Haüyne,09.FB.10
Aragonite,05.AB.15
Anorthite,09.FA.35
Phlogopite,09.EC.20
Galene,
Dioptase,09.CJ.30
Titanite,09.AG.15
Calcite,05.AB.05
Tourmaline,
Bazzite,09.CJ.05
Muscovite,09.EC.15
Stibnite,02.DB.05a
Safflorite,02.EB.15a
Quartz,04.DA.05
Brazilianite,08.BK.05
Halite,03.AA.20
Fluorite,03.AB.25
Lazulite,08.BB.40
Quartz,04.DA.05
Celestite,
Aragonite,05.AB.15
Beryl,09.CJ.05
Corindon,
Spinelle,
Lepidolite,09.EC.20
Topaze,
Arsenopyrite,02.EB.20
Diopside,09.DA.15
Arsenopyrite,02.EB.20
Epsomite,07.CB.40
Pyrite,02.EB.05a
Strontianite,05.AB.15
Aragonite,05.AB.15
Siderite,05.AB.05
Apophyllite,09.EA.15
Titanite,09.AG.15
Galene,
Muscovite,09.EC.15
Siderite,05.AB.05
Pyrite,02.EB.05a
Dolomite,05.AB.10
Calcite,05.AB.05
Fluorite,03.AB.25
Dioptase,09.CJ.30
Sphalerite,02.CB.05a
Fluorite,03.AB.25
Dioptase,09.CJ.30
Staurolite,09.AF.30
Pararealgar,02.FA.15b
Anhydrite,07.AD.30
Synchysite-(Y),
Argent,01.AA.05
Hematite,04.CB.05
Adamite,08.BB.30
Cuivre,01.AA.05
Cinabre,02.CD.15a
Wulfenite,07.GA.05
Titanite,09.AG.15
Azurite,05.BA.05
Danburite,09.FA.65
Stilbite,09.GE.10
Titanite,09.AG.15
Kyanite,09.AF.15
Axinite,09.BD.20
Beryl,09.CJ.05
Rutile,04.DB.05
Pyrrhotite,02.CC.10
Brookite,04.DD.10
Malachite,05.BA.10
Gypse,
Rutile,04.DB.05
Azurite,05.BA.05
Rhodochrosite,05.AB.05
Heulandite,09.GE.05
Grenat,
Albite,09.FA.35
Quartz,04.DA.05
Molysite,03.AC.10
Soufre,01.CC.05
Soufre,01.CC.05
Barytine,
Soufre,01.CC.05
Hematite,04.CB.05
Chrysotile,09.ED.15
Riebeckite,09.DE.25
Grunerite,09.DE.05
Riebeckite,09.DE.25
Clinochlore,09.EC.55
Wroewolfeite,07.DD.10
Mixite,08.DL.15
Pecoraite,09.ED.15
Mimetite,08.BN.05
Vanadinite,08.BN.05
Andradite,09.AD.25
Andalousite,
Anatase,04.DD.05
Allanite-(Ce),
Adulaire,
Strashimirite,08.DC.12
Picropharmacolite,08.CH.15
Annabergite,08.CE.40
Erythrite,08.CE.40
Haidingerite,08.CJ.20
Wakabayashilite,02.FA.40
Tourmaline,
Tilasite,08.BH.10
Chrysotile,09.ED.15
Grunerite,09.DE.05
Chrysotile,09.ED.15
Ferrochrome,
Riebeckite,09.DE.25
Anthophyllite,09.DE.05
"Sulfate hydraté de Ni,Mg",
Grunerite,09.DE.05
Riebeckite,09.DE.25
Chrysotile,09.ED.15
Chrysotile,09.ED.15
"Sulfate hydraté de Co,Cu,Zn,Mg,K",
Sulfate hydraté de Mg et NH4,
Dolomite,05.AB.10
Sulfate hydraté de Fe et NH4,
Fluorite,03.AB.25
Siderite,05.AB.05
Trippkeite,04.JA.20
Thometzekite,08.CG.15
Jarosite,07.BC.10
Antimoine,01.CA.05
Manganosilicium,
Ferrochrome,
Ferrochrome,
Ferrochrome,
Ferrochrome,
Ferrochrome,
Zirconium,
Bismuth,01.CA.05
Ferrochrome,
Ferrotungstene,
Carbure de silicium,
Antimoine,01.CA.05
Calcite,05.AB.05
Acide tartrique,
Bismuth,01.CA.05
Monazite,08.AD.50
Monazite,08.AD.50
Monazite,08.AD.50
Monazite,08.AD.50
Monazite,08.AD.50
Veatchite,06.EC.15
Tyrolite,08.DM.10
Mansfieldite,08.CD.10
Lapeyreite,08.XX.00
Kaatialaite,08.CC.10
Monazite,08.AD.50
Monazite-(Ce),08.AD.50
Monazite-(Ce),08.AD.50
Monazite,08.AD.50
Monazite,08.AD.50
Monazite,08.AD.50
Monazite,08.AD.50
Monazite,08.AD.50
Euclase,09.AE.10
Monazite,08.AD.50
Alunite,07.BC.10
Riebeckite,09.DE.25
Riebeckite,09.DE.25
Chrysotile,09.ED.15
Chrysotile,09.ED.15
Riebeckite,09.DE.25
Chrysotile,09.ED.15
"Sulfate hydraté de Ni,Cu,Co,Zn",
Claringbullite,03.DA.15
Monazite,08.AD.50
Monazite,08.AD.50
Monazite,08.AD.50
Monazite,08.AD.50
Hematite,04.CB.05
Davidite-(Ce),
Danburite,09.FA.65
Villiaumite,03.AA.20
Vanadinite,08.BN.05
Quartz,04.DA.05
Goethite,04.FD.10
Topaze,
Adamite,08.BB.30
Dolomite,05.AB.10
Kaolinite,09.ED.05
Beryl,09.CJ.05
Childrenite,08.DD.20
Vanadinite,08.BN.05
Spodumene,09.DA.30
Titanite,09.AG.15
Albite,09.FA.35
Xenotime,08.AD.35
Quartz,04.DA.05
Azurite,05.BA.05
Spodumene,09.DA.30
Adulaire,
Stilbite,09.GE.10
Strontianite,05.AB.15
Quartz,04.DA.05
Quartz,04.DA.05
Actinolite,09.DE.10
Diopside,09.DA.15
Olivenite,08.BB.30
Azurite,05.BA.05
Azurite,05.BA.05
Calcite,05.AB.05
Azurite,05.BA.05
Malachite,05.BA.10
Mimetite,08.BN.05
Mimetite,08.BN.05
Mimetite,08.BN.05
Bayldonite,08.BH.45
Mimetite,08.BN.05
Olivenite,08.BB.30
Malachite,05.BA.10
Barytine,
Mimetite,08.BN.05
Malachite,05.BA.10
Bayldonite,08.BH.45
Malachite,05.BA.10
Brochantite,07.BB.25
Ceruleite,08.DE.25
Lavendulane,
Strashimirite,08.DC.12
Bayldonite,08.BH.45
Bayldonite,08.BH.45
Parnauite,08.DF.35
Olivenite,08.BB.30
Pharmacosiderite,08.DK.10
Rutherfordine,05.EB.05
Olivenite,08.BB.30
Barytine,
Parnauite,08.DF.35
Ceruleite,08.DE.25
Chalcophyllite,08.DF.30
Olivenite,08.BB.30
Barytine,
Schoepite,04.GA.05
Torbernite,08.EB.05
Olivenite,08.BB.30
Cuprosklodowskite,09.AK.10
Torbernite,08.EB.05
Torbernite,08.EB.05
Torbernite,08.EB.05
Malachite,05.BA.10
Soddyite,09.AK.05
Uranophane,
Carminite,08.BH.30
Chalcanthite,07.CB.20
Adamite,08.BB.30
Parnauite,08.DF.35
Kasolite,09.AK.15
Calcite,05.AB.05
Parnauite,08.DF.35
Azurite,05.BA.05
Beudantite,08.BL.05
Mansfieldite,08.CD.10
Cyanotrichite,07.DE.10
Torbernite,08.EB.05
Cornubite,08.BD.30
Olivenite,08.BB.30
Brochantite,07.BB.25
Cornwallite,08.BD.05
Torbernite,08.EB.05
Adamite,08.BB.30
Olivenite,08.BB.30
Soddyite,09.AK.05
Ceruleite,08.DE.25
Cornwallite,08.BD.05
Kasolite,09.AK.15
Malachite,05.BA.10
Olivenite,08.BB.30
Bayldonite,08.BH.45
Pharmacosiderite,08.DK.10
Cyanotrichite,07.DE.10
Cyanotrichite,07.DE.10
Barytine,
Pharmacosiderite,08.DK.10
Pharmacosiderite,08.DK.10
Barytine,
Azurite,05.BA.05
Mansfieldite,08.CD.10
Cornubite,08.BD.30
Cornubite,08.BD.30
Cornwallite,08.BD.05
Barytine,
Mixite,08.DL.15
Sklodowskite,09.AK.10
Parnauite,08.DF.35
Cuprosklodowskite,09.AK.10
Uraninite,04.DL.05
Pharmacosiderite,08.DK.10
Beudantite,08.BL.05
Carminite,08.BH.30
Mixite,08.DL.15
Mixite,08.DL.15
Adamite,08.BB.30
Carminite,08.BH.30
Mimetite,08.BN.05
Carminite,08.BH.30
Curite,04.GB.55
Bayldonite,08.BH.45
Monazite-(Ce),
Torbernite,08.EB.05
Monazite,08.AD.50
Monazite,08.AD.50
Monazite-(Ce),
Monazite-(Ce?),
Monazite-(Ce),
Monazite-(Ce),
Monazite-(Ce),
Monazite-(Ce),
Ansermetite,04.HD.30
Dolomite,05.AB.10
Piemontite,09.BG.05a
Rhodonite,09.DK.05
Tilasite,08.BH.10
Quartz,04.DA.05
Parsettensite,09.EG.40
Kemmlizite,
Manganberzeliite,08.AC.25
Sarkinite,08.BB.15
Zinkenite,02.JB.35a
Rhodonite,09.DK.05
Tilasite,08.BH.10
Boulangerite,02.HC.15
Kemmlitzite,08.BL.05
Brandtite,08.CG.10
Cinabre,02.CD.15a
Sursassite,09.BG.15
Manganberzeliite,08.AC.25
Rhodonite,09.DK.05
Tephroite,09.AC.05
Kutnohorite,05.AB.10
Barytine,
Sursassite,09.BG.15
Graeserite,
Allanite,09.BG.05b
Tourmaline,
Calcedoine,
Topaze,
Tourmaline,
Beryl,09.CJ.05
Topaze,
Monazite-(Ce),
Calcedoine,
Calcedoine,
Beryl,09.CJ.05
Gypse,
Tilasite,08.BH.10
Sulfate de K et Al hydraté,
Anatase,04.DD.05
Sulfate de Ni hydraté,
Nitrate de Sr,
Talmessite,08.CG.05
Rhodonite,09.DK.05
Grischunite,08.CF.05
Grischunite,08.CF.05
Manganberzeliite,08.AC.25
Sarkinite,08.BB.15
Aeschynite-(Y),
Tinzenite,09.BD.20
Tinzenite,09.BD.20
Grischunite,08.CF.05
Tilasite,08.BH.10
Grischunite,08.CF.05
Boulangerite,02.HC.15
Anorthite,09.FA.35
Sodalite,09.FB.10
Barytine,
Clinochlore,09.EC.55
Beryl,09.CJ.05
Beryl,09.CJ.05
Epidote,09.BG.05a
Tourmaline,
Beryl,09.CJ.05
Tourmaline,
Tourmaline,
Beryl,09.CJ.05
Tourmaline,
Tourmaline,
Topaze,
Beryl,09.CJ.05
Titanite,09.AG.15
Calcedoine,
Quartz,04.DA.05
Calcedoine,
Calcedoine,
Calcedoine,
Beryl,09.CJ.05
Tourmaline,
Topaze,
Tourmaline,
Tourmaline,
Beryl,09.CJ.05
Vermiculite,09.EC.50
Quartz,04.DA.05
Calcite,05.AB.05
Calcedoine,
Monazite-(Ce),
Monazite-(Ce),
Monazite-(Ce),
Monazite-(Ce),
Allanite,09.BG.05b
Sulfate de K et Cr hydraté,
Tourmaline,
Malachite,05.BA.10
Calcite,05.AB.05
Chrysocolle,
Bornite,02.BA.10
Libethenite,08.BB.30
Plancheite,09.DB.35
Plancheite,09.DB.35
Microcline,09.FA.30
Chalcanthite,07.CB.20
Cuprite,04.AA.10
Anthoinite,07.GB.35
Pyrite,02.EB.05a
Chrysocolle,
Varlamoffite,04.DB.05
Opal-CT,
Carrollite,02.DA.05
Magnetite,04.BB.05
Hedenbergite,09.DA.15
Anglésite,07.AD.35
Destinezite,
Sphalerite,02.CB.05a
Hornblende,
Wulfenite,07.GA.05
Tourmaline,
Anatase,04.DD.05
Axinite,09.BD.20
Corindon,
Albite,09.FA.35
Chalcopyrite,02.CB.10a
Heulandite,09.GE.05
Anatase,04.DD.05
Pyrite,02.EB.05a
Calcedoine,
Quartz,04.DA.05
Clinozoisite,09.BG.05a
Quartz,04.DA.05
Opal-AG,
Calcite,05.AB.05
Tourmaline,
Vanadinite,08.BN.05
Quartz,04.DA.05
Anatase,04.DD.05
Staurolite,09.AF.30
Albite,09.FA.35
Ankerite,05.AB.10
Staurolite,09.AF.30
Galene,
Cornetite,08.BE.15
Rutile,04.DB.05
Childrenite,08.DD.20
Dolomite,05.AB.10
Aragonite,05.AB.15
Lepidolite,09.EC.20
Prehnite,09.DP.20
Quartz,04.DA.05
Celestite,
Chrysoberyl,04.BA.05
Sphalerite,02.CB.05a
Hydroxylherderite,
Amblygonite,08.BB.05
Realgar,02.FA.15a
Barytine,
Pyrite,02.EB.05a
Variscite,08.CD.10
Quartz,04.DA.05
Dolomite,05.AB.10
Or,01.AA.05
Titanite,09.AG.15
Barytine,
Phosgenite,05.BE.20
Benitoite,09.CA.05
Pyrite,02.EB.05a
Adulaire,
Aragonite,05.AB.15
Opal-CT,
Danburite,09.FA.65
Quartz,04.DA.05
Argent,01.AA.05
Leucite,09.GB.05
Chrysoberyl,04.BA.05
Staurolite,09.AF.30
Vanadinite,08.BN.05
Titanite,09.AG.15
Epidote,09.BG.05a
Adulaire,
Grossulaire,
Diamant,01.CB.10a
Siderite,05.AB.05
Quartz,04.DA.05
Quartz,04.DA.05
Vanadinite,08.BN.05
Pyromorphite,08.BN.05
Apatite,08.BN.05
Zircon,09.AD.30
Monazite-(Ce),
Monazite-(Ce),
Anatase,04.DD.05
Anatase,04.DD.05
Anatase,04.DD.05
Apatite,08.BN.05
Apatite,08.BN.05
Monazite-(Ce),
Synchysite-(Ce),
Monazite-(Ce),
Uranophane,
Uranophane,
Or,01.AA.05
Riebeckite,09.DE.25
Albite,09.FA.35
Galene,
Dendrites de Mn,
Dendrites de Mn,
Calcite,05.AB.05
Calcite,05.AB.05
Billietite,04.GB.10
Magnetite,04.BB.05
Topaze,
Anatase,04.DD.05
Rutile,04.DB.05
Armenite,09.CM.05
Cuprosklodowskite,09.AK.10
Becquerelite,04.GB.10
Soddyite,09.AK.05
Phosphuranylite,08.EC.10
Analcime,09.GB.05
Rutile,04.DB.05
Billietite,04.GB.10
Metaheinrichite,08.EB.10
Volborthite,08.FD.05
Uranophane,
Guilleminite,04.JJ.10
Anatase,04.DD.05
Anatase,04.DD.05
Zeunerite,08.EB.05
Métatorbernite,08.EB.10
Calcite,05.AB.05
Volborthite,08.FD.05
Sengierite,04.HB.10
Monazite-(Ce),
Curite,04.GB.55
Schoepite,04.GA.05
Cuprosklodowskite,09.AK.10
Sklodowskite,09.AK.10
Kasolite,09.AK.15
Vandenbrandeite,04.GB.45
Soddyite,09.AK.05
Uraninite,04.DL.05
Cuprosklodowskite,09.AK.10
Volborthite,08.FD.05
Kasolite,09.AK.15
Billietite,04.GB.10
Rutherfordine,05.EB.05
Autunite,08.EB.05
Soddyite,09.AK.05
Carnotite,04.HB.05
Curite,04.GB.55
Wulfenite,07.GA.05
Billietite,04.GB.10
Billietite,04.GB.10
Torbernite,08.EB.05
Curite,04.GB.55
Kasolite,09.AK.15
Billietite,04.GB.10
Curite,04.GB.55
Autunite,08.EB.05
Soddyite,09.AK.05
Cuprosklodowskite,09.AK.10
Cuprosklodowskite,09.AK.10
Schröckingerite,05.EG.05
Calcurmolite,07.HB.15
Uranophane,
Uranophane,
Rabejacite,07.EC.10
Uraninite,
Metalodèvite,08.EB.10
Calcurmolite,07.HB.15
Calcurmolite,07.HB.15
Euxenite,04.DG.05
Uranophane,
Thorite,09.AD.30
Sklodowskite,09.AK.10
Autunite,08.EB.05
Autunite,08.EB.05
Kasolite,09.AK.15
Curite,04.GB.55
Fourmarierite,04.GB.25
Torbernite,08.EB.05
Sklodowskite,09.AK.10
Kasolite,09.AK.15
Kasolite,09.AK.15
Torbernite,08.EB.05
Kasolite,09.AK.15
Carnotite,04.HB.05
,
Rhodochrosite,05.AB.05
Uranophane,
,
Francevillite,04.HB.15
Cassiterite,04.DB.05
Cassiterite,04.DB.05
Cassiterite,04.DB.05
Laumontite,09.GB.10
Clinozoisite,09.BG.05a
Clinozoisite,09.BG.05a
Vantasselite,08.DC.37
Paratacamite,03.DA.10c
Kankite,08.CE.60
Spherocobaltite,
Apjohnite,07.CB.85
Tuscanite,09.EG.45
Magnesioferrite,04.BB.05
Umangite,02.BA.15c
Denisovite,09.HA.85
Tobermorite,09.DG.10
Zaratite,05.DA.70
Pyrophanite,04.CB.05
Ussingite,09.EH.20
Clinobisvanite,08.AD.65
Walpurgite,08.EA.05
Offretite,09.GD.25
Letovicite,07.AD.20
Nontronite,09.EC.40
Sillenite,04.CB.70
Diamant,01.CB.10a
Ouvarovite,
Or,01.AA.05
Todorokite,04.DK.10
Semseyite/stibiconite,
Lithiophilite,08.AB.10
Sideronatrite,07.DF.20
Agardite,08.DL.15
Manganosite,04.AB.25
Prosopite,03.CD.10
Goslarite,07.CB.40
vert clair,
Hedyphane,08.BN.05
Sanbornite,09.EF.10
Spurrite,09.AH.15
Caledonite,07.BC.50
Geocronite,02.JB.30a
Agardite,08.DL.15
Davreuxite,09.BF.15
Xenotime,08.AD.35
Schulenbergite à préciser,
Cuprite,04.AA.10
Evansite,08.DF.10
Godovikovite ?,
Kingsmountite,08.DH.25
Liottite,09.FB.05
Osumilite,09.CM.05
Agardite,08.DL.15
Gaudefroyite,06.AB.60
Natrolite? aragonite?,
Synchysite,05.BD.20c
Caledonite,07.BC.50
Elyite,07.DF.65
Chenevixite,08.DD.05
Microsommite,09.FB.05
Whitlockite,08.AC.45
Krauskopfite,09.DH.30
Larnite,09.AD.05
Marokite,04.BC.05
Gillespite,09.EA.05
Nakaurite,
Stromeyerite,02.BA.25a
Aeschynite,04.DF.05
Goudeyite,08.DL.15
Creaseyite,09.HH.15
Hellyerite,05.CA.20
Törneböhmite-(Ce),
Kenyaite,09.HA.10
Ceriopyrochlore,04.DH.15
Magnesioferrite,04.BB.05
Philipsbornite,08.BL.10
Prismatine,09.BJ.50
Dachiardite,09.GD.40
Lokkaite-(Y),
Taramite,09.DE.20
Dundasite,05.DB.10
Natrolite?,
Chabasite,
Andalousite,
Bieberite,07.CB.35
Wagnerite,08.BB.15
Bismuth,01.CA.05
Baddeleyite,04.DE.35
Parisite,05.BD.20b
Nekoite,09.EA.45
Magadiite,09.EA.20
Wulfenite,07.GA.05
Villamaninite,02.EB.05a
Zircon,09.AD.30
Xenotime,08.AD.35
Posjnakite,
Nacrite,09.ED.05
Ferrierite-(Mg),
Zircon,09.AD.30
Phurcalite,08.EC.35
Felsöbanyaite,
Corderoite,02.FC.15a
Botryogene,
Bismutite,05.BE.25
Arsenopyrite,02.EB.20
Chrysocolle,
Valentinite,04.CB.55
Alunite,07.BC.10
Althausite,08.BB.25
Nontronite,09.EC.40
Arsenopyrite,02.EB.20
Dewindtite,08.EC.10
Kasolite,09.AK.15
Paramelaconite (?),
Kasolite,09.AK.15
Rutherfordine,05.EB.05
Kasolite,09.AK.15
Kasolite,09.AK.15
Wulfenite,07.GA.05
,
Kasolite,09.AK.15
Linnaeite(?),
Meneghinite,02.HB.05b
Valentinite/métastibnite,
Stannite,02.CB.15a
Thorite,09.AD.30
Newberyite,08.CE.10
Artinite,05.DA.10
Sklodowskite,09.AK.10
Zircon,09.AD.30
Arsenolite,04.CB.50
Osarizawaite,07.BC.10
Graphite,01.CB.05a
Graphite,01.CB.05a
Thorite,09.AD.30
Tyrolite,08.DM.10
Bayldonite,08.BH.45
Graphite,01.CB.05a
Stromeyerite,02.BA.25a
Huntite,05.AB.25
Sorensenite,09.DG.30
Turquoise,08.DD.15
Tyrolite,08.DM.10
Sengierite,04.HB.10
Boleite,03.DB.15
Barylite,09.BB.15
Brochantite,07.BB.25
Titanite,09.AG.15
Mimetite/minium,
Tyrolite,08.DM.10
Callaghanite,05.DA.25
Carnotite,04.HB.05
Steacyite,
Triphylite,08.AB.10
Szaibelyite,06.BA.15
Thenardite,07.AC.25
Maucherite,02.AB.15
Arsenopyrite,02.EB.20
Tugtupite,09.FB.10
Aurichalcite,05.BA.15
Messelite,08.CG.05
Balangeroite,09.DH.35
Pickeringite,07.CB.85
Phosphohedyphane,08.BN.05
Rhabdophane,08.CJ.45
Magnesio-riebeckite,
Pyromorphite,08.BN.05
Peretaite,07.DF.45
Picropharmacolite,08.CH.15
Wulfenite,07.GA.05
Perovskite,04.CC.30
Rösslerite/brassite,
Pyroxene,
Rinkite,09.BE.20
Phoenicochroite,07.FB.05
Billietite,04.GB.10
Pharmacolite,08.CJ.50
Rutile,04.DB.05
Rosasite,05.BA.10
Pyrochroite,04.FE.05
Plattnerite,04.DB.05
Richellite,08.BB.90
Dewindtite,08.EC.10
Rosebuschite/aegyrine,
Phillipsite-(Ca),
Pachnolite,03.CB.40
Perroudite,02.FC.20c
Portlandite,04.FE.05
Brucite,04.FE.05
Rockbridgeite,08.BC.10
Ferri-ghoseite,09.DE.20
Zunyite,09.BJ.55
Millosevichite,07.AB.05
Saponite,09.EC.45
Pyromorphite,08.BN.05
Aurichalcite,05.BA.15
Xonotlite,09.DG.35
Zeunerite,08.EB.05
Meyerhofferite,06.CA.30
Tourmaline (rubellite),
Alum-K,
Rostite,07.DB.10
Berthierite,02.HA.20
Pollucite,09.GB.05
Malachite,05.BA.10
Löllingite,02.EB.15a
Pitticite,08.DB.05
Rutile,04.DB.05
Phengite/glaucophane,
Phenacite,
Phosphuranylite,08.EC.10
Cacoxenite,08.DC.40
Pyrophyllite,09.EC.10
Voltaite,07.CC.25
Serpierite,07.DD.30
Actinolite,09.DE.10
Apophyllite,09.EA.15
Vaterite,05.AB.20
Argent,01.AA.05
Massicot,04.AC.25
Greenockite,02.CB.45
Datolite,09.AJ.20
Tinticite,08.DC.32
Prehnite,09.DP.20
Or,01.AA.05
Vashegyite,08.DB.10
Carpholite,09.DB.05
Thalenite,09.BJ.20
,
Duftite,08.BH.35
Cacoxene,
Hanksite,07.BD.30
Fayalite-Tephroite,
Millerite,02.CC.20
Eleonorite,
Coffinite,09.AD.30
Conichalcite,08.BH.35
Diopside,09.DA.15
Takovite,05.DA.50
Vonsenite,06.AB.30
Titanite,09.AG.15
Monazite,08.AD.50
Litharge,04.AC.20
Francevillite,04.HB.15
Brannockite,09.CM.05
Enargite,02.KA.05
,
Olivenite,08.BB.30
Hisingerite,09.ED.10
Descloizite?,
Crandallite,08.BL.10
Vivianite,08.CE.40
Apatite,08.BN.05
Senarmontite,04.CB.50
Cervantite,04.DE.30
Stibnite/zinckenite avec stibiconite?,
Apatite,08.BN.05
Olivenite,08.BB.30
Grossulaire,
Tocornalite,03.AA.10
Corkite,08.BL.05
Curite,04.GB.55
Thortveitite?,
Vandendrieeschite,
Carnallite,03.BA.10
Vauquelinite,07.FC.05
Wulfenite,07.GA.05
Minyulite,08.DH.05
,
Shattuckite,09.DB.40
Greenockite,02.CB.45
Scorodite,08.CD.10
Senegalite,08.DE.05
Ceruleite,08.DE.25
Klebelsbergite,07.BB.35
Calcite,05.AB.05
Litharge,04.AC.20
Idrialite,10.BA.20
Värynenite,
Lavendulane,
Titanite,09.AG.15
Pseudomalachite,08.BD.05
Strengite,08.CD.10
Wavellite,08.DC.50
Taramellite,09.CE.20
Olivenite,08.BB.30
Sellaite,03.AB.15
Clinochlore-Cr,
Pyrargyrite,02.GA.05
Dioptase,09.CJ.30
Langite,07.DD.10
Beudantite-scorodite,
Colemanite,06.CB.10
Apatite,08.BN.05
Olivenite,08.BB.30
Hidalgoite,08.BL.05
Varlamoffite,04.DB.05
Stibnite,02.DB.05a
Ba-pharmacosiderite,
Chenevixite,08.DD.05
Tyuyamunite,04.HB.25
Elpidite,09.DG.65
Cattierite,02.EB.05a
Euclase,09.AE.10
Columbite,04.DB.35
Hematite,04.CB.05
Ettringite,07.DG.15
Columbite,04.DB.35
Sauconite,09.EC.45
Copiapite,07.DB.35
Corkite,08.BL.05
Malachite,
Olivenite,
Malachite,
Malachite,
Cornubite,
Mimetite,
Malachite,
Malachite,
Azurite,
Chalcophyllite,08.DF.30
Vanadinite,
Mitridatite,
Yvonite,08.CB.25
Melkovite,08.DM.15
Conichalcite,08.BH.35
Raslakite,09.CO.10
Artroeite,03.CC.15
Azurite,
Khaidarkanite,03.DA.45
Vladimirite,08.CJ.25
Vésignéite,
Atacamite,03.DA.10a
Barrotite à revérifier?,
Uranophane,
Calcite,05.AB.05
Aragonite,05.AB.15
Carnotite,04.HB.05
Heulandite,09.GE.05
Vivianite,08.CE.40
Heulandite,09.GE.05
Wollastonite,09.DG.05
Montebrasite,08.BB.05
Tridymite,04.DA.10
Hydrocerusite,
Ferrimolybdite,07.GB.30
Monazite,08.AD.50
Synchysite-(Ce),
Xenotime-(Y),
Laumontite,09.GB.10
Monazite,08.AD.50
Vandenbrandeite,04.GB.45
Aeschynite-(Y),
Hématite,04.CB.05
Rhodochrosite,05.AB.05
Lindbergite,10.AB.05
Parnauite,08.DF.35
Bischofite,03.BB.15
Cerite-(Ce),
Tartrate de K,
Azurite,05.BA.05
Mimetite,08.BN.05
Tartrate de K,
Mimétite,08.BN.05
Cassiterite,04.DB.05
Turquoise,04.DB.05
Rutile,08.DC.50
Celestite,
Opal-AN,04.DB.30
Corindon,02.EB.15a
Fluorite,08.EB.05
Wulfenite,04.DB.30
Quartz,08.DD.15
Anatase,05.BA.10
Pyrite,
Chabazite,08.BB.05
Siderite,08.BB.05
Pyrite,02.EB.05a
Quartz,04.DA.05
,
,
,
,
,
,
,
Wavellite,
Orthose,09.CJ.10
Carbure de Si,
Realgar,04.DB.30
Petitjeanite,08.BO.10
Berryite,02.HB.20d
Nifontovite,06.CA.50
Tillmannsite,
Bariopharmacoalumite,
,
,
Crichtonite,08.BN.05
Lizardite,
,
Gilmarite,
Wendwilsonite,08.CG.10
Aegirine,09.DA.25
Favreauite,
Rhodochrosite,05.AB.05
Allanite,09.BG.05b
Anatase,04.DD.05
Stibnite,02.DB.05a
Stibnite,02.DB.05a
Chromite,04.BB.05
Galene,
Magnetite,04.BB.05
Magnetite,04.BB.05
Thometzekite,08.CG.15
Chenevixite,08.DD.05
Conichalcite,08.BH.35
Azurite,05.BA.05
Thometzekite,08.CG.15
Pyrite,02.EB.05a
Quartz,04.DA.05
Thortveitite,09.BC.05
Phénakite,09.AA.05
Bazzite,09.CJ.05
Muscovite,09.EC.15
Elyite,07.DF.65
Aeschynite-(Y),
Quartz,04.DA.05
Calcedoine,
Quartz,04.DA.05
Gypse,
Rutile,04.DB.05
Anglésite,07.AD.35
Rutile,04.DB.05
Rutile,04.DB.05
Rutile,04.DB.05
Hématite,04.CB.05
Calcite,05.AB.05
Wakabayashilite,02.FA.40
Clinoptilolite,09.GE.05
Magnetite,04.BB.05
Calcite,05.AB.05
Pyrite,02.EB.05a
Chapmanite,09.ED.25
Phenakite,09.AA.05
Hydrokenoralstonite,
Silica glass,
Cuprite,04.AA.10
Clinochlore,09.EC.55
Quartz,04.DA.05
Rutile,04.DB.05
Titanite,09.AG.15
Andradite,09.AD.25
Ferromanganese,
Ferrochrome,
Fluoroapatite,
Cuivre,01.AA.05
Kinoite,09.BH.10
Fluoroapatite,
Calcedoine,
Calcedoine,
Chrysotile,09.ED.15
Malachite,05.BA.10
Muscovite,09.EC.15
Quartz,04.DA.05
Quartz,04.DA.05
Sanidine,09.FA.30
Saleeite,08.EB.05
Augite,09.DA.15
Olivine/péridot,
Olivine/péridot,
Olivine,09.AC.05
Bultfonteinite,09.AG.80
Salammoniac,03.AA.25
Calcedoine,
Libethenite,08.BB.30
Tschermigite,07.CC.20
Sassolite,06.AA.05
Almandin,
Ilvaite,09.BE.07
Sanidine,09.FA.30
Dichromate de K,
Tremolite,09.DE.10
Etain,01.AC.10
Calcédoine,
Fluorite,03.AB.25
Lithiophorite !!! numéro,
Saccharose,
Quartz,04.DA.05
Quartz,04.DA.05
Sulfate de Cr et K,
Oxalate de K,
Sulfate de K et Cr,
Sulfate d'Al et NH4,
"Sulfate de K, Cr et NH4",
Sulfate de Ca,
"Sulfate de K, Fe et Cr",
Paralaurionite,03.DC.05
Phosphate de NH4,
Sulfate de Ni,
Arséniate de NH4,
Lomonosovite,09.BE.32
Plomb,01.AA.05
Plomb,01.AA.05
Sulfate de K et Cr,
Sulfate de Zn et K,
Artinite,05.DA.10
Anhydrite,07.AD.30
Ferrocyanure de K,
Sulfate de K,
Sulfate de NH4 et K,
Phosphate de K,
Chlorate de Cu et K,
Chlorate de Cu et NH4,
Chlorate de Sn et NH4,
Silicofluorure de Co,
Cyanure de Co et K,
Cyanure de Pt et Mg,
Sulfate de Co,
Sulfate de Zn et NH4,
Sulfate de K et Cr,
Tartrate de K et Na,
Agrellite,09.DH.75
Hawleyite,02.CB.05a
Colombianite,
Sillimanite (?),
Hydrozincite,05.BA.15
Santaclaraite,09.DK.10
Fervanite,04.HG.05
Heinrichite !!! numéro,
Chapmanite,09.ED.25
Siderite,05.AB.05
Stichtite,05.DA.50
Novacekite,08.EB.05
Tengerite,05.CC.10
Hewettite,04.HE.15
Dawsonite,05.BB.10
Mottramite,08.BH.40
Titanite,09.AG.15
Narsarsukite,09.DJ.05
Natrojarosite,07.BC.10
Wakefieldite,08.AD.35
Lorenzenite,09.DB.10
Mcguinessite,
Mosandrite,09.BE.20
Verplanckite,09.CE.10
Alluaudite,08.AC.10
Gypse,
Hedenbergite,09.DA.15
Torbernite,08.EB.05
Quartz,04.DA.05
Quartz,04.DA.05
Quartz,04.DA.05
Metavoltine,07.DF.35
Diamant,01.CB.10a
Soddyite,09.AK.05
Autunite,08.EB.05
Conichalcite,08.BH.35
Calcite,05.AB.05
Beryl,09.CJ.05
Quartz,04.DA.05
Quartz,04.DA.05
Cyanotrichite,07.DE.10
Pyrite,02.EB.05a
Calcedoine,
Hematite,04.CB.05
Calcite,05.AB.05
Agate,
Quartz,04.DA.05
Silicium,01.CB.15
Columbite-tantalite (?),
Thorianite,04.DL.05
Tartrate de K,
Apatite,08.BN.05
Quartz,04.DA.05
Betafite,04.DH.15
Fergusonite,
Samarskite-(Y),
Monazite-(Ce),
Bastnaesite,05.BD.20a
Zircon,09.AD.30
Euxenite,04.DG.05
,
Xenotime,08.AD.35
Ferromanganese,
Ferrosilicium,
Wulfenite,07.GA.05
Mimetite,08.BN.05
Aurichalcite,05.BA.15
Ferrosilicium,
Minium,04.BD.05
Willemite (?),
Fluorite,03.AB.25
Stilbite,09.GE.10
Plattnerite,04.DB.05
Rhodochrosite,05.AB.05
Hummerite,04.HC.10
Hydromagnesite,05.DA.05
Hillebrandite,09.DG.40
Florencite,08.BL.13
Lemanskiite,08.DG.05
Grenat,
Tyrolite,08.DM.10
Pascoite,04.HC.05
Realgar,02.FA.15a
Tétraèdrite,
Argentopyrite,02.CB.65
Hörnesite,08.CE.40
Awaruite,
Tartrate de K,
Mooloite,
Brookite,04.DD.10
Fluorite,03.AB.25
Cualstibite,04.FB.10
Rosasite,05.BA.10
Atelestite,
Miargyrite,02.HA.10
Chalcophyllite,08.DF.30
Parasymplésite,08.CE.40
Galene,
Giftgrubeite,
Gypse,
Ice,04.AA.05
Cuprite,04.AA.10
Cuprite,04.AA.10
Cuprite,04.AA.10
Cuprite,04.AA.10
Cuprite,04.AA.10
Cuprite,04.AA.10
Cuprite,04.AA.10
Cuprite,04.AA.10
Cuprite,04.AA.10
Cuprite,04.AA.10
Zincite,04.AB.20
Zincite,04.AB.20
Periclase,04.AB.25
Periclase,04.AB.25
Wustite,
Manganosite,04.AB.25
Murdochite,03.DB.45
Murdochite,03.DB.45
Tenorite,04.AB.10
Tenorite,04.AB.10
Delafossite,04.AB.15
Crednerite,04.AB.05
Montroydite,04.AC.15
Montroydite,04.AC.15
Litharge,04.AC.20
Massicot,04.AC.25
Brownmillerite,04.AC.10
Srebrodolskite,04.AC.10
Chlormayenite,
Spinel,04.BB.05
Spinel,04.BB.05
Spinel,04.BB.05
Spinel,04.BB.05
Spinel,04.BB.05
Spinel,04.BB.05
Hercynite,04.BB.05
Galaxite,04.BB.05
Galaxite,04.BB.05
Gahnite,04.BB.05
Magnesioferrite,04.BB.05
Magnetite,04.BB.05
Magnetite,04.BB.05
Magnetite,04.BB.05
Magnetite,04.BB.05
Magnetite,04.BB.05
Magnetite,04.BB.05
Magnetite,04.BB.05
Magnetite,04.BB.05
Magnetite,04.BB.05
Magnetite,04.BB.05
Magnetite,04.BB.05
Magnetite,04.BB.05
Magnetite,04.BB.05
Magnetite,04.BB.05
Jacobsite,04.BB.05
Trevorite,04.BB.05
Franklinite,04.BB.05
Franklinite,04.BB.05
Franklinite,04.BB.05
Franklinite,04.BB.05
Magnesiochromite,04.BB.05
Magnesiochromite,04.BB.05
Chromite,04.BB.05
Chromite,04.BB.05
Chromite,04.BB.05
Chromite,04.BB.05
Chromite,04.BB.05
Nichromite,04.BB.05
Coulsonite,04.BB.05
Coulsonite,04.BB.05
Coulsonite,04.BB.05
Hausmannite,04.BB.10
Hausmannite,04.BB.10
Marokite,04.BC.05
Versiliaite,04.JA.30
Versiliaite,04.JA.30
Versiliaite,04.JA.30
Apuanite,04.JA.25
Apuanite,04.JA.25
Apuanite,04.JA.25
Minium,04.BD.05
Minium,04.BD.05
Chrysoberyl,04.BA.05
Chrysoberyl,04.BA.05
Chrysoberyl,04.BA.05
Chrysoberyl,04.BA.05
Claudetite,04.CB.45
Valentinite,04.CB.55
Valentinite,04.CB.55
Valentinite,04.CB.55
Valentinite,04.CB.55
Arsenolite,04.CB.50
Senarmontite,04.CB.50
Senarmontite,04.CB.50
Bismite,04.CB.60
Bixbyite,04.CB.10
Bixbyite,04.CB.10
Corundum,04.CB.05
Corundum,04.CB.05
Corundum,04.CB.05
Corundum,04.CB.05
Corundum,04.CB.05
Corundum,04.CB.05
Corundum,04.CB.05
Hematite,04.CB.05
Hematite,04.CB.05
Hematite,04.CB.05
Hematite,04.CB.05
Hematite,04.CB.05
Hematite,04.CB.05
Hematite,04.CB.05
Hematite,04.CB.05
Hematite,04.CB.05
Hematite,04.CB.05
Hematite,04.CB.05
Hematite,04.CB.05
Hematite,04.CB.05
Hematite,04.CB.05
Hematite,04.CB.05
Hematite,04.CB.05
Hematite,04.CB.05
Hematite,04.CB.05
Hematite,04.CB.05
Hematite,04.CB.05
Hematite,04.CB.05
Hematite,04.CB.05
Hematite,04.CB.05
Hematite,04.CB.05
Hematite,04.CB.05
Hematite,04.CB.05
Hematite,04.CB.05
Hematite,04.CB.05
Hematite,04.CB.05
Hematite,04.CB.05
Eskolaite,04.CB.05
Karelianite,04.CB.05
Ilmenite,04.CB.05
Ilmenite,04.CB.05
Ilmenite,04.CB.05
Ilmenite,04.CB.05
Ilmenite,04.CB.05
Maghemite,04.BB.15
Kamiokite,04.CB.40
Hibonite,04.CC.45
Magnetoplumbite,04.CC.45
Magnetoplumbite,04.CC.45
Crichtonite,04.CC.40
Senaite,04.CC.40
Perovskite,04.CC.30
Perovskite,04.CC.30
Perovskite,04.CC.30
Perovskite,04.CC.30
Perovskite,04.CC.30
Latrappite,04.CC.30
Tausonite,04.CC.35
Loparite-(Ce),
Lueshite,04.CC.30
Fluorcalciopyrochlore,
Fluorcalciopyrochlore,
Fluorcalciopyrochlore,
Fluorcalciopyrochlore,
Kalipyrochlore = Hydropyrochlore,
Cuproromeite,
Cuproromeite,
Romeite,
Romeite,
Bindheimite = Oxyplumboromeite Or Plumboromeite,
Bindheimite = Oxyplumboromeite Or Plumboromeite,
Bindheimite = Oxyplumboromeite Or Plumboromeite,
Stibioromeite,
Stibioromeite,
Stibioromeite,
Stibioromeite,
Stibiconite,04.DH.20
Graeserite,04.JB.55
Armalcolite,04.CB.15
Pseudobrookite,04.CB.15
Pseudobrookite,04.CB.15
Pseudobrookite,04.CB.15
Pseudobrookite,04.CB.15
Quartz,04.DA.05
Quartz,04.DA.05
Quartz,04.DA.05
Quartz,04.DA.05
Quartz,04.DA.05
Quartz,04.DA.05
Quartz,04.DA.05
Quartz,04.DA.05
Quartz,04.DA.05
Quartz,04.DA.05
Quartz,04.DA.05
Quartz,04.DA.05
Quartz,04.DA.05
Quartz,04.DA.05
Quartz,04.DA.05
Quartz,04.DA.05
Quartz,04.DA.05
Quartz,04.DA.05
Quartz,04.DA.05
Quartz,04.DA.05
Quartz,04.DA.05
Quartz,04.DA.05
Quartz,04.DA.05
Quartz,04.DA.05
Quartz,04.DA.05
Quartz,04.DA.05
Quartz,04.DA.05
Quartz,04.DA.05
Quartz,04.DA.05
Quartz,04.DA.05
Quartz,04.DA.05
Quartz,04.DA.05
Quartz,04.DA.05
Quartz,04.DA.05
Quartz,04.DA.05
Quartz,04.DA.05
Quartz,04.DA.05
Quartz,04.DA.05
Quartz,04.DA.05
Quartz,04.DA.05
Quartz,04.DA.05
Quartz,04.DA.05
Quartz,04.DA.05
Quartz,04.DA.05
Quartz,04.DA.05
Quartz,04.DA.05
Quartz,04.DA.05
Quartz,04.DA.05
Quartz,04.DA.05
Quartz,04.DA.05
Quartz,04.DA.05
Quartz,04.DA.05
Quartz,04.DA.05
Quartz,04.DA.05
Quartz,04.DA.05
Quartz,04.DA.05
Quartz,04.DA.05
Quartz,04.DA.05
Quartz,04.DA.05
Quartz,04.DA.05
Quartz,04.DA.05
Quartz,04.DA.05
Quartz,04.DA.05
Quartz,04.DA.05
Quartz,04.DA.05
Quartz,04.DA.05
Quartz,04.DA.05
Quartz,04.DA.05
Quartz,04.DA.05
Quartz,04.DA.05
Quartz,04.DA.05
Quartz',
Quartz,04.DA.05
Quartz,04.DA.05
Quartz,04.DA.05
Quartz,04.DA.05
Quartz,04.DA.05
Quartz,04.DA.05
Quartz,04.DA.05
Quartz,04.DA.05
Quartz,04.DA.05
Quartz,04.DA.05
Quartz,04.DA.05
Quartz,04.DA.05
Quartz,04.DA.05
Quartz,04.DA.05
Quartz,04.DA.05
Quartz,04.DA.05
Quartz,04.DA.05
Quartz,04.DA.05
Quartz,04.DA.05
Quartz,04.DA.05
Quartz,04.DA.05
Quartz,04.DA.05
Quartz,04.DA.05
Quartz,04.DA.05
Quartz,04.DA.05
Quartz,04.DA.05
Quartz,04.DA.05
Quartz,04.DA.05
Quartz,04.DA.05
Quartz,04.DA.05
Quartz,04.DA.05
Quartz,04.DA.05
Quartz,04.DA.05
Quartz,04.DA.05
Quartz,04.DA.05
Quartz,04.DA.05
Quartz,04.DA.05
Quartz,04.DA.05
Quartz,04.DA.05
Quartz,04.DA.05
Quartz,04.DA.05
Quartz,04.DA.05
Quartz,04.DA.05
Quartz,04.DA.05
Quartz,04.DA.05
Quartz,04.DA.05
Quartz,04.DA.05
Quartz,04.DA.05
Quartz,04.DA.05
Quartz,04.DA.05
Quartz,04.DA.05
Quartz,04.DA.05
Quartz,04.DA.05
Quartz,04.DA.05
Quartz,04.DA.05
Quartz,04.DA.05
Quartz,04.DA.05
Quartz,04.DA.05
Quartz,04.DA.05
Quartz,04.DA.05
Quartz,04.DA.05
Quartz,04.DA.05
Quartz,04.DA.05
Quartz,04.DA.05
Quartz,04.DA.05
Quartz,04.DA.05
Quartz,04.DA.05
Quartz,04.DA.05
Quartz,04.DA.05
Quartz,04.DA.05
Quartz,04.DA.05
Quartz,04.DA.05
Quartz,04.DA.05
Quartz,04.DA.05
Quartz,04.DA.05
Quartz,04.DA.05
Quartz,04.DA.05
Quartz,04.DA.05
Quartz,04.DA.05
Quartz,04.DA.05
Quartz,04.DA.05
Quartz,04.DA.05
Quartz,04.DA.05
Quartz,04.DA.05
Quartz,04.DA.05
Quartz,04.DA.05
Quartz,04.DA.05
Quartz,04.DA.05
Quartz,04.DA.05
Quartz,04.DA.05
Quartz,04.DA.05
Quartz,04.DA.05
Quartz,04.DA.05
Quartz,04.DA.05
Quartz,04.DA.05
Quartz,04.DA.05
Quartz,04.DA.05
Quartz,04.DA.05
Quartz,04.DA.05
Quartz,04.DA.05
Quartz,04.DA.05
Quartz,04.DA.05
Quartz,04.DA.05
Quartz,04.DA.05
Quartz,04.DA.05
Quartz,04.DA.05
Quartz,04.DA.05
Quartz,04.DA.05
Quartz,04.DA.05
Quartz,04.DA.05
Quartz,04.DA.05
Quartz,04.DA.05
Quartz,04.DA.05
Quartz,04.DA.05
Quartz,04.DA.05
Quartz,04.DA.05
Quartz,04.DA.05
Quartz,04.DA.05
Quartz,04.DA.05
Quartz,04.DA.05
Tridymite,04.DA.10
Tridymite,04.DA.10
Tridymite,04.DA.10
Cristobalite,04.DA.15
Cristobalite,04.DA.15
Cristobalite,04.DA.15
Cristobalite,04.DA.15
Moganite,04.DA.20
Melanophlogite,04.DA.25
Melanophlogite,04.DA.25
Melanophlogite,04.DA.25
Melanophlogite,04.DA.25
Melanophlogite,04.DA.25
Melanophlogite,04.DA.25
Melanophlogite,04.DA.25
Melanophlogite,04.DA.25
Melanophlogite,04.DA.25
Melanophlogite,04.DA.25
Lechatelierite,04.DA.30
Lechatelierite,04.DA.30
Lechatelierite,04.DA.30
Lechatelierite,04.DA.30
Opal,Mine_data_3_2021-3-8_11:43
Opal'Hyalite',
Opal,Mine_data_3_2021-3-8_11:43
Opal'Hyalite',
Opal,Mine_data_3_2021-3-8_11:43
Opal,Mine_data_3_2021-3-8_11:43
Opal,Mine_data_3_2021-3-8_11:43
Opal,Mine_data_3_2021-3-8_11:43
Opal,Mine_data_3_2021-3-8_11:43
Opal,Mine_data_3_2021-3-8_11:43
Opal,Mine_data_3_2021-3-8_11:43
Opal,Mine_data_3_2021-3-8_11:43
Opal,Mine_data_3_2021-3-8_11:43
Opal,Mine_data_3_2021-3-8_11:43
Opal,Mine_data_3_2021-3-8_11:43
Opal,Mine_data_3_2021-3-8_11:43
Rutile,04.DB.05
Rutile,04.DB.05
Rutile,04.DB.05
Rutile,04.DB.05
Rutile,04.DB.05
Rutile,04.DB.05
Rutile,04.DB.05
Rutile,04.DB.05
Rutile,04.DB.05
Rutile,04.DB.05
Rutile,04.DB.05
Rutile,04.DB.05
Rutile,04.DB.05
Rutile,04.DB.05
Rutile,04.DB.05
Rutile,04.DB.05
Rutile,04.DB.05
Rutile,04.DB.05
Rutile,04.DB.05
Rutile,04.DB.05
Rutile,04.DB.05
Pyrolusite,04.DB.05
Pyrolusite,04.DB.05
Pyrolusite,04.DB.05
Pyrolusite,04.DB.05
Cassiterite,04.DB.05
Cassiterite,04.DB.05
Cassiterite,04.DB.05
Cassiterite,04.DB.05
Cassiterite,04.DB.05
Argutite,04.DB.05
Paratellurite,04.DE.25
Plattnerite,04.DB.05
Plattnerite,04.DB.05
Tripuhyite,04.DB.05
Tripuhyite,04.DB.05
Tripuhyite,04.DB.05
Tripuhyite,04.DB.05
Tripuhyite,04.DB.05
Ordonezite,04.DB.10
Franconite,04.FM.15
Hochelagaite,04.FM.15
Jeppeite,04.CC.50
Jeppeite,04.CC.50
Cryptomelane,04.DK.10
Cryptomelane,04.DK.10
Priderite,04.DK.05
Priderite,04.DK.05
Redledgeite,04.DK.05
Ferrihollandite,
Coronadite,04.DK.05
Coronadite,04.DK.05
Coronadite,04.DK.05
Cesarolite,04.FG.10
Todorokite,04.DK.10
Romanechite,04.DK.10
Romanechite,04.DK.10
Ramsdellite,04.DB.15a
Ramsdellite,04.DB.15a
Rancieite,04.FL.40
Rancieite,04.FL.40
Anatase,04.DD.05
Anatase,04.DD.05
Anatase,04.DD.05
Anatase,04.DD.05
Anatase,04.DD.05
Anatase,04.DD.05
Anatase,04.DD.05
Anatase,04.DD.05
Anatase,04.DD.05
Anatase,04.DD.05
Anatase,04.DD.05
Anatase,04.DD.05
Anatase,04.DD.05
Anatase,04.DD.05
Anatase,04.DD.05
Anatase,04.DD.05
Anatase,04.DD.05
Anatase,04.DD.05
Anatase,04.DD.05
Anatase,04.DD.05
Anatase,04.DD.05
Anatase,04.DD.05
Brookite,04.DD.10
Brookite,04.DD.10
Brookite,04.DD.10
Brookite,04.DD.10
Brookite,04.DD.10
Brookite,04.DD.10
Brookite,04.DD.10
Brookite,04.DD.10
Brookite,04.DD.10
Brookite,04.DD.10
Brookite,04.DD.10
Brookite,04.DD.10
Brookite,04.DD.10
Brookite,04.DD.10
Tellurite,04.DE.20
Tellurite,04.DE.20
Kuranakhite,04.DM.25
Hubnerite,
Hubnerite,
Hubnerite,
Ferberite,04.DB.30
Ferberite,04.DB.30
Ferberite,04.DB.30
Ferberite,04.DB.30
Ixiolite,04.DB.25
Wodginite,04.DB.40
Columbite-(Mg),
Columbite-(Fe),
Columbite-(Fe),
Columbite-(Fe),
Fersmite,04.DG.05
Fersmite,04.DG.05
Lucasite-(Ce),
Aeschynite-(Ce),
Vigezzite,04.DF.05
Vigezzite,04.DF.05
Brannerite,04.DH.05
Brannerite,04.DH.05
Cervantite,04.DE.30
Stibiotantalite,04.DE.30
Bismutocolumbite,04.DE.30
Bahianite,04.DC.05
Simpsonite,04.DC.10
Thoreaulite,04.DG.15
Baddeleyite,04.DE.35
Uraninite,04.DL.05
Uraninite,04.DL.05
Tungstite,04.FJ.10
Anthoinite,07.GB.35
Yttrotungstite-(Y),
Sidwillite,04.FJ.05
Sidwillite,04.FJ.05
Ilsemannite,04.FJ.15
Ilsemannite,04.FJ.15
Sassolite,06.AA.05
Behoite,04.FA.05a
Gibbsite,04.FE.10
Gibbsite,04.FE.10
Nordstrandite,04.FE.10
Nordstrandite,04.FE.10
Brucite,04.FE.05
Brucite,04.FE.05
Brucite,04.FE.05
Pyrochroite,04.FE.05
Theophrastite,04.FE.05
Paraotwayite,07.BB.45
Jamborite,04.FL.05
Jamborite,04.FL.05
Jamborite,04.FL.05
Wulfingite,
Wulfingite,
Portlandite,04.FE.05
Portlandite,04.FE.05
Diaspore,04.FD.10
Diaspore,04.FD.10
Diaspore,04.FD.10
Diaspore,04.FD.10
Diaspore,04.FD.10
Diaspore,04.FD.10
Bohmite,
Bohmite,
Goethite,04.FD.10
Goethite,04.FD.10
Goethite,04.FD.10
Goethite,04.FD.10
Goethite,04.FD.10
Goethite'Limonite',
Goethite'Limonite',
Goethite'Limonite',
Goethite'Limonite',
Goethite'Aetite',
Goethite,04.FD.10
Lepidocrocite,04.FE.15
Lepidocrocite,04.FE.15
Akaganeite,04.DK.05
Manganite,04.FD.15
Groutite,04.FD.10
Feitknechtite,04.FE.25
Lithiophorite,04.FE.25
Lithiophorite,04.FE.25
Lithiophorite,04.FE.25
Heterogenite-2h,
Heterogenite-3r,
Heterogenite-3r,
Hydrocalumite,04.FL.10
Aurorite,04.FL.20
Chalcophanite,04.FL.20
Chalcophanite,04.FL.20
Chalcophanite,04.FL.20
Birnessite,04.FL.45
Birnessite,04.FL.45
Shakhovite,04.FB.05
Wickmanite,04.FC.10
Natanite,04.FC.10
Natanite,04.FC.10
Mushistonite,04.FC.10
Mopungite,04.FC.15
Jeanbandyite,04.FC.15
Varlamoffite,04.DB.05
Hummerite,04.HC.10
Hummerite,04.HC.10
Hummerite,04.HC.10
Magnesiopascoite,04.HC.05
Kazakhstanite,08.CB.45
Kazakhstanite,08.CB.45
Schubnelite,08.CB.35
Schubnelite,08.CB.35
Rossite,04.HD.05
Haggite,04.HE.25
Straczekite,04.HE.20
Fernandinite,04.HE.20
Corvusite,04.HE.20
Hewettite,04.HE.15
Hewettite,04.HE.15
Hewettite,04.HE.15
Uranosphaerite,04.GB.65
Holfertite,04.GB.70
Georgiadesite,04.JB.70
Nealite,04.JD.05
Nealite,04.JD.05
Zimbabweite,04.JA.40
Cafarsite,04.JC.05
Cafarsite,04.JC.05
Cafarsite,04.JC.05
Cafarsite,04.JC.05
Magnussonite,04.JB.15
Fetiasite,04.JB.05
Fetiasite,04.JB.05
Fetiasite,04.JB.05
Fetiasite,04.JB.05
Fetiasite,04.JB.05
Fetiasite,04.JB.05
Schneiderhohnite,
Vajdakite,04.JC.20
Ludlockite,04.JA.45
Ludlockite,04.JA.45
Karibibite,04.JA.15
Leiteite,04.JA.05
Trippkeite,04.JA.20
Trippkeite,04.JA.20
Scotlandite,04.JE.20
Molybdomenite,04.JF.05
Balyakinite,04.JK.15
Schmitterite,04.JK.70
Hannebachite,04.JE.10
Hannebachite,04.JE.10
Hannebachite,04.JE.10
Hannebachite,04.JE.10
Hannebachite,04.JE.10
Choloalite,04.JK.45
Chalcomenite,04.JH.05
Chalcomenite,04.JH.05
Chalcomenite,04.JH.05
Chalcomenite,04.JH.05
Teineite,04.JM.20
Mandarinoite,04.JH.15
Sonoraite,04.JN.05
Sonoraite,04.JN.05
Emmonsite,04.JM.10
Rodalquilarite,04.JL.05
Rodalquilarite,04.JL.05
Poughite,04.JN.10
Kinichilite,04.JM.05
Zemannite,04.JM.05
Quetzalcoatlite,04.FE.45
Quetzalcoatlite,04.FE.45
Guilleminite,04.JJ.10
Demesmaekerite,04.JJ.20
Mackayite,04.JL.10
Carlfriesite,04.JK.25
Carlfriesite,04.JK.25
Winstanleyite,04.JK.05
Cliffordite,04.JK.75
Xocomecatlite,07.BB.50
Xocomecatlite,07.BB.50
Xocomecatlite,07.BB.50
Cesbronite,04.JN.15
Cuzticite,04.FM.35
Khinite-4o,
Khinite-3t,
Montanite,07.CD.60
Dugganite,08.BL.20
Tlalocite,07.DE.20
Tlalocite,07.DE.20
Tlapallite,04.JL.25
Tlapallite,04.JL.25
Schieffelinite,07.CD.55
Yecoraite,07.DF.70
Yecoraite,07.DF.70
Oboyerite,04.JN.25
Eztlite,04.JN.20
Dietzeite,04.KD.05
Salesite,04.KB.05
Salesite,04.KB.05
Mayenite = Chlormayenite,
Palladinite (?),
Bariopyrochlore = Zero-Valent-Dominant Pyrochlore,
Manganomelane = Mn Oxides,
Wad = Massive Mangnese Oxides,
Wad = Massive Mangnese Oxides,
Wad = Massive Mangnese Oxides,
Menilite = Opal,
Bauxite = Hydroxides And Oxides Of Al And Fe,
Shakhovite,
Ottoite,
Ottoite,
Phenakite,09.AA.05
Phenakite,09.AA.05
Phenakite,09.AA.05
Phenakite,09.AA.05
Willemite,09.AA.05
Willemite,09.AA.05
Willemite,09.AA.05
Willemite,09.AA.05
Willemite,09.AA.05
Willemite,09.AA.05
Eucryptite,09.AA.05
Eucryptite,09.AA.05
Esperite,09.AB.15
Forsterite,09.AC.05
Forsterite'Peridot',
Forsterite,09.AC.05
Fayalite,09.AC.05
Tephroite,09.AC.05
Tephroite,09.AC.05
Tephroite,09.AC.05
Tephroite,09.AC.05
Laihunite,09.AC.05
Monticellite,09.AC.10
Merwinite,09.AD.15
Pyrope,09.AD.25
Pyrope'Pyrope-Almandine',
Almandine,09.AD.25
Almandine,09.AD.25
Almandine,09.AD.25
Almandine,09.AD.25
Almandine,09.AD.25
Almandine,09.AD.25
Almandine,09.AD.25
Almandine,09.AD.25
Almandine,09.AD.25
Almandine,09.AD.25
Almandine,09.AD.25
Almandine'Almandine-Spessartine',
Almandine,09.AD.25
Almandine,09.AD.25
Spessartine,09.AD.25
Spessartine,09.AD.25
Spessartine,09.AD.25
Spessartine,09.AD.25
Spessartine,09.AD.25
Calderite,09.AD.25
Calderite,09.AD.25
Grossular,09.AD.25
Grossular,09.AD.25
Grossular,09.AD.25
Grossular'Hessonite',
Grossular'Hessonite',
Grossular'Hessonite',
Grossular'Hessonite',
Grossular'Hessonite',
Grossular'Hessonite',
Grossular,09.AD.25
Grossular,09.AD.25
Grossular'Hibschite',
Grossular'Hibschite',
Andradite,09.AD.25
Andradite,09.AD.25
Andradite,09.AD.25
Andradite,09.AD.25
Andradite'Topazolite',
Andradite'Demantoide',
Andradite'Demantoide',
Andradite'Demantoide',
Andradite'Demantoide',
Andradite'Demantoide',
Andradite'Melanite',
Schorlomite,09.AD.25
Schorlomite,09.AD.25
Uvarovite,09.AD.25
Grossulaire,09.AD.25
Uvarovite,09.AD.25
Uvarovite,09.AD.25
Uvarovite,09.AD.25
Uvarovite,09.AD.25
Momoiite,
Goldmanite,09.AD.25
Kimzeyite,09.AD.25
Henritermierite,09.AD.25
Zircon,09.AD.30
Zircon,09.AD.30
Zircon,09.AD.30
Zircon,09.AD.30
Umbozerite,09.HG.15
Eulytine,
Eulytine,
Euclase,09.AE.10
Euclase,09.AE.10
Hodgkinsonite,09.AE.20
Sillimanite,09.AF.05
Sillimanite,09.AF.05
Sillimanite'Fibrolite',
Andalusite,09.AF.10
Andalusite,09.AF.10
Andalusite'Chiastolite',
Andalusite'Chiastolite',
Andalusite'Chiastolite',
Andalusite'Chiastolite',
Kanonaite,09.AF.10
Kyanite,09.AF.15
Kyanite,09.AF.15
Kyanite,09.AF.15
Kyanite,09.AF.15
Kyanite,09.AF.15
Kyanite,09.AF.15
Kyanite,09.AF.15
Kyanite,09.AF.15
Kyanite,09.AF.15
Kyanite,09.AF.15
Mullite,09.AF.20
Mullite,09.AF.20
Mullite,09.AF.20
Mullite,09.AF.20
Yoderite,09.AF.25
Yoderite,09.AF.25
Topaz,09.AF.35
Topaz,09.AF.35
Topaz,09.AF.35
Topaz,09.AF.35
Topaz,09.AF.35
Topaz,09.AF.35
Topaz,09.AF.35
Topaz,09.AF.35
Topaz,09.AF.35
Staurolite,09.AF.30
Staurolite,09.AF.30
Staurolite,09.AF.30
Staurolite,09.AF.30
Staurolite,09.AF.30
Staurolite,09.AF.30
Staurolite,09.AF.30
Staurolite,09.AF.30
Norbergite,09.AF.40
Norbergite,09.AF.40
Chondrodite,09.AF.45
Humite,09.AF.50
Clinohumite,09.AF.55
Alleghanyite,09.AF.45
Reinhardbraunsite,09.AF.45
Reinhardbraunsite,09.AF.45
Leucophoenicite,09.AF.60
Sonolite,09.AF.55
Rondorfite,09.AB.20
Jasmundite,09.AG.70
Chapmanite,09.ED.25
Chapmanite,09.ED.25
Chapmanite,09.ED.25
Chapmanite,09.ED.25
Bismutoferrite,09.ED.25
Braunite,09.AG.05
Braunite,09.AG.05
Braunite,09.AG.05
Braunite,09.AG.05
Braunite,09.AG.05
Braunite,09.AG.05
Braunite ,
Franciscanite,09.AF.07.5
Franciscanite,09.AF.07.5
Franciscanite,09.AF.07.5
Örebroite,09.AF.07.5
Langbanite,09.AG.10
Yeatmanite,09.AE.45
Katoptrite,09.AE.40
Katoptrite,09.AE.40
Mcgovernite,08.BE.45
Kraisslite,08.BE.45
Kraisslite,08.BE.45
Asbecasite,04.JB.30
Asbecasite,04.JB.30
Asbecasite,04.JB.30
Titanite,09.AG.15
Titanite,09.AG.15
Titanite,09.AG.15
Titanite,09.AG.15
Titanite,09.AG.15
Titanite,09.AG.15
Titanite,09.AG.15
Titanite,09.AG.15
Titanite,09.AG.15
Titanite,09.AG.15
Titanite,09.AG.15
Titanite,09.AG.15
Titanite,09.AG.15
Titanite'Ree Titanite',
Titanite,09.AG.15
Titanite,09.AG.15
Titanite,09.AG.15
Malayaite,09.AG.15
Sitinakite,09.AG.30
Tornebohmite-(Ce),
Cerite-(Ce),
Afwillite,09.AG.75
Bultfonteinite,09.AG.80
Spurrite,09.AH.15
Spurrite'Paraspurrite',
Vuagnatite,09.AG.60
Vuagnatite,09.AG.60
Vuagnatite,09.AG.60
Vuagnatite,09.AG.60
Vuagnatite,09.AG.60
Vuagnatite,09.AG.60
Mozartite,09.AG.60
Mozartite,09.AG.60
Chantalite,09.AG.55
Cebollite,09.BB.10
Chloritoide,09.AF.85
Chloritoid,09.AF.85
Ottrelite,09.AF.85
Ottrelite,09.AF.85
Ottrelite,09.AF.85
Stringhamite,09.AE.35
Stringhamite,09.AE.35
Clinohedrite,09.AE.30
Fluorellestadite,
Fluorellestadite,
Fluorellestadite,
Iranite,07.FC.15
Hemihedrite,07.FC.15
Hemihedrite,07.FC.15
Hemihedrite,07.FC.15
Macquartite,09.HH.05
Datolite,09.AJ.20
Datolite,09.AJ.20
Datolite,09.AJ.20
Datolite,09.AJ.20
Homilite,09.AJ.20
Ellenbergerite,09.AF.80
Kornerupine,09.BJ.50
Dumortierite,09.AJ.10
Dumortierite,09.AJ.10
Dumortierite,09.AJ.10
Holtite,09.AJ.10
Grandidierite,09.AJ.05
Okanoganite-(Y),
Uranophane,
Thortveitite,09.BC.05
Gittinsite,09.BC.05
Cervandonite-(Ce),
Cervandonite-(Ce),
Cervandonite-(Ce),
Cervandonite-(Ce),
Cervandonite-(Ce),
Akermanite,09.BB.10
Gehlenite,09.BB.10
Melilite,09.BB.10
Hardystonite,09.BB.10
Meliphanite,09.DP.05
Barysilite,09.BC.20
Edgarbaileyite,09.BC.25
Edgarbaileyite,09.BC.25
Edgarbaileyite,09.BC.25
Edgarbaileyite,09.BC.25
Edgarbaileyite,09.BC.25
Bertrandite,09.BD.05
Bertrandite,09.BD.05
Hemimorphite,09.BD.10
Hemimorphite,09.BD.10
Hemimorphite,09.BD.10
Hemimorphite,09.BD.10
Hemimorphite,09.BD.10
Hemimorphite,09.BD.10
Hemimorphite,09.BD.10
Hemimorphite,09.BD.10
Hemimorphite,09.BD.10
Hemimorphite,09.BD.10
Junitoite,09.BD.15
Cuspidine,09.BE.17
Tilleyite,09.BE.08.2
Jaffeite,09.BE.12
Jaffeite,09.BE.12
Suolunite,09.BE.10
Lawsonite,09.BE.05
Ilvaite,09.BE.07
Ilvaite,09.BE.07
Ilvaite,09.BE.07
Ilvaite,09.BE.07
Ilvaite,09.BE.07
Ilvaite,09.BE.07
Ilvaite,09.BE.07
Wohlerite,
Wohlerite,
Wohlerite,
Wohlerite,
Wohlerite,
Janhaugite,09.BE.17
Janhaugite,09.BE.17
Normandite,09.BE.17
Lavenite,09.BE.17
Lavenite,09.BE.17
Lavenite,09.BE.17
Niocalite,09.BE.17
Niocalite,09.BE.17
Hiortdahlite-I,
Hiortdahlite,
Mosandrite-(Ce),
Mosandrite'Lovchorrite',
Mosandrite'Lovchorrite',
Mosandrite'Lovchorrite',
Mosandrite'Lovchorrite',
Rosenbuschite,09.BE.22
Hainite-(Y),
Lamprophyllite,09.BE.25
Lamprophyllite,09.BE.25
Lamprophyllite,09.BE.25
Barytolamprophyllite,09.BE.25
Barytolamprophyllite,09.BE.25
Ericssonite (-2m),
Murmanite,09.BE.27
Murmanite,09.BE.27
Epistolite,09.BE.30
Lomonosovite,09.BE.32
Lomonosovite,09.BE.32
Yoshimuraite,09.BE.42
Fresnoite,09.BE.15
Fresnoite,09.BE.15
Bafertisite,09.BE.55
Delindeite,09.BE.60
Delindeite,09.BE.60
Delindeite,09.BE.60
Fersmanite,09.BE.72
Nasonite,09.BE.77
Melanotekite,09.BE.80
Kentrolite,09.BE.80
Kentrolite,09.BE.80
Clinozoisite,09.BG.05a
Natrolite,
Clinozoisite,09.BG.05a
Epidote,09.BG.05a
Epidote,09.BG.05a
Epidote,09.BG.05a
Epidote,09.BG.05a
Epidote,09.BG.05a
Epidote,09.BG.05a
Epidote,09.BG.05a
Epidote,09.BG.05a
Epidote,09.BG.05a
Epidote,09.BG.05a
Piemontite,09.BG.05a
Piemontite,09.BG.05a
Piemontite,09.BG.05a
Piemontite,09.BG.05a
Piemontite,09.BG.05a
Piemontite,09.BG.05a
Piemontite-(Sr),
Piemontite-(Sr),
Allanite-(Y),
Allanite-(Ce),
Allanite-(Ce),
Zoisite,09.BG.10
Zoisite'Tanzanite',
Zoisite'Thulite',
Clinozoisite,09.BG.10
Macfallite,09.BG.15
Macfallite,09.BG.15
Macfallite,09.BG.15
Macfallite,09.BG.15
Sursassite,09.BG.15
Sursassite,09.BG.15
Tiragalloite,09.BG.15
Sursassite,09.BG.15
Pumpellyite-(Mg),
Julgoldite-(Fe++),
Julgoldite-(Fe+++),
Okhotskite-(Mn++),
Vesuvianite,09.BG.35
Vesuvianite,09.BG.35
Vesuvianite,09.BG.35
Vesuvianite,09.BG.35
Vesuvianite,09.BG.35
Vesuvianite,09.BG.35
Vesuvianite,09.BG.35
Vesuvianite,09.BG.35
Ganomalite,09.BG.25
Queitite,09.BF.20
Rosenhahnite,09.BJ.10
Kinoite,09.BH.10
Kinoite,09.BH.10
Ardennite-(As),
Ruizite,09.BJ.35
Tiragalloite,09.BJ.25
Tiragalloite,09.BJ.25
Medaite,09.BJ.30
Medaite,09.BJ.30
Saneroite,09.DK.15
Saneroite,09.DK.15
Saneroite,09.DK.15
Saneroite,09.DK.15
Orientite,09.BJ.05
Orientite,09.BJ.05
Orientite,09.BJ.05
Orientite,09.BJ.05
Zunyite,09.BJ.55
Gilalite,09.HE.05
Apachite,09.HE.10
Ajoite,09.EA.70
Juanite,09.HA.70
Jennite,09.DG.20
Luddenite,09.HH.10
Creaseyite,09.HH.15
Creaseyite,09.HH.15
Benitoite,09.CA.05
Benitoite,09.CA.05
Benitoite,09.CA.05
Pabstite,09.CA.05
Pabstite,09.CA.05
Bazirite,09.CA.05
Wadeite,09.CA.10
Wadeite,09.CA.10
Walstromite,09.CA.25
Walstromite,09.CA.25
Margarosanite,09.CA.25
Roeblingite,09.CB.05
Jonesite,09.DJ.30
Axinite-(Fe),
Axinite-(Fe),
Axinite-(Fe),
Axinite-(Fe),
Axinite-(Fe),
Axinite-(Fe),
Axinite-(Fe),
Axinite-(Fe),
Axinite-(Fe),
Axinite-(Mn),
Tinzenite,09.BD.20
Tinzenite,09.BD.20
Tinzenite,09.BD.20
Tinzenite,09.BD.20
Tinzenite,09.BD.20
Tinzenite,09.BD.20
Tinzenite,09.BD.20
Tinzenite,09.BD.20
Tinzenite,09.BD.20
Papagoite,09.CE.05
Ashburtonite,09.CF.05
Nenadkevichite,09.CE.30a
Labuntsovite-Mn,
Labuntsovite-Mn,
Titantaramellite,09.CE.20
Taramellite,09.CE.20
Taramellite,09.CE.20
Taramellite,09.CE.20
Strontiojoaquinite,09.CE.25
Strontioorthojoaquinite,
Joaquinite-(Ce),
Joaquinite-(Ce),
Kainosite-(Y),
Beryl,09.CJ.05
Beryl,09.CJ.05
Beryl,09.CJ.05
Beryl,09.CJ.05
Beryl'Aquamarine',
Beryl'Emerald',
Beryl'Emerald',
Beryl'Emerald',
Beryl'Emerald',
Beryl'Emerald',
Beryl'Goshenite',
Bazzite,09.CJ.05
Bazzite,09.CJ.05
Cordierite,09.CJ.10
Cordierite,09.CJ.10
Cordierite,09.CJ.10
Cordierite'Pinite',
Cordierite'Pinite',
Sekaninaite,09.CJ.10
Vyuntspakhkite-(Y),
Baratovite,09.CJ.25
Baratovite,09.CJ.25
Tisinalite,09.CJ.15
Petarasite,09.CJ.40
Elbaite,09.CK.05
Elbaite,09.CK.05
Elbaite,09.CK.05
Elbaite'Verdelite',
Elbaite'Rubellite',
Elbaite,09.CK.05
Elbaite'Rubellite',
Elbaite,09.CK.05
Elbaite,09.CK.05
Magnesiofoitite,09.CK.05
Dravite,09.CK.05
Dravite,09.CK.05
Dravite,09.CK.05
Dravite,09.CK.05
Dravite,09.CK.05
Schorl,09.CK.05
Schorl,09.CK.05
Schorl,09.CK.05
Schorl,09.CK.05
Schorl,09.CK.05
Schorl,09.CK.05
Schorl,09.CK.05
Schorl,09.CK.05
Fluorbuergerite,
Verplanckite,09.CE.10
Dioptase,09.CJ.30
Dioptase,09.CJ.30
Dioptase,09.CJ.30
Dioptase,09.CJ.30
Dioptase,09.CJ.30
Chrysocolla,09.ED.20
Chrysocolla,09.ED.20
Chrysocolla,09.ED.20
Chrysocolla,09.ED.20
Milarite,09.CM.05
Milarite,09.CM.05
Trattnerite,09.CM.05
Trattnerite,09.CM.05
Eifelite,09.CM.05
Roedderite,09.CM.05
Roedderite,09.CM.05
Roedderite,09.CM.05
Chayesite,09.CM.05
Chayesite,09.CM.05
Chayesite,09.CM.05
Chayesite,09.CM.05
Chayesite,09.CM.05
Chayesite,09.CM.05
Osumilite-(Mg),
Osumilite,09.CM.05
Osumilite,09.CM.05
Osumilite,09.CM.05
Osumilite,09.CM.05
Osumilite,09.CM.05
Emeleusite,09.DN.05
Sugilite,09.CM.05
Sugilite,09.CM.05
Sugilite,09.CM.05
Brannockite,09.CM.05
Armenite,09.CM.05
Armenite,09.CM.05
Armenite,09.CM.05
Armenite,09.CM.05
Armenite,09.CM.05
Armenite,09.CM.05
Muirite,09.CN.05
Muirite,09.CN.05
Eudialyte,09.CO.10
Eudialyte,09.CO.10
Eudialyte,09.CO.10
Eudialyte'Eucolite',
Eudialyte'Eucolite',
Ikranite,09.CO.10
Traskite,09.CP.05
Clinoenstatite,09.DA.10
Pigeonite,09.DA.10
Diopside,09.DA.15
Diopside,09.DA.15
Diopside,09.DA.15
Diopside'Diopsidic Augite',
Diopside,09.DA.15
Diopside,09.DA.15
Diopside,09.DA.15
Diopside,09.DA.15
Diopside'Salite',
Diopside,09.DA.15
Diopside,09.DA.15
Diopside,09.DA.15
Diopside'Violane',
Diopside'Baikalite',
Diopside'Lavrovite',
Diopside'Diallage',
Diopside'Diallage',
Diopside,09.DA.15
Diopside'Violane',
Diopside,09.DA.15
Diopside'Schefferite',
Hedenbergite,09.DA.15
Hedenbergite,09.DA.15
Hedenbergite,09.DA.15
Hedenbergite,09.DA.15
Hedenbergite,09.DA.15
Hedenbergite,09.DA.15
Hedenbergite,09.DA.15
Hedenbergite,09.DA.15
Johannsenite,09.DA.15
Johannsenite,09.DA.15
Johannsenite,09.DA.15
Petedunnite,09.DA.15
Augite,09.DA.15
Augite,09.DA.15
Augite,09.DA.15
Augite,09.DA.15
Augite,09.DA.15
Augite,09.DA.15
Augite'Fassaite',
Augite'Fassaite',
Augite'Fassaite',
Omphacite,09.DA.20
Omphacite,09.DA.20
Spodumene,09.DA.30
Spodumene'Kunzite',
Spodumene'Kunzite',
Spodumene'Hiddenite',
Spodumene,09.DA.30
Jadeite,09.DA.25
Jadeite,09.DA.25
Jadeite,09.DA.25
Aegirine,09.DA.25
Aegirine'Schefferite',
Aegirine'Schefferite',
Namansilite,09.DA.25
Namansilite,09.DA.25
Kosmochlor,09.DA.25
Enstatite,09.DA.05
Enstatite,09.DA.05
Enstatite,09.DA.05
Enstatite,09.DA.05
Enstatite,09.DA.05
Enstatite,09.DA.05
Donpeacorite,09.DA.05
Carpholite,09.DB.05
Carpholite,09.DB.05
Lorenzenite,09.DB.10
Lorenzenite,09.DB.10
Lorenzenite,09.DB.10
Lorenzenite,09.DB.10
Lorenzenite,09.DB.10
Shattuckite,09.DB.40
Plancheite,09.DB.35
Cummingtonite,09.DE.05
Cummingtonite,09.DE.05
Cummingtonite,09.DE.05
Cummingtonite,09.DE.05
Grunerite,09.DE.05
Clino-ferro-suenoite,09.DE.05
Glaucophane,09.DE.25
Glaucophane,09.DE.25
Glaucophane,09.DE.25
Glaucophane'Crossite',
Glaucophane,09.DE.25
Magnesioriebeckite,09.DE.25
Riebeckite,09.DE.25
Riebeckite'Crocidolite',
Eckermannite,09.DE.25
Magnesio-fluoro-arfvedsonite,
Arfvedsonite,09.DE.25
Arfvedsonite,09.DE.25
Mangano-ferri-eckermannite,09.DE.25
Richterite,09.DE.20
Richterite,09.DE.20
Fluororichterite,09.DE.20
Taramite,09.DE.20
Tremolite,09.DE.10
Tremolite,09.DE.10
Tremolite'Hexagonite',
Tremolite'Asbestos',
Actinolite,09.DE.10
Actinolite,09.DE.10
Actinolite,09.DE.10
Actinolite,09.DE.10
Actinolite,09.DE.10
Actinolite,09.DE.10
Actinolite,09.DE.10
Actinolite'Asbestos',
Actinolite,09.DE.10
Actinolite,09.DE.10
Actinolite'Byssolite',
Actinolite'Byssolite',
Actinolite'Nephrite',
Actinolite'Uralite',
Actinolite'Byssolite',
Ferroactinolite,
Ferroactinolite,
Magnesiohornblende,09.DE.10
Magnesiohornblende,09.DE.10
Magnesiohornblende,09.DE.10
Magnesiohornblende,09.DE.10
Magnesiohornblende,09.DE.10
Ferrohornblende,09.DE.10
Tschermakite,09.DE.10
Ferrotschermakite,09.DE.10
Ferrotschermakite,09.DE.10
Edenite,09.DE.10
Pargasite,09.DE.10
Pargasite,09.DE.10
Ferropargasite,09.DE.10
Ferropargasite,09.DE.10
Ferropargasite,09.DE.10
Magnesiohastingsite,09.DE.10
Magnesiohastingsite,09.DE.10
Kaersutite,09.DE.10
Kaersutite,09.DE.10
Holmquistite,09.DE.05
Anthophyllite,09.DE.05
Anthophyllite,09.DE.05
Gedrite,09.DE.05
Gedrite,09.DE.05
Grunerite,09.DE.05
Aenigmatite,09.DH.45
Aenigmatite,09.DH.45
Wilkinsonite,09.DH.45
Hogtuvaite,09.DH.40
Dorrite,09.DH.45
Dorrite,09.DH.45
Dorrite,09.DH.45
Dorrite,09.DH.45
Dorrite,09.DH.45
Welshite,09.DH.45
"Sapphirine (-1a,-2a,-2m,-4m,-5a)",
"Sapphirine (-1a,-2a,-2m,-4m,-5a)",
Deerite,09.DH.60
Howieite,09.DH.65
Wollastonite,
Wollastonite,
Wollastonite-2m (?),
Wollastonite-7t,
Ferrobustamite,09.DG.05
Bustamite,09.DG.05
Pectolite,09.DG.05
Pectolite,09.DG.05
Pectolite-M2abc,
Denisovite,09.HA.85
Serandite,09.DG.05
Foshagite,09.DG.15
Foshagite,09.DG.15
Chesterite,09.DF.05
Tobermorite,09.DG.10
Tobermorite,09.DG.10
Tobermorite,09.DG.10
Tobermorite,09.DG.10
Tacharanite,09.HA.75
Kenotobermorite,
Plombierite,09.DG.008.
Plombierite,09.DG.008.
Whelanite,
Sorensenite,09.DG.30
Nekoite,09.EA.45
Scawtite,09.CK.15
Xonotlite,09.DG.35
Zorite,09.DG.45
Tokkoite,09.DG.75
Tinaksite,09.DG.75
Elpidite,09.DG.65
Elpidite,09.DG.65
Balangeroite,09.DH.35
Balangeroite,09.DH.35
"Gageite (-1a,-2m)",
Gageite-1a,
Gageite-2m,
Leucophanite,09.DH.05
Krauskopfite,09.DH.30
Krauskopfite,09.DH.30
Haradaite,09.DH.15
Rhodonite,09.DK.05
Rhodonite,09.DK.05
Rhodonite,09.DK.05
Rhodonite,
Rhodonite,09.DK.05
Rhodonite'Fowlerite',
Rhodonite,09.DK.05
Babingtonite,09.DK.05
Manganbabingtonite,09.DK.05
Manganbabingtonite,09.DK.05
Santaclaraite,09.DK.10
Santaclaraite,09.DK.10
Nambulite,09.DK.05
Marsturite,09.DK.05
Marsturite,09.DK.05
Inesite,09.DL.05
Inesite,09.DL.05
Inesite,09.DL.05
Howlite,06.CB.20
Hilairite,09.DM.10
Hilairite,09.DM.10
Sazykinaite-(Y),
Gaidonnayite,09.DM.15
Gaidonnayite,09.DM.15
Zektzerite,09.DN.05
Pellyite,09.DO.10
Pyroxmangite,09.DO.05
Pyroxmangite,09.DO.05
Alamosite,09.DO.20
Davreuxite,09.BF.15
Davreuxite,09.BF.15
Davreuxite,09.BF.15
Narsarsukite,09.DJ.05
Narsarsukite,09.DJ.05
Narsarsukite,09.DJ.05
Narsarsukite,09.DJ.05
Vlasovite,09.DM.25
Miserite,09.DG.85
Yuksporite,09.DG.95
Yuksporite,09.DG.95
Charoite,09.DG.09.2
Charoite,09.DG.09.2
Tadzhikite-(Ce),
Neptunite,09.EH.05
Neptunite,09.EH.05
Okenite,09.EA.40
Eakerite,09.CG.05
Nordite-(Ce),
Eudidymite,09.DG.60
Eudidymite,09.DG.60
Eudidymite,09.DG.60
Eudidymite,09.DG.60
Epididymite,09.DG.55
Epididymite,09.DG.55
Epididymite,09.DG.55
Epididymite,09.DG.55
Searlesite,09.EF.15
Bavenite,09.DF.25
Bavenite,09.DF.25
Bavenite,09.DF.25
Bavenite,09.DF.25
Chiavennite,09.GF.25
Chiavennite,09.GF.25
Prehnite,09.DP.20
Prehnite,09.DP.20
Prehnite,09.DP.20
Prehnite,09.DP.20
Prehnite,09.DP.20
Prehnite,09.DP.20
Prehnite,09.DP.20
Prehnite,09.DP.20
Prehnite,09.DP.20
Prehnite,09.DP.20
Prehnite,09.DP.20
Lemoynite,09.DP.35
Lobanovite,
Astrophyllite,09.DC.05
Astrophyllite,09.DC.05
Astrophyllite,09.DC.05
Kupletskite,09.DC.05
Kupletskite,09.DC.05
Kupletskite,09.DC.05
Kupletskite,09.DC.05
Kupletskite,09.DC.05
Niobophyllite,09.DC.05
Apophyllite-(Kf),
Apophyllite-(Kf),
Apophyllite-(Kf),
Apophyllite-(Kf),
Apophyllite-(Kf),
Apophyllite-(Kf),
Apophyllite-(Kf),
Apophyllite-(Kf),
Cuprorivaite,09.EA.05
Gillespite,09.EA.05
Sanbornite,09.EF.10
Sanbornite,09.EF.10
Sanbornite,09.EF.10
Litidionite,09.DG.07.0
Tuscanite,09.EG.45
Carletonite,09.EB.20
Pyrophyllite,09.EC.10
Talc,09.EC.05
Talc,09.EC.05
Talc,09.EC.05
Talc,09.EC.05
Talc,09.EC.05
Talc,09.EC.05
Willemseite,09.EC.05
Kegelite,09.EC.80
Celadonite,09.EC.15
Paragonite,09.EC.15
Boromuscovite,09.EC.15
Muscovite,09.EC.15
Muscovite,09.EC.15
Muscovite,09.EC.15
Muscovite,09.EC.15
Muscovite,09.EC.15
Muscovite,09.EC.15
Muscovite'Alurgite',
Muscovite'Damourite',
Muscovite'Phengite''Mariposite',
Muscovite'Sericite',
Muscovite'Fuchsite',
Muscovite'Fuchsite',
Muscovite'Fuchsite',
Muscovite'Fuchsite',
Muscovite'Oellacherite',
Muscovite'Oellacherite',
Muscovite'Oellacherite',
Muscovite,09.EC.15
Muscovite'Alurgite',
Roscoelite,09.EC.15
Polylithionite,09.EC.20
Polylithionite,09.EC.20
Tainiolite,09.EC.15
Norrishite,09.EC.20
Trilithionite,09.EC.20
Trilithionite,09.EC.20
Trilithionite,09.EC.20
Trilithionite,09.EC.20
Phlogopite,09.EC.20
Phlogopite,09.EC.20
Phlogopite,09.EC.20
Phlogopite,
Phlogopite'Phlogopite-Annite''Meroxene',
Phlogopite'Phlogopite-Annite',
Phlogopite,09.EC.20
Hendricksite,09.EC.20
Annite,09.EC.20
Annite,09.EC.20
Biotite,
Annite'Annite-Phlogopite',
Annite'Annite-Phlogopite''Manganophyllite',
Tetraferriannite,09.EC.20
Ephesite,09.EC.20
Preiswerkite,09.EC.20
Preiswerkite,09.EC.20
Siderophyllite,09.EC.20
Siderophyllite,09.EC.20
Bityite,09.EC.35
Kinoshitalite,09.EC.35
Margarite,09.EC.30
Clintonite,09.EC.35
Wonesite,09.EC.20
Paragonite,09.EC.25
Illite,09.EC.60
Glauconite,09.EC.15
Agrellite,09.DH.75
Agrellite,09.DH.75
Stilpnomelane,09.EG.40
Stilpnomelane,09.EG.40
Parsettensite,09.EG.40
Parsettensite,09.EG.40
Parsettensite,09.EG.40
Eggletonite,09.EG.30
Tamaite,09.EG.30
Ganophyllite,09.EG.30
Ganophyllite,09.EG.30
Rectorite,09.EC.60
Palygorskite,09.EC.60
Rectorite,09.EC.60
Palygorskite,09.EC.60
Tosudite,09.EC.60
Hydrobiotite,09.EC.60
Montmorillonite,09.EC.40
Montmorillonite,
Nontronite,09.EC.40
Nontronite V. Volkonskoite,
Nontronite V. Volkonskoite,
Volkonskoite,09.EC.40
Swinefordite,09.EC.45
Hectorite,09.EC.45
Saponite,09.EC.45
Saponite,09.EC.45
Spadaite,09.EC.45
Sauconite,09.EC.45
Sauconite,09.EC.45
Vermiculite,09.EC.50
Vermiculite,09.EC.50
Vermiculite,09.EC.50
Sudoite,09.EC.55
Clinochlore,09.EC.55
Clinochlore,09.EC.55
Clinochlore,09.EC.55
Clinochlore'Kotschubeite',
Clinochlore,
Clinochlore,
Clinochlore,
Clinochlore'Clinochlore Manganoan',
Clinochlore,
Clinochlore,
Clinochlore',
Clinochlore'Penninite',
Clinochlore,09.EC.55
Clinochlore,09.EC.55
Chamosite,09.EC.55
Chamosite,09.EC.55
Cookeite,09.EC.55
Cookeite,09.EC.55
Franklinfurnaceite,09.EC.55
Molybdophyllite,09.HH.25
Ferrisurite,09.EC.75
Kaolinite,09.ED.05
Kaolinite,09.ED.05
Kaolinite,09.ED.05
Kaolinite,09.ED.05
Dickite,09.ED.05
Dickite,09.ED.05
Dickite,09.ED.05
Dickite,09.ED.05
Nacrite,09.ED.05
Halloysite,09.ED.10
Halloysite,09.ED.10
Halloysite,
Allophane,09.ED.20
Allophane'Hyaloallophane',
Allophane,09.ED.20
Imogolite (?),
Hisingerite,09.ED.10
Hisingerite'Sturtite',
Hisingerite,09.ED.10
Neotocite,09.ED.20
Neotocite,09.ED.20
Antigorite,09.ED.15
Antigorite'Schweizerite',
"Lizardite (-1t,-2h)",
"Lizardite (-1t,-2h)",
Chrysotile,09.ED.15
Chrysotile,09.ED.15
Chrysotile,09.ED.15
Chrysotile,09.ED.15
Chrysotile,09.ED.15
Chrysotile,09.ED.15
Chrysotile,09.ED.15
Chrysotile,09.ED.15
Chrysotile,09.ED.15
Chrysotile,09.ED.15
"Caryopilite (1m,-1q)",
"Caryopilite (1m,-1q)",
Greenalite,09.ED.15
Fraipontite,09.ED.15
Fraipontite,09.ED.15
Amesite,09.ED.15
Kellyite,09.ED.15
Cronstedtite,09.ED.15
Cronstedtite,09.ED.15
Nepouite,09.ED.15
Pecoraite,09.ED.15
Pecoraite,09.ED.15
Brindleyite,09.ED.15
Carlosturanite,09.DJ.25
Nelenite,09.EE.15
Friedelite,09.EE.10
Mcgillite,09.EE.10
Bementite,09.EE.05
Naujakasite,09.EG.10
Plumbophyllite,09.HX.00
Tuperssuatsiaite,09.EE.20
Palygorskite,09.EE.20
Yofortierite,09.EE.20
Sepiolite,09.EE.25
Loughlinite,09.EE.25
Raite,09.EE.55
Fedorite,09.EE.80
Gyrolite,09.EE.30
Gyrolite,
Gyrolite,09.EE.30
Zeophyllite,09.EE.70
Maricopaite,09.GD.35
Cavansite,09.EA.50
Cavansite,09.EA.50
Monteregianite-(Y),
Rhodesite,09.EB.05
Rhodesite,09.EB.05
Macdonaldite,09.EB.05
Cymrite,09.EG.05
Lourenswalsite,09.EJ.05
Lourenswalsite,09.EJ.05
Wickenburgite,09.EG.55
Wickenburgite,09.EG.55
Burckhardtite,09.EC.70
Magadiite,09.EA.20
Magadiite,09.EA.20
Stratlingite,
Zussmanite,09.EG.35
Nepheline,09.FA.05
Nepheline,09.FA.05
Nepheline,09.FA.05
Nepheline,09.FA.05
Kalsilite,09.FA.05
Petalite,09.EF.05
Chkalovite,09.DM.20
Leucite,09.GB.05
Leucite,09.GB.05
Leucite,09.GB.05
Leucite,09.GB.05
Buddingtonite,09.FA.30
Buddingtonite,09.FA.30
Buddingtonite,09.FA.30
Sanidine,09.FA.30
Sanidine,09.FA.30
Sanidine,09.FA.30
Sanidine,09.FA.30
Microcline,09.FA.30
Microcline,09.FA.30
Microcline,
Microcline,
Orthoclase,09.FA.30
Orthoclase,09.FA.30
Orthoclase,09.FA.30
Orthoclase,09.FA.30
Orthoclase,09.FA.30
Orthoclase,09.FA.30
Orthoclase,09.FA.30
Orthoclase,09.FA.30
Orthoclase,09.FA.30
Orthoclase,09.FA.30
Orthoclase'Adularia',
Orthoclase,
Orthoclase,
Orthoclase'Adularia',
Orthoclase,
Orthoclase,
Orthoclase'Adularia',
Orthoclase,
Orthoclase,
Hyalophane,09.FA.30
Hyalophane,09.FA.30
Hyalophane,09.FA.30
Hyalophane,09.FA.30
Slawsonite,09.FA.50
Slawsonite,09.FA.50
Anorthoclase,09.FA.30
Anorthoclase,09.FA.30
Anorthoclase,09.FA.30
Albite,09.FA.35
Albite,09.FA.35
Albite,09.FA.35
Albite,09.FA.35
Albite,09.FA.35
Albite,09.FA.35
Albite,09.FA.35
Albite,09.FA.35
Albite'Pericline',
Albite',
Albite,09.FA.35
Albite,
Albite,
Albite,
Andesine (A Variety Of Albite),
Andesine (A Variety Of Albite),
Anorthite,
Anorthite,
Anorthite,
Labradorite (A Variety Of Anorthite),
Anorthite,
Anorthite,
Anorthite,
Anorthite,
Anorthite,09.FA.35
Anorthite,09.FA.35
Stronalsite,09.FA.60
Danburite,09.FA.65
Danburite,09.FA.65
Cancrinite,09.FB.05
Cancrinite,09.FB.05
Cancrinite,09.FB.05
Cancrinite,09.FB.05
Bystrite,09.FB.05
Bystrite,09.FB.05
Afghanite,09.FB.05
Afghanite,09.FB.05
Tounkite,09.FB.05
Sacrofanite,09.FB.05
Vishnevite,09.FB.05
Vishnevite,09.FB.05
Franzinite,09.FB.05
Franzinite,09.FB.05
Liottite,09.FB.05
Wenkite,09.GD.25
Leifite,09.EH.25
Tsaregorodtsevite,09.FB.10
Sodalite,09.FB.10
Sodalite,
Sodalite,09.FB.10
Sodalite,09.FB.10
Sodalite,09.FB.10
Nosean,09.FB.10
Nosean,09.FB.10
Hauyne,
Hauyne,
Hauyne,
Hauyne,
Hauyne,
Lazurite,09.FB.10
Lazurite,09.FB.10
Lazurite,09.FB.10
Lazurite,09.FB.10
Tugtupite,09.FB.10
Danalite,09.FB.10
Helvite,09.FB.10
Helvite,09.FB.10
Helvite,09.FB.10
Genthelvite,09.FB.10
Genthelvite,09.FB.10
Marialite,09.FB.15
Marialite,
Marialite,
Marialite,
Meionite,09.FB.15
Meionite,
Meionite,
Meionite,09.FB.15
Ussingite,09.EH.20
Bikitaite,09.GD.55
Hsianghualite,09.GB.05
Partheite,09.GB.35
Roggianite,09.GB.20
Perhamite,08.DO.20
Natrolite,09.GA.05
Natrolite,09.GA.05
Natrolite,09.GA.05
Natrolite,09.GA.05
Natrolite,09.GA.05
Natrolite,09.GA.05
Natrolite,09.GA.05
Natrolite,09.GA.05
Natrolite,09.GA.05
Natrolite,09.GA.05
Natrolite,09.GA.05
Natrolite,09.GA.05
Natrolite,09.GA.05
Natrolite,09.GA.05
Paranatrolite,09.GA.05
Gonnardite,09.GA.05
Gonnardite,09.GA.05
Mesolite,09.GA.05
Mesolite,09.GA.05
Mesolite,09.GA.05
Mesolite,09.GA.05
Mesolite,09.GA.05
Mesolite,09.GA.05
Mesolite,09.GA.05
Scolecite,09.GA.05
Thomsonite-Ca,
Thomsonite-Ca'Comptonite',
Thomsonite-Ca,
Thomsonite-Ca,
Thomsonite-Ca,
Thomsonite-Ca,
Thomsonite-Ca,
Thomsonite-Ca,
Ferrierite-Mg,
Ferrierite-Mg,
Ferrierite-Mg,
Ferrierite-Mg,
Ferrierite-Mg,
Boggsite,09.GC.30
Dachiardite-Ca,
Mordenite,09.GD.35
Mordenite,09.GD.35
Mordenite,09.GD.35
Edingtonite,09.GA.15
Laumontite,09.GB.10
Laumontite,09.GB.10
Laumontite,09.GB.10
Heulandite-Ca,
Heulandite-Ca,
Heulandite-Ca,
Heulandite-Ca,
Heulandite-Ca,
Heulandite-Ca,
Heulandite-Ca,
Heulandite-Ca,
Heulandite-Ca,
Heulandite-Ca,
Clinoptilolite-Na,
Clinoptilolite-Ca,
Stilbite-Na,
Stilbite-Ca,
Stilbite-Ca,
Stilbite-Ca,
Stilbite-Ca,
Stilbite-Ca,
Stilbite-Ca,
Stilbite-Ca,
Stilbite-Ca,
Stilbite-Ca,
Stilbite-Ca,
Stilbite-Ca,
Stellerite,09.GE.15
Goosecreekite,09.GB.25
Epistilbite,09.GD.45
Epistilbite,09.GD.45
Epistilbite,09.GD.45
Epistilbite,09.GD.45
Epistilbite,09.GD.45
Epistilbite,09.GD.45
Brewsterite-Sr,
Brewsterite-Sr,
Cowlesite,09.GG.05
Cowlesite,09.GG.05
Gismondine,09.GC.05
Gismondine,09.GC.05
Gismondine,09.GC.05
Gismondine,09.GC.05
Gismondine,09.GC.05
Gismondine,09.GC.05
Garronite-Ca,
Garronite,09.GC.05
Phillipsite-Na,
Phillipsite-Na,
Phillipsite-Na,
Phillipsite-Na,
Phillipsite-K,
Phillipsite-Ca,
Phillipsite-Ca,
Harmotome,09.GC.10
Harmotome,09.GC.10
Harmotome,09.GC.10
Harmotome,09.GC.10
Montesommaite,09.GB.30
Yugawaralite,09.GB.15
Yugawaralite,09.GB.15
Willhendersonite,09.GD.10
Chabazite-Na,
Chabazite-Na,
Chabazite-Na'Herschelite',
Chabazite-Na,
Chabazite-Ca,
Chabazite-Ca,
Chabazite-Ca,
Chabazite-Ca,
Chabazite-Ca,
Chabazite-Ca,
Chabazite-Ca,
Chabazite-Ca,
Chabazite-Ca,
Chabazite-Ca,
Chabazite-Ca,
Chabazite-Ca,
Chabazite-Ca,
Chabazite-Ca,
Chabazite-Ca,
Chabazite-Ca,
Tschernichite,09.GF.30
Tschernichite,09.GF.30
Gmelinite-Na,
Gmelinite-Na,
Gmelinite-Na,
Levyne-Ca,
Levyne-Ca,
Levyne-Ca,
Offretite,09.GD.25
Offretite,09.GD.25
Offretite,09.GD.25
Mazzite-Mg,
Erionite-Na,
Erionite-K,
Erionite-Ca,
Erionite-Ca,
Perlialite,09.GC.25
"Analcime (-1c,-1q,-1o,-1m)",
"Analcime (-1c,-1q,-1o,-1m)",
"Analcime (-1c,-1q,-1o,-1m)",
"Analcime (-1c,-1q,-1o,-1m)",
"Analcime (-1c,-1q,-1o,-1m)",
"Analcime (-1c,-1q,-1o,-1m)",
"Analcime (-1c,-1q,-1o,-1m)",
"Analcime (-1c,-1q,-1o,-1m)",
"Analcime (-1c,-1q,-1o,-1m)",
"Analcime (-1c,-1q,-1o,-1m)",
Pollucite,09.GB.05
Pollucite,09.GB.05
Wairakite,09.GB.05
Faujasite-Na,
Paulingite-Ca,
Iidateite (?),
Hydrougrandite = Discredited,
Eulytite = Eulytine,
Almandite = Almandine,
Demantoide = Andradite,
Mackintoshite = Thorogummite,
Malacon = Zircon,
Melanite = Titanian Andradite,
Agricolite = Eulytite,
Hibschite = Grossular Hydroxyl Variety,
Hydrogrossular = Hibschite-Katoite,
Yamatoite = Momoiite,
Olivine = Fayalite-Forsterite Or Olivine Group,
Phenacite = Phenakite,
Peridot = Forsterite,
Garnet = Garnet Supergroup,
Hessonite = Grossular,
Hydro Ugrandite = Hydrougrandite (Discredited),
Rothoffite = Andradite,
Kalkeisengranat = Andradite,
Spessartite = Spessartine,
Cyrtolite = Zircon,
Topazolite = Andradite,
Kalkgranat = Andradite,
Bakerite = Datolite,
Uranotile Beta = Uranophane Beta,
Fibrolite = Sillimanite,
Ellestadite,
Disthene = Kyanite,
Yttrotitanite = Titanite,
Sphene = Titanite,
Chiastolite = Andalusite,
Crucite = Chiastolite = Andalusite,
Cyanite = Kyanite,
Uranotile = Uranophane,
Keilhauite = Yttrian Titanite,
Staurotide = Staurolite,
Rothbraunsteinerz = Rhodonite,
Thulite = A Pink Zoisite Manganoan Variety,
Strontiopiemontite = Piemontite-(Sr),
Tanzanite = Zoisite,
Idocrase = Vesuvianite,
Zinkkieselerz = Hemimorphite,
Californite = Vesuvianite,
Calamine = Hemimorphite,
Zinkglaserz = Hemimorphite,
Orthite = Allanite-(Ce),
Yttroorthite (Yttro Orthite) = Allanite-(Y),
Woehlerite = Wohlerite,
Lievrite = Ilvaite,
Melinophane = Meliphanite,
"Saussurite = Zoisite, Scapolite, Etc.",
Uvite = A New Oxy-Tourmaline?,
Dichroite = Cordierite,
Emerald = Beryl,
Tourmaline = Tourmaline Group,
Iolite = Cordierite,
Emeraude = Emerald = Beryl,
Aiguemarine (Aigue-Marine) = Aquamarin = Beryl,
Esmeralda = Emerald = Beryl,
Smaragd = Emerald = Beryl,
Smeraldo = Emerald = Beryl,
Pinite = Altered Cordierite,
Iron Cordierite = Sekaninaite,
Cuivre Hydrosiliceux = Chrysocolla,
Smaragd = Emerald = Beryl,
Schörl = Schorl,
Ferro-Axinite = Axinite-(Fe),
Buergerite = Fluorbuergerite,
Eucolite = Eudialyte,
Manganaxinite = Axinite-(Mn),
Joaquinite = Joaquinite Group,
Verdelite = Elbaite Or Schorl,
Axinite = Axinite-(Fe) Or -(Mg) Or -(Mn),
Strontio Orthojoaquinite=Strontioorthojoaquinite,
Vanadiumdravite = Oxyvanadiumdravite,
Ferroaxinite = Axinite-(Fe),
Kupfergrun = Chrysocolla,
Aquamarine = Beryl,
Rubellite = Elbaite,
Strahlstein = Actinolite,
Smaragdite,
Shepardite (Of Rose) = Enstatite,
Barkevikite = Ferrohornblende,
Chloromelanite = Jadeite,
Pyroxene = Pyroxene Group,
"Amianthus=Tremolite, Actinolite, Chrysotile, etc",
Ramsayite = Lorenzenite,
Planchéite = Plancheite,
Byssolite = Actinolite-Tremolite,
Violan = Diopside,
Bronzite = Ferroan Enstatite,
Diallage = Diopside,
Baikalite = Diopside,
"Amianthus=Tremolite, Actinolite, Chrysotile, etc",
Uralite = Amphibole Pseudomorphous After Pyroxene,
Amphibole = Amphibole Group,
Amosite = Mainly Grunerite,
Ureyite = Kosmochlor,
Varaite = Namansilite,
Schefferite = Manganoan Aegirine,
Fowlerite = Zincian Rhodonite,
"Hornblende = Ferrohornblende, Magnesiohornblende",
Hypersthene = Enstatite-Ferrosilite,
Hiddenite = Spodumene,
Jade,
Hexagonite = Manganoan Tremolite,
Klipsteinite = Altered Rhodonite,
Kunzite = Spodumene,
Crocidolite = Riebeckite,
Grammatite = Tremolite,
Crossite = Glaucophane Or Riebeckite,
Magnesioanthophyllite = Anthophyllite,
Magnesiocummingtonite = Cummingtonite,
Fassaite = Diopside Or Augite,
Enigmatite = Aenigmatite,
Nephrite = Actinolite,
Parawollastonite = Wollastonite-2m,
Salite = Sahlite = Diopside,
Lavrovite = Diopside,
Orthopyroxene = Series In Pyroxene Group,
Dannemorite = Manganogrunerite,
Acmite = Aegirine,
Litidionite = Lithidionite,
Clinopyroxene = Series In Pyroxene Group,
Rothstein = Rhodonite Or Rhodochrosite,
Rothspath = Rhodonite Or Rhodochrosite,
Bisbeeite = Plancheite-Chrysocolla (?),
Magnesiumastrophyllite = Lobanovite,
Magnesium Astrophyllite = Lobanovite,
Errite = Parsettensite,
Mariposite = Chromian Phengite = Muscovite,
Ferroschallerite = Nelenite,
Hydromuscovite = Illite,
Meroxene = Biotite,
Hyaloallophane = Allophane + Hyalite,
Manganophyllite = Manganoan Biotite,
Sericite,
Frauenglas = Mica,
Oellacherite = Barian Muscovite,
Dubuissonite = Montmorillonite,
Ferriannite (Ferri-Annite) = Tetraferriannite,
Catgold (Cat Gold) = Muscovite,
Ripidolite = Ferroan Clinochlore,
Deweylite = Clinochrysotile-Lizardite (?),
Mica = Mica Group,
Lepidomelane = Ferrian Biotite,
Jefferisite = Vermiculite,
Kammererite = Chromian Clinochlore,
Kaolinite-Smectite = Clay Minerals,
Argent Des Chats = Muscovite,
Griffithite = Ferroan Saponite,
Potstone = Talc,
Glimmer = Mica,
Garnierite,
Lepidolite = Trilithionite,
Or Des Chats = Muscovite,
Leuchtenbergite = Clinochlore,
Garnierite,
Fuchsite = Chromian Muscovite,
Pennine = Clinochlore,
Orthochrysotile = Chrysotile,
Damourite = Muscovite,
Fluorapophyllite = Apophyllite-(Kf),
Glagerite = Halloysite,
Bastonite = Biotite,
Taeniolite = Tainiolite,
Centrallasite = Gyrolite,
Schweizerite = Serpentine,
Straetlingite = Stratlingite,
Sericite = Muscovite,
Phengite = A Series Name,
Brammallite = A Series Name,
Steatite = Talc,
Serpentine = Serpentine Group,
Penninite = Clinochlore,
Sturtite = Hisingerite Or Neotocite,
Apophyllite=Apophyllite-(Kf) Or -(Koh) Or -(Naf),
"Alurgite = Mg, Fe, Mn Muscovite",
Zinnwaldite = Siderophyllite-Polylithionite,
Volchonskoite = Volkonskoite,
Allevardite = Rectorite,
"Biotite (-1m,-2m,-5m1,-6a) = Series Name",
Smectite = Smectite Group,
Chlorite = Chlorite Group,
Illite = A Series Name,
Frauenglas = Muscovite,
Chrysotile,
Marienglas = Muscovite Or Gypsum,
Clinochlore Manganoan = Clinochlore,
Amazonite = Microcline,
Adulare = Orthoclase,
Tetranatrolite = Gonnardite,
Glaucolite = Glaukolite,
Sodalite,
Analcite = Analcime,
Lapis Lazuli = Lazurite,
Kalifeldspath,
Wernerite = Marialite-Meionite,
Adularia = Orthoclase,
Pericline = Albite,
Alkali Feldspars = Feldspars With K+ And Na+,
Peristerite = Albite,
Herschelite = Chabazite-Na,
K-Feldspar,
Desmine = Stilbite,
Mizzonite = Marialite-Meionite,
Feldspar = Feldspar Group,
Epidesmine = Stilbite,
Scapolite = Marialite-Meionite,
Ptilolite = Mordenite,
Comptonite = Thomsonite,
Dipyre = Scapolite,
Adulaire = Orthoclase,
Soda Feldspar = Albite,
Orthose = Orthoclase,
Plagioclase = Feldspar Group,
Levynite = Levyne,
Glaukolite = Scapolite = Meionite-Marialite,
Feldspath = Feldspar Group,
Cleavelandite = Albite,
Whewellite,10.AB.45
Whewellite,10.AB.45
Whewellite,10.AB.45
Whewellite,10.AB.45
Whewellite,10.AB.45
Whewellite,10.AB.45
Whewellite,10.AB.45
Humboldtine,10.AB.05
Mellite,10.AC.05
Kratochvilite,10.BA.25
Kratochvilite,10.BA.25
Simonellite,10.BA.45
Hoelite,10.CA.15
Branchite,10.BA.10
Fichtelite,10.BA.05
Carpatite,10.BA.30
Carpatite V. Pendletonite,
Idrialite,10.BA.20
Amber,
Amber,
Amber,
Amber,
Amber,
Amber,
Amber,
Amber,
Amber,
Kladnoite,10.CA.25
Kladnoite,10.CA.25
Kladnoite,10.CA.25
Jais = Jet (Gemstone From Hard Black Lignite),
Jet (Gemstone From Hard Black Lignite),
Bernstein = Amber,
Succinite = Amber,
Gold,
Gold,
Gold,
Gold,
Oosterboschite,02.BC.10
Oosterboschite,02.BC.10
Oosterboschite,02.BC.10
Oosterboschite,02.BC.10
Djurleite,02.BA.05b
Eucairite,02.BA.25d
Tiemannite,02.CB.05a
Eskebornite,02.CB.10a
Clausthalite,02.CD.10
Clausthalite,02.CD.10
Clausthalite,02.CD.10
Clausthalite,02.CD.10
Clausthalite,02.CD.10
Clausthalite,02.CD.10
Clausthalite,02.CD.10
Brannerite,04.DH.05
Uraninite,04.DL.05
Holfertite,04.GB.70
Schmitterite,04.JK.70
Emmonsite,04.JM.10
Poughite,04.JN.10
Cliffordite,04.JK.75
Lanthanite-(Ce),
Grimselite,05.ED.35
Schrockingerite,
Schrockingerite,
Schrockingerite,
Schrockingerite,
Theisite,08.BE.75
Nevadaite,08.DC.60
Fluellite,08.DE.10
Torbernite,08.EB.05
Torbernite,08.EB.05
Zeunerite,08.EB.05
Zeunerite,08.EB.05
Metazeunerite,08.EB.10
Asselbornite,08.ED.10
Tyuyamunite,04.HB.25
Mosandrite,09.BE.20
Mosandrite,09.BE.20
Mosandrite,09.BE.20
Mosandrite,09.BE.20
Vyuntspakhkite-(Y),
Nitratine,05.NA.05
Nitratine,05.NA.05
Niter,05.NA.10
Nahcolite,05.AA.15
Nahcolite,05.AA.15
Calcite,05.AB.05
Calcite,05.AB.05
Calcite,05.AB.05
Calcite,05.AB.05
Calcite,05.AB.05
Calcite,05.AB.05
Calcite,05.AB.05
Calcite,05.AB.05
Calcite,05.AB.05
Calcite,05.AB.05
Calcite,05.AB.05
Calcite,05.AB.05
Calcite,05.AB.05
Calcite,05.AB.05
Calcite,05.AB.05
Calcite,05.AB.05
Calcite,05.AB.05
Calcite,05.AB.05
Calcite,05.AB.05
Calcite,05.AB.05
Calcite,05.AB.05
Calcite,05.AB.05
Calcite,05.AB.05
Calcite,05.AB.05
Calcite,05.AB.05
Calcite,05.AB.05
Calcite,05.AB.05
Calcite,05.AB.05
Calcite,05.AB.05
Calcite,05.AB.05
Calcite,05.AB.05
Calcite,05.AB.05
Calcite,05.AB.05
Calcite,05.AB.05
Calcite,05.AB.05
Calcite,05.AB.05
Calcite,05.AB.05
Calcite,05.AB.05
Calcite,05.AB.05
Calcite,05.AB.05
Calcite,05.AB.05
Calcite,05.AB.05
Calcite,05.AB.05
Calcite,05.AB.05
Calcite,05.AB.05
Calcite,05.AB.05
Calcite,05.AB.05
Calcite,05.AB.05
Calcite,05.AB.05
Calcite,05.AB.05
Calcite,05.AB.05
Calcite,05.AB.05
Calcite,05.AB.05
Calcite,05.AB.05
Magnesite,05.AB.05
Magnesite,05.AB.05
Magnesite,05.AB.05
Magnesite,05.AB.05
Magnesite,05.AB.05
Siderite,05.AB.05
Siderite'Sphaerosiderite',
Siderite,05.AB.05
Siderite,05.AB.05
Siderite,05.AB.05
Siderite,05.AB.05
Siderite,05.AB.05
Siderite,05.AB.05
Siderite,05.AB.05
Siderite,05.AB.05
Rhodochrosite,05.AB.05
Rhodochrosite,05.AB.05
Rhodochrosite,05.AB.05
Rhodochrosite,05.AB.05
Rhodochrosite,05.AB.05
Rhodochrosite,05.AB.05
Rhodochrosite,05.AB.05
Rhodochrosite,05.AB.05
Rhodochrosite,05.AB.05
Smithsonite,05.AB.05
Smithsonite,05.AB.05
Smithsonite,05.AB.05
Smithsonite,05.AB.05
Smithsonite,05.AB.05
Smithsonite,05.AB.05
Smithsonite,05.AB.05
Smithsonite,05.AB.05
Smithsonite'Monheimite',
Smithsonite,05.AB.05
Spherocobaltite,05.AB.05
Spherocobaltite,05.AB.05
Gaspeite,05.AB.05
Gaspeite,05.AB.05
Dolomite,05.AB.10
Dolomite,05.AB.10
Dolomite,05.AB.10
Dolomite,05.AB.10
Dolomite,05.AB.10
Dolomite'Ferroan Dolomite',
Dolomite,05.AB.10
Dolomite,05.AB.10
Dolomite,05.AB.10
Dolomite'Teruelite',
Dolomite,05.AB.10
Ankerite,05.AB.10
Ankerite,05.AB.10
Ankerite,05.AB.10
Kutnohorite,05.AB.10
Kutnohorite,05.AB.10
Kutnohorite,05.AB.10
Kutnohorite,05.AB.10
Kutnohorite'Calciokutnohorite',
Kutnohorite,05.AB.10
Norsethite,05.AB.30
Huntite,05.AB.25
Huntite,05.AB.25
Benstonite,05.AB.55
Aragonite,05.AB.15
Aragonite,05.AB.15
Aragonite,05.AB.15
Aragonite,05.AB.15
Aragonite'Aragonite Pisolithique',
Aragonite,05.AB.15
Aragonite,05.AB.15
Aragonite,05.AB.15
Aragonite'Aragonite Coralloide',
Aragonite'Aragonite Coralloide',
Aragonite'Aragonite Coralloide',
Aragonite'Aragonite Coralloide',
Aragonite,05.AB.15
Aragonite,05.AB.15
Aragonite,05.AB.15
Aragonite,05.AB.15
Aragonite,05.AB.15
Aragonite,05.AB.15
Aragonite,05.AB.15
Aragonite,05.AB.15
Aragonite,05.AB.15
Aragonite'Tarnowitzite',
Strontianite,05.AB.15
Strontianite,05.AB.15
Witherite,05.AB.15
Witherite,05.AB.15
Witherite,05.AB.15
Cerussite,05.AB.15
Cerussite,05.AB.15
Cerussite,05.AB.15
Cerussite,05.AB.15
Cerussite,05.AB.15
Cerussite,05.AB.15
Cerussite,05.AB.15
Cerussite,05.AB.15
Cerussite,05.AB.15
Cerussite,05.AB.15
Cerussite,05.AB.15
Cerussite,05.AB.15
Cerussite,05.AB.15
Alstonite,05.AB.35
Barytocalcite,05.AB.45
Barytocalcite,05.AB.45
Burbankite,05.AC.30
Azurite,05.BA.05
Azurite'Chessylite',
Azurite,05.BA.05
Azurite,05.BA.05
Azurite,05.BA.05
Azurite,05.BA.05
Azurite'Chessylite',
Azurite'Chessylite',
Azurite'Chessylite',
Azurite,05.BA.05
Azurite,05.BA.05
Azurite,05.BA.05
Azurite'Chessylite',
Azurite,05.BA.05
Azurite,05.BA.05
Azurite,05.BA.05
Malachite,05.BA.10
Malachite,05.BA.10
Malachite,05.BA.10
Malachite,05.BA.10
Malachite,05.BA.10
Malachite,05.BA.10
Malachite,05.BA.10
Malachite,05.BA.10
Malachite,05.BA.10
Malachite,05.BA.10
Malachite,05.BA.10
Malachite,05.BA.10
Malachite,05.BA.10
Malachite,05.BA.10
Malachite,05.BA.10
Malachite,05.BA.10
Malachite,05.BA.10
Georgeite,05.BA.10
Pokrovskite,05.BA.10
Mcguinnessite,05.BA.10
Mcguinnessite,05.BA.10
Mcguinnessite,05.BA.10
Mcguinnessite,05.BA.10
Kolwezite,05.BA.10
Glaukosphaerite,05.BA.10
Nullaginite,05.BA.10
Rosasite,05.BA.10
Rosasite,05.BA.10
Rosasite,05.BA.10
Zincrosasite,05.BA.10
Hydrozincite,05.BA.15
Hydrozincite,05.BA.15
Aurichalcite,05.BA.15
Aurichalcite,05.BA.15
Dawsonite,05.BB.10
Dawsonite,05.BB.10
Dawsonite,05.BB.10
Tunisite,05.BB.15
Tunisite,05.BB.15
Tunisite,05.BB.15
Tunisite,05.BB.15
Tunisite,05.BB.15
Tunisite,05.BB.15
Tunisite,05.BB.15
Tunisite,05.BB.15
Tunisite,05.BB.15
Tunisite,05.BB.15
Tunisite,05.BB.15
Tunisite,05.BB.15
Tunisite,05.BB.15
Tunisite,05.BB.15
Tunisite,05.BB.15
Tunisite,05.BB.15
Tunisite,05.BB.15
Tunisite,05.BB.15
Tunisite,05.BB.15
Tunisite,05.BB.15
Tunisite,05.BB.15
Tunisite,05.BB.15
Northupite,05.BF.05
Sabinaite,05.BB.20
Sabinaite,05.BB.20
Sabinaite,05.BB.20
Brenkite,05.BC.05
Brenkite,05.BC.05
Defernite,05.BA.25
Defernite,05.BA.25
Defernite,05.BA.25
Defernite,05.BA.25
Defernite,05.BA.25
Defernite,05.BA.25
Bastnasite-(Ce),
Bastnasite-(Ce),
Bastnasite-(Ce),
Bastnasite-(Ce),
Parisite-(Ce),
Parisite-(Ce),
Synchysite-(Y),
Synchysite-(Ce),
Synchysite-(Ce),
Synchysite-(Ce),
Synchysite-(Ce),
Synchysite-(Ce),
Synchysite-(Nd),
Cordylite-(Ce),
Shannonite,05.BE.05
Shannonite,05.BE.05
Hydrocerussite,05.BE.10
Phosgenite,05.BE.20
Phosgenite,05.BE.20
Phosgenite,05.BE.20
Phosgenite,05.BE.20
Phosgenite,05.BE.20
Phosgenite,05.BE.20
Bismutite,05.BE.25
Kettnerite,05.BE.30
Kettnerite,05.BE.30
Beyerite,05.BE.35
Beyerite,05.BE.35
Nesquehonite,05.CA.05
Nesquehonite,05.CA.05
Nesquehonite,05.CA.05
Lansfordite,05.CA.10
Hellyerite,05.CA.20
Monohydrocalcite,05.CB.20
Monohydrocalcite,05.CB.20
Thermonatrite,05.CB.05
Natron,05.CB.10
Trona,05.CB.15
Trona,05.CB.15
Trona,05.CB.15
Gaylussite,05.CB.35
Chalconatronite,05.CB.40
Lanthanite-(Ce),
Lanthanite-(Nd),
Kimuraite-(Y),
Kimuraite-(Y),
Lokkaite-(Y),
Lokkaite-(Y),
Weloganite,05.CC.05
Hydromagnesite,05.DA.05
Dypingite,05.DA.05
Dypingite,05.DA.05
Artinite,05.DA.10
Artinite,05.DA.10
Coalingite,05.DA.55
Brugnatellite,05.DA.45
Brugnatellite,05.DA.45
Manasseite = Hydrotalcite,
Hydrotalcite,05.DA.50
Stichtite,05.DA.50
Stichtite,05.DA.50
Pyroaurite,05.DA.50
Pyroaurite,05.DA.50
Desautelsite,05.DA.50
Desautelsite,05.DA.50
Takovite,05.DA.50
Takovite,05.DA.50
Takovite,05.DA.50
Reevesite,05.DA.50
Reevesite,05.DA.50
Reevesite,05.DA.50
Alumohydrocalcite,05.DB.05
Alumohydrocalcite'Knipovichite',
Zaratite,05.DA.70
Zaratite,05.DA.70
Zaratite,05.DA.70
Kambaldaite,05.DA.20
Kambaldaite,05.DA.20
Callaghanite,05.DA.25
Ancylite-(Ce),
Ancylite-(Ce),
Gysinite-(Nd),
Gysinite-(Nd),
Hydrodresserite,05.DB.15
Montroyalite,05.DB.35
Dundasite,05.DB.10
Dundasite,05.DB.10
Dundasite,05.DB.10
Dundasite,05.DB.10
Dundasite,05.DB.10
Petterdite,05.DB.10
Schuilingite-(Nd),
Schuilingite-(Nd),
Grimselite,05.ED.35
Nordenskioldine,
Pinakiolite,06.AB.35
Hulsite,06.AB.45
Ludwigite,06.AB.30
Ludwigite'Breislakite',
Ludwigite,06.AB.30
Ludwigite,06.AB.30
Vonsenite,06.AB.30
Azoproite,06.AB.30
Fredrikssonite,06.AB.30
Orthopinakiolite,06.AB.40
Chestermanite,06.AB.40
Chestermanite,06.AB.40
Gaudefroyite,06.AB.60
Fluoborite,06.AB.50
Fluoborite'Nocerite',
Fluoborite,06.AB.50
Jeremejevite,06.AB.15
Jeremejevite,06.AB.15
Jeremejevite,06.AB.15
Jeremejevite,06.AB.15
"Berborite (-1t,-2t,-3h)",
Berborite-1t,
Berborite-2t,
Wightmanite,06.AB.55
"Berborite (-1t,-2t,-3h)",
Wightmanite,06.AB.55
Wightmanite,06.AB.55
Canavesite,06.HA.50
Canavesite,06.HA.50
Canavesite,06.HA.50
Canavesite,06.HA.50
Canavesite,06.HA.50
Bandylite,06.AC.35
Szaibelyite,06.BA.15
Szaibelyite,06.BA.15
Sussexite,06.BA.15
Sussexite,06.BA.15
Wiserite,06.BA.20
Luneburgite,
Kurnakovite,06.CA.20
Inderite,06.CA.15
Inderite'Lessertite',
Inderborite,06.CA.25
Meyerhofferite,06.CA.30
Meyerhofferite,06.CA.30
Inyoite,06.CA.35
Inyoite,06.CA.35
Tincalconite,06.DA.15
Tincalconite,06.DA.15
Tincalconite,06.DA.15
Borax,06.DA.10
Borax,06.DA.10
Borax,06.DA.10
Borax,06.DA.10
Wardsmithite,06.HA.25
Ulexite,06.EA.25
Ulexite,06.EA.25
Ulexite,06.EA.25
Ulexite,06.EA.25
Ulexite,06.EA.25
Ulexite,06.EA.25
Sborgite,06.EA.05
Rivadavite,06.FA.20
Teruggite,06.FA.25
Colemanite,06.CB.10
Colemanite,06.CB.10
Colemanite,06.CB.10
Hydroboracite,06.CB.15
Hydroboracite,06.CB.15
Kernite,06.DB.05
Kernite,06.DB.05
Kernite,06.DB.05
Kernite,06.DB.05
Kernite,06.DB.05
Kernite,06.DB.05
Kernite,06.DB.05
Larderellite,06.EB.05
Ezcurrite,06.EB.10
Ezcurrite,06.EB.10
Probertite,06.EB.15
Probertite,06.EB.15
Priceite,06.EB.25
Priceite'Pandermite',
Kaliborite,06.FB.10
Aristarainite,06.FB.05
Gowerite,06.EC.10
Gowerite,06.EC.10
Veatchite,06.EC.15
Veatchite,06.EC.15
Veatchite-A,
Nobleite,06.FC.05
Nobleite,06.FC.05
Nobleite,06.FC.05
Tunellite,06.FC.05
Tunellite,06.FC.05
Ginorite,06.FC.15
Strontioginorite,06.FC.15
Preobrazhenskite,06.GB.15
Braitschite-(Ce),
Rhodizite,06.GC.05
Boracite,06.GA.05
Boracite,06.GA.05
Boracite,06.GA.05
Boracite,06.GA.05
Boracite,06.GA.05
Ericaite,06.GA.05
Chambersite,06.GA.05
Nitre = Niter,
Salpeter = Niter,
Salpetre = Niter,
Soda Niter = Nitratine,
Nitrokalit = Niter,
Nitronatrite = Nitratine,
Taraspite = A Ni Rich Dolomite,
Giobertite = Magnesite,
Zinkspat = Smithsonite,
Kutnahorite = Kutnohorite,
Tarnowskite = Tarnowitzite,
Kalkspat = Calcite,
Flos Ferri = Aragonite,
Fer Carbonate = Siderite,
Marble = Often Calcite,
Eisenspat = Siderite,
Monheimite = Smithsonite,
Manganocalcite = Calcite,
Dialogite = Rhodochrosite,
Calcite Cobaltoan = Calcite,
Chalybite = Siderite,
Smithsonite Cobaltoan = Smithsonite,
Cobaltocalcite = Sphaerocobaltite,
Tarnowitzite = Plumboan Aragonite,
Spherocobaltite = Sphaerocobaltite,
Synchisite-(Ce) = Synchysite-(Ce),
Doverite = Synchysite-(Y),
Glaucosphaerite = Glaukosphaerite,
Kolwézite = Kolwezite,
Cuivre Carbonate Bleu = Azurite,
Synchisite-(Nd) = Synchysite-(Nd),
Bastnaesite-(Ce) = Bastnasite-(Ce),
Synchisite-(Y) = Synchysite-(Y),
Malaquita = Malachite,
Kupferlasur = Azurite,
Chessylite = Azurite,
Barbertonite = Stichtite,
Knipovichite = Chromian Alumohydrocalcite,
Nocerite = Fluoborite,
Diomignite = Zabuyelite,
Boronatrocalcite = Ulexite,
Pandermite = Priceite,
Ascharite = Szaibelyite,
Tincal = Borax,
Lesserite = Inderite,
Kramerite = Probertite,
Rothspath = Rhodonite Or Rhodochrosite,
Rothstein = Rhodonite Or Rhodochrosite,
Magnetite,04.BB.05
Quartz Chalcedony,
Quartz Chalcedony,
Quartz 'Macle Du Japon',
Quartz 'Macle Du Japon',
Hannebachite,04.JE.10
Almandine,09.AD.25
Ilvaite,09.BE.07
Piemontite,09.BG.05a
Piemontite,09.BG.05a
Beryl 'Goshenite',
Schorl,09.CK.05
Schorl,09.CK.05
Diopside,09.DA.15
Diopside 'Schefferite',
Diopside 'Violane',
Hedenbergite,09.DA.15
Muscovite 'Alurgite',
Gyrolite,09.EE.30
Hauyne,
Thomsonite-Ca,
Natrolite,09.GA.05
Natrolite,09.GA.05
Mesolite,09.GA.05
Mesolite,09.GA.05
Mordenite,09.GD.35
Stilbite,09.GE.10
Heulandite-Ca,
Stilbite-Ca,
Chabazite,09.GD.10
Chabazite,09.GD.10
Chabazite,09.GD.10
"Chabazite, Gyolite, Apophyllite, Etc.",
"Chabazite, Laumontite",
"Chabazite, Laumontite",
Analcime,09.GB.05
Amber,
Amber,
,
,
Tagamite,
Suevite,
Suevite,
,
,
Amber,
Magnetite (Oxydation),
Hematite,04.CB.05
Hematite Eisenrose,
Quartz Noir,
Quartz Smoky,
Quartz Smoky,
Opal,Mine_data_3_2021-3-8_11:43
Hannebachite (6 Éch.),
Tunisite (>30 Éch.),
"Us Gypsum Mine, Empire, Nv",
Scheelite,07.GA.05
Monazite,08.AD.50
"The Storr, Skye, Scotland, Uk",
Hauyne (>15 Éch.),
Amber (2 Éch.),
Amber (2 Éch.),
"> 5 Éch. Magnetite, Etc.",
"> 10 Éch. Cassiterite, Etc. (Liste)",
"> 20 Éch. Recherche Agardite-Ce, Etc. (Liste)",
,
"> 10 Éch. Magnétite, Grenat, Scheelite",
,
,
Chalcocyanite,07.AB.10
Millosevichite,07.AB.05
Millosevichite,07.AB.05
Langbeinite,07.AC.10
Godovikovite,07.AC.20
Letovicite,07.AD.20
Letovicite,07.AD.20
Thenardite,07.AC.25
Thenardite,07.AC.25
Arcanite,07.AD.05
Mascagnite,07.AD.05
Aphthitalite,07.AC.35
Aphthitalite,07.AC.35
Glauberite,07.AD.25
Anhydrite,07.AD.30
Anhydrite,07.AD.30
Anhydrite,07.AD.30
Anhydrite,07.AD.30
Anhydrite,07.AD.30
Celestine,07.AD.35
Celestine,07.AD.35
Celestine,07.AD.35
Celestine,07.AD.35
Celestine,07.AD.35
Celestine,07.AD.35
Celestine,07.AD.35
Celestine,07.AD.35
Celestine,07.AD.35
Celestine,07.AD.35
Celestine,07.AD.35
Celestine,07.AD.35
Celestine,07.AD.35
Celestine,07.AD.35
Celestine,07.AD.35
Celestine,07.AD.35
Celestine,07.AD.35
Baryte,
Baryte,
Baryte,
Baryte,
Baryte,
Baryte,
Baryte,
Baryte,
Baryte,
Baryte,
Baryte,
Baryte,
Baryte,
Baryte,
Baryte,
Baryte,
Baryte,
Baryte,
Baryte,
Baryte,
Baryte,
Baryte,
Baryte,
Baryte,
Hashemite,07.FA.15
Anglésite,07.AD.35
Anglésite,07.AD.35
Anglésite,07.AD.35
Anglésite,07.AD.35
Anglésite,07.AD.35
Anglésite,07.AD.35
Antlerite,07.BB.15
Antlerite,07.BB.15
Antlerite,07.BB.15
Antlerite,07.BB.15
Antlerite,07.BB.15
Brochantite,07.BB.25
Brochantite,07.BB.25
Brochantite,07.BB.25
Brochantite,07.BB.25
Brochantite,07.BB.25
Brochantite,07.BB.25
Brochantite,07.BB.25
Brochantite,07.BB.25
Brochantite,07.BB.25
Klebelsbergite,07.BB.35
Klebelsbergite,07.BB.35
Klebelsbergite,07.BB.35
Klebelsbergite,07.BB.35
Klebelsbergite,07.BB.35
Klebelsbergite,07.BB.35
Coquandite,07.DE.35
Schuetteite,07.BB.40
Schuetteite,07.BB.40
Caledonite,07.BC.50
Caledonite,07.BC.50
Linarite,07.BC.65
Linarite,07.BC.65
Linarite,07.BC.65
Schmiederite,07.BC.65
Schmiederite,07.BC.65
Elyite,07.DF.65
Natroalunite,07.BC.10
Natroalunite,07.BC.10
Alunite,07.BC.10
Alunite,07.BC.10
Natrojarosite,07.BC.10
Natrojarosite,07.BC.10
Jarosite,07.BC.10
Jarosite,07.BC.10
Jarosite,07.BC.10
Jarosite,07.BC.10
Ammoniojarosite,07.BC.10
Hydroniumjarosite,07.BC.10
Argentojarosite,07.BC.10
Plumbojarosite,07.BC.10
Osarizawaite,07.BC.10
Beaverite-Cu,
Galeite,07.BD.10
Leadhillite,05.BF.40
Leadhillite,05.BF.40
Leadhillite,05.BF.40
Leadhillite,05.BF.40
Macphersonite,05.BF.40
Susannite,05.BF.40
Burkeite,07.BD.25
Hanksite,07.BD.30
Hanksite,07.BD.30
Kieserite,07.CB.05
Kieserite,07.CB.05
Szomolnokite,07.CB.05
Szmikite,07.CB.05
Gunningite,07.CB.05
Bonattite,07.CB.10
Rozenite,07.CB.15
Rozenite,07.CB.15
Ilesite,07.CB.15
Boyleite,07.CB.15
Boyleite,07.CB.15
Pentahydrite,07.CB.20
Siderotil,07.CB.20
Chalcanthite,07.CB.20
Chalcanthite,07.CB.20
Chalcanthite,07.CB.20
Chalcanthite,07.CB.20
Hexahydrite,07.CB.25
Moorhouseite,07.CB.25
Retgersite,07.CB.30
Melanterite,07.CB.35
Bieberite,07.CB.35
Boothite,07.CB.35
Epsomite,07.CB.40
Goslarite,07.CB.40
Kornelite,07.CB.60
Coquimbite,07.CB.50
Coquimbite,07.CB.50
Coquimbite,07.CB.50
Quenstedtite,07.CB.65
Quenstedtite,07.CB.65
Alunogen,07.CB.45
Alunogen,07.CB.45
Metaalunogen (Meta-Alunogen),
Romerite,
Romerite,
Romerite,
Pickeringite,07.CB.85
Pickeringite,07.CB.85
Pickeringite,07.CB.85
Halotrichite,07.CB.85
Halotrichite,07.CB.85
Halotrichite,07.CB.85
Halotrichite,07.CB.85
Halotrichite,07.CB.85
Halotrichite,07.CB.85
Halotrichite,07.CB.85
Halotrichite,07.CB.85
Halotrichite,07.CB.85
Halotrichite,07.CB.85
Halotrichite,07.CB.85
Dietrichite,07.CB.85
Kalinite,07.CC.15
Alum-(K),
Tschermigite,07.CC.20
Voltaite,07.CC.25
Voltaite,07.CC.25
Voltaite,07.CC.25
Voltaite,07.CC.25
Krausite,07.CC.05
Krohnkite,
Ferrinatrite,07.CC.35
Goldichite,07.CC.40
Blodite,
Leonite,07.CC.55
Picromerite,07.CC.60
Boussingaultite,07.CC.60
Boussingaultite,07.CC.60
Mohrite,07.CC.60
Polyhalite,07.CC.65
Leightonite,07.CC.70
Koktaite,07.CD.35
Bassanite,07.CD.45
Gypsum,Mine_data_3_2021-3-8_11:43
Gypsum,Mine_data_3_2021-3-8_11:43
Gypsum,Mine_data_3_2021-3-8_11:43
Gypsum,Mine_data_3_2021-3-8_11:43
Gypsum,Mine_data_3_2021-3-8_11:43
Gypsum,Mine_data_3_2021-3-8_11:43
Gypsum,Mine_data_3_2021-3-8_11:43
Gypsum,Mine_data_3_2021-3-8_11:43
Gypsum,Mine_data_3_2021-3-8_11:43
Gypsum,Mine_data_3_2021-3-8_11:43
Gypsum,Mine_data_3_2021-3-8_11:43
Gypsum,Mine_data_3_2021-3-8_11:43
Gypsum,Mine_data_3_2021-3-8_11:43
Gypsum,Mine_data_3_2021-3-8_11:43
Gypsum,Mine_data_3_2021-3-8_11:43
Gypsum,Mine_data_3_2021-3-8_11:43
Gypsum,Mine_data_3_2021-3-8_11:43
Gypsum,Mine_data_3_2021-3-8_11:43
Gypsum,Mine_data_3_2021-3-8_11:43
Gypsum,Mine_data_3_2021-3-8_11:43
Gypsum,Mine_data_3_2021-3-8_11:43
Gypsum,Mine_data_3_2021-3-8_11:43
Gypsum,Mine_data_3_2021-3-8_11:43
Gypsum,Mine_data_3_2021-3-8_11:43
Gypsum,Mine_data_3_2021-3-8_11:43
Rapidcreekite,07.DG.20
Butlerite,07.DC.10
Parabutlerite,07.DC.10
Amarantite,07.DB.30
Amarantite,07.DB.30
Hohmannite,07.DB.30
Fibroferrite,07.DC.15
Fibroferrite,07.DC.15
Fibroferrite,07.DC.15
Fibroferrite,07.DC.15
Fibroferrite,07.DC.15
Posnjakite,07.DD.10
Posnjakite,07.DD.10
Langite,07.DD.10
Langite,07.DD.10
Langite,07.DD.10
Langite,07.DD.10
Wroewolfeite,07.DD.10
Namuwite,07.DD.50
Guarinoite,07.DD.80
Guarinoite,07.DD.80
Guarinoite,07.DD.80
Theresemagnanite,07.DD.80
Schulenbergite,07.DD.80
Schulenbergite,07.DD.80
Schulenbergite,07.DD.80
Schulenbergite,07.DD.80
Schulenbergite,07.DD.80
Ktenasite,07.DD.20
Ktenasite,07.DD.20
Ktenasite,07.DD.20
Ktenasite,07.DD.20
Ktenasite,07.DD.20
Ktenasite,07.DD.20
Ramsbeckite,07.DD.60
Nakauriite,07.DG.30
Nakauriite,07.DG.30
Mooreite,07.DD.45
Minasragrite,07.DB.20
Jurbanite,07.DB.15
Khademite,07.DB.10
Khademite,07.DB.10
Khademite,07.DB.10
Metaaluminite (Meta-Aluminite),
Aluminite,07.DC.05
Felsobanyaite,07.DD.05
Wilcoxite,07.DE.45
Spangolite,07.DD.15
Spangolite,07.DD.15
Spangolite,07.DD.15
Spangolite,07.DD.15
Cyanotrichite,07.DE.10
Cyanotrichite,07.DE.10
Cyanotrichite,07.DE.10
Cyanotrichite,07.DE.10
Cyanotrichite,07.DE.10
Carbonatecyanotrichite,07.DE.10
Camerolaite,07.DE.75
Camerolaite,07.DE.75
Camerolaite,07.DE.75
Woodwardite,07.DD.35
Chalcoalumite,07.DD.75
Zincaluminite,07.DD.35
Glaucocerinite,07.DD.35
Hydrohonessite,07.DD.35
Botryogen,07.DC.25
Botryogen,07.DC.25
Magnesiocopiapite,07.DB.35
Copiapite,07.DB.35
Zincocopiapite,07.DB.35
Zincocopiapite,07.DB.35
Zincocopiapite,07.DB.35
Zincocopiapite,07.DB.35
Aluminocopiapite,07.DB.35
Aluminocopiapite,07.DB.35
Ferricopiapite,07.DB.35
Guildite,07.DC.30
Schaurteite,07.DF.25
Peretaite,07.DF.45
Peretaite,07.DF.45
Peretaite,07.DF.45
Ettringite,07.DG.15
Ettringite,07.DG.15
Ettringite,07.DG.15
Thaumasite,07.DG.15
Thaumasite,07.DG.15
Charlesite,07.DG.15
Sturmanite,07.DG.15
Metavoltine,07.DF.35
Metavoltine,07.DF.35
Motukoreaite,07.DD.35
Motukoreaite,07.DD.35
Motukoreaite,07.DD.35
Motukoreaite,07.DD.35
Slavikite,07.DF.30
Slavikite,07.DF.30
Sideronatrite,07.DF.20
Sideronatrite,07.DF.20
Metasideronatrite,07.DF.20
Metasideronatrite,07.DF.20
Metasideronatrite,07.DF.20
Darapskite,07.DG.05
Humberstonite,07.DG.10
Kainite,07.DF.10
Kainite,07.DF.10
Uklonskovite,07.DF.05
Uklonskovite,07.DF.05
Uklonskovite,07.DF.05
Natrochalcite,07.DF.15
Campigliaite,07.DD.30
Devilline,07.DD.30
Serpierite,07.DD.30
Serpierite,07.DD.30
Serpierite,07.DD.30
Serpierite,07.DD.30
Serpierite,07.DD.30
Serpierite,07.DD.30
Orthoserpierite,07.DD.30
Orthoserpierite,07.DD.30
Orthoserpierite,07.DD.30
Schrockingerite,
Schrockingerite,
Schrockingerite,
Schrockingerite,
Crocoite,07.FA.20
Crocoite,07.FA.20
Crocoite,07.FA.20
Crocoite,07.FA.20
Crocoite,07.FA.20
Crocoite,07.FA.20
Crocoite,07.FA.20
Crocoite,07.FA.20
Crocoite,07.FA.20
Crocoite,07.FA.20
Crocoite,07.FA.20
Wattersite,07.FB.15
Edoylerite,07.FB.25
Edoylerite,07.FB.25
Deanesmithite,07.FB.20
Vauquelinite,07.FC.05
Vauquelinite,07.FC.05
Fornacite,07.FC.10
Fornacite,07.FC.10
Phoenicochroite,07.FB.05
Phoenicochroite,07.FB.05
Embreyite,07.FC.20
Powellite,07.GA.05
Scheelite,07.GA.05
Scheelite,07.GA.05
Scheelite,07.GA.05
Scheelite,07.GA.05
Scheelite,07.GA.05
Scheelite,07.GA.05
Scheelite,07.GA.05
Scheelite,07.GA.05
Scheelite,07.GA.05
Wulfenite,07.GA.05
Wulfenite,07.GA.05
Wulfenite,07.GA.05
Wulfenite,07.GA.05
Wulfenite,07.GA.05
Wulfenite,07.GA.05
Wulfenite,07.GA.05
Wulfenite,07.GA.05
Stolzite,07.GA.05
Stolzite,07.GA.05
Raspite,04.DG.20
Koechlinite,04.DE.15
Koechlinite,04.DE.15
Russellite,04.DE.15
Lindgrenite,07.GB.05
Lindgrenite,07.GB.05
Cuprotungstite,07.GB.15
Ferrimolybdite,07.GB.30
Deloryite,04.FL.85
Schwerspat = Baryte,
Barite = Baryte,
Glaserite = Aphthitalite,
Taylorite = Ammonian Arcanite,
Celestite = Celestine,
Barytine = Baryte,
Schmeiderite = Schmiederite,
Plomb Carbonate Rhomboidal = Leadhillite,
Hydronium Jarosite = Hydroniumjarosite,
Selenite = Gypsum,
Chalcanthite,
Meta Alunogen = Meta-Alunogen,
Copperas = Melanterite,
Roemerite = Romerite,
Monsmedite = Voltaite,
Kroehnkite = Krohnkite,
Gips = Gypsum,
Zincvoltaite = Zincovoltaite,
Alabaster = Gypsum,
Schoenite = Picromerite,
Gesso = Gypsum,
Gypse = Gypsum,
Rothervitriol = Bieberite,
Fraueneis = Gypsum,
Bloedite = Blodite,
Kupfervitriol = Chalcanthite,
Haarsalz = Halotrichite,
Cyanose = Chalcanthite,
Ktenasite Cobaltoan Nickeloan = Ktenasite,
Carbonate Cyanotrichite = Carbonatecyanotrichite,
Cuivre Veloute = Cyanotrichite,
Lettsomite = Cyanotrichite,
Meta Aluminite = Meta-Aluminite,
Basaluminite = Felsobanyaite,
Herrengrundite = Devilline,
Rother Eisen-Vitriol = Botryogen,
Schroeckingerite = Schrockingerite,
Urvolgyite = Devilline,
Lyellite = Devilline,
Devillite = Devilline,
Rostite = Khademite,
Rothes Bleierz = Crocoite,
Melinose = Wulfenite,
Lithiophosphate,08.AA.20
Beryllonite,08.AA.10
Hurlbutite,08.AA.15
Hurlbutite,08.AA.15
Triphylite,08.AB.10
Lithiophilite,08.AB.10
Ferrisicklerite,08.AB.10
Heterosite,08.AB.10
Purpurite,08.AB.10
Maricite,08.AC.20
Sarcopside,08.AB.15
Graftonite,08.AB.20
Graftonite,08.AB.20
Beusite,08.AB.20
Beusite,08.AB.20
Wyllieite,08.AC.15
Hagendorfite,08.AC.10
Caryinite,08.AC.10
Manganberzeliite,08.AC.25
Manganberzeliite,08.AC.25
Palenzonaite,08.AC.25
Palenzonaite,08.AC.25
Tillmannsite,08.AC.80
Tillmannsite,08.AC.80
Tillmannsite,08.AC.80
Tillmannsite,08.AC.80
Tillmannsite,08.AC.80
Weilite,08.AD.10
Weilite,08.AD.10
Biphosphammite,08.AD.15
Xenotime-(Y),
Chernovite-(Y),
Chernovite-(Y),
Chernovite-(Y),
Chernovite-(Y),
Monazite-(Ce),
Gasparite-(Ce),
Gasparite-(Ce),
Rooseveltite,08.AD.50
Pucherite,08.AD.40
Clinobisvanite,08.AD.65
Herderite,08.BA.10
Hydroxylherderite,08.BA.10
Bergslagite,08.BA.10
Vayrynenite,
Vayrynenite,
Amblygonite,08.BB.05
Montebrasite,08.BB.05
Montebrasite,08.BB.05
Tavorite,08.BB.05
Wagnerite,08.BB.15
Zwieselite,08.BB.10
Triplite,08.BB.10
Wolfeite,08.BB.15
Triploidite,08.BB.15
Sarkinite,08.BB.15
Sarkinite,08.BB.15
Sarkinite,08.BB.15
Althausite,08.BB.25
Althausite,08.BB.25
Holtedahlite,08.BB.20
Libethenite,08.BB.30
Libethenite,08.BB.30
Libethenite,08.BB.30
Olivenite,08.BB.30
Olivenite,08.BB.30
Olivenite,08.BB.30
Olivenite,08.BB.30
Olivenite,08.BB.30
Olivenite,08.BB.30
Olivenite,08.BB.30
Olivenite,08.BB.30
Olivenite,08.BB.30
Olivenite,08.BB.30
Olivenite,08.BB.30
Olivenite,08.BB.30
Olivenite,08.BB.30
Olivenite,08.BB.30
Olivenite,08.BB.30
Adamite,08.BB.30
Adamite,08.BB.30
Adamite,08.BB.30
Adamite,08.BB.30
Adamite,08.BB.30
Adamite,08.BB.30
Adamite,08.BB.30
Adamite,08.BB.30
Adamite,08.BB.30
Adamite,08.BB.30
Adamite,08.BB.30
Adamite,08.BB.30
Adamite,08.BB.30
Adamite,08.BB.30
Adamite,08.BB.30
Adamite,08.BB.30
Adamite,08.BB.30
Adamite,08.BB.30
Adamite,08.BB.30
Adamite,08.BB.30
Adamite,08.BB.30
Tarbuttite,08.BB.35
Tarbuttite,08.BB.35
Trolleite,08.BB.45
Trolleite,08.BB.45
Lazulite,08.BB.40
Lazulite,08.BB.40
Lazulite,08.BB.40
Lazulite,08.BB.40
Lazulite,08.BB.40
Lazulite,08.BB.40
Lazulite,08.BB.40
Scorzalite,08.BB.40
Barbosalite,08.BB.40
Hentschelite,08.BB.40
Lipscombite,08.BB.90
Richellite,08.BB.90
Rockbridgeite,08.BC.10
Rockbridgeite,08.BC.10
Rockbridgeite,08.BC.10
Frondelite,08.BC.10
Pseudomalachite,08.BD.05
Pseudomalachite,08.BD.05
Pseudomalachite,08.BD.05
Pseudomalachite,08.BD.05
Reichenbachite,08.BD.05
Cornwallite,08.BD.05
Cornwallite,08.BD.05
Cornwallite,08.BD.05
Cornwallite,08.BD.05
Cornwallite,08.BD.05
Cornwallite,08.BD.05
Cornubite,08.BD.30
Cornubite,08.BD.30
Cornubite,08.BD.30
Cornubite,08.BD.30
Cornubite,08.BD.30
Cornubite,08.BD.30
Cornubite,08.BD.30
Turanite,08.BB.70
Brazilianite,08.BK.05
Brazilianite,08.BK.05
Brazilianite,08.BK.05
Augelite,08.BE.05
Augelite,08.BE.05
Cornetite,08.BE.15
Cornetite,08.BE.15
Clinoclase,08.BE.20
Clinoclase,08.BE.20
Clinoclase,08.BE.20
Clinoclase,08.BE.20
Clinoclase,08.BE.20
Clinoclase,08.BE.20
Clinoclase,08.BE.20
Gilmarite,08.BE.25
Gilmarite,08.BE.25
Allactite,08.BE.30
Chlorophoenicite,08.BE.35
Theisite,08.BE.75
Theisite,08.BE.75
Hematolite,08.BE.45
Arrojadite-(Kfe),
Samuelsonite,08.BF.10
Melonjosephite,08.BG.10
Goedkenite,08.BG.05
Gamagarite,08.BG.05
Gamagarite,08.BG.05
Calderonite,08.BG.05
Calderonite,08.BG.05
Tsumebite,08.BG.05
Arsentsumebite,08.BG.05
Isokite,08.BH.10
Tilasite,08.BH.10
Tilasite,08.BH.10
Durangite,08.BH.10
Durangite,08.BH.10
Maxwellite,08.BH.10
Maxwellite,08.BH.10
Adelite,08.BH.35
Cobaltaustinite,08.BH.35
Austinite,08.BH.35
Austinite,08.BH.35
Austinite,08.BH.35
Conichalcite,08.BH.35
Conichalcite,08.BH.35
Conichalcite,08.BH.35
Conichalcite,08.BH.35
Conichalcite,08.BH.35
Tangeite,08.BH.35
Tangeite,08.BH.35
Duftite,08.BH.35
Duftite,08.BH.35
Duftite,08.BH.35
Duftite,08.BH.35
Duftite,08.BH.35
Descloizite,08.BH.40
Descloizite,08.BH.40
Descloizite,08.BH.40
Mottramite,08.BH.40
Mottramite,08.BH.40
Mottramite,08.BH.40
Mottramite,08.BH.40
Mottramite,08.BH.40
Cechite,08.BH.40
Palermoite,08.BH.25
Palermoite,08.BH.25
Carminite,08.BH.30
Carminite,08.BH.30
Carminite,08.BH.30
Carminite,08.BH.30
Carminite,08.BH.30
Namibite,08.BB.50
Khorixasite,
Penikisite,08.BH.20
Kulanite,08.BH.20
Kulanite,08.BH.20
Perloffite,08.BH.20
Jagowerite,08.BH.55
Vesignieite,08.BH.45
Atelestite,08.BO.15
Atelestite,08.BO.15
Hechtsbergite,08.BO.15
Petitjeanite,08.BO.10
Preisingerite,08.BO.10
Schumacherite,08.BO.10
Kuznetsovite,08.BO.35
Kuznetsovite,08.BO.35
Kuznetsovite,08.BO.35
Kuznetsovite,08.BO.35
Curetonite,08.BK.15
Curetonite,08.BK.15
Bayldonite,08.BH.45
Bayldonite,08.BH.45
Bayldonite,08.BH.45
Bayldonite,08.BH.45
Bayldonite,08.BH.45
Bayldonite,08.BH.45
Heyite,08.BK.20
Heyite,08.BK.20
Schlossmacherite,07.BC.10
Woodhouseite,08.BL.05
Woodhouseite,08.BL.05
Woodhouseite,08.BL.05
Svanbergite,08.BL.05
Svanbergite,08.BL.05
Svanbergite,08.BL.05
Kemmlitzite,08.BL.05
Kemmlitzite,08.BL.05
Kemmlitzite,08.BL.05
Kemmlitzite,08.BL.05
Kemmlitzite,08.BL.05
Hinsdalite,08.BL.05
Hinsdalite,08.BL.05
Hinsdalite,08.BL.05
Hinsdalite,08.BL.05
Hinsdalite,08.BL.05
Hidalgoite,08.BL.05
Hidalgoite,08.BL.05
Hidalgoite,08.BL.05
Corkite,08.BL.05
Beudantite,08.BL.05
Beudantite,08.BL.05
Beudantite,08.BL.05
Beudantite,08.BL.05
Beudantite,08.BL.05
Crandallite,08.BL.10
Crandallite,08.BL.10
Crandallite,08.BL.10
Crandallite,
Arsenocrandallite,08.BL.10
Goyazite,08.BL.10
Goyazite,08.BL.10
Goyazite,08.BL.10
Gorceixite,08.BL.10
Arsenogorceixite,08.BL.10
Arsenogorceixite,08.BL.10
Arsenogorceixite,08.BL.10
Arsenogorceixite,08.BL.10
Arsenogorceixite,08.BL.10
Arsenogorceixite,08.BL.10
Arsenogorceixite,08.BL.10
Arsenogorceixite,08.BL.10
Arsenogorceixite,08.BL.10
Plumbogummite,08.BL.10
Plumbogummite,08.BL.10
Philipsbornite,08.BL.10
Philipsbornite,08.BL.10
Philipsbornite,08.BL.10
Philipsbornite,08.BL.10
Philipsbornite,08.BL.10
Philipsbornite,08.BL.10
Philipsbornite,08.BL.10
Philipsbornite,08.BL.10
Waylandite,08.BL.13
Florencite-(La),
Florencite-(La),
Florencite-(Ce),
Benauite,
Dussertite,08.BL.10
Dussertite,08.BL.10
Segnitite,08.BL.10
Fluorapatite,
Fluorapatite,
Fluorapatite,
Fluorapatite,
Fluorapatite,
Fluorapatite,
Fluorapatite,
Fluorapatite,
Fluorapatite,
Fluorapatite,
Fluorapatite,
Fluorapatite,
Fluorapatite,
Fluorapatite,
Fluorapatite,
Chlorapatite-M,
Hydroxylapatite,
Hydroxylapatite,
Hydroxylapatite,
Hydroxylapatite,
Svabite,08.BN.05
Svabite,08.BN.05
Phosphohedyphane,08.BN.05
Phosphohedyphane,08.BN.05
Phosphohedyphane,08.BN.05
Phosphohedyphane,08.BN.05
Fluorphosphohedyphane,08.BN.05
Fluorphosphohedyphane,08.BN.05
Hedyphane,08.BN.05
Hedyphane,08.BN.05
Pyromorphite,08.BN.05
Pyromorphite,08.BN.05
Pyromorphite,08.BN.05
Pyromorphite,08.BN.05
Pyromorphite,08.BN.05
Pyromorphite,08.BN.05
Pyromorphite,08.BN.05
Mimetite,08.BN.05
Mimetite,08.BN.05
Mimetite,08.BN.05
Mimetite,08.BN.05
Mimetite,08.BN.05
Mimetite,08.BN.05
Mimetite,08.BN.05
Mimetite,08.BN.05
Mimetite,08.BN.05
Mimetite,08.BN.05
Mimetite,08.BN.05
Mimetite,08.BN.05
Vanadinite,08.BN.05
Vanadinite,08.BN.05
Vanadinite,08.BN.05
Vanadinite,08.BN.05
Vanadinite,08.BN.05
Vanadinite,08.BN.05
Vanadinite,08.BN.05
Vanadinite,08.BN.05
Vanadinite,08.BN.05
Vanadinite,08.BN.05
Theoparacelsite,08.BB.65
Theoparacelsite,08.BB.65
Theoparacelsite,08.BB.65
Gainesite,08.CA.20
Hureaulite,08.CB.10
Hureaulite,08.CB.10
Hureaulite,08.CB.10
Sainfeldite,08.CB.10
Sainfeldite,08.CB.10
Sainfeldite,08.CB.10
Sainfeldite,08.CB.10
Villyaellenite,08.CB.10
Kaatialaite,08.CC.10
Krautite,08.CB.15
Cobaltkoritnigite,08.CB.20
Geminite,08.CB.30
Geminite,08.CB.30
Geminite,08.CB.30
Geminite,08.CB.30
Geminite,08.CB.30
Geminite,08.CB.30
Geminite,08.CB.30
Geminite,08.CB.30
Geminite,08.CB.30
Yvonite,08.CB.25
Geigerite,08.CE.05
Geigerite,08.CE.05
Fervanite,04.HG.05
Fervanite,04.HG.05
Fervanite,04.HG.05
Phosphoferrite,08.CC.05
Phosphoferrite,08.CC.05
Reddingite,08.CC.05
Kryzhanovskite,08.CC.05
Metavariscite,08.CD.05
Metavariscite,08.CD.05
Metavariscite,08.CD.05
Malhmoodite,08.CE.75
Malhmoodite,08.CE.75
Phosphosiderite,08.CD.05
Phosphosiderite,08.CD.05
Kolbeckite,08.CD.05
Kolbeckite,08.CD.05
Variscite,08.CD.10
Variscite,08.CD.10
Variscite,08.CD.10
Variscite,08.CD.10
Variscite,08.CD.10
Strengite,08.CD.10
Strengite,08.CD.10
Strengite,08.CD.10
Strengite,08.CD.10
Strengite,08.CD.10
Mansfieldite,08.CD.10
Mansfieldite,08.CD.10
Mansfieldite,08.CD.10
Mansfieldite,08.CD.10
Mansfieldite,08.CD.10
Mansfieldite,08.CD.10
Mansfieldite,08.CD.10
Mansfieldite,08.CD.10
Scorodite,08.CD.10
Scorodite,08.CD.10
Scorodite,08.CD.10
Scorodite,08.CD.10
Scorodite,08.CD.10
Scorodite,08.CD.10
Ludlamite,08.CD.20
Ludlamite,08.CD.20
Switzerite,08.CE.25
Metaswitzerite,08.CE.25
Phosphophyllite,08.CA.40
Phosphophyllite,08.CA.40
Hopeite,08.CA.30
Parahopeite,08.CA.70
Parahopeite,08.CA.70
Parahopeite,08.CA.70
Smolyaninovite,08.CH.55
Newberyite,08.CE.10
Newberyite,08.CE.10
Steigerite,08.CE.65
Schoderite,08.CE.70
Metaschoderite,08.CE.70
Kankite,08.CE.60
Kankite,08.CE.60
Baricite,08.CE.40
Vivianite,08.CE.40
Vivianite,08.CE.40
Vivianite,08.CE.40
Vivianite,08.CE.40
Vivianite,08.CE.40
Vivianite,08.CE.40
Hörnesite,08.CE.40
Parasymplesite,08.CE.40
Parasymplesite,08.CE.40
Erythrite,08.CE.40
Erythrite,08.CE.40
Erythrite,08.CE.40
Erythrite,08.CE.40
Erythrite,08.CE.40
Erythrite,08.CE.40
Annabergite,08.CE.40
Annabergite,08.CE.40
Annabergite,08.CE.40
Kottigite,
Kottigite,
Symplesite,08.CE.45
Burgessite,08.CB.60
Brassite,08.CE.15
Rosslerite,
Parascholzite,08.CA.45
Scholzite,08.CA.45
Scholzite,08.CA.45
Scholzite,08.CA.45
Fluckite,08.CB.15
Fluckite,08.CB.15
Fluckite,08.CB.15
Collinsite,08.CG.05
Collinsite,08.CG.05
Collinsite,08.CG.05
Messelite,08.CG.05
Messelite,08.CG.05
Messelite,08.CG.05
Fairfieldite,08.CG.05
Fairfieldite,08.CG.05
Fairfieldite,08.CG.05
Talmessite,08.CG.05
Talmessite,08.CG.05
Talmessite,08.CG.05
Roselitebeta,
Roselitebeta,
Roselite,08.CG.10
Roselite,08.CG.10
Roselite,08.CG.10
Brandtite,08.CG.10
Brandtite,08.CG.10
Brandtite,08.CG.10
Wicksite,08.CF.05
Grischunite,08.CF.05
Grischunite,08.CF.05
Grischunite,08.CF.05
Grischunite,08.CF.05
Grischunite,08.CF.05
Grischunite,08.CF.05
Grischunite,08.CF.05
Walentaite,08.CH.05
Anapaite,08.CH.10
Anapaite,08.CH.10
Taranakite,08.CH.25
Struvite,08.CH.40
Hannayite,08.CH.35
Haidingerite,08.CJ.20
Irhtemite,08.CB.55
Irhtemite,08.CB.55
Irhtemite,08.CB.55
Irhtemite,08.CB.55
Vladimirite,08.CJ.25
Vladimirite,08.CJ.25
Ferrarisite,08.CJ.30
Ferrarisite,08.CJ.30
Ferrarisite,08.CJ.30
Ferrarisite,08.CJ.30
Guerinite,08.CJ.75
Guerinite,08.CJ.75
Guerinite,08.CJ.75
Guerinite,08.CJ.75
Guerinite,08.CJ.75
Guerinite,08.CJ.75
Rauenthalite,08.CJ.40
Rauenthalite,08.CJ.40
Rauenthalite,08.CJ.40
Phaunouxite,08.CJ.40
Picropharmacolite,08.CH.15
Picropharmacolite,08.CH.15
Picropharmacolite,08.CH.15
Picropharmacolite,08.CH.15
Picropharmacolite,08.CH.15
Picropharmacolite,08.CH.15
Brushite,08.CJ.50
Pharmacolite,08.CJ.50
Pharmacolite,08.CJ.50
Pharmacolite,08.CJ.50
Pharmacolite,08.CJ.50
Churchite-(Y),
Churchite-(Y),
Rhabdophane-(Ce),
Cabalzarite,08.CG.15
Lotharmeyerite,08.CG.15
Tsumcorite,08.CG.15
Tsumcorite,08.CG.15
Tsumcorite,08.CG.15
Tsumcorite,08.CG.15
Tsumcorite,08.CG.15
Mawbyite,08.CG.15
Gartrellite,08.CG.20
Gartrellite,08.CG.20
Gartrellite,08.CG.20
Gartrellite,08.CG.20
Betpakdalite-Caca,
Mendozavilite-Nafe,
Paramendozavilite,07.GB.45
Rankachite,07.GB.25
Fianelite,08.FC.05
Moraesite,08.DA.05
Weinebeneite,08.DA.20
Weinebeneite,08.DA.20
Uralolite,08.DA.15
Zanazziite,08.DA.10
Roscherite,08.DA.10
Roscherite,08.DA.10
Footemineite,08.DA.10
Ruifrancoite,08.DA.10
Tiptopite,08.DA.25
Landesite,08.CC.05
Landesite,08.CC.05
Schoonerite,08.DB.15
Sinkankasite,08.DB.20
Pitticite,08.DB.05
Pitticite,08.DB.05
Diadochite,08.DB.05
Diadochite,08.DB.05
Bukovskyite,08.DB.40
Bukovskyite,08.DB.40
Zykaite,08.DB.45
Zykaite,08.DB.45
Satpaevite,04.HG.65
Nissonite,08.DC.05
Strashimirite,08.DC.12
Strashimirite,08.DC.12
Strashimirite,08.DC.12
Strashimirite,08.DC.12
Strashimirite,08.DC.12
Euchroite,08.DC.07
Euchroite,08.DC.07
Lapeyreite,08.XX.00
Kovdorskite,08.DC.22
Legrandite,08.DC.10
Legrandite,08.DC.10
Spencerite,08.DA.40
Spencerite,08.DA.40
Nevadaite,08.DC.60
Nevadaite,08.DC.60
Whitmoreite,08.DC.15
Whitmoreite,08.DC.15
Earlshannonite,08.DC.15
Earlshannonite,08.DC.15
Arthurite,08.DC.15
Arthurite,08.DC.15
Arthurite,08.DC.15
Arthurite,08.DC.15
Ojuelaite,08.DC.15
Vauxite,08.DC.35
Metavauxite,08.DC.25
Stewartite,08.DC.30
Pseudolaueite,08.DC.30
Paravauxite,08.DC.30
Paravauxite,08.DC.30
Laueite,08.DC.30
Laueite,08.DC.30
Ferrostrunzite,08.DC.25
Ferrostrunzite,08.DC.25
Strunzite,08.DC.25
Ferristrunzite,08.DC.25
Ferristrunzite,08.DC.25
Bermanite,08.DC.20
Bermanite,08.DC.20
Cacoxenite,08.DC.40
Cacoxenite,08.DC.40
Tinticite,08.DC.32
Eleonorite,
Souzalite,08.DC.45
Gormanite,08.DC.45
Dufrenite,08.DK.15
Kidwellite,08.DK.20
Kidwellite,08.DK.20
Meurigite-K,
Vashegyite,08.DB.10
Vantasselite,08.DC.37
Vantasselite,08.DC.37
Wavellite,08.DC.50
Wavellite,08.DC.50
Wavellite,08.DC.50
Wavellite,08.DC.50
Childrenite,08.DD.20
Childrenite,08.DD.20
Ernstite,08.DD.20
Ernstite,08.DD.20
Ernstite,08.DD.20
Planerite,08.DD.15
Planerite,08.DD.15
Planerite,08.DD.15
Turquoise,08.DD.15
Turquoise,08.DD.15
Turquoise,08.DD.15
Turquoise,08.DD.15
Turquoise,08.DD.15
Turquoise,08.DD.15
Turquoise,08.DD.15
Turquoise,08.DD.15
Faustite,08.DD.15
Faustite,08.DD.15
Chalcosiderite,08.DD.15
Claraite,05.DA.30
Luetheite,08.DD.05
Chenevixite,08.DD.05
Chenevixite,08.DD.05
Aldermanite,08.DE.35
Senegalite,08.DE.05
Fluellite,08.DE.10
Fluellite,08.DE.10
Fluellite,08.DE.10
Kipushite,08.DA.35
Philipsburgite,08.DA.35
Philipsburgite,08.DA.35
Veszelyite,08.DA.30
Veszelyite,08.DA.30
Zapatalite,08.DE.20
Ceruleite,08.DE.25
Ceruleite,08.DE.25
Ceruleite,08.DE.25
Parnauite,08.DF.35
Parnauite,08.DF.35
Parnauite,08.DF.35
Parnauite,08.DF.35
Parnauite,08.DF.35
Parnauite,08.DF.35
Parnauite,08.DF.35
Parnauite,08.DF.35
Liroconite,08.DF.20
Liroconite,08.DF.20
Chalcophyllite,08.DF.30
Chalcophyllite,08.DF.30
Chalcophyllite,08.DF.30
Chalcophyllite,08.DF.30
Chalcophyllite,08.DF.30
Chalcophyllite,08.DF.30
Chalcophyllite,08.DF.30
Chalcophyllite,08.DF.30
Sieleckiite,08.DF.25
Evansite,08.DF.10
Evansite,08.DF.10
Liskeardite,08.DF.10
Sampleite,08.DG.05
Lavendulan,08.DG.05
Lavendulan,08.DG.05
Lavendulan,08.DG.05
Lavendulan,08.DG.05
Lavendulan,08.DG.05
Lavendulan,08.DG.05
Lavendulan,08.DG.05
Lemanskiite,08.DG.05
Zdenekite,08.DG.05
Zdenekite,08.DG.05
Zdenekite,08.DG.05
Mahnertite,08.DH.45
Englishite,08.DH.55
Englishite,08.DH.55
Tinsleyite,08.DH.10
Tinsleyite,08.DH.10
Leucophosphite,08.DH.10
Leucophosphite,08.DH.10
Leucophosphite,08.DH.10
Minyulite,08.DH.05
Segelerite,08.DH.20
Wilhelmvierlingite,08.DH.20
Whiteite-(CaFeMg),
Rittmannite,08.DH.15
Jahnsite-(Camnmg),
Jahnsite-(Camnmg),
Keckite,08.DH.15
Keckite,08.DH.15
Keckite,08.DH.15
Xanthoxenite,08.DH.40
Xanthoxenite,08.DH.40
Mitridatite,08.DH.30
Mitridatite,08.DH.30
Mitridatite,08.DH.30
Arseniosiderite,08.DH.30
Arseniosiderite,08.DH.30
Arseniosiderite,08.DH.30
Arseniosiderite,08.DH.30
Robertsite,08.DH.30
Montgomeryite,08.DH.25
Kingsmountite,08.DH.25
Kingsmountite,08.DH.25
Kingsmountite,08.DH.25
Calcioferrite,08.DH.25
Mantienneite,08.DH.35
Jungite,08.DJ.25
Peisleyite,08.DO.15
Pharmacosiderite,08.DK.10
Pharmacosiderite,08.DK.10
Pharmacosiderite,08.DK.10
Pharmacosiderite,08.DK.10
Pharmacosiderite,08.DK.10
Bariopharmacosiderite,08.DK.10
Bariopharmacosiderite,08.DK.10
Bariopharmacosiderite,08.DK.10
Santabarbaraite,08.CE.80
Ogdensburgite,08.DC.57
Matulaite,08.DK.30
Matulaite,08.DK.30
Foggite,08.DL.05
Morinite,08.DM.05
Wardite,08.DL.10
Wardite,08.DL.10
Cyrilovite,08.DL.10
Millisite,08.DL.10
Wallkilldellite-Fe,
Petersite-(Y),
Calciopetersite,08.DL.15
Goudeyite,08.DL.15
Agardite-(Y),
Agardite-(Y),
Agardite-(Y),
Agardite-(La),
Agardite-(Ce),
Agardite-(Ce),
Agardite-(Ce),
Mixite,08.DL.15
Mixite,08.DL.15
Mixite,08.DL.15
Mixite,08.DL.15
Mixite,08.DL.15
Mixite,08.DL.15
Mixite,08.DL.15
Mrazekite,08.DJ.40
Richelsdorfite,08.DK.25
Tyrolite,08.DM.10
Tyrolite,08.DM.10
Tyrolite,08.DM.10
Tyrolite,08.DM.10
Tangdanite,
Tangdanite,
Tangdanite,
Delvauxite,08.DM.35
Volborthite,08.FD.05
Volborthite,08.FD.05
Volborthite,08.FD.05
Martyite,08.FD.05
Torbernite,08.EB.05
Zeunerite,08.EB.05
Zeunerite,08.EB.05
Metazeunerite,08.EB.10
Metauranospinite,08.EB.10
Bergenite,08.EC.40
Asselbornite,08.ED.10
Tyuyamunite,04.HB.25
Bobdownsite = Whitlockite,
Cheralite-(Ce) = Monazite-(Ce),
Pisekite = Monazite,
Turnerite = Monazite,
"Spodiosite =  Fluorapatite, Calcite, Serpentine",
Endlichite = Arsenatian Vanadinite,
Calciovolborthite = Tangeite,
Apatite-(Cacl) = Chlorapatite,
Hydroxyapatite = Hydroxylpatite,
Apatite-(Caf) = Fluorapatite,
Hydroxylapatite-M = Hydroxylapatite,
Clinohydroxylapatite = Hydroxylapatite-M,
Lusungite = Benauite,
Mimetese = Mimetite,
Campylite = Phosphore Mimetite,
Andrewsite,
Dahllite = Hydroxylapatite Carbonate Rich,
Cuivre Phosphate = Libethenite Or Pseudomalachite,
Phosphohedyphane-(F) = Fluorphosphohedyphane,
Brasilianite = Brazilianite,
Apatite-(Caoh) = Hydroxylpatite,
Cuprian Austinite = Austinite,
Carbonatehydroxylapatite,
Cuivre Arseniate = Olivenite Or Chalcophyllite,
Francolite = Carbonatefluorapatite,
Quercyite = Carbonate Apatite,
Cobaltoadamite = Adamite,
Carbonatefluorapatite,
Cuprodescloizite = Mottramite,
Duhamelite = Mottramite Bismuthian,
Cuproadamite = Adamite,
Orpheite = Hinsdalite,
Aphanese = Clinoclase,
Collophane = Collophanite = Carbonate Apatite,
Higginsite = Conichalcite,
Hydroxyl-Herderite = Hydroxylherderite,
Prixite = Mimetite,
Collophanite = Carbonate Apatite,
Wilkeite = Apatite Or Fluorellestadite,
Geneveite = Theisite (?),
Leucochalcite = Olivenite,
Apatite,
Mendozavilite = Mendozavilite-Nafe,
Betpakdalite = Betpakdalite-Caca,
Fer Phosphate = Vivianite,
Kobaltbluthe = Erythrite,
Talmessite,
Koettigite = Kottigite,
Mahlmoodite = Malhmoodite,
Roselite Beta = Roselitebeta,
Fer Azure = Vivianite,
Gainesite-(Nana) = Gainesite,
Weinschenkite = Churchite-(Y),
Utahlite = Variscite,
Metastrengite = Phosphosiderite,
Bastinite = Hureaulite,
Clinostrengite = Phosphosiderite,
Hoernesite = Hornesite,
Cabrerite = Magnesian Annabergite,
Roesslerite = Rosslerite,
Huréaulite = Hureaulite,
Fer Phosphate = Vivianite,
Mantiennéite = Mantienneite,
Oxiberaunite = Eleonorite,
Barium Pharmacosiderite = Bariopharmacosiderite,
Kupferschaum = Tyrolite,
Coeruleolactite = Cuprian Planerite + Crandallite,
Kupferglimmer = Chalcophyllite,
Laubmannite,
"Laubmannite =  Dufrenite, Kidwellite, Beraunite",
Trichlorite = Tyrolite,
Bolivarite = Evansite (?),
Meurigite = Meurigite-K,
Cuprofaustite = Faustite,
Fer Arseniate = Pharmacosiderite,
Tirolite = Tyrolite,
Trichalcite = Tyrolite,
Destinezite = Diadochite,
Clinotyrolite = Tangdanite,
Clinotirolite = Clinotyrolite = Tangdanite,
Ferriberaunite = Eleonorite,
Uranite = Autunite And Meta-Autunite Groups,
Chalcolite = Torbernite,
Monazite-(Ce),
Pyrite,02.EB.05a
Dolomite,05.AB.10
Ankerite,05.AB.10
Albite Adulaire,
Dolomite,05.AB.10
Apatite,08.BN.05
Hematite,04.CB.05
Albite Adulaire,
Trémolite,09.DE.10
Monazite-(Ce),
Ferrotitane,
Tourmaline,
Or,01.AA.05
Argent,01.AA.05
Chrome,01.AE.05
Molybdène,
Cobalt,
Synchysite-(Ce),
Antimoine,01.CA.05
Soufre,01.CC.05
Tellure,01.CC.10
Cuivre,01.AA.05
Manganèse,
Tungstène,
Fer,01.AE.05
Bismuth,01.CA.05
Silicium,01.CB.15
Zinc,01.AB.05
Germanium,
Titane,01.AB.05
Etain,01.AC.10
Magnésium,
Plomb,01.AA.05
Nickel,01.AA.05
Bore,
Cadmium,
Béryllium,
Mercure,01.AD.05
Carbone,
Sulfure de Na,
Calcite,05.AB.05
Calcite,05.AB.05
Apatite,08.BN.05
Tartrate de K,
Goethite,04.FD.10
Rutile,04.DB.05
Anatase,04.DD.05
Gypse,
Anhydrite,07.AD.30
Vesuvianite,09.BG.35
Torbernite,08.EB.05
Brookite,04.DD.10
Corindon,
Calcite,05.AB.05
Lizardite,09.ED.15
Betafite,04.DH.15
Samarskite-(Y),
Uraninite,04.DL.05
Synchysite-(Ce),
Allanite-(Ce),
Fluorite,03.AB.25
Titanite,09.AG.15
Boltwoodite,09.AK.15
Torbernite,08.EB.05
Torbernite?,
Autunite,08.EB.05
Stannate de Pb,
Antimoniate de Pb,
Soufre,01.CC.05
Minium,
Hematite,
Torbernite,08.EB.05
Carbonate de Ca,
Spinelle,
Torbernite,08.EB.05
Carbure de Si,
Bismuth,01.CA.05
Torbernite,08.EB.05
Ambre,
Saccharose,
Ferrocyanure de Fe,
Magnesiocopiapite,07.DB.35
Fibroferrite,07.DC.15
Pumpellyite,09.BG.20
Aluminium,
Sulfure de Cd,
Vanadinite,
Monazite-(Ce),
Tartrate de K,
Sulfate de K Et Al,
Sulfate de K Et Cr,
Sulfate de K Et Al,
Corindon,
Sulfate de Cu,
Indigotine,
Arsénite de Cu,
Carbonate de Cu,
Vanadinite,
Cuivre,01.AA.05
Cuivre,01.AA.05
Cuivre,01.AA.05
Cuivre,01.AA.05
Cuivre,01.AA.05
Cuivre,01.AA.05
Cuivre,01.AA.05
Cuivre,01.AA.05
"Argent (-3c,-2h,-4h)",
"Argent (-3c,-2h,-4h)",
"Argent (-3c,-2h,-4h)",
"Argent (-3c,-2h,-4h)",
"Argent (-3c,-2h,-4h)",
"Argent (-3c,-2h,-4h)",
"Argent (-3c,-2h,-4h)",
"Argent (-3c,-2h,-4h)",
"Argent (-3c,-2h,-4h)",
"Argent (-3c,-2h,-4h)",
"Argent (-3c,-2h,-4h) 'Amalgam'",
"Argent (-3c,-2h,-4h) 'Amalgam'",
"Argent (-3c,-2h,-4h)",
"Argent (-3c,-2h,-4h)",
"Argent (-3c,-2h,-4h) 'Kongsbergite'",
Or,01.AA.05
Or,01.AA.05
Or,01.AA.05
Or,01.AA.05
Or,01.AA.05
Or,01.AA.05
Or,01.AA.05
Or,01.AA.05
Or,01.AA.05
Or,01.AA.05
Or,01.AA.05
Or,01.AA.05
Or,01.AA.05
Or,01.AA.05
Or,01.AA.05
Or,01.AA.05
Or,01.AA.05
Or,01.AA.05
Or,01.AA.05
Or,01.AA.05
Or,01.AA.05
Or,01.AA.05
Or,01.AA.05
Or,01.AA.05
Or,01.AA.05
Mercure,01.AD.05
Mercure,01.AD.05
Mercure,01.AD.05
Mercure,01.AD.05
Mercure,01.AD.05
Kolymite,01.AD.10
Eugenite,01.AD.15c
Moschellandsbergite,01.AD.15d
Moschellandsbergite,01.AD.15d
Potarite,01.AD.25
Potarite,01.AD.25
Indium,01.AC.05
Plomb,01.AA.05
Fer,01.AE.05
Fer,01.AE.05
Iron 'Kamacite',
Iron 'Plessite',
Iron 'Kamacite',
Kamacite = Ni Rich Fe In Meteorite,
Kamacite = Ni Rich Fe In Meteorite,
Wairauite,01.AE.15
Jedwabite,01.AE.25
Jedwabite,01.AE.25
Jedwabite,01.AE.25
Jedwabite,01.AE.25
Jedwabite,01.AE.25
Taenite,01.AE.10
Taenite,01.AE.10
Awaruite,
Khamrabaevite,01.BA.20
Niobocarbide,
Niobocarbide,
Tantalcarbide,
Tantalcarbide,
Tantalcarbide,
Siderazot,
Suessite,01.BB.05
Osmium,01.AF.05
Osmium,01.AF.05
Osmium,01.AF.05
Rutheniridosmine,01.AF.05
Iridium,01.AF.10
Platine,01.AF.10
Platine,01.AF.10
Platine,01.AF.10
Platine,01.AF.10
Tetraferroplatinum,
Tulameenite,01.AG.40
Arsenic,01.CA.05
Arsenic,01.CA.05
Arsenic,01.CA.05
Arsenic,01.CA.05
Arsenic,01.CA.05
Arsenic,01.CA.05
Arsenic,01.CA.05
Stibarsen,01.CA.05
Stibarsen,01.CA.05
Stibarsen 'Allemontite',
Antimoine,01.CA.05
Antimoine,01.CA.05
Antimoine,01.CA.05
Bismuth,01.CA.05
Bismuth,01.CA.05
Bismuth,01.CA.05
Bismuth,01.CA.05
Arsenolamprite,01.CA.10
Graphite,01.CB.05a
Graphite,01.CB.05a
Graphite,01.CB.05a
Graphite,01.CB.05a
Diamant,01.CB.10a
Diamant,01.CB.10a
Soufre,01.CC.05
Soufre,01.CC.05
Soufre,01.CC.05
Soufre,01.CC.05
Soufre,01.CC.05
Soufre,01.CC.05
Soufre,01.CC.05
Soufre,01.CC.05
Soufre,01.CC.05
Soufre,01.CC.05
Soufre,01.CC.05
Soufre,01.CC.05
Soufre,01.CC.05
Soufre,01.CC.05
Soufre,01.CC.05
Soufre,01.CC.05
Soufre,01.CC.05
Soufre,01.CC.05
Soufre,01.CC.05
Rosickyite,01.CC.05
Selenium,01.CC.10
Selenium,01.CC.10
Tellure,01.CC.10
Tellure,01.CC.10
Plessite = Kamacite-Taenite,
"Ouro Preto = Oxygenated Pt, Pd, Au, Cu, Fe, Mn",
Josephinite,
Algodonite,02.AA.10a
Domeykite,02.AA.10b
Domeykite,02.AA.10b
Domeykite,02.AA.10b
Koutekite,02.AA.10d
Cuprostibite,02.AA.20
Cuprostibite,02.AA.20
Allargentum,02.AA.30
Dyscrasite,02.AA.35
Dyscrasite,02.AA.35
Dyscrasite,02.AA.35
Dyscrasite,02.AA.35
Dyscrasite,02.AA.35
Maldonite,02.AA.40
Maucherite,02.AB.15
Atheneite,02.AC.05a
Isomertieite,02.AC.15a
Oosterboschite,02.BC.10
Oosterboschite,02.BC.10
Oosterboschite,02.BC.10
Oosterboschite,02.BC.10
Luberoite,02.BC.35
Chalcocite,02.BA.05a
Chalcocite,02.BA.05a
Djurleite,02.BA.05b
Djurleite,02.BA.05b
Djurleite,02.BA.05b
Djurleite,02.BA.05b
Digenite,02.BA.05e
Digenite,02.BA.05e
Digenite,02.BA.05e
Roxbyite,02.BA.05d
Anilite,02.BA.05f
Yarrowite,02.CA.05d
Betekhtinite,02.BE.05
Bornite,02.BA.10
Bornite,02.BA.10
Berzelianite,02.BA.15a
Berzelianite,02.BA.15a
Crookesite,02.BD.50
Umangite,02.BA.15c
Umangite,02.BA.15c
Weissite,02.BA.20b
Acanthite,02.BA.30a
Acanthite,02.BA.30a
Acanthite,02.BA.30a
Acanthite,02.BA.30a
Naumannite,02.BA.30b
Hessite,02.BA.30c
Cervelleite,02.BA.30d
Stutzite,
Stutzite,
Empressite,02.CB.80
Jalpaite,02.BA.25c
Mckinstryite,02.BA.25b
Stromeyerite,02.BA.25a
Stromeyerite,02.BA.25a
Eucairite,02.BA.25d
Imiterite,02.BD.05
Imiterite,02.BD.05
Uytenbogaardtite,02.BA.40b
Petzite,02.BA.40a
Petzite,02.BA.40a
Canfieldite,02.BA.35
Bayankhanite (?),
Heazlewoodite,02.BB.05
Heazlewoodite,02.BB.05
Oregonite,02.AB.20
Donharrisite,02.BD.20
Hauchecornite,02.BB.10
Arsenohauchecornite,02.BB.10
Pentlandite,02.BB.15a
Mackinawite,02.CC.25
Sphalerite,02.CB.05a
Sphalerite 'Marmatite',
Sphalerite 'Marmatite',
Sphalerite 'Marmatite',
Sphalerite,02.CB.05a
Sphalerite 'Marmatite',
Sphalerite,02.CB.05a
Sphalerite,02.CB.05a
Sphalerite,02.CB.05a
Sphalerite,02.CB.05a
Sphalerite,02.CB.05a
Sphalerite,02.CB.05a
Sphalerite,02.CB.05a
Sphalerite 'Sphalerite Indifere',
Sphalerite,02.CB.05a
Sphalerite,02.CB.05a
Sphalerite + Wurtzite 'Schalenblende',
Sphalerite,02.CB.05a
Sphalerite 'Marmatite',
Sphalerite 'Matraite',
Hawleyite,02.CB.05a
Metacinnabar,
Metacinnabar,
Metacinnabar 'Saukovite',
Metacinnabar 'Saukovite',
Tiemannite,02.CB.05a
Tiemannite,02.CB.05a
Tiemannite,02.CB.05a
Tiemannite,02.CB.05a
Tiemannite,02.CB.05a
Coloradoite,02.CB.05a
Chalcopyrite,02.CB.10a
Chalcopyrite,02.CB.10a
Chalcopyrite,02.CB.10a
Chalcopyrite,02.CB.10a
Chalcopyrite,02.CB.10a
Chalcopyrite,02.CB.10a
Chalcopyrite,02.CB.10a
Chalcopyrite,02.CB.10a
Chalcopyrite,02.CB.10a
Chalcopyrite,02.CB.10a
Chalcopyrite,02.CB.10a
Chalcopyrite,02.CB.10a
Chalcopyrite,02.CB.10a
Eskebornite,02.CB.10a
Roquesite,02.CB.10a
Gallite,02.CB.10a
Mooihoekite,02.CB.10b
Mooihoekite,02.CB.10b
Haycockite,02.CB.10b
Putoranite,02.CB.10b
Talnakhite,02.CB.10b
Talnakhite,02.CB.10b
Raguinite,02.CB.60
Raguinite,02.CB.60
Luzonite,02.KA.10
Famatinite,02.KA.10
Stannite,02.CB.15a
Kesterite,02.CB.15a
Cernyite,02.CB.15a
Sakuraiite,02.CB.05b
Rhodostannite,02.DA.10
Mawsonite,02.CB.20
Hemusite,02.CB.35a
Kiddcreekite,02.CB.35a
Renierite,02.CB.35a
Vinciennite,02.CB.35a
Vinciennite,02.CB.35a
Germanite,02.CB.30
Nekrasovite,02.CB.30
Colusite,02.CB.30
Arsenosulvanite,02.CB.07.0
Sulvanite,02.CB.70
Tennantite-(Zn),
Tennantite-(Zn),
Tennantite-(Fe),
Tennantite.(Fe),
Tetrahedrite-(Fe),
Tetrahedrite-(Fe) 'Schwazite',
Tetrahedrite- (Fe) 'Schwazite',
Tetrahedrite-(Fe) 'Annivite',
Tetrahedrite-(Fe) 'Tetrahedrite-Tennantite',
Tetrahedrite-(Fe) 'Annivite',
Kenoargentotetrahedrite-(Fe),
Sinnerite,02.GC.10
Aktashite,02.GA.30
Aktashite,02.GA.30
Aktashite,02.GA.30
Aktashite,02.GA.30
Aktashite,02.GA.30
Aktashite,02.GA.30
Wurtzite,02.CB.45
Wurtzite,02.CB.45
Wurtzite,02.CB.45
Greenockite,02.CB.45
Greenockite,02.CB.45
Greenockite,02.CB.45
Enargite,02.KA.05
Enargite,02.KA.05
Enargite,02.KA.05
Cubanite,02.CB.55a
Cubanite,02.CB.55a
Cubanite,02.CB.55a
Cubanite,02.CB.55a
Argentopyrite,02.CB.65
Argentopyrite,02.CB.65
Alabandite,02.CD.10
Alabandite,02.CD.10
Galena,02.CD.10
Galena,02.CD.10
Galena,02.CD.10
Galena,02.CD.10
Galena,02.CD.10
Galena,02.CD.10
Galena,02.CD.10
Galena,02.CD.10
Galena,02.CD.10
Galena,02.CD.10
Galena,02.CD.10
Galena,02.CD.10
Clausthalite,02.CD.10
Clausthalite,02.CD.10
Clausthalite,02.CD.10
Clausthalite,02.CD.10
Clausthalite,02.CD.10
Clausthalite,02.CD.10
Clausthalite,02.CD.10
Clausthalite,02.CD.10
Altaite,02.CD.10
Altaite,02.CD.10
Miargyrite,02.HA.10
Miargyrite,02.HA.10
Miargyrite,02.HA.10
Matildite,02.JA.20
Herzenbergite,02.CD.05
Teallite,02.CD.05
Suredaite,02.DB.10
Incaite,02.HF.25b
Coiraite,02.HF.25b
Franckeite,02.HF.25b
Franckeite,02.HF.25b
Franckeite 'Potosiite',
Cylindrite,02.HF.25a
Cinabre,02.CD.15a
Cinabre,02.CD.15a
Cinabre,02.CD.15a
Cinabre,02.CD.15a
Cinabre,02.CD.15a
Cinabre,02.CD.15a
Cinabre,02.CD.15a
Cinabre,02.CD.15a
Cinabre,02.CD.15a
Cinabre,02.CD.15a
Cinabre,02.CD.15a
Hypercinnabar,
Hypercinnabar,
Troilite,02.CC.10
Pyrrhotite,02.CC.10
Pyrrhotite,02.CC.10
Pyrrhotite,02.CC.10
Westerveldite,02.CC.15
Smythite,02.CC.10
Smythite,02.CC.10
Nickeline,02.CC.05
Nickeline,02.CC.05
Nickeline,02.CC.05
Nickeline,02.CC.05
Nickeline,02.CC.05
Breithauptite,02.CC.05
Millerite,02.CC.20
Millerite,02.CC.20
Millerite,02.CC.20
Millerite,02.CC.20
Millerite,02.CC.20
Millerite,02.CC.20
Millerite,02.CC.20
Covellite,02.CA.05a
Covellite,02.CA.05a
Covellite,02.CA.05a
Valleriite,02.FD.30
Valleriite,02.FD.30
Valleriite,02.FD.30
Tochilinite,02.FD.35
Greigite,02.DA.05
Linnaeite,
Linnaeite,
Linnaeite,
Polydymite,02.DA.05
Carrollite,02.DA.05
Carrollite,02.DA.05
Carrollite,02.DA.05
Violarite,02.DA.05
Violarite,02.DA.05
Siegenite,02.DA.05
Daubréelite,02.DA.05
Tyrrellite,02.DA.05
Paxite,02.EB.20
Stibnite,02.DB.05a
Stibnite,02.DB.05a
Stibnite,02.DB.05a
Stibnite,02.DB.05a
Stibnite,02.DB.05a
Stibnite,02.DB.05a
Stibnite,02.DB.05a
Stibnite,02.DB.05a
Stibnite,02.DB.05a
Stibnite,02.DB.05a
Stibnite,02.DB.05a
Stibnite,02.DB.05a
Stibnite,02.DB.05a
Metastibnite,02.DB.05a
Bismuthinite,02.DB.05a
Bismuthinite,02.DB.05a
Bismuthinite,02.DB.05a
Guanajuatite,02.DB.05a
Tellurobismuthite,02.DC.05c
Tellurobismuthite,02.DC.05c
Tetradymite,02.DC.05c
Tetradymite,02.DC.05c
Tetradymite,02.DC.05c
Kawazulite,02.DC.05c
Kawazulite,02.DC.05c
Tsumoite,02.DC.05b
Tsumoite,02.DC.05b
Vihorlatite,02.DC.05e
Vihorlatite,02.DC.05e
Laitakarite,02.DC.05d
Joseite-B,
Joseite-B,
Pilsenite,02.DC.05d
Rucklidgeite,02.GC.40c
Nagyagite,02.HB.20a
Nagyagite,02.HB.20a
Nagyagite,02.HB.20a
Nagyagite,02.HB.20a
Sylvanite,02.EA.05
Sylvanite,02.EA.05
Sylvanite,02.EA.05
Krennerite,02.EA.15
Krennerite,02.EA.15
Calaverite,02.EA.10
Calaverite,02.EA.10
Calaverite,02.EA.10
Pyrite,02.EB.05a
Pyrite,02.EB.05a
Pyrite,02.EB.05a
Pyrite,02.EB.05a
Pyrite,02.EB.05a
Pyrite,02.EB.05a
Pyrite,02.EB.05a
Pyrite,02.EB.05a
Pyrite,02.EB.05a
Pyrite,02.EB.05a
Pyrite,02.EB.05a
Pyrite,02.EB.05a
Pyrite,02.EB.05a
Pyrite,02.EB.05a
Pyrite,02.EB.05a
Pyrite,02.EB.05a
Pyrite,02.EB.05a
Pyrite,02.EB.05a
Pyrite,02.EB.05a
Pyrite,02.EB.05a
Pyrite,02.EB.05a
Pyrite,02.EB.05a
Pyrite,02.EB.05a
Pyrite,02.EB.05a
Pyrite 'Bravoite',
Pyrite,02.EB.05a
Pyrite,02.EB.05a
Vaesite,02.EB.05a
Hauerite,02.EB.05a
Trogtalite,02.EB.05a
Penroseite,02.EB.05a
Sperrylite,02.EB.05a
Sperrylite,02.EB.05a
Sperrylite,02.EB.05a
Aurostibite,02.EB.05a
Aurostibite,02.EB.05a
Maslovite,02.EB.25
Cobaltite,02.EB.25
Gersdorffite,02.EB.25
Gersdorffite,02.EB.25
Gersdorffite,02.EB.25
Gersdorffite,02.EB.25
Gersdorffite,02.EB.25
Ullmannite,02.EB.25
Ullmannite,02.EB.25
Ullmannite,02.EB.25
Ullmannite,02.EB.25
Tolovkite,02.EB.25
Marcasite,02.EB.10a
Marcasite,02.EB.10a
Marcasite,02.EB.10a
Marcasite,02.EB.10a
Marcasite,02.EB.10a
Marcasite,02.EB.10a
Marcasite,02.EB.10a
Marcasite,02.EB.10a
Marcasite,02.EB.10a
Froodite,02.AC.45a
Arsenopyrite,02.EB.20
Arsenopyrite,02.EB.20
Arsenopyrite,02.EB.20
Arsenopyrite,02.EB.20
Arsenopyrite,02.EB.20
Arsenopyrite,02.EB.20
Arsenopyrite,02.EB.20
Glaucodot,02.EB.10c
Gudmundite,02.EB.20
Alloclasite,02.EB.10b
Lollingite,
Lollingite,
Lollingite,
Lollingite,
Lollingite,
Safflorite,02.EB.15a
Safflorite,02.EB.15a
Rammelsbergite,02.EB.15a
Rammelsbergite,02.EB.15a
Clinosafflorite,02.EB.15a
Pararammelsbergite,02.EB.10e
Molybdenite-2h,
Molybdenite-2h,
Molybdenite-2h,
Molybdenite-2h,
Molybdenite-2h,
Molybdenite-3r,
"Tungstenite (-2h,-3r)",
"Tungstenite (-2h,-3r)",
Melonite,02.EA.20
Skutterudite,02.EC.05
Skutterudite,02.EC.05
Skutterudite,02.EC.05
Skutterudite,02.EC.05
Nickelskutterudite,02.EC.05
Nickelskutterudite V. Chloanthite,
Berthierite,02.HA.20
Berthierite,02.HA.20
Skinnerite,02.GA.20
Wittichenite,02.GA.20
Chalcostibite,02.HA.05
Chalcostibite,02.HA.05
Chalcostibite,02.HA.05
Chalcostibite,02.HA.05
Emplectite,02.HA.05
Pearceite,02.GB.15
Pearceite,02.GB.15
Polybasite,02.GB.15
Polybasite,02.GB.15
Polybasite,02.GB.15
Polybasite,02.GB.15
Benleonardite,02.LA.50
Stephanite,02.GB.10
Löllingite,02.GB.10
Stephanite,02.GB.10
Stephanite,02.GB.10
Stephanite,02.GB.10
Proustite,02.GA.05
Proustite,02.GA.05
Proustite,02.GA.05
Pyrargyrite,02.GA.05
Pyrargyrite,02.GA.05
Xanthoconite,02.GA.10
Pyrostilpnite,02.GA.10
Pyrostilpnite,02.GA.10
Samsonite,02.GA.15
Trechmannite,02.GC.35
Smithite,02.GC.30
Smithite,02.GC.30
Fettelite,02.LA.30
Benjaminite,02.JA.05e
Mummeite,02.JA.05f
Galkhaite,02.GB.20
Galkhaite,02.GB.20
Galkhaite,02.GB.20
Galkhaite,02.GB.20
Galkhaite,02.GB.20
Galkhaite,02.GB.20
Laffittite,02.GA.35
Laffittite,02.GA.35
Laffittite,02.GA.35
Laffittite,02.GA.35
Wallisite,02.GC.05
Wallisite,02.GC.05
Wallisite,02.GC.05
Hatchite,02.GC.05
Hatchite,02.GC.05
Livingstonite,02.HA.15
Edenharterite,02.HD.35
Hutchinsonite,02.HD.45
Hutchinsonite,02.HD.45
Hutchinsonite,02.HD.45
Hutchinsonite,02.HD.45
Hutchinsonite,02.HD.45
Hutchinsonite,02.HD.45
Hutchinsonite,02.HD.45
Hutchinsonite,02.HD.45
Lorandite,02.HD.05
Lorandite,02.HD.05
Imhofite,02.HD.30
Imhofite,02.HD.30
Pierrotite,02.HC.05f
Pierrotite,02.HC.05f
Parapierrotite,02.HC.05f
Parapierrotite,02.HC.05f
Chabourneite,02.HC.05e
Jordanite,02.JB.30a
Jordanite,02.JB.30a
Jordanite,02.JB.30a
Jordanite,02.JB.30a
Jordanite,02.JB.30a
Jordanite,02.JB.30a
Jordanite,02.JB.30a
Jordanite,02.JB.30a
Jordanite,02.JB.30a
Geocronite,02.JB.30a
Geocronite V. Schulzite,
Gratonite,02.JB.55
Gratonite,02.JB.55
Meneghinite,02.HB.05b
Meneghinite,02.HB.05b
Meneghinite,02.HB.05b
Lengenbachite,02.HF.30
Lengenbachite,02.HF.30
Lengenbachite,02.HF.30
Seligmannite,02.GA.50
Bournonite,02.GA.50
Bournonite,02.GA.50
Bournonite,02.GA.50
Bournonite,02.GA.50
Bournonite,02.GA.50
Bournonite,02.GA.50
Bournonite,02.GA.50
Dufrenoysite,02.HC.05d
Dufrenoysite,02.HC.05d
Dufrenoysite,02.HC.05d
Falkmanite,02.HC.15
Boulangerite,02.HC.15
Boulangerite,02.HC.15
Boulangerite,02.HC.15
Boulangerite,02.HC.15
Boulangerite,02.HC.15
Jaskolskiite,02.HB.05c
Jaskolskiite,02.HB.05c
Sorbyite,02.LB.60
Dadsonite,02.HC.30
Dadsonite,02.HC.30
Dadsonite,02.HC.30
Semseyite,02.HC.10d
Fuloppite,
Jamesonite,02.HB.15
Jamesonite,02.HB.15
Benavidesite,02.HB.15
Uchucchacuaite,02.JB.40a
Uchucchacuaite,02.JB.40a
Fizelyite,02.JB.40a
Andorite Vi,
Andorite Iv,
Baumhauerite,02.HC.05b
Baumhauerite,02.HC.05b
Baumhauerite,02.HC.05b
Baumhauerite,02.HC.05b
Robinsonite,02.HC.20
Robinsonite,02.HC.20
Liveingite,02.HC.05c
Liveingite,02.HC.05c
Rathite,02.HC.05d
Sartorite,02.HC.05a
Sartorite,02.HC.05a
Sartorite,02.HC.05a
Sartorite,02.HC.05a
Zinkenite,02.JB.35a
Zinkenite,02.JB.35a
Zinkenite,02.JB.35a
Zinkenite,02.JB.35a
Zinkenite,02.JB.35a
Zinkenite,02.JB.35a
Aschamalmite,02.JB.40b
Heyrovskyite,02.JB.40b
Heyrovskyite,02.JB.40b
Aikinite,02.HB.05a
Hammarite,02.HB.05a
Hammarite,02.HB.05a
Lindstromite,
Krupkaite,02.HB.05a
Krupkaite,02.HB.05a
Lillianite,02.JB.40a
Ourayite,02.JB.40c
Eskimoite,02.JB.40b
Vikingite,02.JB.40a
Schirmerite,02.JB.40d
Treasurite,02.JB.40a
Gustavite,02.JB.40a
Izoklakeite,02.HB.10b
Daliranite,
Tintinaite,02.HB.10a
Kobellite,02.HB.10a
Eclarite,02.HB.10c
Berryite,02.HB.20d
Galenobismutite,02.JB.45
Cosalite,02.JB.10
Weibullite,02.JB.45
Weibullite,02.JB.45
Cannizzarite,02.JB.20
Junoite,02.JB.25a
Patronite,02.EC.10
Patronite,02.EC.10
Duranusite,02.FA.05
Duranusite,02.FA.05
Duranusite,02.FA.05
Duranusite,02.FA.05
Realgar,02.FA.15a
Realgar,02.FA.15a
Realgar,02.FA.15a
Realgar,02.FA.15a
Realgar,02.FA.15a
Realgar,02.FA.15a
Realgar,02.FA.15a
Realgar,02.FA.15a
Realgar,02.FA.15a
Realgar,02.FA.15a
Pararealgar,02.FA.15b
Pararealgar,02.FA.15b
Uzonite,02.FA.25
Orpiment,02.FA.30
Orpiment,02.FA.30
Orpiment,02.FA.30
Orpiment,02.FA.30
Orpiment,02.FA.30
Orpiment,02.FA.30
Orpiment,02.FA.30
Laphamite,02.FA.30
Getchellite,02.FA.35
Getchellite,02.FA.35
Getchellite,02.FA.35
Wakabayashilite,02.FA.40
Wakabayashilite,02.FA.40
Wakabayashilite,02.FA.40
Wakabayashilite,02.FA.40
Wakabayashilite,02.FA.40
Bukovite,02.BD.30
Djerfisherite,02.FC.05
Bartonite,02.FC.10
Bartonite,02.FC.10
Bartonite,02.FC.10
Bartonite,02.FC.10
Erdite,02.FD.20
Erdite,02.FD.20
Erdite,02.FD.20
Gerstleyite,02.HE.05
Kermesite,02.FD.05
Kermesite,02.FD.05
Sarabauite,02.MA.10
Sarabauite,02.MA.10
Cetineite,02.MA.05
Cetineite,02.MA.05
Cetineite,02.MA.05
Cetineite,02.MA.05
Cetineite,02.MA.05
Capgaronnite,02.FC.20a
Capgaronnite,02.FC.20a
Capgaronnite,02.FC.20a
Capgaronnite 'Tocornalite',
Capgaronnite 'Tocornalite',
Capgaronnite 'Tocornalite',
Capgaronnite,02.FC.20a
Capgaronnite,02.FC.20a
Perroudite,02.FC.20c
Perroudite,02.FC.20c
Perroudite,02.FC.20c
Perroudite,02.FC.20c
Perroudite,02.FC.20c
Perroudite,02.FC.20c
Perroudite,02.FC.20c
Perroudite,02.FC.20c
Perroudite,02.FC.20c
Perroudite,02.FC.20c
Perroudite,02.FC.20c
Perroudite,02.FC.20c
Perroudite,02.FC.20c
Désorite,08.BK.25
Désorite,08.BK.25
Perroudite,02.FC.20c
Perroudite,02.FC.20c
Perroudite,02.FC.20c
Perroudite,02.FC.20c
Perroudite,02.FC.20c
Perroudite,02.FC.20c
Perroudite,02.FC.20c
Perroudite,02.FC.20c
Perroudite,02.FC.20c
Désorite,08.BK.25
Désorite,08.BK.25
Perroudite,02.FC.20c
Perroudite,02.FC.20c
Perroudite,02.FC.20c
Perroudite,02.FC.20c
Perroudite,02.FC.20c
Perroudite,02.FC.20c
Désorite,08.BK.25
Désorite,08.BK.25
Désorite,08.BK.25
Désorite,08.BK.25
Perroudite,02.FC.20c
Perroudite,02.FC.20c
Perroudite,02.FC.20c
Perroudite,02.FC.20c
Perroudite,02.FC.20c
Perroudite,02.FC.20c
Perroudite,02.FC.20c
Perroudite,02.FC.20c
Perroudite,02.FC.20c
Perroudite,02.FC.20c
Perroudite,02.FC.20c
Perroudite,02.FC.20c
Iltisite,02.FC.20b
Iltisite,02.FC.20b
Iltisite,02.FC.20b
Iltisite,02.FC.20b
Iltisite,02.FC.20b
Iltisite,02.FC.20b
Corderoite,02.FC.15a
Corderoite,02.FC.15a
Corderoite,02.FC.15a
Corderoite,02.FC.15a
Corderoite,02.FC.15a
Corderoite,02.FC.15a
Corderoite,02.FC.15a
Corderoite,02.FC.15a
Corderoite V. Corderoite-Br,
Corderoite,02.FC.15a
Grechishchevite,02.FC.15c
Grechishchevite,02.FC.15c
Grechishchevite,02.FC.15c
Grechishchevite,02.FC.15c
Grechishchevite,02.FC.15c
Grechishchevite,02.FC.15c
Grechishchevite,02.FC.15c
Grechishchevite,02.FC.15c
Grechishchevite,02.FC.15c
Radtkeite,02.FC.15d
Radtkeite,02.FC.15d
Lavrentievite,02.FC.15a
Lavrentievite,02.FC.15a
Lavrentievite,02.FC.15a
Lavrentievite,02.FC.15a
Lavrentievite,02.FC.15a
Lavrentievite,02.FC.15a
Lavrentievite,02.FC.15a
Lavrentievite,02.FC.15a
Lavrentievite,02.FC.15a
Lavrentievite,02.FC.15a
Lavrentievite,02.FC.15a
Lavrentievite,02.FC.15a
Lavrentievite,02.FC.15a
Lavrentievite,02.FC.15a
Lavrentievite,02.FC.15a
Lavrentievite,02.FC.15a
Lavrentievite,02.FC.15a
Lavrentievite,02.FC.15a
Lavrentievite,02.FC.15a
Lavrentievite,02.FC.15a
Lavrentievite,02.FC.15a
Lavrentievite,02.FC.15a
Lavrentievite,02.FC.15a
Lavrentievite,02.FC.15a
Arzakite,02.FC.15a
Arzakite,02.FC.15a
Arzakite,02.FC.15a
Arzakite,02.FC.15a
Arzakite,02.FC.15a
Arzakite,02.FC.15a
Grunlingite = Mixture Joseite + Bismuthinite,
Bursaite = Mixture Of Pb And Bi Sulfosalts,
Radtkeite (Syntethic),
Nantokite,03.AA.05
Marshite,03.AA.05
Miersite,03.AA.05
Villiaumite,03.AA.20
Halite,03.AA.20
Halite,03.AA.20
Halite,03.AA.20
Halite,03.AA.20
Halite,03.AA.20
Halite,03.AA.20
Halite,03.AA.20
Halite,03.AA.20
Halite,03.AA.20
Halite,03.AA.20
Halite,03.AA.20
Halite,03.AA.20
Halite,03.AA.20
Sylvite,03.AA.20
Sylvite,03.AA.20
Sylvite,03.AA.20
Chlorargyrite,03.AA.15
Chlorargyrite 'Embolite',
Chlorargyrite 'Embolite',
Chlorargyrite 'Embolite',
Chlorargyrite,03.AA.15
Chlorargyrite,03.AA.15
Chlorargyrite,03.AA.15
Bromargyrite,03.AA.15
Bromargyrite 'Iodobromite',
Bromargyrite 'Iodobromite',
Bromargyrite,03.AA.15
Iodargyrite,03.AA.10
Iodargyrite,03.AA.10
Iodargyrite,03.AA.10
Iodargyrite,03.AA.10
Iodargyrite,03.AA.10
Iodargyrite,03.AA.10
Iodargyrite,03.AA.10
Iodargyrite,03.AA.10
Tocornalite (?),
Salammoniac,03.AA.25
Salammoniac,03.AA.25
Salammoniac,03.AA.25
Calomel,03.AA.30
"Calomel, V. Br-Calomel",
"Calomel, V. Br-Calomel",
"Calomel, V. Br-Calomel",
"Calomel, V. Br-Calomel",
"Calomel, V. Br-Calomel",
Kuzminite,03.AA.30
Kuzminite,03.AA.30
Sellaite,03.AB.15
Sellaite,03.AB.15
Tolbachite,03.AB.05
Fluorite,03.AB.25
Fluorite,03.AB.25
Fluorite,03.AB.25
Fluorite,03.AB.25
Fluorite,03.AB.25
Fluorite,03.AB.25
Fluorite,03.AB.25
Fluorite,03.AB.25
Fluorite,03.AB.25
Fluorite,03.AB.25
Fluorite,03.AB.25
Fluorite,03.AB.25
Fluorite,03.AB.25
Fluorite,03.AB.25
Fluorite,03.AB.25
Fluorite,03.AB.25
Fluorite,03.AB.25
Fluorite,03.AB.25
Fluorite,03.AB.25
Fluorite,03.AB.25
Fluorite,03.AB.25
Fluorite,03.AB.25
Fluorite 'Yttrofluorite',
Fluorite,03.AB.25
Fluorite,03.AB.25
Fluorite,03.AB.25
Fluorite,03.AB.25
Fluorite,03.AB.25
Fluorite,03.AB.25
Fluorite,03.AB.25
Fluorite,03.AB.25
Fluorite,03.AB.25
Fluorite,03.AB.25
Fluorite,03.AB.25
Fluorite,03.AB.25
Gagarinite-(Y),
Gagarinite-(Y),
Laurelite,03.DC.20
Laurelite,03.DC.20
Laurelite,03.DC.20
Molysite,03.AC.10
Antarcticite,03.BB.30
Antarcticite,03.BB.30
Avogadrite,03.CA.10
Malladrite,03.CH.05
Cryptohalite,03.CH.15
Bararite,03.CH.10
Cryolithionite,03.CB.05
Cryolite,03.CB.15
Cryolite,03.CB.15
Jarlite,03.CC.20
Gearksutite,03.CC.05
Gearksutite,03.CC.05
Creedite,03.CG.15
Pachnolite,03.CB.40
Pachnolite,03.CB.40
Thomsenolite,03.CB.40
Thomsenolite,03.CB.40
Thomsenolite,03.CB.40
Prosopite,03.CD.10
Chiolite,03.CE.05
Rosenbergite,03.CD.05
Neighborite,03.AA.35
Boggildite,03.CG.20
Carnallite,03.BA.10
Atacamite,03.DA.10a
Atacamite,03.DA.10a
Atacamite,03.DA.10a
Atacamite,03.DA.10a
Paratacamite,03.DA.10c
Paratacamite,03.DA.10c
Botallackite,03.DA.10b
Botallackite,03.DA.10b
Claringbullite,03.DA.15
Claringbullite,03.DA.15
Simonkolleite,03.DA.20
Simonkolleite,03.DA.20
Buttgenbachite,03.DA.25
Connellite,03.DA.25
Connellite,03.DA.25
Connellite,03.DA.25
Connellite,03.DA.25
Connellite,03.DA.25
Terlinguaite,03.DD.20
Terlinguaite,03.DD.20
Terlinguaite,03.DD.20
Poyarkovite,03.DD.10
Poyarkovite,03.DD.10
Poyarkovite,03.DD.10
Poyarkovite,03.DD.10
Poyarkovite,03.DD.10
Poyarkovite,03.DD.10
Poyarkovite,03.DD.10
Kadyrelite,03.DD.05
Kadyrelite,03.DD.05
Kadyrelite,03.DD.05
Eglestonite,03.DD.05
Eglestonite,03.DD.05
Eglestonite V. Br-Eglestonite,
Eglestonite V. Br-Eglestonite,
Eglestonite V. Br-Eglestonite,
Eglestonite V. Br-Eglestonite,
Eglestonite V. Br-Eglestonite,
Eglestonite,03.DD.05
Mosesite,03.DD.30
Kleinite,03.DD.35
Kleinite,03.DD.35
Kleinite,03.DD.35
Kleinite,03.DD.35
Kleinite,03.DD.35
Comancheite,03.DD.65
Kelyanite,03.DD.60
Kelyanite,03.DD.60
Kelyanite,03.DD.60
Kelyanite,03.DD.60
Kelyanite,03.DD.60
Paralaurionite,03.DC.05
Paralaurionite,03.DC.05
Laurionite,03.DC.05
Laurionite,03.DC.05
Laurionite,03.DC.05
Laurionite,03.DC.05
Fiedlerite (-2m1),03.DC.10
Matlockite,03.DC.25
Zavaritskite,03.DC.25
Bismoclite,03.DC.25
Bismoclite,03.DC.25
Schwartzembergite,04.KB.10
Nadorite,03.DC.30
Mendipite,03.DC.70
Blixite,03.DC.50
Penfieldite,03.DC.15
Thorikosite,03.DC.40
Ecdemite,03.DC.65
Ecdemite,03.DC.65
Sahlinite,08.BO.20
Onoratoite,03.DC.80
Onoratoite,03.DC.80
Onoratoite,03.DC.80
Boleite,03.DB.15
Boleite,03.DB.15
Pseudoboleite,03.DB.10
Cumengeite,03.DB.20
Diaboleite,03.DB.05
Hematophanite,03.DB.35
Ralstonite = Hydrokenoralstonite,03.CF.05
,
Monazite,08.AD.50
Titanite,09.AG.15
Anatase,04.DD.05
Or,01.AA.05
Quartz,04.DA.05
Corindon,04.CB.05
Parsonsite,
Cornwallite,08.BD.05
Thorikosite,03.DC.40
Wulfenite,07.GA.05
Richelsdorfite,08.DK.25
Chalcophyllite,08.DF.30
Bayldonite,08.BH.45
Arsenopyrite,02.EB.20
Proustite,02.GA.05
Bismuth,
Erythrite,
Fornacite,07.FC.10
Grossulaire,09.AD.25
Cuprosklodowskite,
Phosgenite,05.BE.20
Nekoite,09.EA.45
Cacoxenite,08.DC.40
Anatase,
Wulfenite,
Cinabre,02.CD.15a
Bavenite,09.DF.25
,
Anglesite,07.AD.35
Parasymplesite,08.CE.40
Torbernite,08.EB.05
Anatase,
Corindon,04.CB.05
Chalcophyllite,08.DF.30
Analcime,09.GB.05
Cuprosklodowskite,
Rhodizite,06.GC.05
Strontianite?,
Zeunerite,08.EB.05
Allanite-(Ce),09.BG.05b
Xenotime,08.AD.35
Hematite,
,
Argent,01.AA.05
Serpierite,07.DD.30
Cuprostibite,02.AA.20
Pyrolusite,04.DB.05
Zippeite,
,
Quartz,04.DA.05
Hematite,04.CB.05
Bastnaesite,05.BD.20a
Berthierite,02.HA.20
Valentinite,04.CB.55
Allophane,09.ED.20
Millerite,02.CC.20
Leitite?,
Whewellite,10.AB.45
Bariumpharmacosiderite,08.DK.10
Laurionite,03.DC.05
Caledonite,07.BC.50
Cornwallite,
Crocoite,07.FA.20
Hubnerite,04.DB.30
Chalcopyrite,
Cerusite,
Realgar,
,
Legrandite,
Duftite,08.BH.35
Beryl,
Salmiac,03.AA.25
Arsenolite,04.CB.50
Analcime,
Xenotime-(Y),
Dickite,
Arsenopyrite,
,
,
Corindon,
Plumbogummite,
Cerusite,
Elyite,
Pumpellyite,
Lautenthalite,
,
,
Synchysite-(Ce),
Goethite,
Hauÿne,
Monazite-(Ce),
Hematite,
Leadhillite,
Quartz,
Analcime,
Bournonite,
,
,
Calcite,
Torbernite,
Uranophane,
Dewindtite,
Monazite-(Ce),
Quartz,
Axinite,
Stilbite-(Ca) ,
Calcite,
,
Taneyamalite,
,
Emmonsite,
Schäferite,
Argandite,
Barahonaite-(Al),
Manandonite,
Strelkinite,
Boulangérite,
Stibnite,
Allanite-(Ce),
Crandallite,
Vesigneite,
Mercure,
Quartz,
Tourmaline,
Calcite,
Ulexite,
Hydrokenoralstonite,
Bromargyrite,
Rüdlingerite,
Colusite,
Franckeite,
,
,
,
,
,
,
,
,
,
,
,
,
,
,
Osakaite,
Hydroxy-sulfate de Zn,
Or,
Calcite,
Dolomite,
,
,
,
Posnjakite,
,
,
,
,
,
,
,
,
,
,
,
Bassanite,
,
Wattersite,
Corkite,
Picropharmacolite,
Ferrarisite,
Andesine,
Vuagnatite,
Duranusite,
Orpiment,
Duranusite,
Millerite,
Malachite,
Calcite,
Orickite,
Magnetite,
Mimetite,
Goethite,
Witherite,
Sylvite,
Kotoite,
Ixiolite,
Dolomite,
Pseudobrookite,
Quartz,
Phoenicochroite,
Bismuth,
Calcite,
Monazite-(Ce),
Monazite-(Ce),
Monazite-(Ce),
Monazite-(Ce),
Almandin,
Erdite,
Barytolamprophyllite,
Scheelite,
Osumilite,
Almandin-spessartite,
Chabazite,
Roedderite,
Natrolite,
Chabazite,
Baryte,
Osumilite,
Osumilite,
Ramsbeckite,
Ramsbeckite,
Ramsbeckite,
Tridymite,
Analcime,
Almandin-spessartite,
Topaze,
Topaze,
Sellaite,
Mullite,
Mullite,
Cordierite,
Wickenburgite,
Chlorargyrite,
Chlorargyrite,
Mimetite,
Lithiophorite,
Goethite,
Preisingerite,
Austinite,
Agardite-(Y),
Pyrite,
Rutile,
Serpierite,
Analcime,
Goethite,
Lithiophorite,
Haynesite,
Kimzeyite,
Hulsite,
Kryzhanovskite,
Epidote,
Hydrocalumite,
Marcasite,
Synchysite-(Ce),
Cubanite,
Russellite,
Afwillite,
Bournonite,
Celestine,
Weilite,
Bromargyrite,
Chlorargyrite,
Perovskite,
Capgaronnite,
Iodargyrite,
Vrbaite,
Agardite-(Ce),
Vaterite,
Poughite,
Beaverite-(Cu),
Vantasselite,
Cacoxenite,
Chlorargyrite,
Saponite,
Gypse,
Merlinoite,
Boulangerite,
Titanite,
Dolomite,
Saneroite,
Bixbyite,
Sartorite,
Seligmannite,
Sartorite,
Topaze,
Hyalophane,
Tennantite-(Zn),
Mullite,
Baryte,
Offretite,
Tacharanite,
Phillipsite-(Na),
Phillipsite-(Na),
Mullite,
Sphalerite,
Calciojohillerite,
Tenorite,
Kröhnkite?,
Kröhnkite?,
Wulffite,
Johillerite,
Boussingaultite,
Ammoniovoltaite,
Clairite,
Buddingtonite,
Koktaite,
Aluminopyracmonite,
Ammoniojarosite,
Mascagnite,
Onoratoite,
Brizziite,
Uklonskovite,
Rosiaite,
Onoratoite,
Cetineite,
Sénarmontite,
Peretaite,
Klebelsbergite,
Mopungite,
Halite,
Halite,
Ferrarrisite,
Melanophlogite,
Hématite,
Roedderite,
Roedderite,
Roedderite,
Roedderite,
Roedderite,
Gypsum,
,
Shakhovite,
Shakhovite,
Schuetteite,
Cyanotrichite,
Cyanotrichite,
Strashimirite,
Connellite,
Cornubite,
Carminite,
Strashimirite,
Urate de K ,
Perroudite,
Agardite-(Y),
Cornubite,
Agardite-(Y),
Olivénite,
Bayldonite,
Céruleite,
Connellite,
Mixite,08.DL.15
Perroudite,
Mixite,
Mimetite,
Azurite,
Cuprorivaite,
Slawsonite,
Azurite,
Baryte,
Iltisite,
Cyanotrichite,
Cyanotrichite,
Cyanotrichite,
Lavendulan,
Inconnu,
Inconnu,
Inconnu,
Inconnu,
Inconnu,
Inconnu,
Grechishchevite,
Piypite,
Sulfate de NH4 et de Zn,
Chlorate de Na,
Arséniate de Na,
Sulfate de NH4 et d'Al,
Sulfate de NH4 et d'Al,
Bromate de Na,
Sulfate d'Al et de Tl,
Sulfate de Cs et de Cr,
Sulfate de Tl et de Cr,
Sulfate de NH4 et de Fe,
Sulfate de Co,
Sulfate de Ni,
Sulfate de NH4 et de Cu,
Nitrate de Sr,
Sulfate d'Al et Tl,
Sulfate de K et d'Al,
Sulfate de Co et de Tl,
Sulfate de Cr et de NH4,
Chlorate de Na,
Sulfate de Cu,
Nitrate de Pb,
Sphalerite,
Asparagine,
Sulfate de Mg,
Formiate de Cd,
"Sulfate de Tl, Cr et Al",
"Sulfate de Cr, Al et Rb",
Sulfate de K et Li,
,
Dithionate de Ba,
Erythritol,
Sulfate de Ni,
Saccharose,
Vanadate de NH4,
Nitrate de Pb,
Sulfate de Ni,
Saccharose,
Bromate de Na,
Chromate de K,
Séléniate de Cu,
Chlorate de Mn,
Nitrate de Ba,
Cyanure de Pt et Er,
Sulfate de K et Al,
Chlorure de Pt,
Sulfate de Cd,
Séléniate de Ni et Ag,
Sulfate de Co et K,
Phosphate de NH4,
Borate de Na,
Oxyde d'Y,
Dithionate de K,
Chlorure de K et Pt,
Sulfure de Cd,
Bromure de K,
Chlorure de Ba et Cd,
Resorcinol,
Sulfate de Ni et K,
Arséniate de K,
Sulfate de Ni et NH4,
Chlorate de Na et K,
Dithioniate de Na,
Oxyde de Nd,
Bromate de Na,
Sulfate de Ni et NH4,
Ferrocyanure de K,
Borate de Na,
Vanadate d'Er,
Sulfate de K,
Formiate de Ca,
Chlorate de Ba,
Chlorate de Na,
Tellurate de NH4,
Sulfate de Ni,
Moissanite,
Tellurate de Cu,
Dithionate de Na,
,
Silicofluorure de Ni,
Oxyplumboromeite,
Imiterite,
Ameghinite,
Stichtite - 2H,
Minnesotaite,
Holdenite,
Dickite,
Phosphohedyphane,
Kleemanite,
Bismuthinite,
Franzinite,
Rickardite,
Galena,
Stellerite,
Diopside,
Levyne-Ca,
Wulfenite,
Chromite,
Braggite,
Chantalite,
Epidote,
Millisite,
Wakabayashilite,
Fergusonite-Beta-(Y),
Donnayite-(Y),
Delhayelite,
Gilalite,
Elbaite,
Pintadoite,
Orthoclase,
Hendricksite,
Epistilbite,
Bornite,
Nsutite,
Spinel,
Proustite,
Mpororoite,
Navajoite,
Manjiroite,
Sturmanite,
Ancylite-(Ce),
Catapleiite,
Wakabayashilite,
Geikielite,
Wakabayashilite,
Mosandrite-(Ce),
Caysichite-(Y),
Woodruffite,
Natroalunite-2C,
Strontiodresserite,
Terskite,
Kilchoanite,
Synchysite-(Ce),
Magnesiocopiapite,
Calcioferrite,
Orthoserpierite,
Idrialite,
Stilbite-Ca,
Mammothite,
Aubertite,
Mackinawite,
Cassedanneite,
Mendozite,
Athabascaite,
Zdenekite,
Swedenborgite,
Nordströmite,
Litharge,
Ericssonite,
Helvine,
Blatterite,
Hodrusite,
Bentorite,
Larnite,
Bentorite,
Bayerite,
Bayerite,
Nagelschmidtite,
Nagelschmidtite,
Djerfisherite,
Schafarzikite,
Cooperite,
Jarosewichite,
Owyheeite,
Skutterudite,
Anandite,
Babingtonite,
Fayalite,
Topaz,
Powellite,
Actinolite,
Getchellite,
Getchellite,
Getchellite,
Getchellite,
Churchite-(Y),
Conichalcite,
Chalcostibite,
Chapmanite,
Vanadinite,
Johannsenite,
Tourmaline,
Bixbyite,
Quartz,
Aluminocopiapite,
Chrysocolle,
Ilmenite,
Warwickite,
Arseniosiderite?,
Svabite,
Getchellite,
Getchellite,
Getchellite,
Getchellite,
Getchellite,
Phosphohedyphane,
Bartonite,
Columbite-(Fe),
Adamite,
Winstanleyite?,
Uytenbogaardite,
Tourmaline,
Piemontite,
Sursassite,
Allanite-(Ce),09.BG.05b
Seeligerite,04.KB.15
Realgar,02.FA.15a
Topaz,09.AF.35
Getchellite,02.FA.35
Cinabre,02.CD.15a
Parapierrotite,02.HC.05f
Vrbaite,02.HF.20
Ajoite,09.EA.70
Thorite,09.AD.30
Mixite,08.DL.15
Limonite,
Fluorite,
Ferrochrome,
Fluorite,
Tourmaline,
Pyrite,
Azurite,
Malachite,
Soufre,
Corindon,
Bornite,
Brookite,
Apatite,
Tungstate de Ca,
Niobate de Cr et Li,
Fluoro-chlorure d'Eu,
Corindon,
Corindon,
Corindon,
Fluorure de Sr,
Fluorure de Ba et Eu,
Fluorure de Ca et Sm,
Fluorure de Ca et Tm,
Fluorure de Ca et Ag,
Fluorure de Sr et Tm,
Fluorure de Ca,
Fluorure de Sr et Tm,
Fluorure de Ba ,
Fluorure de Ba et Sm,
Fluorure de Ca et Eu,
Fluorure de Sr et Er,
Fluorure de Ca et Yb,
Fluorure de Sr,
Ferrochrome,
Quartz,
Apatite,
Quartz,
Quartz,
Monazite,
Xenotime,
Bertrandite,
Quartz,
Brookite,
Anatase,
Anatase,
Rutile,
Xenotime,
Anatase,
Anatase,
Ilménite,
Quartz,
Quartz,
Anatase,
Quartz,
Anatase,
Apatite,
Anatase,
Brookite,
Apatite,
Quartz,
Quartz,
Quartz,
Monazite,
Xenotime,
Allanite-(Ce),
Aeschynite-(Y),
Allanite-(Ce),
Ellenbergerite,
Apatite,
Titanite,
Actinolite,
Quartz,
Almandin,
Ankerite,
Fluorite,
Actinolite,
Pyrite,
Cavansite,
Cavansite,
Iodure de K,
Cyanure de Co et K,
Sulfate de Co et K,
Fluorure de Ba et Mg,
Fluorure de Li,
Chloro-Fluorure de Sr,
Chloro-Fluorure de Ba,
"Oxyde de Bi, Sr, Ca et Cu",
Sulfure de Cd,
Iodure de Hg,
Chlorure de K,
Bromure de K,
Fluorure de Sr,
Fluorure de Sr,
Chlorure de K,
Fluorure de Ca,
Fluorure de Ca et Ho,
Fluorure de Ca et Ho,
Fluorure de Ca,
Fluorure de Ca et Tm,
Fluorite,
Epidote,
Allanite,
Monazite-(Ce),
Datolite,
Allanite-(Ce),
Monazite-(Ce),
Monazite-(Ce),
Quartz,
Gadolinite,
,
Monazite-(Ce),
Diopside,09.DA.15
Lapeyreite,
Lapeyreite,
Barrottite,
Barrottite,
Trippkeite,
Chromate de NH4,
Sulfate de Cu et Cr,
Acétate de Cu et Sr,
Sulfate de Co et NH4,
Cyanure d'Yt et Pt,
Arseniate de K,
Sulfate de Cu,
Sulfate d'Al et NH4,
Sylvite,
Vanadate de Na,
Sulfate de N,
Cyanure de Mg et Pt,
Ferricyanure d K,
Oxyde de Sm et Zr,
Sulfate de Rb et In,
Resorcinol,
Sulfate d'in et Cs,
Sulfate d'Al et Cr,
"Sulfate d'Al, Cr et NH4",
Cyanure de Fe et K,
"Oxyde d'Eu, Y et Sn",
Chalcocite,02.BA.05a
Halite,
Sulfate de Cu,
Oxyde de La et Tm,
Oxyde de La et Dy,
Vanadate d'Ho,
"Oxyde de La, Zr et Er",
Oxyde de Ce et Pr,
"Sulfate de Ni, Cr et NH4",
Vanadate d'Y et Tm,
Ferricyanure de K,
,
Nitrate de Pb,
Sulfate de Ni et Rb,
Nitrate de Pb,
Cuprite,
Sulfate de NH4 et Fe,
Fluorure de Sr et Sm,
Tenorite,
Acétate de Cu,
Chlorate de Na,
Bromate de K,
Fluorure de Sr et Tm,
Quartz,
Fluorure de Ca. Yb et Ho,
Fluorure de Ca et Cr,
Thiosulfate de Na,
Acétate de Cu et Ca,
Arséniate de Na,
,
Halite,
Fluorure de Sr et Eu,
,
Dioptase,
Elbaite,09.CK.05
Vesuvianite,09.BG.35
Clinozoisite,09.BG.05a
Sursassite,09.BG.15
Gadolinite,
,
Gadolinite,
Phenakite,
Phenakite,
,
,
,
,
Chantalite,
Grossular'Hibschite',
Biotite,09.EC.20
Sursassite,09.BG.15
Or,01.AA.05
Erythritol,
Titanite,
Fluorure de Sr et Pr,
Fluorure de Ca et Sm,
Fluorure de Ca et Sc,
Fluorure de Sr et Er,
Fluorure de Ca,
Fluorure de Ca et Tm,
Bazzite,
Fluorure de Sr et Tm,
,
Fluorure de Ca,
Fluorure de Ba et Eu,
Apophyllite,
Sulfate de Tl et Cr,
Sulfate de Mg et K,
Sulfate de NH4,
Sulfate de Cs et Al,
Sulfate de Cu,
,
Sulfate de Cu et Cr,
Sulfate de Co et NH4,
Sulfate de K,
Sulfate d'Al et K,
Sulfate de K et Al,
Gypse,
Gypse,
Fluorure de Sr et Ag,
Fluorure de Ca et Y,
Fluorure de Ca et Sm,
Triborate de Li,
Borate de Ba,
Nitrate de Sr,
Chloro-fluorure de Ca et Y,
Chloro-fluorure de Ca et Y,
Fluorure de Ca,
Fluorure de Ba et Eu,
Oxyde d'Y,
Stibnite,
Nitrate de Ba,
Talc,
Orthoclase,09.FA.30
Chabazite-Ca,
Molybdenite,02.EA.30
Molybdenite,02.EA.30
Molybdenite,02.EA.30
Molybdenite,02.EA.30
Molybdenite,02.EA.30
Molybdenite,02.EA.30
Molybdenite,02.EA.30
Ferberite,04.DB.30
,
,
Dugganite,
Rodalquilarite,
Aragonite,05.AB.15
Chervetite,
Gummite,
Mattagamite,
Weloganite,05.CC.05
Tellurantimony,
Valleriite,02.FD.30
Smolyaninovite,08.CH.55
Osarizawaite,07.BC.10
Greenockite,02.CB.45
Yarrowite,02.CA.05d
,
Ferrotschermakite,09.DE.10
Wolfeite,08.BB.15
Ferrimolybdite,07.GB.30
Pickeringite,07.CB.85
Synchysite-(Nd),
Sursassite,09.BG.15
Ardennite,
Sursassite,
Johnbaumite,
Rhönite,
Ferri-ghoseite,
Plagionite,
Calcite,
Hutchinsonite,
Patronite,
Beryl,
Combeite,
Heulandite,
Yukonite,
Heulandite,
Pyroxmangite,
Osumilite,
Nambulite,09.DK.05
Lazulite,
Zinc,
Graphite,
Fergusonite-Beta-(Y),
Nsutite,
Gallite,
Analcime,
Vesuvianite,
Fluorite,03.AB.25
Danburite,09.FA.65
Azurite,05.BA.05
Barytine,07.AD.35
Fluorite,03.AB.25
Celestite,07.AD.35
Hematite,04.CB.05
Quartz,
Atacamite,
Barytine,
Vanadinite,
,
Inesite,
Azurite,
Quartz,
Barytine,
Anglesite,
Fluorite,
Calcite,
Dolomite,
Tremolite,
Tremolite,
Barytine,
Quartz,
Wulfenite,
Celestite,
Clinochlore,
Fluorite,
Tremolite,
Oyelite,
Quartz,
Cerusite,
Stibnite,02.DB.05a
Barytine,
Celestite,
Mimetite,
Pseudobrookite,
Chrysocolle,
Barytine,
Celestite,
Aragonite,
Gyrolite,
Vanadinite,
Fluorite,
Orthose,
Quartz,
Barytine,
Vanadinite,
Smithsonite,
Quartz,
Calcite,
Azurite,
Epidote,
Gypse,
Tourmaline,
Quartz,
Tourmaline,
Barytine,
Wulfenite,
Pyromorphite,
Orthose,
Cerusite,
,
,
Wulfenite,
Halite,
Quartz,
Anatase,
Wulfenite,
Azurite,
Quartz,
Siderite,
Quartz,
Galene,
Chalcantite,
Dolomite,
Wulfenite,
Vanadinite,
Orthose,
Quartz,
Barytine,
Wulfenite,
Analcime,
Vanadinite,
Azurite,
Quartz,
Stibnite,
Valentinite,
Mimetite,
Fluorite,
Muscovite,
Azurite,
Hydrozincite,
Actinolite,
Wulfenite,
Heulandite,
Fluorite,
Malachite,
Aragonite,
Tacharanite,
Argent,
Celestite,
,
Stibnite,
Fluorite,
,
Halite,
Galene,
Galène,
Barytine,
Hessonite,
Vesuvianite,
Chalcanthite,
Diopside,
Celestite,
Quartz,
Goethite,
Crocidolite,
Stichtite,
Brannerite,
Pyrargyrite,
Magnetite,
Malachite,
,
Wulfenite,
Kyanite,
Osumilite,
Dumortierite,
Fluorite,
,
Gypse,
Lazurite,
Vanadinite,
Stellerite,
Zoisite,
Malachite,
Quartz,
Pyrite,
Trémolite,
Quartz,
Sidérite,
Hématite,
Zeunérite,
Vesuvianite,
Muscovite,
Clinopyroxene,
Malachite,
Fluorite,
Calcite,
Malachite,
Gypse,
Pyrite,
Strontianite,
Opale,
Ludwigite,
Azurite,
,
Hedenbergite,
Quartz,
Celestite,
Anglésite,
Hématite,
Mixite,
Mansfieldite,
Smithsonite,
,
,
Pyromorphite,
Hématite,
Hornblende,
Clinochlore,
Magnetite,
Azurite,
Azurite,
Rosasite,
Quartz,
Hématite,
Sidérite,
,
Malachite,
Azurite,
Siderite,
Olivenite,
,
Orthoclase,
Wolframite,
Quartz,
Quartz,
Microcline,
Vésuvianite,
Grenat,
Fluorite,
Erythrite,
Vanadinite,
Hématite,
Gypse,
Tremolite,
Quartz,
Gypse,
Malachite,
Vanadinite,
Wulfénite,
Galène,
Epistilbite,
Conichalcite,
Vesuvianite,
Cerusite,
Anglesite,
Cerusite,
Galene,
Gypse,
Sphalerite,02.CB.05a
Orthose,09.FA.30
Muscovite,09.EC.15
Orthose,09.FA.30
Actinolite,09.DE.10
Strontianite,05.AB.15
Calcite,05.AB.05
Sphalérite,02.CB.05a
Pyrite,02.EB.05a
Acanthite,02.BA.30a
Boulangérite,02.HC.15
Quartz,04.DA.05
Proustite,02.GA.05
Apophyllite,09.EA.15
Stilbite,09.GE.10
Wulfénite,07.GA.05
Scheelite,07.GA.05
Leadhillite,05.BF.40
Hémimorphite,09.BD.10
Pyrite,02.EB.05a
Pyrite,02.EB.05a
Tennantite,02.GB.05
Xénotime-(Y),08.AD.35
Stilbite,09.GE.10
Titanite,09.AG.15
Cornubite,
Clinozoisite,
Hémimorphite,09.BD.10
Wulfénite,07.GA.05
Agardite-(Y),08.DL.15
Cérusite,05.AB.15
Dundasite,05.DB.10
Stilpnomélane,09.EG.40
Marcassite,02.EB.10a
Corindon,04.CB.05
Claudetite,04.CB.45
Calcite,05.AB.05
Zunyite,09.BJ.55
Xénotime-(Y),08.AD.35
Brochantite,07.BB.25
Thorite,09.AD.30
Aeschynite-(Y),04.DF.05
Ilménite,04.CB.05
Zircon,09.AD.30
Brookite,04.DD.10
Anglésite,
Aurichalcite,05.BA.15
Jordanite,02.JB.30a
Sartorite,
Lengenbachite,02.HF.30
Sartorite,02.HC.05a
Soufre,01.CC.05
Sphalérite,02.CB.05a
Pyrite,02.EB.05a
Pyrite,02.EB.05a
Monazite-(Ce),08.AD.50
Monazite-(Ce),08.AD.50
Synchysite-(Ce),05.BD.20c
Allanite-(Ce),09.BG.05b
Rutile,04.DB.05
Apatite,08.BN.05
Anatase,04.DD.05
Gypse,07.CD.40
Gypse,07.CD.40
Fluorite,03.AB.25
Mordénite,09.GD.35
Smithsonite,05.AB.05
Goyazite,08.BL.10
Béraunite,08.DC.27
Elyite,07.DF.65
Agardite,08.DL.15
Cannizzarite,02.JB.20
Jordanite,02.JB.30a
Boulangérite,02.HC.15
dolomite,05.AB.10
Conichalcite,08.BH.35
Bayldonite,08.BH.45
Fluorite,03.AB.25
Mimétite,08.BN.05
Rutile,04.DB.05
Arsénolite,04.CB.50
Pyromorphite,08.BN.05
Mixite,08.DL.15
Malachite,05.BA.10
Parasymplésite,08.CE.40
Aurichalcite,05.BA.15
Tourmaline,09.CK.05
Olivine,09.AC.05
Baumhauérite,02.HC.05b
Tétraèdrite,02.GB.05
Wulfénite,07.GA.05
Gypse,07.CD.40
Célestite,07.AD.35
Titanite,09.AG.15
Carminite,08.BH.30
Corindon,04.CB.05
Barytine,07.AD.35
Célestite,07.AD.35
Barytine,07.AD.35
Arsénopyrite,02.EB.20
Dolomite,05.AB.10
Galène,02.CD.10
Pyrite,
Calcite,
Quartz,
Quartz,
Quartz,
Galène,
Titanite,
Mimétite,
Quartz,
Calcite,
Quartz,
Calcédoine,
Gypse,
Monazite-(Ce),
Halite,
Quartz,
Quartz,
Fluorite,
Quartz,
Fluorite,
Quartz,
Fluorite,
Quartz,
Albite,
Quartz,
Vésuvianite,
Anatase,
,
,
,
Quartz,
,
,
,
,
,
,
,
,
,
,
Shakhovite,
Conichalcite,
Kuznetsovite,
Eucryptite,
Pyroxferroite,
Katayamalite,
Argent,
Arséniosidérite,
Coloradoite,
Gonnardite,
Britholite-(Ce),
Gonnardite,
Imiterite,
Gersdorffite,
Braunite,
Ihrtemite,
Parabutlerite,
Bandylite,
Nitratine,
Dolomite,
Bystramite,
Vanadinite,
Langite,
Forsterite,
Galène,
Aragonite,
Chalcopyrite,
Olivine,
Rutile,
Olshanskyite,
Astrophyllite,09.DC.05
Quartz,
Cobaltite,
Halite,
,
,
,
,
,
,
,
,
,
,
,
,
,
,
,
,
,
,
,
,
,
,
,
,
,
,
,
,
,
,
,
,
,
,
,
,
,
,
,
,
,
,
,
,
,
Oboyerite,
Quartz,
Quartz,04.DA.05
Quartz,04.DA.05
Quartz,04.DA.05
Amber (2 Éch.),
Amber (2 Éch.),
Amber,
Amber,
Amber,
Perroudite,02.FC.20c
Amber,
Amber,
Amber,
Amber,
Amber,
Quartz,
Tilasite,
Synchysite,
,
Arseniosiderite?,
Kermesite,
Pyrophyllite,
Strontianite,
A analyser,
Rutile,
Quartz,
Clinohumite-Ti,
Tyrolite,
Ilvaite,
Millerite,
Rutile,
Quartz,
,
,
Quartz,
Quartz,
Quartz,
Gypse,
Quartz,
Rutile,
Brandtite,
Armenite,
Fluorapatite,
Cacoxénite,
Linarite,
Falkmannite,
Cérusite,
Sellaite,
Quartz,
Quartz,
Nacrite,
Perovskite,
Cancrinite,
Rauenthalite,
Pyrite,
Noséane,
Roselitebeta,
Robertsite,
Ardennite,
Nickeline,
Berthierite,
Letovicite,
Reinhardbraunsite,
Olivine,
Bukovskyite,
Ilsemannite,
Phillipsite-Ca,
Botallackite,
Brushite,
Chalcophyllite,
Mattagamite,
Molybdénite,
Beryl,
Saneroite,
Agardite,
"Argent (-3c,-2h,-4h)",
Giuseppettite,
Beryl,
Actinolite,
Parahopeite,
Chabazite-Ca,
Hydrotalcite,
Liskeardite,
Smolyaninovite,
Chapmanite,
Pyrite,
Elbaite,
Wolfeite,
,
Carrboydite,
Ferberite,
Hematite,
Ilsemannite,
Ettringite,
Sacrofanite,
Oxyplumboromeite,
Apatite,
Millosevichite,
Fluorite,
Mullite,
Cornwallite,
Phenacite,
Phenacite,
Iodargyrite,
calzirtite,
A analyser,
Millosevichite,
Wolframixiolite,
Apatite,
Kaliophilite,
Nimite,
Cyrilovite,
Quartz,
Andradite,
Hydrotalcite,
Orpiment,
Pseudobrookite,
Or,
Orpiment,
Callaghanite,
Mimetite,
Sartorite,
Epidote,
Fenaksite,
Iodargyrite,
Robinsonite,
Magnetite,
Augite,
Or,
Pyromorphite,
Wulfenite,
Or,
Yuksporite,
Inderborite,
Calcite,
Asbecasite,
Barytine,
Tridymite,
Orthose,
Ferrarisite,
Staurolite,
Clinochrysotile,
Sphalérite,
Fluorite,
Kurnakovite,
Pyromorphite,
Cerusite,
Vesuvianite,
Liveingite,
Eurekadumpite,
Eurekadumpite,
Xocomecatlite,
Dugganite,
Jensenite,
Arsenogoyazite,
Juabite,
Juabite,
Mcalpineite,
Mcalpineite,
Staurolite,
Felsobanyaite,
Thénardite,
Rectorite,
Andalousite,
Nagyagite,
Szaibelyite,
Sidérite,
Rutile,
Axinite,
Fluorite,
Arsenopyrite,
Hemimorphite,
Calcite,
Hornblende,
Twinnite,
Barytine,
Grossulaire,
Agardite,
Smithite,
Barytine,
Boulangerite,
Murmanite,
Lobanovite,
Jordanite,
Liveingite,
Lithiophorite,
Rosasite,
Dufrenoysite,
Calcite,05.AB.05
Garnierite,
Clinochlore,
Rhabdophane,
Dioptase,
Epistolite,
Motukoreaite,07.DD.35
Descloizite,08.BH.40
Meliphanite,09.DP.05
Magnetite,
Cryolite,
Hedyphane,
Laitakarite,02.DC.05d
Wickmanite,04.FC.10
Berlinite,
Katoptrite,09.AE.40
Platynite,
Gibbsite,
Platynite,
Eucairite,
Hematolite,08.BE.45
Laitakarite,02.DC.05d
Friedrichite,02.HB.05a
Laitakarite,02.DC.05d
Almandin,
Zeophyllite,
Tilasite,
Welshite,09.DH.45
Barytine,
Onoratoite,
Ettringite,
Cordierite,
Grossular'Hessonite',
Cordierite,
Botryogen,07.DC.25
Osumilite,
Pseudocotunnite,
Augite,
Gmelinite,
Gamagarite,08.BG.05
Magnesiohornblende,09.DE.10
Rhönite,
Brochantite,
Glaukosphaerite,
Zincrosasite,
Quartz,
Quartz,
Orthose,
Schefferite,
Calcite,
Zeophyllite,
Spinelle,
Omphacite,
Phenakite,
Jacobsite,
Quartz,
Quartz,
Kutnohorite,
Malachite,
Quartz,
,
Quartz,
Ericssonite,
Anorthite,
Steenstrupine-(Ce),
Biotite,
Meliphanite,09.DP.05
Wohlerite,
Chayesite,
Monazite-(Ce),
Kolbeckite,
Soufre,
Galène,
Dioptase,
Dioptase,
Aragonite,
Duftite,
Galène,
Strashimirite,
Dioptase,
Berlinite,
Uvarovite,
Colemanite,
Celestite,
Mopungite,
Colemanite,
Lipscombite,
Sincosite,
Gladite,
Beryl,
Tripuhyite,
Norbergite,
Guerinite,
Suolunite,
Serpierite,
Carminite,
Cyanotrichite,
Rhodonite,
Barytine,
Quartz,
Goslarite,
Luetheite,
Trona,
Hydrocerusite,
Colemanite,
Stolzite,
Hydroboracite,06.CB.15
Ankerite,
Ussingite,
Shcherbinaite,
Koechlinite,
Talc,
Powellite,
,
Molybdenite,
Orpiment,
Saneroite,
Tugtupite,
Tsumcorite,
Lovozerite,
Apophyllite,
Stephanite,
Cordierite,
Quartz,
Quartz,
Sugilite,
Dumortierite,
Lazulite,
Zircon,
Or,
Bastnaesite-(Ce),
Chlorargyrite,
Mackinawite,
Apatite,08.BN.05
Apatite,08.BN.05
Apatite,08.BN.05
Apatite,08.BN.05
Cetineite,02.MA.05
Gypse,
Bearthite,
Perroudite,
Namuwite,
Scorodite,08.CD.10
Quartz,04.DA.05
Bournonite,
Epsomite,
Magnetite,
Monazite-(Ce),
Malachite,
Safflorite,
Fluorite,
Quartz,04.DA.05
Wulfingite,
Molybdenite,
Ferrarisite,
Titanite,09.AG.15
Soufre,
Gobelinite,
Mixite,
Perroudite,
Bismuth,01.CA.05
Giorgiosite,
Calomel,
Vanadinite,
Calcite,
Chalcosiderite,
Cervantite,
Calcite,
Diopside,
Posnjakite,
Connellite,
Fornacite,
Cérusite,
Aurichalcite,
Mixite,
Arseniosiderite,08.DH.30
Mixite,
Bixbyite,
Pharmacosiderite,
Aurichalcite,
Wulfenite,
Natrolite,09.GA.05
Adamite,
Fluorite,
Mixite,
Pascoite,
Devilline,
Argent,
Topaze,
Hydrozincite,
Fluorite,
Quartz,
Omphacite,
Anglesite,
Pseudobrookite,04.CB.15
Orthoserpierite,
Serpierite,07.DD.30
Barytine,
Adamite,
Grossular,09.AD.25
Cinabre,02.CD.15a
Diaboleite,
Roselite,
Vladimirite,
Skutterudite,
Löllingite,
Löllingite,
Perroudite,02.FC.20c
Saponite,
Quartz,
Pyrobelonite,
Pyromorphite,
Ardennite-(V),
Avicennite,
Apophyllite-(Kf),
Mesolite,09.GA.05
Monazite-(Ce),
Monazite-(Ce),
Monazite-(Ce),
Monazite-(Ce),
Lindgrenite,07.GB.05
Gypsum,Mine_data_3_2021-3-8_11:43
Jurbanite,07.DB.15
Switzerite,08.CE.25
Kingite,08.DC.47
Tinticite,
Liskeardite,08.DF.10
Cabalzarite,08.CG.15
Guerinite,08.CJ.75
Galenobismutite,02.JB.45
Freibergite,
Vinciennite,02.CB.35a
Birnessite,
Colusite,02.CB.30
Marcasite,02.EB.10a
Marcasite,02.EB.10a
Hypercinnabar,
"Argent (-3c,-2h,-4h)",02.CB.05a
Skutterudite,
Skutterudite,
Skutterudite,
Cyanotrichite,07.DE.10
Or,
Iridium 'Platiniridium',
Arsenic,01.CA.05
Sodium métallique,
Ceruleite,08.DE.25
Shakhovite,04.FB.05
Lavrentievite,02.FC.15a
Lavrentievite,02.FC.15a
Kuznetsovite,08.BO.35
Kuznetsovite,08.BO.35
Shakhovite,
A analyser,
Cuprite,
Talmessite,08.CG.05
Fibroferrite,07.DC.15
Carrboydite,
Loparite-(Ce),
Orthoclase'Adularia',
Bicchulite,
Taramellite,
Hornblende,
Hornblende,
Cuivre,01.AA.05
Clinoclase,08.BE.20
Awaruite,
Chalcomenite,04.JH.05
Plagioclase,
Eosphorite,08.DD.20
Umbozerite,
Fluorite,
Erythrite,08.CE.40
Annabergite,
Quartz,
Cacoxenite,
Skutterudite,
Jarosite,
Boyleite,07.CB.15
Rozenite,
