"name","division_type","division_rank"
'Adan,Governorate,First Order Division
'Amran,Governorate,First Order Division
'Eua,Island Group,First Order Division
"10",Canton,First Order Division
"18 Montagnes",Region,First Order Division
A Coruna,Province,First Order Division
A'ana,District,First Order Division
Aakkar,Province,First Order Division
Aargau,Canton,First Order Division
Aberdeen City,Council Area (Scotland),First Order Division
Aberdeenshire,Council Area (Scotland),First Order Division
Abia,State,First Order Division
Abim,District,First Order Division
Abkhazia,Autonomous Republic,First Order Division
Abra,Province,First Order Division
Abruzzo,Region,First Order Division
Abseron,District,First Order Division
Abu Zaby,Emirate,First Order Division
Abuja Federal Capital Territory,Capital Territory,First Order Division
Abyan,Governorate,First Order Division
Aceh,Autonomous Province,First Order Division
Achaia,Department,First Order Division
Acklins  Islands,District,First Order Division
Acquaviva,Municipality,First Order Division
Acre,State,First Order Division
Ad Dakhiliyah,Region,First Order Division
Ad Dali,Governorate,First Order Division
Ad Daqahliyah,Governorate,First Order Division
Ad Dawhah,Municipality,First Order Division
Adamaoua,Region,First Order Division
Adamawa,State,First Order Division
Adana,Province,First Order Division
Adazi,District,First Order Division
Adis Abeba,Administration,First Order Division
Adiyaman,Province,First Order Division
Adjumani,District,First Order Division
Adrar,Region,First Order Division
Adrar,Province,First Order Division
Adygeya,Republic,First Order Division
Aerodrom,Municipality,First Order Division
Afar,State,First Order Division
Afyonkarahisar,Province,First Order Division
Agadez,Region,First Order Division
Agadir-Ida-Outanane,Prefecture,First Order Division
Agalega Islands,Dependency,First Order Division
Agcabadi,District,First Order Division
Agdam,District,First Order Division
Agdas,District,First Order Division
Agio Oros,Self-Governed Part,First Order Division
Aglona,District,First Order Division
Agnebi,Region,First Order Division
Agri,Province,First Order Division
Agrigento,Province,First Order Division
Agstafa,District,First Order Division
Agsu,District,First Order Division
Aguascalientes,State,First Order Division
Agusan del Norte,Province,First Order Division
Agusan del Sur,Province,First Order Division
Ahal,Region,First Order Division
Ahuachapan,Department,First Order Division
Ahvenanmaan maakunta,Region,First Order Division
Aiga-i-le-Tai,District,First Order Division
Aileu,District,First Order Division
Ailinglaplap,Municipality,First Order Division
Ailuk,Municipality,First Order Division
Aimeliik,State,First Order Division
Ain,Metropolitan Department,First Order Division
Ain Defla,Province,First Order Division
Ain Temouchent,Province,First Order Division
Ainaro,District,First Order Division
Airai,State,First Order Division
Aisen del General Carlos Ibanez del Campo,Region,First Order Division
Aisne,Metropolitan Department,First Order Division
Aiti,Perfecture,First Order Division
Aitolia kai Akarnania,Department,First Order Division
Aiwo,District,First Order Division
Aizkraukle,District,First Order Division
Aizpute,District,First Order Division
Ajaria,Autonomous Republic,First Order Division
Ajdovscina,Undesignated,First Order Division
Ajlun,Province,First Order Division
Ajman,Emirate,First Order Division
Akershus,County,First Order Division
Akita,Perfecture,First Order Division
Aklan,Province,First Order Division
Akniste,District,First Order Division
Aksaray,Province,First Order Division
Akwa Ibom,State,First Order Division
Al Ahmadi,Governorate,First Order Division
Al Anbar,Province,First Order Division
Al Aqabah,Province,First Order Division
Al Bahr al Ahmar,Governorate,First Order Division
Al Bahr al Ahmar,State,First Order Division
Al Balqa',Province,First Order Division
Al Basrah,Province,First Order Division
Al Bathah,Region,First Order Division
Al Batinah,Region,First Order Division
Al Bayda,Governorate,First Order Division
Al Buhayrah,Region,First Order Division
Al Buhayrah,Governorate,First Order Division
Al Buraymi,Governorate,First Order Division
Al Butnan,Popularate,First Order Division
Al Farwaniyah,Governorate,First Order Division
Al Fayyum,Governorate,First Order Division
Al Fujayrah,Emirate,First Order Division
Al Gharbiyah,Governorate,First Order Division
Al Haouz,Province,First Order Division
Al Hasakah,Province,First Order Division
Al Hoceima,Province,First Order Division
Al Hudaydah,Governorate,First Order Division
Al Iskandariyah,Governorate,First Order Division
Al Isma'iliyah,Governorate,First Order Division
Al Jabal al Akhdar,Popularate,First Order Division
Al Jabal al Gharbi,Popularate,First Order Division
Al Jahrah,Governorate,First Order Division
Al Janubiyah,Governorate,First Order Division
Al Jawf,Governorate,First Order Division
Al Jazirah,State,First Order Division
Al Jifarah,Popularate,First Order Division
Al Jizah,Governorate,First Order Division
Al Jufrah,Popularate,First Order Division
Al Karak,Province,First Order Division
Al Khartum,State,First Order Division
Al Khawr wa adh Dhakhirah,Municipality,First Order Division
Al Kufrah,Popularate,First Order Division
Al Kuwayt,Governorate,First Order Division
Al Ladhiqiyah,Province,First Order Division
Al Mafraq,Province,First Order Division
Al Mahrah,Governorate,First Order Division
Al Mahwit,Governorate,First Order Division
Al Manamah,Governorate,First Order Division
Al Marj,Popularate,First Order Division
Al Marqab,Popularate,First Order Division
Al Minufiyah,Governorate,First Order Division
Al Minya,Governorate,First Order Division
Al Muharraq,Governorate,First Order Division
Al Muthanna,Province,First Order Division
Al Qadarif,State,First Order Division
Al Qadisiyah,Province,First Order Division
Al Qahirah,Governorate,First Order Division
Al Qalyubiyah,Governorate,First Order Division
Al Qunaytirah,Province,First Order Division
Al Wadi al Jadid,Governorate,First Order Division
Al Wahat,Popularate,First Order Division
Al Wakrah,Municipality,First Order Division
Al Wusta,Region,First Order Division
Al Wusta,Governorate,First Order Division
al-Uqsur,Governorate,First Order Division
Alabama,State,First Order Division
Alagoas,State,First Order Division
Alajuela,Province,First Order Division
Alaska,State,First Order Division
Alava,Province,First Order Division
Alba,County,First Order Division
Albacete,Province,First Order Division
Albay,Province,First Order Division
Alberta,Province,First Order Division
Aleppo,Province,First Order Division
Alessandria,Province,First Order Division
Alger,Province,First Order Division
Ali Sabieh,Region,First Order Division
Alibori,Department,First Order Division
Alicante,Province,First Order Division
Alif,Administrative Atoll,First Order Division
Alif Dhaal,Undesignated,First Order Division
Allier,Metropolitan Department,First Order Division
Almaty,City,First Order Division
Almaty oblysy,Region,First Order Division
Almeria,Province,First Order Division
Aloja,District,First Order Division
Alpes-de-Haute-Provence,Metropolitan Department,First Order Division
Alpes-Maritimes,Metropolitan Department,First Order Division
Alsace,Metropolitan Regions,First Order Division
Alsunga,District,First Order Division
Alta Verapaz,Department,First Order Division
Altay,Republic,First Order Division
Altayskiy,Administrative Territory,First Order Division
Alto Paraguay,Department,First Order Division
Alto Parana,Department,First Order Division
Aluksne,District,First Order Division
Alytaus Apskritis,County,First Order Division
Amambay,Department,First Order Division
Amapa,State,First Order Division
Amara,State,First Order Division
Amasya,Province,First Order Division
Amata,District,First Order Division
Amazonas,State,First Order Division
Amazonas,Department,First Order Division
Amazonas,State,First Order Division
Amazonas,Department,First Order Division
American Samoa,Outlying Area,First Order Division
Amman,Province,First Order Division
Ammochostos,District,First Order Division
Amnat Charoen,Province,First Order Division
Amolatar,District,First Order Division
Ampara,District,First Order Division
Amuria,District,First Order Division
Amurskaya,Administrative Region,First Order Division
Amuru,District,First Order Division
An Giang,Province,First Order Division
An Najaf,Province,First Order Division
An Nil,State,First Order Division
An Nil al Abyad,State,First Order Division
An Nil al Azraq,State,First Order Division
An Nuqat al Khams,Popularate,First Order Division
Anabar,District,First Order Division
Anambra,State,First Order Division
Anatoliki Makedonia kai Thraki,Administrative Regions,First Order Division
Ancash,Department,First Order Division
Ancona,Province,First Order Division
Andalucia,Undesignated,First Order Division
Andaman and Nicobar Islands,Union Territory,First Order Division
Andhra Pradesh,State,First Order Division
Andijon,Region,First Order Division
Andjazidja,Island,First Order Division
Andjouan,Island,First Order Division
Andorra la Vella,Parish,First Order Division
Andrijevica,Commune,First Order Division
Anenii Noi,District,First Order Division
Anetan,District,First Order Division
Ang Thong,Province,First Order Division
Angaur,State,First Order Division
Angus,Council Area (Scotland),First Order Division
Anhui,Province,First Order Division
Anibare,District,First Order Division
Ankara,Province,First Order Division
Annaba,Province,First Order Division
Annobon,Province,First Order Division
Anse aux Pins,District,First Order Division
Anse Boileau,District,First Order Division
Anse Etoile,District,First Order Division
Anse Royale,District,First Order Division
Anse-la-Raye,District,First Order Division
Anseba,Region,First Order Division
Antalya,Province,First Order Division
Antananarivo,Province,First Order Division
Antioquia,Department,First Order Division
Antique,Province,First Order Division
Antofagasta,Region,First Order Division
Antrim,District Council Area (Northern Ireland),First Order Division
Antsiranana,Province,First Order Division
Antwerpen,Province,First Order Division
Anuradhapura,District,First Order Division
Anzoategui,State,First Order Division
Aomen,Special Administrative Region,First Order Division
Aomori,Perfecture,First Order Division
Aosta,Province,First Order Division
Aousserd,Prefecture,First Order Division
Apac,District,First Order Division
Apace,Commune,First Order Division
Apayao,Province,First Order Division
Ape,District,First Order Division
Appenzell Ausserrhoden,Canton,First Order Division
Appenzell Innerrhoden,Canton,First Order Division
Apure,State,First Order Division
Apurimac,Department,First Order Division
Aqmola oblysy,Region,First Order Division
Aqtobe oblysy,Region,First Order Division
Aquitaine,Metropolitan Regions,First Order Division
Ar Raqqah,Province,First Order Division
Ar Rayyan,Municipality,First Order Division
Aracinovo,Municipality,First Order Division
Arad,County,First Order Division
Aragatsotn,Province,First Order Division
Aragua,State,First Order Division
Ararat,Province,First Order Division
Arauca,Department,First Order Division
Araucania,Region,First Order Division
Arbil,Province,First Order Division
Ardabil,Province,First Order Division
Ardahan,Province,First Order Division
Ardeche,Metropolitan Department,First Order Division
Ardennes,Metropolitan Department,First Order Division
Ards,District Council Area (Northern Ireland),First Order Division
Arequipa,Department,First Order Division
Arezzo,Province,First Order Division
Arges,County,First Order Division
Argolida,Department,First Order Division
Argyll and Bute,Council Area (Scotland),First Order Division
Arhangay,Province,First Order Division
Ariana,Governorate,First Order Division
Arica y Parinacota,Region,First Order Division
Ariege,Metropolitan Department,First Order Division
Arima,Municipality,First Order Division
Arizona,State,First Order Division
Arkadia,Department,First Order Division
Arkansas,State,First Order Division
Arkhangel'skaya,Administrative Region,First Order Division
Armagh,District Council Area (Northern Ireland),First Order Division
Armavir,Province,First Order Division
Arno,Municipality,First Order Division
Arta,Region,First Order Division
Arta,Department,First Order Division
Artibonite,Department,First Order Division
Artigas,Department,First Order Division
Artvin,Province,First Order Division
Arua,District,First Order Division
Aruba,Country,First Order Division
Arunachal Pradesh,State,First Order Division
Arusha,Region,First Order Division
As Sadis min Uktubar,Governorate,First Order Division
As Sulaymaniyah,Province,First Order Division
As Suwayda',Province,First Order Division
As Suways,Governorate,First Order Division
Ascension,Dependency,First Order Division
Ascension,Geographical Entities,First Order Division
Ascoli Piceno,Province,First Order Division
Ash Shamaliyah,State,First Order Division
Ash Shamaliyah,Governorate,First Order Division
Ash Shariqah,Emirate,First Order Division
Ash Sharqiyah,Governorate,First Order Division
Ash Sharqiyah,Region,First Order Division
Ashanti,Region,First Order Division
Asir,Region,First Order Division
Assa-Zag,Province,First Order Division
Assaba,Region,First Order Division
Assam,State,First Order Division
Astana,City,First Order Division
Astara,District,First Order Division
Asti,Province,First Order Division
Astrakhanskaya,Administrative Region,First Order Division
Asturias,Province,First Order Division
"Asturias,  Principado de",Autonomous Community,First Order Division
Asuncion,Capital,First Order Division
Aswan,Governorate,First Order Division
Asyut,Governorate,First Order Division
At Ta'mim,Province,First Order Division
At Tafilah,Province,First Order Division
Atacama,Region,First Order Division
Atakora,Department,First Order Division
Atlantico,Department,First Order Division
Atlantico Norte,Autonomous Region,First Order Division
Atlantico Sur,Autonomous Region,First Order Division
Atlantida,Department,First Order Division
Atlantique,Department,First Order Division
Attapu,Province,First Order Division
Attard,Council,First Order Division
Attiki,Department,First Order Division
Attiki,Administrative Regions,First Order Division
Atua,District,First Order Division
Atyrau oblysy,Region,First Order Division
Au Cap,District,First Order Division
Aube,Metropolitan Department,First Order Division
Auce,District,First Order Division
Auckland,Regional Council,First Order Division
Aude,Metropolitan Department,First Order Division
Aur,Municipality,First Order Division
Aurora,Province,First Order Division
Aust-Agder,County,First Order Division
Australian Capital Territory,Territory,First Order Division
Austurland,Region,First Order Division
Autonomous Region in Muslim Mindanao,Region,First Order Division
Auvergne,Metropolitan Regions,First Order Division
Aveiro,District,First Order Division
Avellino,Province,First Order Division
Aveyron,Metropolitan Department,First Order Division
Avila,Province,First Order Division
Awdal,Region,First Order Division
Ayacucho,Department,First Order Division
Aydin,Province,First Order Division
Ayeyarwady,Division,First Order Division
Az Za'ayin,Municipality,First Order Division
Az Zahirah,Region,First Order Division
Az Zarqa',Province,First Order Division
Az Zawiyah,Popularate,First Order Division
Az¯arbayjan-e Gharbi,Province,First Order Division
Az¯arbayjan-e Sharqi,Province,First Order Division
Azad Kashmir,Pakistan Administered Area,First Order Division
Azilal,Province,First Order Division
Azua,Province,First Order Division
Azuay,Province,First Order Division
Ba Ria-Vung Tau,Province,First Order Division
Baa,Administrative Atoll,First Order Division
Baalbek-Hermel,Province,First Order Division
Baat Dambang,Province,First Order Division
Babak,District,First Order Division
Babil,Province,First Order Division
Babite,District,First Order Division
Bac Can,Province,First Order Division
Bac Giang,Province,First Order Division
Bac Lieu,Province,First Order Division
Bac Ninh,Province,First Order Division
Bacau,County,First Order Division
Bacs-Kiskun,County,First Order Division
Badajoz,Province,First Order Division
Badakhshan,Province,First Order Division
Baden-Wurttemberg,State,First Order Division
Badghis,Province,First Order Division
Badulla,District,First Order Division
Bafata,Region,First Order Division
Bafing,Region,First Order Division
Bagerhat,District,First Order Division
Baghdad,Province,First Order Division
Baghlan,Province,First Order Division
Bagmati,Zone,First Order Division
Bago,Division,First Order Division
Bahah,Region,First Order Division
Bahia,State,First Order Division
Bahoruco,Province,First Order Division
Bahr al Ghazal,Region,First Order Division
Baie Lazare,District,First Order Division
Baie Sainte Anne,District,First Order Division
Baiti,District,First Order Division
Baja California,State,First Order Division
Baja California Sur,State,First Order Division
Baja Verapaz,Department,First Order Division
Baker Island,Territory,First Order Division
Baki,Municipality,First Order Division
Bakool,Region,First Order Division
Balaka,District,First Order Division
Balakan,District,First Order Division
Baldone,District,First Order Division
Bale,Province,First Order Division
Baleares,Province,First Order Division
Bali,Province,First Order Division
Balikesir,Province,First Order Division
Balkan,Region,First Order Division
Balkh,Province,First Order Division
Ballymena,District Council Area (Northern Ireland),First Order Division
Ballymoney,District Council Area (Northern Ireland),First Order Division
Balti,City,First Order Division
Baltinava,District,First Order Division
Baluchistan,Province,First Order Division
Balvi,District,First Order Division
Balzan,Council,First Order Division
Balzers,Commune,First Order Division
Bam,Province,First Order Division
Bamako,District,First Order Division
Bamingui-Bangoran,Prefecture,First Order Division
Bamyan,Province,First Order Division
Banaadir,Region,First Order Division
Banbridge,District Council Area (Northern Ireland),First Order Division
Bandarban,District,First Order Division
Bandundu,Province,First Order Division
Banghazi,Popularate,First Order Division
Bangka Belitung,Province,First Order Division
Bangui,Commune,First Order Division
Bani Suwayf,Governorate,First Order Division
Banjul,City,First Order Division
Banskobystricky,Region,First Order Division
Banteay Mean Chey,Province,First Order Division
Banten,Province,First Order Division
Banwa,Province,First Order Division
Bar,Commune,First Order Division
Barahona,Province,First Order Division
Baranya,County,First Order Division
Barbuda,Dependency,First Order Division
Barcelona,Province,First Order Division
Barda,District,First Order Division
Barguna,District,First Order Division
Bari,Region,First Order Division
Bari,Province,First Order Division
Barima-Waini,Region,First Order Division
Barinas,State,First Order Division
Barisal,District,First Order Division
Barisal,Division,First Order Division
Barking and Dagenham,Borough,First Order Division
Barletta-Andria-Trani,Province,First Order Division
Barnet,Borough,First Order Division
Barnsley,Metropolitan District,First Order Division
Bartin,Province,First Order Division
Bas-Congo,Province,First Order Division
Bas-Rhin,Metropolitan Department,First Order Division
Bas-Sassandra,Region,First Order Division
Basarabeasca,District,First Order Division
Basel-Landschaft,Canton,First Order Division
Basel-Stadt,Canton,First Order Division
Bashkortostan,Republic,First Order Division
Basilan,Province,First Order Division
Basilicata,Region,First Order Division
Basnahira,Province,First Order Division
Basse-Kotto,Prefecture,First Order Division
Basse-Normandie,Metropolitan Regions,First Order Division
Bataan,Province,First Order Division
Batanes,Province,First Order Division
Batangas,Province,First Order Division
Bath and North East Somerset,Unitary Authority,First Order Division
Batken,Region,First Order Division
Batman,Province,First Order Division
Batna,Province,First Order Division
Batys Qazaqstan oblysy,Region,First Order Division
Baucau,District,First Order Division
Bauchi,State,First Order Division
Bauska,District,First Order Division
Bay,Region,First Order Division
Bay of Plenty,Regional Council,First Order Division
Bayan-Olgiy,Province,First Order Division
Bayanhongor,Province,First Order Division
Bayburt,Province,First Order Division
Bayelsa,State,First Order Division
Bayern,State,First Order Division
Bayqongyr,City,First Order Division
Bazega,Province,First Order Division
Beau Bassin-Rose Hill,City,First Order Division
Beau Vallon,District,First Order Division
Bechar,Province,First Order Division
Bedfordshire,Unitary Authority,First Order Division
Beijing,Municipality,First Order Division
Beirut,Province,First Order Division
Beja,Governorate,First Order Division
Beja,District,First Order Division
Bejaia,Province,First Order Division
Bekes,County,First Order Division
Bekescsaba,City Of County Right,First Order Division
Bel Air,District,First Order Division
Bel Ombre,District,First Order Division
Belait,District,First Order Division
Belfast,District Council Area (Northern Ireland),First Order Division
Belgorodskaya,Administrative Region,First Order Division
Belgrade,City,First Order Division
Belize,District,First Order Division
Belluno,Province,First Order Division
Beltinci,Undesignated,First Order Division
Ben Arous,Governorate,First Order Division
Ben Slimane,Province,First Order Division
Ben Tre,Province,First Order Division
Benedikt,Undesignated,First Order Division
Benesov,District,First Order Division
Benevento,Province,First Order Division
Bengkulu,Province,First Order Division
Bengo,Province,First Order Division
Benguela,Province,First Order Division
Benguet,Province,First Order Division
Beni Mellal,Province,First Order Division
Benue,State,First Order Division
Berane,Commune,First Order Division
Berat,District,First Order Division
Berat,County,First Order Division
Berea,District,First Order Division
Bergamo,Province,First Order Division
Berkane,Province,First Order Division
Berlin,State,First Order Division
Bern,Canton,First Order Division
Beroun,District,First Order Division
Berovo,Municipality,First Order Division
Berry Islands,District,First Order Division
Bethlehem Bayt Lahm,Governorates,First Order Division
Beverina,District,First Order Division
Bexley,Borough,First Order Division
Beyla,Perfecture,First Order Division
Beylaqan,District,First Order Division
Bheri,Zone,First Order Division
Bhola,District,First Order Division
Bicol,Region,First Order Division
Bie,Province,First Order Division
Biella,Province,First Order Division
Bihar,State,First Order Division
Bihor,County,First Order Division
Bijelo Polje,Commune,First Order Division
Bilasuvar,District,First Order Division
Bilecik,Province,First Order Division
Biliran,Province,First Order Division
Bimini and Cat Cay,District,First Order Division
Bingol,Province,First Order Division
Binh Dinh,Province,First Order Division
Binh Duong,Province,First Order Division
Binh Phuoc,Province,First Order Division
Binh Thuan,Province,First Order Division
Binshangul Gumuz,State,First Order Division
Bio-Bio,Region,First Order Division
Bioko Norte,Province,First Order Division
Bioko Sur,Province,First Order Division
Biombo,Region,First Order Division
Birgu,Council,First Order Division
Birkirkara,Council,First Order Division
Birmingham,Metropolitan District,First Order Division
Birzebbuga,Council,First Order Division
Bishkek,City,First Order Division
Biskra,Province,First Order Division
Bissau,Autonomous Sector,First Order Division
Bistrica ob Sotli,Undesignated,First Order Division
Bistrita-Nasaud,County,First Order Division
Bitlis,Province,First Order Division
Bitola,Municipality,First Order Division
Bizerte,Governorate,First Order Division
Bjelovarsko-bilogorska zupanija,County,First Order Division
Black Point,District,First Order Division
Black River,District,First Order Division
Blackburn with Darwen,Unitary Authority,First Order Division
Blackpool,Unitary Authority,First Order Division
Blaenau Gwent,Unitary Authority (Wales),First Order Division
Blagoevgrad,Region,First Order Division
Blansko,District,First Order Division
Blantyre,District,First Order Division
Bled,Undesignated,First Order Division
Blekinge,County,First Order Division
Blida,Province,First Order Division
Bloke,Undesignated,First Order Division
Boa Vista,Municipality,First Order Division
Boaco,Department,First Order Division
Bobonaro,District,First Order Division
Bocas del Toro,Province,First Order Division
Bodden Town,District,First Order Division
Boe,District,First Order Division
Boffa,Perfecture,First Order Division
Bogdanci,Municipality,First Order Division
Bogovinje,Municipality,First Order Division
Bogra,District,First Order Division
Bohinj,Undesignated,First Order Division
Bohol,Province,First Order Division
Boke,Perfecture,First Order Division
Boke,Governorates,First Order Division
Bokeo,Province,First Order Division
Bolama,Region,First Order Division
Bolikhamxai,Province,First Order Division
Bolivar,Province,First Order Division
Bolivar,State,First Order Division
Bolivar,Department,First Order Division
Bologna,Province,First Order Division
Bolton,Metropolitan District,First Order Division
Bolu,Province,First Order Division
Bolzano,Province,First Order Division
Bomi,County,First Order Division
Bonaire,Special Municipality,First Order Division
Bonaire,Municipality,First Order Division
Bong,County,First Order Division
Boqueron,Department,First Order Division
Bordj Bou Arreridj,Province,First Order Division
Borgo Maggiore,Municipality,First Order Division
Borgou,Department,First Order Division
Bormla,Council,First Order Division
Borno,State,First Order Division
Borovnica,Undesignated,First Order Division
Borski,District,First Order Division
Borsod-Abauj-Zemplen,County,First Order Division
Bosansko-podrinjski,Canton,First Order Division
Bosilovo,Municipality,First Order Division
Botosani,County,First Order Division
Bouches-du-Rhone,Metropolitan Department,First Order Division
Boucle du Mouhoun,Region,First Order Division
Bouenza,Department,First Order Division
Bougainville,Autonomous Region,First Order Division
Bougouriba,Province,First Order Division
Bouira,Province,First Order Division
Boujdour,Province,First Order Division
Boujdour,Province,First Order Division
Boulemane,Province,First Order Division
Boulgou,Province,First Order Division
Boulkiemde,Province,First Order Division
Boumerdes,Province,First Order Division
Bourgogne,Metropolitan Regions,First Order Division
Bournemouth,Unitary Authority,First Order Division
Bovec,Undesignated,First Order Division
Boyaca,Department,First Order Division
Brabant Wallon,Province,First Order Division
Bracknell Forest,Unitary Authority,First Order Division
Bradford,Metropolitan District,First Order Division
Braga,District,First Order Division
Braganca,District,First Order Division
Brahmanbaria,District,First Order Division
Braila,County,First Order Division
Brakna,Region,First Order Division
Brandenburg,State,First Order Division
Branicevski,District,First Order Division
Braslovce,Undesignated,First Order Division
Brasov,County,First Order Division
Bratislavsky,Region,First Order Division
Brava,Municipality,First Order Division
Brazzaville,Commune,First Order Division
Brcko,District,First Order Division
Brda,Undesignated,First Order Division
Breclav,District,First Order Division
Bremen,State,First Order Division
Brent,Borough,First Order Division
Brescia,Province,First Order Division
Brestskaya voblasts,Region,First Order Division
Bretagne,Metropolitan Regions,First Order Division
Brezice,Undesignated,First Order Division
Brezovica,Undesignated,First Order Division
Briceni,District,First Order Division
Bridgend,Unitary Authority (Wales),First Order Division
Brighton and Hove,Unitary Authority,First Order Division
Brindisi,Province,First Order Division
"Bristol,  City of",Unitary Authority,First Order Division
British Columbia,Province,First Order Division
Brno-mesto,District,First Order Division
Brno-venkov,District,First Order Division
Broceni,District,First Order Division
Brodsko-posavska zupanija,County,First Order Division
Brokopondo,District,First Order Division
Bromley,Borough,First Order Division
Brong-Ahafo,Region,First Order Division
Brunei-Muara,District,First Order Division
Bruntal,District,First Order Division
Brussels,Capital Region,First Order Division
Brvenica,Municipality,First Order Division
Bryanskaya,Administrative Region,First Order Division
Buada,District,First Order Division
Bubanza,Province,First Order Division
Buckinghamshire,Two-Tier County,First Order Division
Bucuresti,City,First Order Division
Budaka,District,First Order Division
Budapest,Capital City,First Order Division
Bududa,District,First Order Division
Budva,Commune,First Order Division
Buenos Aires,Province,First Order Division
Bugiri,District,First Order Division
Bujumbura Mairie,Province,First Order Division
Bujumbura Rural,Province,First Order Division
Bukedea,District,First Order Division
Bukidnon,Province,First Order Division
Bukwa,District,First Order Division
Bulacan,Province,First Order Division
Bulawayo,City,First Order Division
Bulgan,Province,First Order Division
Buliisa,District,First Order Division
Bulqize,District,First Order Division
Bumthang,District,First Order Division
Bundibugyo,District,First Order Division
Bur Sa'id,Governorate,First Order Division
Burdur,Province,First Order Division
Burgas,Region,First Order Division
Burgenland,State,First Order Division
Burgos,Province,First Order Division
Buri Ram,Province,First Order Division
Burku,Region,First Order Division
Bursa,Province,First Order Division
Burtnieki,District,First Order Division
Bururi,Province,First Order Division
Bury,Metropolitan District,First Order Division
Buryatiya,Republic,First Order Division
Busan Gwang'yeogsi,Metropolitan City,First Order Division
Bushehr,Province,First Order Division
Bushenyi,District,First Order Division
Busia,District,First Order Division
Buskerud,County,First Order Division
Butaleja,District,First Order Division
Butel,Municipality,First Order Division
Butha-Buthe,District,First Order Division
Buxoro,Region,First Order Division
Buzau,County,First Order Division
Ca Mau,Province,First Order Division
Caaguazu,Department,First Order Division
Caazapa,Department,First Order Division
Cabanas,Department,First Order Division
Cabinda,Province,First Order Division
Cabo Delgado,Province,First Order Division
Cabrayil,District,First Order Division
Caceres,Province,First Order Division
Cacheu,Region,First Order Division
Cadiz,Province,First Order Division
Caerphilly,Unitary Authority (Wales),First Order Division
Cagayan,Province,First Order Division
Cagayan Valley,Region,First Order Division
Cagliari,Province,First Order Division
Cahul,District,First Order Division
Cair,Municipality,First Order Division
Cajamarca,Department,First Order Division
CALABARZON,Region,First Order Division
Calabria,Region,First Order Division
Calarasi,County,First Order Division
Calarasi,District,First Order Division
Caldas,Department,First Order Division
Calderdale,Metropolitan District,First Order Division
California,State,First Order Division
Calilabab,District,First Order Division
Caltanissetta,Province,First Order Division
Calvados,Metropolitan Department,First Order Division
Camaguey,Province,First Order Division
Camarines Norte,Province,First Order Division
Camarines Sur,Province,First Order Division
Cambridgeshire,Two-Tier County,First Order Division
Camden,Borough,First Order Division
Camiguin,Province,First Order Division
Campania,Region,First Order Division
Campeche,State,First Order Division
Campobasso,Province,First Order Division
Can Tho,Municipality,First Order Division
Canakkale,Province,First Order Division
Canar,Province,First Order Division
Canarias,Undesignated,First Order Division
Canillo,Parish,First Order Division
Canindeyu,Department,First Order Division
Cankiri,Province,First Order Division
Cankova,Undesignated,First Order Division
Cankuzo,Province,First Order Division
Cantabria,Province,First Order Division
Cantabria,Autonomous Community,First Order Division
Cantal,Metropolitan Department,First Order Division
Cantemir,District,First Order Division
Canterbury,Regional Council,First Order Division
Cao Bang,Province,First Order Division
Capital,Region,First Order Division
Capital Territory,Capital Territory,First Order Division
Capiz,Province,First Order Division
Caprivi,Region,First Order Division
Caqueta,Department,First Order Division
Carabobo,State,First Order Division
Caraga,Region,First Order Division
Caras-Severin,County,First Order Division
Carazo,Department,First Order Division
Carbonia-Iglesias,Province,First Order Division
Carchi,Province,First Order Division
Cardiff,Unitary Authority (Wales),First Order Division
Cargados Carajos Shoals,Dependency,First Order Division
Carlow,County,First Order Division
Carmarthenshire,Unitary Authority (Wales),First Order Division
Carnikava,District,First Order Division
Carrickfergus,District Council Area (Northern Ireland),First Order Division
Cartago,Province,First Order Division
Casablanca,Prefecture,First Order Division
Casanare,Department,First Order Division
Cascade,District,First Order Division
Cascades,Region,First Order Division
Caserta,Province,First Order Division
Caska,Municipality,First Order Division
Castellon,Province,First Order Division
Castelo Branco,District,First Order Division
Castilla y Leon,Autonomous Community,First Order Division
Castilla-La Mancha,Autonomous Community,First Order Division
Castlereagh,District Council Area (Northern Ireland),First Order Division
Castries,District,First Order Division
Cat Island,District,First Order Division
Catalunya,Autonomous Community,First Order Division
Catamarca,Province,First Order Division
Catanduanes,Province,First Order Division
Catania,Province,First Order Division
Catanzaro,Province,First Order Division
Cauca,Department,First Order Division
Causeni,District,First Order Division
Cavan,County,First Order Division
Cavite,Province,First Order Division
Cayman Brac,District,First Order Division
Cayo,District,First Order Division
Ceara,State,First Order Division
Cebu,Province,First Order Division
Celje,Undesignated,First Order Division
Centar,Municipality,First Order Division
Centar Zupa,Municipality,First Order Division
Central,Province,First Order Division
Central,Province,First Order Division
Central,Province,First Order Division
Central,Department,First Order Division
Central,Province,First Order Division
Central,Division,First Order Division
Central,Region,First Order Division
Central,Province,First Order Division
Central,Geographic Regions,First Order Division
Central,District,First Order Division
Central Abaco,District,First Order Division
Central Andros,District,First Order Division
Central Eleuthera,District,First Order Division
Central Equatoria,States,First Order Division
Central Jutland,Region,First Order Division
Central Luzon,Region,First Order Division
Central Region,Region,First Order Division
Central Singapore,District,First Order Division
Central Visayas,Region,First Order Division
Centre,Metropolitan Regions,First Order Division
Centre,Department,First Order Division
Centre,Region,First Order Division
Centre,Region,First Order Division
Centre,Region,First Order Division
Centre-Est,Region,First Order Division
Centre-Nord,Region,First Order Division
Centre-Ouest,Region,First Order Division
Centre-Sud,Region,First Order Division
Centro Sur,Province,First Order Division
Ceredigion,Unitary Authority (Wales),First Order Division
Cerklje na Gorenjskem,Undesignated,First Order Division
Cerknica,Undesignated,First Order Division
Cerkno,Undesignated,First Order Division
Cerkvenjak,Undesignated,First Order Division
Cesar,Department,First Order Division
Cesinovo-Oblesevo,Municipality,First Order Division
Cesis,District,First Order Division
Ceska Lipa,District,First Order Division
Ceske Budejovice,District,First Order Division
Cesky Krumlov,District,First Order Division
Cesvaine,District,First Order Division
Cetinje,Commune,First Order Division
Ceuta,Autonomous City,First Order Division
Chachoengsao,Province,First Order Division
Chaco,Province,First Order Division
Chagang-do,Province,First Order Division
Chaguanas,Municipality,First Order Division
Chahar Mahall va Bakhtiari,Province,First Order Division
Chai Nat,Province,First Order Division
Chaiyaphum,Province,First Order Division
Chalatenango,Department,First Order Division
Chalkidiki,Department,First Order Division
Champagne-Ardenne,Metropolitan Regions,First Order Division
Champasak,Province,First Order Division
Chandigarh,Union Territory,First Order Division
Chandpur,District,First Order Division
Changhua,District,First Order Division
Chania,Department,First Order Division
Chanthaburi,Province,First Order Division
Chaouia-Ouardigh,Region,First Order Division
Charente,Metropolitan Department,First Order Division
Charente-Maritime,Metropolitan Department,First Order Division
Charlotte,Parish,First Order Division
Chatham  Islands Territory,Special Island Authority,First Order Division
Cheb,District,First Order Division
Chechenskaya,Republic,First Order Division
Chefchaouen,Province,First Order Division
Chelyabinskaya,Administrative Region,First Order Division
Cher,Metropolitan Department,First Order Division
Cherkas'ka,Region,First Order Division
Chernihivs'ka,Region,First Order Division
Chernivets'ka,Region,First Order Division
Cheshire,Undesignated,First Order Division
Chhattisgarh,State,First Order Division
Chhukha,District,First Order Division
Chiang Mai,Province,First Order Division
Chiang Rai,Province,First Order Division
Chiapas,State,First Order Division
Chiayi,District,First Order Division
Chiayi Municipality,Municipality,First Order Division
Chichaoua,Province,First Order Division
Chiesanuova,Municipality,First Order Division
Chieti,Province,First Order Division
Chihuahua,State,First Order Division
Chikwawa,District,First Order Division
Chimaltenango,Department,First Order Division
Chimborazo,Province,First Order Division
Chimbu,Province,First Order Division
Chin,State,First Order Division
Chinandega,Department,First Order Division
Chios,Department,First Order Division
Chiquimula,Department,First Order Division
Chiradzulu,District,First Order Division
Chiriqui,Province,First Order Division
Chisinau,City,First Order Division
Chitipa,District,First Order Division
Chittagong,District,First Order Division
Chittagong,Division,First Order Division
Chlef,Province,First Order Division
Choco,Department,First Order Division
Choiseul,Province,First Order Division
Choiseul,District,First Order Division
Choluteca,Department,First Order Division
Chomutov,District,First Order Division
Chon Buri,Province,First Order Division
Chongqing,Municipality,First Order Division
Chontales,Department,First Order Division
Christ Church,Parish,First Order Division
Christ Church Nichola Town,Parish,First Order Division
Chrudim,District,First Order Division
Chtouka-Ait Baha,Undesignated,First Order Division
Chu,Region,First Order Division
Chuadanga,District,First Order Division
Chubut,Province,First Order Division
Chukotskiy avtonomnyy,Autonomous District,First Order Division
Chumphon,Province,First Order Division
Chungcheongbugdo,Province,First Order Division
Chungcheongnamdo,Province,First Order Division
Chuquisaca,Department,First Order Division
Chuuk,State,First Order Division
Chuvashskaya,Republic,First Order Division
Cibitoke,Province,First Order Division
Cibla,District,First Order Division
Ciego de Avila,Province,First Order Division
Cienfuegos,Province,First Order Division
Cimislia,District,First Order Division
Cirkulane,Commune,First Order Division
City of Freeport,District,First Order Division
Ciudad Autonoma de Buenos Aires,Federal District,First Order Division
Ciudad de La Habana,Province,First Order Division
Ciudad Real,Province,First Order Division
Clackmannanshire,Council Area (Scotland),First Order Division
Clare,County,First Order Division
Clarendon,Parish,First Order Division
Clipperton,Dependency,First Order Division
Cluj,County,First Order Division
Coahuila,State,First Order Division
Coast,Province,First Order Division
Cochabamba,Department,First Order Division
Cocle,Province,First Order Division
Coimbra,District,First Order Division
Cojedes,State,First Order Division
Coleraine,District Council Area (Northern Ireland),First Order Division
Colima,State,First Order Division
Collines,Department,First Order Division
Colon,Province,First Order Division
Colon,Department,First Order Division
Colorado,State,First Order Division
Comayagua,Department,First Order Division
Comilla,District,First Order Division
Commewijne,District,First Order Division
Como,Province,First Order Division
Comoe,Province,First Order Division
Compostela Valley,Province,First Order Division
Conakry,Special Zone,First Order Division
Concepcion,Department,First Order Division
Connaught,Province,First Order Division
Connaught Sale,Prefecture,First Order Division
Connecticut,State,First Order Division
Constanta,County,First Order Division
Constantine,Province,First Order Division
Conwy,Unitary Authority (Wales),First Order Division
Cookstown,District Council Area (Northern Ireland),First Order Division
Copan,Department,First Order Division
Copperbelt,Province,First Order Division
Coquimbo,Region,First Order Division
Cordillera,Department,First Order Division
Cordillera Administrative Region,Region,First Order Division
Cordoba,Province,First Order Division
Cordoba,Department,First Order Division
Cordoba,Province,First Order Division
Cork,County,First Order Division
Cornwall,Unitary Authority,First Order Division
Coronie,District,First Order Division
Corozal,District,First Order Division
Correze,Metropolitan Department,First Order Division
Corrientes,Province,First Order Division
Corse,Metropolitan Regions,First Order Division
Corse-du-Sud,Metropolitan Department,First Order Division
Cortes,Department,First Order Division
Corum,Province,First Order Division
Cosenza,Province,First Order Division
Cotabato,Province,First Order Division
Cote-d'Or,Metropolitan Department,First Order Division
Cotes-d'Armor,Metropolitan Department,First Order Division
Cotopaxi,Province,First Order Division
Couva-Tabaquite-Talparo,Region,First Order Division
Cova Lima,District,First Order Division
Covasna,County,First Order Division
Coventry,Metropolitan District,First Order Division
Cox's Bazar,District,First Order Division
Coyah,Perfecture,First Order Division
Craigavon,District Council Area (Northern Ireland),First Order Division
Cremona,Province,First Order Division
Crensovci,Undesignated,First Order Division
Creuse,Metropolitan Department,First Order Division
Criuleni,District,First Order Division
Crna na Koroskem,Undesignated,First Order Division
Crnomelj,Undesignated,First Order Division
Crooked Island and Long Cay,District,First Order Division
Cross River,State,First Order Division
Crotone,Province,First Order Division
Croydon,Borough,First Order Division
Crozet Islands,District,First Order Division
Csongrad,County,First Order Division
Cuando-Cubango,Province,First Order Division
Cuanza Norte,Province,First Order Division
Cuanza Sul,Province,First Order Division
Cucer Sandevo,Municipality,First Order Division
Cuenca,Province,First Order Division
Culfa,District,First Order Division
Cumbria,Two-Tier County,First Order Division
Cundinamarca,Department,First Order Division
Cunene,Province,First Order Division
Cuneo,Province,First Order Division
Curacao,Country,First Order Division
Curepipe,City,First Order Division
Cuscatlan,Department,First Order Division
Cusco,Department,First Order Division
Cuvette,Department,First Order Division
Cuvette-Ouest,Department,First Order Division
Cuyuni-Mazaruni,Region,First Order Division
Da Nang,Municipality,First Order Division
Dabola,Perfecture,First Order Division
Dac Lac,Province,First Order Division
Dadra and Nagar Haveli,Union Territory,First Order Division
Daegu Gwang'yeogsi,Metropolitan City,First Order Division
Daejeon Gwang'yeogsi,Metropolitan City,First Order Division
Dagana,District,First Order Division
Dagda,District,First Order Division
Dagestan,Republic,First Order Division
Dahuk,Province,First Order Division
Dajabon,Province,First Order Division
Dak Nong,Province,First Order Division
Dakar,Region,First Order Division
Dakhlet Nouadhibou,Region,First Order Division
Dakunu,Province,First Order Division
Dalaba,Perfecture,First Order Division
Dalarnas,County,First Order Division
Daman and Diu,Union Territory,First Order Division
Dambovita,County,First Order Division
Danilovgrad,Commune,First Order Division
Dar es Salaam,Region,First Order Division
Daraa,Province,First Order Division
Darhan uul,Municipality,First Order Division
Darien,Province,First Order Division
Darlington,Unitary Authority,First Order Division
Darnah,Popularate,First Order Division
Daskasan,District,First Order Division
Dasoguz,Region,First Order Division
Daugavpils,City,First Order Division
Daugavpils,District,First Order Division
Dauphin,Undesignated,First Order Division
Davao,Region,First Order Division
Davao del Norte,Province,First Order Division
Davao del Sur,Province,First Order Division
Davao Oriental,Province,First Order Division
Daykundi,Province,First Order Division
Dayr az Zawr,Province,First Order Division
Debar,Municipality,First Order Division
Debarca,Municipality,First Order Division
Debrecen,City Of County Right,First Order Division
Debub,Region,First Order Division
Debubawi K'eyyih Bahri,Region,First Order Division
Decin,District,First Order Division
Dedza,District,First Order Division
Deir El Balah Dayr al Balah,Governorates,First Order Division
Delaware,State,First Order Division
Delcevo,Municipality,First Order Division
Delhi,Union Territory,First Order Division
Delta,State,First Order Division
Delta Amacuro,State,First Order Division
Delvine,District,First Order Division
Demerara-Mahaica,Region,First Order Division
Demir Hisar,Municipality,First Order Division
Demir Kapija,Municipality,First Order Division
Denbighshire,Unitary Authority (Wales),First Order Division
Denguele,Region,First Order Division
Denigomodu,District,First Order Division
Denizli,Province,First Order Division
Dennery,District,First Order Division
Dependencias Federales,Federal Dependency,First Order Division
Derby,Unitary Authority,First Order Division
Derbyshire,Two-Tier County,First Order Division
Derry,District Council Area (Northern Ireland),First Order Division
Destrnik,Undesignated,First Order Division
Deux-Sevres,Metropolitan Department,First Order Division
Devoll,District,First Order Division
Devon,Two-Tier County,First Order Division
Devonshire,Parish,First Order Division
Dhaalu,Administrative Atoll,First Order Division
Dhaka,Division,First Order Division
Dhaka,District,First Order Division
Dhamar,Governorate,First Order Division
Dhawalagiri,Zone,First Order Division
Dhi Qar,Province,First Order Division
Diber,District,First Order Division
Diber,County,First Order Division
Diego Martin,Region,First Order Division
Diekirch,District,First Order Division
Dien Bien,Province,First Order Division
Diffa,Region,First Order Division
Dikhil,Region,First Order Division
Dili,District,First Order Division
Dimashq,Province,First Order Division
Dinagat Islands,Province,First Order Division
Dinajpur,District,First Order Division
Dingli,Council,First Order Division
Dinguiraye,Perfecture,First Order Division
Diourbel,Region,First Order Division
Dire Dawa,Administration,First Order Division
District of Columbia,District,First Order Division
Distrito Capital de Bogota,Capital District,First Order Division
Distrito Federal,Federal District,First Order Division
Distrito Federal,Federal District,First Order Division
Distrito Federal,Federal District,First Order Division
Distrito Nacional,Province,First Order Division
Divaca,Undesignated,First Order Division
Diyala,Province,First Order Division
Diyarbakir,Province,First Order Division
Djelfa,Province,First Order Division
Djibouti,City,First Order Division
Dnipropetrovs'ka,Region,First Order Division
Dobele,District,First Order Division
Dobje,Undesignated,First Order Division
Dobrepolje,Undesignated,First Order Division
Dobrich,Region,First Order Division
Dobrna,Undesignated,First Order Division
Dobrova-Polhov Gradec,Undesignated,First Order Division
Dobrovnik/Dobronak,Undesignated,First Order Division
Dodekanisos,Department,First Order Division
Dodoma,Region,First Order Division
Dojran,Municipality,First Order Division
Dokolo,District,First Order Division
Dol pri Ljubljani,Undesignated,First Order Division
Dolenjske Toplice,Undesignated,First Order Division
Dolj,County,First Order Division
Dolneni,Municipality,First Order Division
Dolnoslaskie,Voivodship,First Order Division
Domagnano,Municipality,First Order Division
Domazlice,District,First Order Division
Domzale,Undesignated,First Order Division
Doncaster,Metropolitan District,First Order Division
Donduseni,District,First Order Division
Donegal,County,First Order Division
Donets'ka,Region,First Order Division
Dong Nai,Province,First Order Division
Dong Thap,Province,First Order Division
Donga,Department,First Order Division
Dordogne,Metropolitan Department,First Order Division
Dornava,Undesignated,First Order Division
Dornod,Province,First Order Division
Dornogovi,Province,First Order Division
Dorset,Two-Tier County,First Order Division
Dosso,Region,First Order Division
Doubs,Metropolitan Department,First Order Division
Doukkala-Abda,Region,First Order Division
Dowa,District,First Order Division
Down,District Council Area (Northern Ireland),First Order Division
Drama,Department,First Order Division
Dravograd,Undesignated,First Order Division
Drenthe,Province,First Order Division
Drochia,District,First Order Division
Drome,Metropolitan Department,First Order Division
Drugovo,Municipality,First Order Division
Duarte,Province,First Order Division
Dubasari,District,First Order Division
Dubayy,Emirate,First Order Division
Dublin,County,First Order Division
Dubreka,Perfecture,First Order Division
Dubrovacko-neretvanska zupanija,County,First Order Division
Dudley,Metropolitan District,First Order Division
Dumfries and Galloway,Council Area (Scotland),First Order Division
Dumyat,Governorate,First Order Division
Dunaujvaros,City Of County Right,First Order Division
Dundaga,District,First Order Division
Dundee City,Council Area (Scotland),First Order Division
Dundgovi,Province,First Order Division
Dungannon and South Tyrone,District Council Area (Northern Ireland),First Order Division
Duplek,Undesignated,First Order Division
Durango,State,First Order Division
Durazno,Department,First Order Division
Durbe,District,First Order Division
Durham,Unitary Authority,First Order Division
Durres,County,First Order Division
Durres,District,First Order Division
Duzce,Province,First Order Division
Dytiki Ellada,Administrative Regions,First Order Division
Dytiki Makedonia,Administrative Regions,First Order Division
Dzavhan,Province,First Order Division
Ealing,Borough,First Order Division
East,Region,First Order Division
East Ayrshire,Council Area (Scotland),First Order Division
East Berbice-Corentyne,Region,First Order Division
East Dunbartonshire,Council Area (Scotland),First Order Division
East End,District,First Order Division
East Grand Bahama,District,First Order Division
East Lothian,Council Area (Scotland),First Order Division
East New Britain,Province,First Order Division
East Renfrewshire,Council Area (Scotland),First Order Division
East Riding of Yorkshire,Unitary Authority,First Order Division
East Sepik,Province,First Order Division
East Sussex,Two-Tier County,First Order Division
Eastern,Geographic Regions,First Order Division
Eastern,Province,First Order Division
Eastern,Division,First Order Division
Eastern,Region,First Order Division
Eastern,Province,First Order Division
Eastern,Province,First Order Division
Eastern Cape,Province,First Order Division
Eastern Equatoria,States,First Order Division
Eastern Highlands,Province,First Order Division
Eastern Province,Region,First Order Division
Eastern Samar,Province,First Order Division
Eastern Tobago,Region,First Order Division
Eastern Visayas,Region,First Order Division
Ebon,Municipality,First Order Division
Ebonyi,State,First Order Division
"Edinburgh,  City of",Council Area (Scotland),First Order Division
Edinet,District,First Order Division
Edirne,Province,First Order Division
Edo,State,First Order Division
Eger,City Of County Right,First Order Division
Ehime,Perfecture,First Order Division
Eilean Siar,Council Area (Scotland),First Order Division
Ekiti,State,First Order Division
El Bayadh,Province,First Order Division
El Beni,Department,First Order Division
El Beqaa,Province,First Order Division
El Callao,Constitutional Province,First Order Division
El Hajeb,Province,First Order Division
El Jadida,Province,First Order Division
El Oro,Province,First Order Division
El Oued,Province,First Order Division
El Paraiso,Department,First Order Division
El Progreso,Department,First Order Division
El Seybo,Province,First Order Division
El Tarf,Province,First Order Division
Elazig,Province,First Order Division
Elbasan,District,First Order Division
Elbasan,County,First Order Division
Embera,Indigenous Region,First Order Division
Emilia-Romagna,Region,First Order Division
Encamp,Parish,First Order Division
Enewetak,Municipality,First Order Division
Enfield,Borough,First Order Division
Enga,Province,First Order Division
England,Country,First Order Division
English River,District,First Order Division
Engure,District,First Order Division
Enna,Province,First Order Division
Entre Rios,Province,First Order Division
Enugu,State,First Order Division
Equateur,Province,First Order Division
Erd,County,First Order Division
Erevan,City,First Order Division
Ergli,District,First Order Division
Ermera,District,First Order Division
Erongo,Region,First Order Division
Errachidia,Province,First Order Division
Erzincan,Province,First Order Division
Erzurum,Province,First Order Division
Es Semara,Province,First Order Division
Es Smara,Province,First Order Division
Escaldes-Engordany,Parish,First Order Division
Eschen,Commune,First Order Division
Escuintla,Department,First Order Division
Esfahan,Province,First Order Division
Eskisehir,Province,First Order Division
Esmeraldas,Province,First Order Division
Espaillat,Province,First Order Division
Espirito Santo,State,First Order Division
Essaouira,Province,First Order Division
Essequibo Islands-West Demerara,Region,First Order Division
Essex,Two-Tier County,First Order Division
Essonne,Metropolitan Department,First Order Division
Est,Region,First Order Division
Est,Province,First Order Division
Esteli,Department,First Order Division
Estuaire,Province,First Order Division
Etela-Karjala,Region,First Order Division
Etela-Pohjanmaa,Region,First Order Division
Etela-Savo,Region,First Order Division
Eure,Metropolitan Department,First Order Division
Eure-et-Loir,Metropolitan Department,First Order Division
Evora,District,First Order Division
Evros,Department,First Order Division
Evrytania,Department,First Order Division
Evvoia,Department,First Order Division
Ewa,District,First Order Division
Extremadura,Autonomous Community,First Order Division
Exuma,District,First Order Division
Fa'asaleleaga,District,First Order Division
Faafu,Administrative Atoll,First Order Division
Faetano,Municipality,First Order Division
Fahs-Beni Makada,Prefecture,First Order Division
Falcon,State,First Order Division
Falesti,District,First Order Division
Falkirk,Council Area (Scotland),First Order Division
Far North,Region,First Order Division
Farah,Province,First Order Division
Faranah,Perfecture,First Order Division
faranah,Governorates,First Order Division
Farg'ona,Region,First Order Division
Faridpur,District,First Order Division
Faro,District,First Order Division
Fars,Province,First Order Division
Faryab,Province,First Order Division
Fatick,Region,First Order Division
Federacija Bosna i Hercegovina,Entity,First Order Division
Federally Administered Tribal Areas,Territory,First Order Division
Fejer,County,First Order Division
Feni,District,First Order Division
Fermanagh,District Council Area (Northern Ireland),First Order Division
Fermo,Province,First Order Division
Ferrara,Province,First Order Division
Fes-Boulemane,Region,First Order Division
Fes-Dar-Dbibegh,Prefecture,First Order Division
Fgura,Council,First Order Division
Fianarantsoa,Province,First Order Division
Fier,County,First Order Division
Fier,District,First Order Division
Fife,Council Area (Scotland),First Order Division
Figuig,Province,First Order Division
Finistere,Metropolitan Department,First Order Division
Finnmark,County,First Order Division
Fiorentino,Municipality,First Order Division
Firenze,Province,First Order Division
Flacq,District,First Order Division
Flemish Region,Region,First Order Division
Flevoland,Province,First Order Division
Flintshire,Unitary Authority (Wales),First Order Division
Flores,Department,First Order Division
Floresti,District,First Order Division
Floriana,Council,First Order Division
Florida,Department,First Order Division
Florida,State,First Order Division
Florina,Department,First Order Division
Foggia,Province,First Order Division
Fokida,Department,First Order Division
Fontana,Council,First Order Division
Fontvieille,Quarter,First Order Division
Forecariah,Perfecture,First Order Division
Forli-Cesena,Province,First Order Division
Formosa,Province,First Order Division
Franche-Comte,Metropolitan Regions,First Order Division
Francisco Morazan,Department,First Order Division
Free State,Province,First Order Division
Fria,Perfecture,First Order Division
Fribourg,Canton,First Order Division
Friesland,Province,First Order Division
Friuli-Venezia Giulia,Region,First Order Division
Fromager,Region,First Order Division
Frosinone,Province,First Order Division
Frydek Mistek,District,First Order Division
Fthiotida,Department,First Order Division
Fujian,Province,First Order Division
Funafuti,Island Council,First Order Division
Fuzuli,District,First Order Division
Gaaf Alif,Administrative Atoll,First Order Division
Gaafu Dhaalu,Administrative Atoll,First Order Division
Gabes,Governorate,First Order Division
Gabrovo,Region,First Order Division
Gabu,Region,First Order Division
Gadabay,District,First Order Division
Gafsa,Governorate,First Order Division
Gaga'emauga,District,First Order Division
Gagaifomauga,District,First Order Division
Gagauzia,Autonomous Territorial Unit,First Order Division
Gaibandha,District,First Order Division
Galapagos,Province,First Order Division
Galati,County,First Order Division
Galguduud,Region,First Order Division
Galicia,Autonomous Community,First Order Division
Galla,District,First Order Division
Galway,County,First Order Division
Gambela Hizboch,State,First Order Division
Gampaha,District,First Order Division
Gamprin,Commune,First Order Division
Gandaki,Zone,First Order Division
Gang'weondo,Province,First Order Division
Ganja,Municipality,First Order Division
Gansu,Province,First Order Division
Ganzourgou,Province,First Order Division
Gao,Region,First Order Division
Gaoual,Perfecture,First Order Division
Gard,Metropolitan Department,First Order Division
Garkalne,District,First Order Division
Gasa,District,First Order Division
Gash-Barka,Region,First Order Division
Gateshead,Metropolitan District,First Order Division
Gauteng,Province,First Order Division
Gavleborgs,County,First Order Division
Gaza,Province,First Order Division
Gaza Ghazzah,Governorates,First Order Division
Gazi Baba,Municipality,First Order Division
Gaziantep,Province,First Order Division
Gazipur,District,First Order Division
Gbarpolu,County,First Order Division
Gedo,Region,First Order Division
Gegark'unik',Province,First Order Division
Gelderland,Province,First Order Division
Geneve,Canton,First Order Division
Genova,Province,First Order Division
George Town,District,First Order Division
Georgia,State,First Order Division
Gers,Metropolitan Department,First Order Division
Gevgelija,Municipality,First Order Division
Ghajnsielem,Council,First Order Division
Ghanzi,District,First Order Division
Gharb,Council,First Order Division
Gharb Darfur,State,First Order Division
Gharb Kurdufan,Undesignated,First Order Division
Gharb-Chrarda-Beni Hssen,Region,First Order Division
Ghardaia,Province,First Order Division
Gharghur,Council,First Order Division
Ghasri,Council,First Order Division
Ghat,Popularate,First Order Division
Ghaxaq,Council,First Order Division
Ghazni,Province,First Order Division
Ghor,Province,First Order Division
Gia Lai,Province,First Order Division
Gihu,Perfecture,First Order Division
Gilan,Province,First Order Division
Gilbert Islands,Island Group,First Order Division
Gilgit-Baltistan,Administered Areas,First Order Division
Giresun,Province,First Order Division
Girona,Province,First Order Division
Gironde,Metropolitan Department,First Order Division
Gisborne District,Unitary Authority,First Order Division
Gitega,Province,First Order Division
Giurgiu,County,First Order Division
Gjirokaster,District,First Order Division
Gjirokaster,County,First Order Division
Gjorce Petrov,Municipality,First Order Division
Glacis,District,First Order Division
Glarus,Canton,First Order Division
Glasgow City,Council Area (Scotland),First Order Division
Glodeni,District,First Order Division
Gloucestershire,Two-Tier County,First Order Division
Gnagna,Province,First Order Division
Gnaviyani,Administrative Atoll,First Order Division
Goa,State,First Order Division
Goias,State,First Order Division
Golestan,Province,First Order Division
Gombe,State,First Order Division
Gopalganj,District,First Order Division
Goranboy,District,First Order Division
Gorenja vas-Poljane,Undesignated,First Order Division
Gorgol,Region,First Order Division
Gorisnica,Undesignated,First Order Division
Gorizia,Province,First Order Division
Gorj,County,First Order Division
Gorje,Commune,First Order Division
Gornja Radgona,Undesignated,First Order Division
Gornji Grad,Undesignated,First Order Division
Gornji Petrovci,Undesignated,First Order Division
Gorno-Badakhshan,Autonomous Region,First Order Division
Gorontalo,Province,First Order Division
Gostivar,Municipality,First Order Division
Gotlands,County,First Order Division
Gourma,Province,First Order Division
Govi-Altay,Province,First Order Division
Govi-Sumber,Municipality,First Order Division
Goycay,District,First Order Division
Goygol,District,First Order Division
Gracias a Dios,Department,First Order Division
Grad,Undesignated,First Order Division
Grad Zagreb,City,First Order Division
Gradsko,Municipality,First Order Division
Gramsh,District,First Order Division
Granada,Province,First Order Division
Granada,Department,First Order Division
Grand Anse Mahe,District,First Order Division
Grand Anse Praslin,District,First Order Division
Grand Bassa,County,First Order Division
Grand Cape Mount,County,First Order Division
Grand Casablanca,Region,First Order Division
Grand Cay,District,First Order Division
Grand Gedeh,County,First Order Division
Grand Kru,County,First Order Division
Grand Port,District,First Order Division
Grande-Anse,Department,First Order Division
Granma,Province,First Order Division
Graubunden,Canton,First Order Division
Greater Accra,Region,First Order Division
Green Turtle Cay,District,First Order Division
Greenwich,Borough,First Order Division
Grenadines,Parish,First Order Division
Grevena,Department,First Order Division
Grevenmacher,District,First Order Division
Gribingui,Economic Prefecture,First Order Division
Grobina,District,First Order Division
Groningen,Province,First Order Division
Gros Inlet,District,First Order Division
Grosseto,Province,First Order Division
Grosuplje,Undesignated,First Order Division
Guadalajara,Province,First Order Division
Guadalcanal,Province,First Order Division
Guadeloupe,Overseas Regions,First Order Division
Guainia,Department,First Order Division
Guaira,Department,First Order Division
Guam,Outlying Area,First Order Division
Guanacaste,Province,First Order Division
Guanajuato,State,First Order Division
Guangdong,Province,First Order Division
Guangxi,Autonomous Region,First Order Division
Guantanamo,Province,First Order Division
Guarda,District,First Order Division
Guarico,State,First Order Division
Guatemala,Department,First Order Division
Guaviare,Department,First Order Division
Guayas,Province,First Order Division
Gudja,Council,First Order Division
Guekedou,Perfecture,First Order Division
Guelma,Province,First Order Division
Guelmim,Province,First Order Division
Guelmim-Es Smar,Region,First Order Division
Guerrero,State,First Order Division
Guidimaka,Region,First Order Division
Guimaras,Province,First Order Division
Guipuzcoa,Province,First Order Division
Guizhou,Province,First Order Division
Gujarat,State,First Order Division
Gulbene,District,First Order Division
Gulf,Province,First Order Division
Gulu,District,First Order Division
Gumushane,Province,First Order Division
Gunma,Perfecture,First Order Division
Guria,Region,First Order Division
Guyane,Overseas Regions,First Order Division
Gwangju Gwang'yeogsi,Metropolitan City,First Order Division
Gwynedd,Unitary Authority (Wales),First Order Division
Gyeonggido,Province,First Order Division
Gyeongsangbugdo,Province,First Order Division
Gyeongsangnamdo,Province,First Order Division
Gyor,City Of County Right,First Order Division
Gyor-Moson-Sopron,County,First Order Division
Gzira,Council,First Order Division
Ha,District,First Order Division
Ha Giang,Province,First Order Division
Ha Nam,Province,First Order Division
Ha Noi,Municipality,First Order Division
Ha Tay,Province,First Order Division
Ha Tinh,Province,First Order Division
Ha'apai,Island Group,First Order Division
Ha'il,Region,First Order Division
Haa Alif,Administrative Atoll,First Order Division
Haa Dhaalu,Administrative Atoll,First Order Division
Habiganj,District,First Order Division
Haciqabul,District,First Order Division
Hackney,Borough,First Order Division
HaDarom,District,First Order Division
Hadramawt,Governorate,First Order Division
Hai Duong,Province,First Order Division
Hai Phong,Municipality,First Order Division
Haifa,District,First Order Division
Hainan,Province,First Order Division
Hainaut,Province,First Order Division
Hajdina,Undesignated,First Order Division
Hajdu-Bihar,County,First Order Division
Hajjah,Governorate,First Order Division
Hajjar Lamis,Region,First Order Division
Hakkari,Province,First Order Division
Hallands,County,First Order Division
Halton,Unitary Authority,First Order Division
Hama,Province,First Order Division
Hamadan,Province,First Order Division
Hambantota,District,First Order Division
Hamburg,State,First Order Division
HaMerkaz,District,First Order Division
Hamgyong-bukdo,Province,First Order Division
Hamgyong-namdo,Province,First Order Division
Hamilton,Parish,First Order Division
Hamilton municipality,Municipality,First Order Division
Hammersmith and Fulham,Borough,First Order Division
Hampshire,Two-Tier County,First Order Division
Hamrun,Council,First Order Division
Hanover,Parish,First Order Division
Harare,City,First Order Division
Harbour Island,District,First Order Division
Hardap,Region,First Order Division
Hareri Hizb,State,First Order Division
Harghita,County,First Order Division
Haringey,Borough,First Order Division
Harjumaa,County,First Order Division
Harrow,Borough,First Order Division
Hartlepool,Unitary Authority,First Order Division
Haryana,State,First Order Division
Has,District,First Order Division
Haskovo,Region,First Order Division
Hatay,Province,First Order Division
Hato Mayor,Province,First Order Division
Hatobohei,State,First Order Division
Hau Giang,Province,First Order Division
Haut-Mbomou,Prefecture,First Order Division
Haut-Ogooue,Province,First Order Division
Haut-Rhin,Metropolitan Department,First Order Division
Haut-Sassandra,Region,First Order Division
Haute-Corse,Metropolitan Department,First Order Division
Haute-Garonne,Metropolitan Department,First Order Division
Haute-Kotto,Prefecture,First Order Division
Haute-Loire,Metropolitan Department,First Order Division
Haute-Marne,Metropolitan Department,First Order Division
Haute-Normandie,Metropolitan Regions,First Order Division
Haute-Sangha / Mambere-Kadei,Prefecture,First Order Division
Haute-Saone,Metropolitan Department,First Order Division
Haute-Savoie,Metropolitan Department,First Order Division
Haute-Vienne,Metropolitan Department,First Order Division
Hautes-Alpes,Metropolitan Department,First Order Division
Hautes-Pyrenees,Metropolitan Department,First Order Division
Hauts-Bassins,Region,First Order Division
Hauts-de-Seine,Metropolitan Department,First Order Division
Havering,Borough,First Order Division
Havlickuv Brod,District,First Order Division
Hawaii,State,First Order Division
Hawalli,Governorate,First Order Division
Hawkes's Bay,Regional Council,First Order Division
HaZafon,District,First Order Division
Hebei,Province,First Order Division
Hebron Al Khalil,Governorates,First Order Division
Hedmark,County,First Order Division
Heilongjiang,Province,First Order Division
Helmand,Province,First Order Division
Henan,Province,First Order Division
Hentiy,Province,First Order Division
Herat,Province,First Order Division
Herault,Metropolitan Department,First Order Division
Herceg-Novi,Commune,First Order Division
Hercegovina-neretvanski,Canton,First Order Division
Heredia,Province,First Order Division
"Herefordshire,  County of",Unitary Authority,First Order Division
Herrera,Province,First Order Division
Hertfordshire,Two-Tier County,First Order Division
Hessen,State,First Order Division
Heves,County,First Order Division
Hhohho,District,First Order Division
Hidalgo,State,First Order Division
Highland,Council Area (Scotland),First Order Division
Hiiraan,Region,First Order Division
Hiiumaa,County,First Order Division
Hillingdon,Borough,First Order Division
Himachal Pradesh,State,First Order Division
Hincesti,District,First Order Division
Hirosima,Perfecture,First Order Division
Ho Chi Minh,Municipality,First Order Division
Hoa Binh,Province,First Order Division
Hoce-Slivnica,Undesignated,First Order Division
Hodh ech Chargui,Region,First Order Division
Hodh el Gharbi,Region,First Order Division
Hodmezovasarhely,City Of County Right,First Order Division
Hodonin,District,First Order Division
Hodos/Hodos,Undesignated,First Order Division
Hofuoborgarsvæoi utan Reykjavikur,Region,First Order Division
Hoima,District,First Order Division
Hokkaido,Territory,First Order Division
Holguin,Province,First Order Division
Homs,Province,First Order Division
Homyel'skaya voblasts,Region,First Order Division
Hope Town,District,First Order Division
Horad Minsk,City,First Order Division
Hordaland,County,First Order Division
Horjul,Undesignated,First Order Division
Hormozgan,Province,First Order Division
Houaphan,Province,First Order Division
Houet,Province,First Order Division
Hounslow,Borough,First Order Division
Hovd,Province,First Order Division
Hovsgol,Province,First Order Division
Howland Island,Territory,First Order Division
Hradec Kralove,District,First Order Division
Hrastnik,Undesignated,First Order Division
Hrodzenskaya voblasts,Region,First Order Division
Hrpelje-Kozina,Undesignated,First Order Division
Hsinchu,District,First Order Division
Hsinchu Municipality,Municipality,First Order Division
Hualien,District,First Order Division
Huambo,Province,First Order Division
Huancavelica,Department,First Order Division
Huanuco,Department,First Order Division
Hubei,Province,First Order Division
Huehuetenango,Department,First Order Division
Huelva,Province,First Order Division
Huesca,Province,First Order Division
Huila,Province,First Order Division
Huila,Department,First Order Division
Hukui,Perfecture,First Order Division
Hukuoka,Perfecture,First Order Division
Hukusima,Perfecture,First Order Division
Hulwan,Governorate,First Order Division
Hunan,Province,First Order Division
Hunedoara,County,First Order Division
Hung Yen,Province,First Order Division
Hwanghae-bukto,Province,First Order Division
Hwanghae-namdo,Province,First Order Division
Hyogo,Perfecture,First Order Division
Ialomita,County,First Order Division
Ialoveni,District,First Order Division
Iasi,County,First Order Division
Ibanda,District,First Order Division
Ibaraki,Perfecture,First Order Division
Ibb,Governorate,First Order Division
Ica,Department,First Order Division
Ida-Virumaa,County,First Order Division
Idaho,State,First Order Division
Idlib,Province,First Order Division
Idrija,Undesignated,First Order Division
Iecava,District,First Order Division
Ifrane,Province,First Order Division
Ifugao,Province,First Order Division
Ig,Undesignated,First Order Division
Iganga,District,First Order Division
Igdir,Province,First Order Division
Ijuw,District,First Order Division
Iklin,Council,First Order Division
Ikskile,District,First Order Division
Ilam,Province,First Order Division
Ilan,District,First Order Division
Ile Saint-Paul et Ile Amsterdam,District,First Order Division
Ile-de-France,Metropolitan Regions,First Order Division
Ileia,Department,First Order Division
Iles Eparses,District,First Order Division
Ilfov,County,First Order Division
Ilhas,Undesignated,First Order Division
Ilhas de Barlavento,Geographical Region,First Order Division
Ilhas de Sotavento,Geographical Region,First Order Division
Ilinden,Municipality,First Order Division
Ilirska Bistrica,Undesignated,First Order Division
Ille-et-Vilaine,Metropolitan Department,First Order Division
Illes Balears,Autonomous Community,First Order Division
Illinois,State,First Order Division
Illizi,Province,First Order Division
Ilocos,Region,First Order Division
Ilocos Norte,Province,First Order Division
Ilocos Sur,Province,First Order Division
Iloilo,Province,First Order Division
Ilukste,District,First Order Division
Imathia,Department,First Order Division
Imbabura,Province,First Order Division
Imereti,Region,First Order Division
Imisli,District,First Order Division
Imo,State,First Order Division
Imperia,Province,First Order Division
Inagua,District,First Order Division
Incheon Gwang'yeogsi,Metropolitan City,First Order Division
Inchiri,Region,First Order Division
Incukalns,District,First Order Division
Independencia,Province,First Order Division
Indiana,State,First Order Division
Indre,Metropolitan Department,First Order Division
Indre-et-Loire,Metropolitan Department,First Order Division
Inezgane-Ait Melloul,Prefecture,First Order Division
Ingushskaya,Republic,First Order Division
Inhambane,Province,First Order Division
Innidi,Region,First Order Division
Intibuca,Department,First Order Division
Inverclyde,Council Area (Scotland),First Order Division
Ioannina,Department,First Order Division
Ioba,Province,First Order Division
Ionia Nisia,Administrative Regions,First Order Division
Iowa,State,First Order Division
Ipeiros,Administrative Regions,First Order Division
Irakleio,Department,First Order Division
Irbid,Province,First Order Division
Iringa,Region,First Order Division
Irkutskaya,Administrative Region,First Order Division
Isabel,Province,First Order Division
Isabela,Province,First Order Division
Isere,Metropolitan Department,First Order Division
Isernia,Province,First Order Division
Isikawa,Perfecture,First Order Division
Isingiro,District,First Order Division
Isla,Council,First Order Division
Isla de la Juventud,Special Municipality,First Order Division
Islamabad,Federal Capital Territory,First Order Division
Islas de la Bahia,Department,First Order Division
Isle of Anglesey,Unitary Authority (Wales),First Order Division
Isle of Wight,Unitary Authority,First Order Division
Isles of Scilly,Undesignated,First Order Division
Islington,Borough,First Order Division
Ismayilli,District,First Order Division
Isparta,Province,First Order Division
Istanbul,Province,First Order Division
Istarska zupanija,County,First Order Division
Itapua,Department,First Order Division
Ivancna Gorica,Undesignated,First Order Division
Ivano-Frankivs'ka,Region,First Order Division
Ivanovskaya,Administrative Region,First Order Division
Iwate,Perfecture,First Order Division
Izabal,Department,First Order Division
Izmir,Province,First Order Division
Izola/Isola,Undesignated,First Order Division
Jabal Loubnane,Province,First Order Division
Jabat,Municipality,First Order Division
Jablanicki,District,First Order Division
Jablonec nad Nisou,District,First Order Division
Jaen,Province,First Order Division
Jaipurhat,District,First Order Division
Jakarta Raya,Special District,First Order Division
Jalal-Abad,Region,First Order Division
Jalapa,Department,First Order Division
Jalisco,State,First Order Division
Jaluit,Municipality,First Order Division
Jamalpur,District,First Order Division
Jambi,Province,First Order Division
Jammu and Kashmir,State,First Order Division
Jamtlands,County,First Order Division
Jan Mayen,Undesignated,First Order Division
Janakpur,Zone,First Order Division
Janub Darfur,State,First Order Division
Janub Kurdufan,State,First Order Division
Janub Sina',Governorate,First Order Division
Jarash,Province,First Order Division
Jardin Exotique,Quarter,First Order Division
Jarvamaa,County,First Order Division
Jarvis Island,Territory,First Order Division
Jasz-Nagykun-Szolnok,County,First Order Division
Jaunjelgava,District,First Order Division
Jaunpiebalga,District,First Order Division
Jaunpils,District,First Order Division
Jawa,Geographic Units,First Order Division
Jawa Barat,Province,First Order Division
Jawa Tengah,Province,First Order Division
Jawa Timur,Province,First Order Division
Jawf,Region,First Order Division
Jegunovce,Municipality,First Order Division
Jejudo,Province,First Order Division
Jekabpils,City,First Order Division
Jekabpils,District,First Order Division
Jelgava,City,First Order Division
Jelgava,District,First Order Division
Jendouba,Governorate,First Order Division
Jenin Janin,Governorates,First Order Division
Jeonrabugdo,Province,First Order Division
Jeonranamdo,Province,First Order Division
Jericho – Al Aghwar Ariha wa al Aghwar,Governorates,First Order Division
Jerusalem Al Quds,Governorates,First Order Division
Jesenice,Undesignated,First Order Division
Jesenik,District,First Order Division
Jessore,District,First Order Division
Jezersko,Undesignated,First Order Division
Jhalakati,District,First Order Division
Jharkhand,State,First Order Division
Jhenaidah,District,First Order Division
Jiangsu,Province,First Order Division
Jiangxi,Province,First Order Division
Jicin,District,First Order Division
Jigawa,State,First Order Division
Jihlava,District,First Order Division
Jihocesky,Region,First Order Division
Jihomoravsky,Region,First Order Division
Jijel,Province,First Order Division
Jilin,Province,First Order Division
Jindrichuv Hradec,District,First Order Division
Jinja,District,First Order Division
Jinotega,Department,First Order Division
Jizan,Region,First Order Division
Jizzax,Region,First Order Division
Jogevamaa,County,First Order Division
Johnston Atoll,Territory,First Order Division
Johor,State,First Order Division
Jonglei,States,First Order Division
Jonkopings,County,First Order Division
Jowzjan,Province,First Order Division
Jrada,Province,First Order Division
Jubbada Dhexe,Region,First Order Division
Jubbada Hoose,Region,First Order Division
Jujuy,Province,First Order Division
Junin,Department,First Order Division
Jura,Canton,First Order Division
Jura,Metropolitan Department,First Order Division
Jurmala,City,First Order Division
Jursinci,Undesignated,First Order Division
Jutiapa,Department,First Order Division
Juznobanatski,District,First Order Division
Juznobanatski,District,First Order Division
Kaabong,District,First Order Division
Kaafu,Administrative Atoll,First Order Division
Kabale,District,First Order Division
Kabardino-Balkarskaya,Republic,First Order Division
Kabarole,District,First Order Division
Kaberamaido,District,First Order Division
Kabul,Province,First Order Division
Kachin,State,First Order Division
Kadiogo,Province,First Order Division
Kaduna,State,First Order Division
Kaffrine,Region,First Order Division
Kafr ash Shaykh,Governorate,First Order Division
Kagawa,Perfecture,First Order Division
Kagera,Region,First Order Division
Kagosima,Perfecture,First Order Division
Kahramanmaras,Province,First Order Division
Kainuu,Region,First Order Division
Kairouan,Governorate,First Order Division
Kakheti,Region,First Order Division
Kalangala,District,First Order Division
Kalasin,Province,First Order Division
Kalbacar,District,First Order Division
Kalimantan,Geographic Units,First Order Division
Kalimantan Barat,Province,First Order Division
Kalimantan Selatan,Province,First Order Division
Kalimantan Tengah,Province,First Order Division
Kalimantan Timur,Province,First Order Division
Kalinga,Province,First Order Division
Kaliningradskaya,Administrative Region,First Order Division
Kaliro,District,First Order Division
Kalkara,Council,First Order Division
Kalmar,County,First Order Division
Kalmykiya,Republic,First Order Division
Kalutara,District,First Order Division
Kaluzhskaya,Administrative Region,First Order Division
Kamchatskaya,Administrative Territory,First Order Division
Kamnik,Undesignated,First Order Division
Kampala,District,First Order Division
Kamphaeng Phet,Province,First Order Division
Kampong Chaam,Province,First Order Division
Kampong Chhnang,Province,First Order Division
Kampong Spueu,Province,First Order Division
Kampong Thum,Province,First Order Division
Kampot,Province,First Order Division
Kamuli,District,First Order Division
Kamwenge,District,First Order Division
Kanagawa,Perfecture,First Order Division
Kanal,Undesignated,First Order Division
Kanchanaburi,Province,First Order Division
Kandaal,Province,First Order Division
Kandahar,Province,First Order Division
Kandava,District,First Order Division
Kangarli,District,First Order Division
Kangwon-do,Province,First Order Division
Kanim,Region,First Order Division
Kankan,Governorates,First Order Division
Kankan,Perfecture,First Order Division
Kano,State,First Order Division
Kansas,State,First Order Division
Kanta-Hame,Region,First Order Division
Kanungu,District,First Order Division
Kaoh Kong,Province,First Order Division
Kaohsiung,District,First Order Division
Kaohsiung Special Municipality,Special Municipality,First Order Division
Kaolack,Region,First Order Division
Kapchorwa,District,First Order Division
Kapisa,Province,First Order Division
Kaposvar,City Of County Right,First Order Division
Kara,Region,First Order Division
Karabuk,Province,First Order Division
Karachayevo-Cherkesskaya,Republic,First Order Division
Karaman,Province,First Order Division
Karas,Region,First Order Division
Karbala',Province,First Order Division
Karbinci,Municipality,First Order Division
Karditsa,Department,First Order Division
Kardzhali,Region,First Order Division
Kareliya,Republic,First Order Division
Karlovacka zupanija,County,First Order Division
Karlovarsky,Region,First Order Division
Karlovy Vary,District,First Order Division
Karnali,Zone,First Order Division
Karnataka,State,First Order Division
Karnten,State,First Order Division
Karonga,District,First Order Division
Karpos,Municipality,First Order Division
Kars,Province,First Order Division
Karsava,District,First Order Division
Karuzi,Province,First Order Division
Karvina,District,First Order Division
Kasai-Occidental,Province,First Order Division
Kasai-Oriental,Province,First Order Division
Kasese,District,First Order Division
Kaskazini Pemba,Region,First Order Division
Kaskazini Unguja,Region,First Order Division
Kassala,State,First Order Division
Kasserine,Governorate,First Order Division
Kastamonu,Province,First Order Division
Kastoria,Department,First Order Division
Kasungu,District,First Order Division
Katakwi,District,First Order Division
Katanga,Province,First Order Division
Katsina,State,First Order Division
Kauno Apskritis,County,First Order Division
Kavadarci,Municipality,First Order Division
Kavaje,District,First Order Division
Kavala,Department,First Order Division
Kayah,State,First Order Division
Kayangel,State,First Order Division
Kayanza,Province,First Order Division
Kayes,Region,First Order Division
Kayin,State,First Order Division
Kayseri,Province,First Order Division
Kayunga,District,First Order Division
Kebbi,State,First Order Division
Kebili,Governorate,First Order Division
Kecskemet,City Of County Right,First Order Division
Kedah,State,First Order Division
Kedougou,Region,First Order Division
Keelung Municipality,Municipality,First Order Division
Kefallonia,Department,First Order Division
Kegalla,District,First Order Division
Kegums,District,First Order Division
Kekava,District,First Order Division
Kelaat es Sraghna,Province,First Order Division
Kelantan,State,First Order Division
Kemerovskaya,Administrative Region,First Order Division
Kemo-Gribingui,Prefecture,First Order Division
Kenedougou,Province,First Order Division
Kenitra,Province,First Order Division
Kensington and Chelsea,Borough,First Order Division
Kent,Two-Tier County,First Order Division
Kentriki Makedonia,Administrative Regions,First Order Division
Kentucky,State,First Order Division
Kepulauan Riau,Province,First Order Division
Kerala,State,First Order Division
Kercem,Council,First Order Division
Kerguelen,District,First Order Division
Kerkyra,Department,First Order Division
Kerman,Province,First Order Division
Kermanshah,Province,First Order Division
Kerouane,Perfecture,First Order Division
Kerry,County,First Order Division
Keryneia,District,First Order Division
Keski-Pohjanmaa,Region,First Order Division
Keski-Suomi,Region,First Order Division
Kgalagadi,District,First Order Division
Kgatleng,District,First Order Division
Khabarovskiy,Administrative Territory,First Order Division
Khagrachari,District,First Order Division
Khakasiya,Republic,First Order Division
Khammouan,Province,First Order Division
Khan Yunis Khan Yunis,Governorates,First Order Division
Khanh Hoa,Province,First Order Division
Khanty-Mansiyskiy avtonomnyy,Autonomous District,First Order Division
Kharkivs'ka,Region,First Order Division
Khatlon,Region,First Order Division
Khemisset,Province,First Order Division
Khenchela,Province,First Order Division
Khenifra,Province,First Order Division
Khersons'ka,Region,First Order Division
Khmel'nyts'ka,Region,First Order Division
Khomas,Region,First Order Division
Khon Kaen,Province,First Order Division
Khorasan,Undesignated,First Order Division
Khorasan-e Janubi,Province,First Order Division
Khorasan-e Razavi,Province,First Order Division
Khorasan-e Shemali,Province,First Order Division
Khost,Province,First Order Division
Khouribga,Province,First Order Division
Khulna,District,First Order Division
Khulna,Division,First Order Division
Khuzestan,Province,First Order Division
Khyber Pakhtunkhwa,Province,First Order Division
Kibaale,District,First Order Division
Kiboga,District,First Order Division
Kicevo,Municipality,First Order Division
Kidal,Region,First Order Division
Kidricevo,Undesignated,First Order Division
Kie-Ntem,Province,First Order Division
Kien Giang,Province,First Order Division
Kigoma,Region,First Order Division
Kildare,County,First Order Division
Kili,Municipality,First Order Division
Kilimanjaro,Region,First Order Division
Kilinochchi,District,First Order Division
Kilis,Province,First Order Division
Kilkenny,County,First Order Division
Kilkis,Department,First Order Division
Kindia,Perfecture,First Order Division
Kindia,Governorates,First Order Division
Kingman Reef,Territory,First Order Division
Kingston,Parish,First Order Division
"Kingston upon Hull,  City of",Unitary Authority,First Order Division
Kingston upon Thames,Borough,First Order Division
Kinshasa,City,First Order Division
Kirikkale,Province,First Order Division
Kirklareli,Province,First Order Division
Kirklees,Metropolitan District,First Order Division
Kirkop,Council,First Order Division
Kirovohrads'ka,Region,First Order Division
Kirovskaya,Administrative Region,First Order Division
Kirsehir,Province,First Order Division
Kiruhura,District,First Order Division
Kirundo,Province,First Order Division
Kisela Voda,Municipality,First Order Division
Kishoreganj,District,First Order Division
Kisoro,District,First Order Division
Kissidougou,Perfecture,First Order Division
Kitgum,District,First Order Division
Kjustendil,Region,First Order Division
Kladno,District,First Order Division
Klaipedos Apskritis,County,First Order Division
Klatovy,District,First Order Division
Knowsley,Metropolitan District,First Order Division
Kobarid,Undesignated,First Order Division
Kobilje,Undesignated,First Order Division
Koboko,District,First Order Division
Kocaeli,Province,First Order Division
Kocani,Municipality,First Order Division
Kocenu novads,District,First Order Division
Kocevje,Undesignated,First Order Division
Kogi,State,First Order Division
Kohkiluyeh va Buyer Ahmad,Province,First Order Division
Koknese,District,First Order Division
Kolamba,District,First Order Division
Kolasin,Commune,First Order Division
Kolda,Region,First Order Division
Kolin,District,First Order Division
Kolonje,District,First Order Division
Kolubarski,District,First Order Division
Komarom-Esztergom,County,First Order Division
Komen,Undesignated,First Order Division
Komenda,Undesignated,First Order Division
Komi,Republic,First Order Division
Komi-Permyak,Undesignated,First Order Division
Kommune Kujalleq,Municipality,First Order Division
Kommuneqarfik Sermersooq,Municipality,First Order Division
Komondjari,Province,First Order Division
Kompienga,Province,First Order Division
Kon Tum,Province,First Order Division
Konce,Municipality,First Order Division
Konya,Province,First Order Division
Koper/Capodistria,Undesignated,First Order Division
Koprivnicko-krizevacka zupanija,County,First Order Division
Korce,County,First Order Division
Korce,District,First Order Division
Kordestan,Province,First Order Division
Korinthia,Department,First Order Division
Koror,State,First Order Division
Kosanjevica na Krki,Commune,First Order Division
Kosi,Zone,First Order Division
Kosicky,Region,First Order Division
Kosovski,District,First Order Division
Kosovsko-Mitrovacki,District,First Order Division
Kosovsko-Pomoravski,District,First Order Division
Kosrae,State,First Order Division
Kossi,Province,First Order Division
Kostel,Undesignated,First Order Division
Kostromskaya,Administrative Region,First Order Division
Kotayk',Province,First Order Division
Koti,Perfecture,First Order Division
Kotido,District,First Order Division
Kotor,Commune,First Order Division
Koubia,Perfecture,First Order Division
Kouffo,Department,First Order Division
Kouilou,Department,First Order Division
Koulikoro,Region,First Order Division
Koulpelogo,Province,First Order Division
Koundara,Perfecture,First Order Division
Kouritenga,Province,First Order Division
Kouroussa,Perfecture,First Order Division
Kourweogo,Province,First Order Division
Kozani,Department,First Order Division
Kozje,Undesignated,First Order Division
Krabi,Province,First Order Division
Kracheh,Province,First Order Division
Kralovehradecky,Region,First Order Division
Kranj,Undesignated,First Order Division
Kranjska Gora,Undesignated,First Order Division
Krapinsko-zagorska zupanija,County,First Order Division
Kraslava,District,First Order Division
Krasnodarskiy,Administrative Territory,First Order Division
Krasnoyarskiy,Administrative Territory,First Order Division
Kratovo,Municipality,First Order Division
Krimulda,District,First Order Division
Kriti,Administrative Regions,First Order Division
Kriva Palanka,Municipality,First Order Division
Krivogastani,Municipality,First Order Division
Krizevci,Undesignated,First Order Division
Kromeriz,District,First Order Division
Krong Kaeb,Autonomous Municipality,First Order Division
Krong Pailin,Autonomous Municipality,First Order Division
Krong Preah Sihanouk,Autonomous Municipality,First Order Division
Kronobergs,County,First Order Division
Krsko,Undesignated,First Order Division
Kruje,District,First Order Division
Krung Thep Maha Nakhon,Metropolitan Administration,First Order Division
Krusevo,Municipality,First Order Division
Krustpils,District,First Order Division
Kucove,District,First Order Division
Kujawsko-pomorskie,Voivodship,First Order Division
Kukes,County,First Order Division
Kukes,District,First Order Division
Kuldiga,District,First Order Division
Kumamoto,Perfecture,First Order Division
Kumanovo,Municipality,First Order Division
Kumi,District,First Order Division
Kuna Yala,Indigenous Region,First Order Division
Kunar,Province,First Order Division
Kunduz,Province,First Order Division
Kunene,Region,First Order Division
Kungota,Undesignated,First Order Division
Kurbin,District,First Order Division
Kurdamir,District,First Order Division
Kurganskaya,Administrative Region,First Order Division
Kurigram,District,First Order Division
Kurskaya,Administrative Region,First Order Division
Kurunægala,District,First Order Division
Kushtia,District,First Order Division
Kusini Pemba,Region,First Order Division
Kusini Unguja,Region,First Order Division
Kutahya,Province,First Order Division
Kutna Hora,District,First Order Division
Kuzma,Undesignated,First Order Division
Kvemo Kartli,Region,First Order Division
Kwajalein,Municipality,First Order Division
Kwara,State,First Order Division
Kwazulu-Natal,Province,First Order Division
Kweneng,District,First Order Division
Kyenjojo,District,First Order Division
Kyiv,Region,First Order Division
Kyivs'ka,Region,First Order Division
Kyklades,Department,First Order Division
Kymenlaakso,Region,First Order Division
Kyoto,Urban Perfecture,First Order Division
L'Aquila,Province,First Order Division
L'Oriental,Rerion,First Order Division
L'vivs'ka,Region,First Order Division
La Altagracia,Province,First Order Division
La Colle,Quarter,First Order Division
La Condamine,Quarter,First Order Division
La Digue,District,First Order Division
La Estrelleta,Province,First Order Division
La Gare,Quarter,First Order Division
La Guajira,Department,First Order Division
La Habana,Province,First Order Division
La Libertad,Department,First Order Division
La Libertad,Department,First Order Division
La Manouba,Governorate,First Order Division
La Massana,Parish,First Order Division
La Pampa,Province,First Order Division
La Paz,Department,First Order Division
La Paz,Department,First Order Division
La Paz,Department,First Order Division
La Reunion,Overseas Regions,First Order Division
La Rioja,Province,First Order Division
La Rioja,Province,First Order Division
La Romana,Province,First Order Division
La Source,Quarter,First Order Division
La Spezia,Province,First Order Division
La Union,Department,First Order Division
La Union,Province,First Order Division
La Vega,Province,First Order Division
Laamu,Administrative Atoll,First Order Division
Laane-Virumaa,County,First Order Division
Laanemaa,County,First Order Division
Laayoune,Province,First Order Division
Laayoune,Province,First Order Division
Laayoune-Boujdour-Sakia El Hamra,Region,First Order Division
Labe,Perfecture,First Order Division
Labe,Governorates,First Order Division
Laborie,District,First Order Division
Lacin,District,First Order Division
Lacs,Region,First Order Division
Lae,Municipality,First Order Division
Laghman,Province,First Order Division
Laghouat,Province,First Order Division
Lagos,State,First Order Division
Laguna,Province,First Order Division
Lagunes,Region,First Order Division
Lahij,Governorate,First Order Division
Lai Chau,Province,First Order Division
Lakes,States,First Order Division
Lakonia,Department,First Order Division
Lakshadweep,Union Territory,First Order Division
Lakshmipur,District,First Order Division
Lalmonirhat,District,First Order Division
Lam Dong,Province,First Order Division
Lambayeque,Department,First Order Division
Lambeth,Borough,First Order Division
Lampang,Province,First Order Division
Lamphun,Province,First Order Division
Lampung,Province,First Order Division
Lanao del Norte,Province,First Order Division
Lanao del Sur,Province,First Order Division
Lancashire,Two-Tier County,First Order Division
Landes,Metropolitan Department,First Order Division
Lang Son,Province,First Order Division
Languedoc-Roussillon,Metropolitan Regions,First Order Division
Lankaran,District,First Order Division
Lankaran,Municipality,First Order Division
Lao Cai,Province,First Order Division
Laois,County,First Order Division
Lappi,Region,First Order Division
Lara,State,First Order Division
Larache,Province,First Order Division
Larisa,Department,First Order Division
Larnaka,District,First Order Division
Larne,District Council Area (Northern Ireland),First Order Division
Larvotto,Quarter,First Order Division
Las Palmas,Province,First Order Division
Las Tunas,Province,First Order Division
Lasithi,Department,First Order Division
Lasko,Undesignated,First Order Division
Latina,Province,First Order Division
Lautem,District,First Order Division
Lavalleja,Department,First Order Division
Lazio,Region,First Order Division
Le Kef,Governorate,First Order Division
Lebap,Region,First Order Division
Lecce,Province,First Order Division
Lecco,Province,First Order Division
Leeds,Metropolitan District,First Order Division
Lefkada,Department,First Order Division
Lefkosia,District,First Order Division
Leicester,Unitary Authority,First Order Division
Leicestershire,Two-Tier County,First Order Division
Leinster,Province,First Order Division
Leiria,District,First Order Division
Leitrim,County,First Order Division
Lekoumou,Department,First Order Division
Lelouma,Perfecture,First Order Division
Lemesos,District,First Order Division
Lempira,Department,First Order Division
Lenart,Undesignated,First Order Division
Lendava/Lendva,Undesignated,First Order Division
Leningradskaya,Administrative Region,First Order Division
Leon,Department,First Order Division
Leon,Province,First Order Division
Leova,District,First Order Division
Leraba,Province,First Order Division
Leribe,District,First Order Division
Lerik,District,First Order Division
Les Mamelles,District,First Order Division
Leste,Province,First Order Division
Lesvos,Department,First Order Division
Lewisham,Borough,First Order Division
Leyte,Province,First Order Division
Lezhe,District,First Order Division
Lezhe,County,First Order Division
Lhaviyani,Administrative Atoll,First Order Division
Lhuentse,District,First Order Division
Liaoning,Province,First Order Division
Lib,Municipality,First Order Division
Liberec,District,First Order Division
Liberecky,Region,First Order Division
Libertador General Bernardo O'Higgins,Region,First Order Division
Librazhd,District,First Order Division
Licko-senjska zupanija,County,First Order Division
Liege,Province,First Order Division
Lielvarde,District,First Order Division
Liepaja,City,First Order Division
Ligatne,District,First Order Division
Liguria,Region,First Order Division
Lija,Council,First Order Division
Likiep,Municipality,First Order Division
Likoma,District,First Order Division
Likouala,Department,First Order Division
Lilongwe,District,First Order Division
Lima,Department,First Order Division
Limavady,District Council Area (Northern Ireland),First Order Division
Limbazi,District,First Order Division
Limburg,Province,First Order Division
Limburg,Province,First Order Division
Limerick,County,First Order Division
Limon,Province,First Order Division
Limousin,Metropolitan Regions,First Order Division
Limpopo,Province,First Order Division
Lincolnshire,Two-Tier County,First Order Division
Lindi,Region,First Order Division
Line Islands,Island Group,First Order Division
Lipetskaya,Administrative Region,First Order Division
Lipkovo,Municipality,First Order Division
Liquica,District,First Order Division
Lira,District,First Order Division
Lisboa,District,First Order Division
Lisburn,District Council Area (Northern Ireland),First Order Division
Litija,Undesignated,First Order Division
Litomerice,District,First Order Division
Litoral,Province,First Order Division
Little Cayman,District,First Order Division
Littoral,Department,First Order Division
Littoral,Region,First Order Division
Livani,District,First Order Division
Liverpool,Metropolitan District,First Order Division
Livorno,Province,First Order Division
Ljubljana,Undesignated,First Order Division
Ljubno,Undesignated,First Order Division
Ljutomer,Undesignated,First Order Division
Lleida,Province,First Order Division
Lobaye,Prefecture,First Order Division
Lodi,Province,First Order Division
Lodzkie,Voivodship,First Order Division
Loei,Province,First Order Division
Lofa,County,First Order Division
Log-Dragomer,Commune,First Order Division
Logar,Province,First Order Division
Logatec,Undesignated,First Order Division
Loir-et-Cher,Metropolitan Department,First Order Division
Loire,Metropolitan Department,First Order Division
Loire-Atlantique,Metropolitan Department,First Order Division
Loiret,Metropolitan Department,First Order Division
Loja,Province,First Order Division
Lola,Perfecture,First Order Division
Lombardia,Region,First Order Division
"London,  City of",City Corporation,First Order Division
Long An,Province,First Order Division
Long Island,District,First Order Division
Longford,County,First Order Division
Lop Buri,Province,First Order Division
Lorestan,Province,First Order Division
Loreto,Department,First Order Division
Lori,Province,First Order Division
Loroum,Province,First Order Division
Lorraine,Metropolitan Regions,First Order Division
Los Lagos,Region,First Order Division
Los Rios,Region,First Order Division
Los Rios,Province,First Order Division
Los Santos,Province,First Order Division
Loska dolina,Undesignated,First Order Division
Loski Potok,Undesignated,First Order Division
Lot,Metropolitan Department,First Order Division
Lot-et-Garonne,Metropolitan Department,First Order Division
Louang Namtha,Province,First Order Division
Louangphabang,Province,First Order Division
Loubnane ech Chemali,Province,First Order Division
Loubnane ej Jnoubi,Province,First Order Division
Louga,Region,First Order Division
Louisiana,State,First Order Division
Louny,District,First Order Division
Louth,County,First Order Division
Lovech,Region,First Order Division
Lovrenc na Pohorju,Undesignated,First Order Division
Lower River,Division,First Order Division
Lozere,Metropolitan Department,First Order Division
Lozovo,Municipality,First Order Division
Luanda,Province,First Order Division
Luapula,Province,First Order Division
Lubana,District,First Order Division
Lubelskie,Voivodship,First Order Division
Lubombo,District,First Order Division
Lubuskie,Voivodship,First Order Division
Lucca,Province,First Order Division
Luce,Undesignated,First Order Division
Ludza,District,First Order Division
Lugo,Province,First Order Division
Luhans'ka,Region,First Order Division
Lukovica,Undesignated,First Order Division
Lumbini,Zone,First Order Division
Lunda Norte,Province,First Order Division
Lunda Sul,Province,First Order Division
Luqa,Council,First Order Division
Luqun al Gharbi,Region,First Order Division
Luqun ash Sharqi,Region,First Order Division
Lusaka,Province,First Order Division
Lushnje,District,First Order Division
Luton,Unitary Authority,First Order Division
Luwero,District,First Order Division
Luxembourg,Province,First Order Division
Luxembourg,District,First Order Division
Luzern,Canton,First Order Division
Lyantonde,District,First Order Division
Ma'an,Province,First Order Division
Ma'ikel,Region,First Order Division
Ma'rib,Governorate,First Order Division
Macau,Undesignated,First Order Division
MacCarthy Island,Division,First Order Division
Macenta,Perfecture,First Order Division
Macerata,Province,First Order Division
Machinga,District,First Order Division
Macvanski,District,First Order Division
Madaba,Province,First Order Division
Madakalapuva,District,First Order Division
Madang,Province,First Order Division
Madaripur,District,First Order Division
Madhya Pashchimanchal,Development Regions,First Order Division
Madhya Pradesh,State,First Order Division
Madhyama,Province,First Order Division
Madhyamanchal,Development Regions,First Order Division
Madinah,Region,First Order Division
Madinat ash Shamal,Municipality,First Order Division
Madinat Injamina,Region,First Order Division
Madona,District,First Order Division
Madre de Dios,Department,First Order Division
Madrid,Province,First Order Division
"Madrid,  Comunidad de",Autonomous Community,First Order Division
Madriz,Department,First Order Division
Mae Hong Son,Province,First Order Division
Mafeteng,District,First Order Division
Magadanskaya,Administrative Region,First Order Division
Magallanes,Region,First Order Division
Magdalena,Department,First Order Division
Magherafelt,District Council Area (Northern Ireland),First Order Division
Magnisia,Department,First Order Division
Maguindanao,Province,First Order Division
Magura,District,First Order Division
Magway,Division,First Order Division
Maha Sarakham,Province,First Order Division
Mahaica-Berbice,Region,First Order Division
Mahajanga,Province,First Order Division
Mahakali,Zone,First Order Division
Mahanuvara,District,First Order Division
Maharashtra,State,First Order Division
Mahdia,Governorate,First Order Division
Mahilyowskaya voblasts,Region,First Order Division
Maine,State,First Order Division
Maine-et-Loire,Metropolitan Department,First Order Division
Maio,Municipality,First Order Division
Majsperk,Undesignated,First Order Division
Majuro,Municipality,First Order Division
Makamba,Province,First Order Division
Makedonska Kamenica,Municipality,First Order Division
Makedonski Brod,Municipality,First Order Division
Makira,Province,First Order Division
Makkah,Region,First Order Division
Makole,Commune,First Order Division
Malaga,Province,First Order Division
Malaita,Province,First Order Division
Malampa,Province,First Order Division
Malange,Province,First Order Division
Malatya,Province,First Order Division
Malbousquet,Quarter,First Order Division
Maldonado,Department,First Order Division
Male,Capital,First Order Division
Malesi e Madhe,District,First Order Division
Mali,Perfecture,First Order Division
Mallakaster,District,First Order Division
Maloelap,Municipality,First Order Division
Malopolskie,Voivodship,First Order Division
Malpils,District,First Order Division
Maluku,Province,First Order Division
Maluku,Geographic Units,First Order Division
Maluku Utara,Province,First Order Division
Mamou,Perfecture,First Order Division
Mamou,Governorates,First Order Division
Manabi,Province,First Order Division
Manafwa,District,First Order Division
Managua,Department,First Order Division
Manatuto,District,First Order Division
Manawatu-Wanganui,Regional Council,First Order Division
Manche,Metropolitan Department,First Order Division
Manchester,Parish,First Order Division
Manchester,Metropolitan District,First Order Division
Mandalay,Division,First Order Division
Mandiana,Perfecture,First Order Division
Mandul,Region,First Order Division
Mangghystau oblysy,Region,First Order Division
Mangochi,District,First Order Division
Mangrove Cay,District,First Order Division
Manica,Province,First Order Division
Manicaland,Province,First Order Division
Maniema,Province,First Order Division
Manikganj,District,First Order Division
Manipur,State,First Order Division
Manisa,Province,First Order Division
Manitoba,Province,First Order Division
Mannarama,District,First Order Division
Mantova,Province,First Order Division
Manufahi,District,First Order Division
Manus,Province,First Order Division
Manyara,Region,First Order Division
Manzini,District,First Order Division
Maputo,Province,First Order Division
Maputo City,City,First Order Division
Mara,Region,First Order Division
Maracha,District,First Order Division
Maradi,Region,First Order Division
Marahoue,Region,First Order Division
Maramures,County,First Order Division
Maranhao,State,First Order Division
Marche,Region,First Order Division
Mardin,Province,First Order Division
Margibi,County,First Order Division
Maria Trinidad Sanchez,Province,First Order Division
Maribor,Undesignated,First Order Division
Marijampoles Apskritis,County,First Order Division
Marinduque,Province,First Order Division
Maritime,Region,First Order Division
Mariy El,Republic,First Order Division
Markazi,Province,First Order Division
Markovci,Undesignated,First Order Division
Marlborough District,Unitary Authority,First Order Division
Marne,Metropolitan Department,First Order Division
Marowijne,District,First Order Division
Marrakech-Medina,Prefecture,First Order Division
Marrakech-Menara,Prefecture,First Order Division
Marrakech-Tensift-Al Haouz,Region,First Order Division
Marsa,Council,First Order Division
Marsaskala,Council,First Order Division
Marsaxlokk,Council,First Order Division
Martinique,Overseas Regions,First Order Division
Marupe,District,First Order Division
Mary,Region,First Order Division
Maryland,State,First Order Division
Maryland,County,First Order Division
Masaka,District,First Order Division
Masalli,District,First Order Division
Masaya,Department,First Order Division
Masbate,Province,First Order Division
Mascara,Province,First Order Division
Maseru,District,First Order Division
Mashonaland Central,Province,First Order Division
Mashonaland East,Province,First Order Division
Mashonaland West,Province,First Order Division
Masindi,District,First Order Division
Masqat,Governorate,First Order Division
Massa-Carrara,Province,First Order Division
Massachusetts,State,First Order Division
Masvingo,Province,First Order Division
Mat,District,First Order Division
Matabeleland North,Province,First Order Division
Matabeleland South,Province,First Order Division
Matagalpa,Department,First Order Division
Matale,District,First Order Division
Matam,Region,First Order Division
Matanzas,Province,First Order Division
Matara,District,First Order Division
Matera,Province,First Order Division
Mato Grosso,State,First Order Division
Mato Grosso do Sul,State,First Order Division
Matruh,Governorate,First Order Division
Mattiya makanam,Province,First Order Division
Maule,Region,First Order Division
Mauren,Commune,First Order Division
Mavrovo i Rostusa,Municipality,First Order Division
Mayaguana,District,First Order Division
Mayenne,Metropolitan Department,First Order Division
Mayo,County,First Order Division
Mayotte,Territorial Collectivity,First Order Division
Maysan,Province,First Order Division
Mayu Kibbi al Gharbi,Region,First Order Division
Mayu Kibbi ash Sharqi,Region,First Order Division
Mayuge,District,First Order Division
Mazandaran,Province,First Order Division
Mazowieckie,Voivodship,First Order Division
Mazsalaca,District,First Order Division
Mbale,District,First Order Division
Mbarara,District,First Order Division
Mbeya,Region,First Order Division
Mbomou,Prefecture,First Order Division
Mchinji,District,First Order Division
Mdina,Council,First Order Division
Meath,County,First Order Division
Mechi,Zone,First Order Division
Mecklenburg-Vorpommern,State,First Order Division
Medea,Province,First Order Division
Medenine,Governorate,First Order Division
Medimurska zupanija,County,First Order Division
Medio Campidano,Province,First Order Division
Mediouna,Province,First Order Division
Medvode,Undesignated,First Order Division
Medway,Unitary Authority,First Order Division
Meemu,Administrative Atoll,First Order Division
Meghalaya,State,First Order Division
Mehedinti,County,First Order Division
Meherpur,District,First Order Division
Mejit,Municipality,First Order Division
Meknes,Prefecture,First Order Division
Meknes-Tafilalet,Region,First Order Division
Melaka,State,First Order Division
Melekeok,State,First Order Division
Melilla,Autonomous City,First Order Division
Mellieha,Council,First Order Division
Melnik,District,First Order Division
Mendoza,Province,First Order Division
Meneng,District,First Order Division
Menges,Undesignated,First Order Division
Merida,State,First Order Division
Mersin,Province,First Order Division
Mersraga novads,District,First Order Division
Merthyr Tydfil,Unitary Authority (Wales),First Order Division
Merton,Borough,First Order Division
Messina,Province,First Order Division
Messinia,Department,First Order Division
Meta,Department,First Order Division
Metlika,Undesignated,First Order Division
Meurthe-et-Moselle,Metropolitan Department,First Order Division
Meuse,Metropolitan Department,First Order Division
Mexico,State,First Order Division
Mezica,Undesignated,First Order Division
Mgarr,Council,First Order Division
Miaoli,District,First Order Division
Michigan,State,First Order Division
Michoacan,State,First Order Division
Micoud,District,First Order Division
Middlesbrough,Unitary Authority,First Order Division
Midi-Pyrenees,Metropolitan Regions,First Order Division
Midlands,Province,First Order Division
Midlothian,Council Area (Scotland),First Order Division
Midway Islands,Territory,First Order Division
Mie,Perfecture,First Order Division
Miklavz na Dravskem polju,Undesignated,First Order Division
Mila,Province,First Order Division
Milano,Province,First Order Division
Mili,Municipality,First Order Division
Milne Bay,Province,First Order Division
Milton Keynes,Unitary Authority,First Order Division
MIMAROPA,Region,First Order Division
Minas Gerais,State,First Order Division
Mindoro Occidental,Province,First Order Division
Mindoro Oriental,Province,First Order Division
Mingacevir,Municipality,First Order Division
Minnesota,State,First Order Division
Minskaya voblasts,Region,First Order Division
Miranda,State,First Order Division
Mirdite,District,First Order Division
Miren-Kostanjevica,Undesignated,First Order Division
Mirna Pec,Undesignated,First Order Division
Misamis Occidental,Province,First Order Division
Misamis Oriental,Province,First Order Division
Misiones,Department,First Order Division
Misiones,Province,First Order Division
Miskolc,City Of County Right,First Order Division
Mislinja,Undesignated,First Order Division
Misratah,Popularate,First Order Division
Mississippi,State,First Order Division
Missouri,State,First Order Division
Mityana,District,First Order Division
Miyagi,Perfecture,First Order Division
Miyazaki,Perfecture,First Order Division
Mizoram,State,First Order Division
Mjini Magharibi,Region,First Order Division
Mlada Boleslav,District,First Order Division
Modena,Province,First Order Division
Mogila,Municipality,First Order Division
Mohale's Hoek,District,First Order Division
Mohammadia,Prefecture,First Order Division
Mojkovac,Commune,First Order Division
Moka,District,First Order Division
Mokhotlong,District,First Order Division
Mokronog-Trebelno,Commune,First Order Division
Molise,Region,First Order Division
Mon,State,First Order Division
Monaco-Ville,Quarter,First Order Division
Monagas,State,First Order Division
Monaghan,County,First Order Division
Monaragala,District,First Order Division
Monastir,Governorate,First Order Division
Mondol Kiri,Province,First Order Division
Moneghetti,Quarter,First Order Division
Monggar,District,First Order Division
Monmouthshire,Unitary Authority (Wales),First Order Division
Mono,Department,First Order Division
Monsenor Nouel,Province,First Order Division
Mont Buxton,District,First Order Division
Mont Fleuri,District,First Order Division
Montana,Region,First Order Division
Montana,State,First Order Division
Monte Cristi,Province,First Order Division
Monte Plata,Province,First Order Division
Monte-Carlo,Quarter,First Order Division
Montegiardino,Municipality,First Order Division
Montevideo,Department,First Order Division
Montserrado,County,First Order Division
Monza e Brianza,Province,First Order Division
Moore's Island,District,First Order Division
Mopti,Region,First Order Division
Moquegua,Department,First Order Division
Moravce,Undesignated,First Order Division
Moravicki,District,First Order Division
Moravske Toplice,Undesignated,First Order Division
Moravskoslezsky,Region,First Order Division
Moray,Council Area (Scotland),First Order Division
Morazan,Department,First Order Division
Morbihan,Metropolitan Department,First Order Division
Mordoviya,Republic,First Order Division
More og Romsdal,County,First Order Division
Morelos,State,First Order Division
Morobe,Province,First Order Division
Morogoro,Region,First Order Division
Morona-Santiago,Province,First Order Division
Moroto,District,First Order Division
Moselle,Metropolitan Department,First Order Division
Moskovskaya,Administrative Region,First Order Division
Moskva,Autonomous City,First Order Division
Most,District,First Order Division
Mosta,Council,First Order Division
Mostaganem,Province,First Order Division
Mosteiros,Municipality,First Order Division
Mouhili,Island,First Order Division
Mouhoun,Province,First Order Division
Moulay Yacoub,Undesignated,First Order Division
Moulins,Quarter,First Order Division
Moulvibazar,District,First Order Division
Mountain Province,Province,First Order Division
Moxico,Province,First Order Division
Moyen-Cavally,Region,First Order Division
Moyen-Comoe,Region,First Order Division
Moyen-Ogooue,Province,First Order Division
Moyle,District Council Area (Northern Ireland),First Order Division
Moyo,District,First Order Division
Mozirje,Undesignated,First Order Division
Mpigi,District,First Order Division
Mpumalanga,Province,First Order Division
Mqabba,Council,First Order Division
Msida,Council,First Order Division
Msila,Province,First Order Division
Mtarfa,Council,First Order Division
Mtskheta-Mtianeti,Region,First Order Division
Mtwara,Region,First Order Division
Mubarak al-Kabir,Governorate,First Order Division
Mubende,District,First Order Division
Mudug,Region,First Order Division
Mugla,Province,First Order Division
Mukdahan,Province,First Order Division
Mukono,District,First Order Division
Mulanje,District,First Order Division
Mulativ,District,First Order Division
Municipalidad Metropolitana de Lima,Municipality,First Order Division
Munshiganj,District,First Order Division
Munster,Province,First Order Division
Munxar,Council,First Order Division
Muramvya,Province,First Order Division
Murcia,Province,First Order Division
"Murcia,  Region de",Autonomous Community,First Order Division
Mures,County,First Order Division
Murmanskaya,Administrative Region,First Order Division
Murska Sobota,Undesignated,First Order Division
Murzuq,Popularate,First Order Division
Mus,Province,First Order Division
Musandam,Governorate,First Order Division
Muta,Undesignated,First Order Division
Muyinga,Province,First Order Division
Mwanza,District,First Order Division
Mwanza,Region,First Order Division
Mwaro,Province,First Order Division
Mykolaivs'ka,Region,First Order Division
Mymensingh,District,First Order Division
Mzimba,District,First Order Division
Naama,Province,First Order Division
Nabatiye,Province,First Order Division
Nabeul,Governorate,First Order Division
Nablus Nablus,Governorates,First Order Division
Nachod,District,First Order Division
Nador,Province,First Order Division
Nadur,Council,First Order Division
Naftalan,Municipality,First Order Division
Nagaland,State,First Order Division
Nagano,Perfecture,First Order Division
Nagasaki,Perfecture,First Order Division
Nagykanizsa,City Of County Right,First Order Division
Nahouri,Province,First Order Division
Nairobi,Province,First Order Division
Najran,Region,First Order Division
Nakapiripirit,District,First Order Division
Nakaseke,District,First Order Division
Nakasongola,District,First Order Division
Nakhon Nayok,Province,First Order Division
Nakhon Pathom,Province,First Order Division
Nakhon Phanom,Province,First Order Division
Nakhon Ratchasima,Province,First Order Division
Nakhon Sawan,Province,First Order Division
Nakhon Si Thammarat,Province,First Order Division
Naklo,Undesignated,First Order Division
Nalut,Popularate,First Order Division
Nam Dinh,Province,First Order Division
Namangan,Region,First Order Division
Namdrik,Municipality,First Order Division
Namentenga,Province,First Order Division
Namibe,Province,First Order Division
Nampula,Province,First Order Division
Namu,Municipality,First Order Division
Namur,Province,First Order Division
Namutumba,District,First Order Division
Nan,Province,First Order Division
Nana-Mambere,Prefecture,First Order Division
Nangarhar,Province,First Order Division
Nantou,District,First Order Division
Nanumanga,Island Council,First Order Division
Nanumea,Island Council,First Order Division
Naogaon,District,First Order Division
Napo,Province,First Order Division
Napoli,Province,First Order Division
Nara,Perfecture,First Order Division
Narail,District,First Order Division
Narathiwat,Province,First Order Division
Narayanganj,District,First Order Division
Narayani,Zone,First Order Division
Narino,Department,First Order Division
Narsingdi,District,First Order Division
Naryn,Region,First Order Division
Nason,Special City,First Order Division
Nassarawa,State,First Order Division
National Capital District,District,First Order Division
National Capital Region,Region,First Order Division
Natore,District,First Order Division
Naukseni,District,First Order Division
Navarra,Province,First Order Division
"Navarra,  Comunidad Foral de",Autonomous Community,First Order Division
Navassa Island,Territory,First Order Division
Navoiy,Region,First Order Division
Nawabganj,District,First Order Division
Naxcivan,Autonomous Republic,First Order Division
Naxcivan,Municipality,First Order Division
Naxxar,Council,First Order Division
Nayala,Province,First Order Division
Nayarit,State,First Order Division
Nazarje,Undesignated,First Order Division
Neamt,County,First Order Division
Neath Port Talbot,Unitary Authority (Wales),First Order Division
Nebbi,District,First Order Division
Nebraska,State,First Order Division
Neembucu,Department,First Order Division
Neftcala,District,First Order Division
Negeri Sembilan,State,First Order Division
Negotino,Municipality,First Order Division
Negros Occidental,Province,First Order Division
Negros Oriental,Province,First Order Division
Nei Mongol,Autonomous Region,First Order Division
Nelson City,Unitary Authority,First Order Division
Nenetskiy avtonomnyy,Autonomous District,First Order Division
Neno,District,First Order Division
Nereta,District,First Order Division
Netrakona,District,First Order Division
Neuchatel,Canton,First Order Division
Neuquen,Province,First Order Division
Nevada,State,First Order Division
Nevis,State,First Order Division
Nevsehir,Province,First Order Division
New Brunswick,Province,First Order Division
New Hampshire,State,First Order Division
New Ireland,Province,First Order Division
New Jersey,State,First Order Division
New Mexico,State,First Order Division
New South Wales,State,First Order Division
New York,State,First Order Division
Newcastle upon Tyne,Metropolitan District,First Order Division
Newfoundland and Labrador,Province,First Order Division
Newham,Borough,First Order Division
Newport,Unitary Authority (Wales),First Order Division
Newry and Mourne,District Council Area (Northern Ireland),First Order Division
Newtownabbey,District Council Area (Northern Ireland),First Order Division
Ngaraard,State,First Order Division
Ngarchelong,State,First Order Division
Ngardmau,State,First Order Division
Ngatpang,State,First Order Division
Ngchesar,State,First Order Division
Ngeremlengui,State,First Order Division
Nghe An,Province,First Order Division
Ngiwal,State,First Order Division
Ngobe-Bugle,Indigenous Region,First Order Division
Ngounie,Province,First Order Division
Ngozi,Province,First Order Division
Niamey,Capital District,First Order Division
Niari,Department,First Order Division
Niassa,Province,First Order Division
Nibok,District,First Order Division
Nica,District,First Order Division
Nickerie,District,First Order Division
Nidwalden,Canton,First Order Division
Niederosterreich,State,First Order Division
Niedersachsen,State,First Order Division
Nievre,Metropolitan Department,First Order Division
Nigde,Province,First Order Division
Niger,State,First Order Division
Niigata,Perfecture,First Order Division
Niksic´,Commune,First Order Division
Nilphamari,District,First Order Division
Nimba,County,First Order Division
Nimroz,Province,First Order Division
Ninawa,Province,First Order Division
Ningxia,Autonomous Region,First Order Division
Ninh Binh,Province,First Order Division
Ninh Thuan,Province,First Order Division
Nippes,Department,First Order Division
Nisavski,District,First Order Division
Nisporeni,District,First Order Division
Nitriansky,Region,First Order Division
Niuas,Island Group,First Order Division
Niutao,Island Council,First Order Division
Nizhegorodskaya,Administrative Region,First Order Division
Nkhata Bay,District,First Order Division
Nkhotakota,District,First Order Division
Noakhali,District,First Order Division
Nograd,County,First Order Division
Nong Bua Lam Phu,Province,First Order Division
Nong Khai,Province,First Order Division
Nonthaburi,Province,First Order Division
Noonu,Administrative Atoll,First Order Division
Noord-Brabant,Province,First Order Division
Noord-Holland,Province,First Order Division
Nord,Province,First Order Division
Nord,Metropolitan Department,First Order Division
Nord,Department,First Order Division
Nord,Region,First Order Division
Nord-Est,Department,First Order Division
Nord-Kivu,Province,First Order Division
Nord-Ouest,Department,First Order Division
Nord-Pas-de-Calais,Metropolitan Regions,First Order Division
Nord-Trondelag,County,First Order Division
Nordland,County,First Order Division
Nordrhein-Westfalen,State,First Order Division
Norfolk,Two-Tier County,First Order Division
Norourland eystra,Region,First Order Division
Norourland vestra,Region,First Order Division
Norrbottens,County,First Order Division
Norte,Province,First Order Division
Norte de Santander,Department,First Order Division
North,Region,First Order Division
North,Province,First Order Division
North Abaco,District,First Order Division
North Andros,District,First Order Division
North Ayrshire,Council Area (Scotland),First Order Division
North Bank,Division,First Order Division
North Carolina,State,First Order Division
North Central,Province,First Order Division
North Dakota,State,First Order Division
North Down,District Council Area (Northern Ireland),First Order Division
North East,District,First Order Division
North East Lincolnshire,Unitary Authority,First Order Division
North Eleuthera,District,First Order Division
North Gaza Shamal Ghazzah,Governorates,First Order Division
North Island,Island,First Order Division
North Jutland,Region,First Order Division
North Lanarkshire,Council Area (Scotland),First Order Division
North Lincolnshire,Unitary Authority,First Order Division
North Side,District,First Order Division
North Somerset,Unitary Authority,First Order Division
North Tyneside,Metropolitan District,First Order Division
North West,District,First Order Division
North Yorkshire,Two-Tier County,First Order Division
North-East,District,First Order Division
North-Eastern,Province,First Order Division
North-West,District,First Order Division
North-West,Region,First Order Division
North-West,Province,First Order Division
North-Western,Province,First Order Division
Northamptonshire,Two-Tier County,First Order Division
Northern,Geographic Regions,First Order Division
Northern,Division,First Order Division
Northern,Region,First Order Division
Northern,Province,First Order Division
Northern,Province,First Order Division
Northern,Province,First Order Division
Northern Bahr el-Ghazal,States,First Order Division
Northern Borders,Region,First Order Division
Northern Cape,Province,First Order Division
Northern Ireland,Province,First Order Division
Northern Mariana Islands,Outlying Area,First Order Division
Northern Mindanao,Region,First Order Division
Northern Region,Region,First Order Division
Northern Samar,Province,First Order Division
Northern Territory,Territory,First Order Division
Northland,Regional Council,First Order Division
Northumberland,Unitary Authority,First Order Division
Northwest Territories,Territory,First Order Division
Notio Aigaio,Administrative Regions,First Order Division
Nottingham,Unitary Authority,First Order Division
Nottinghamshire,Two-Tier County,First Order Division
Nouaceur,Province,First Order Division
Nouakchott,District,First Order Division
Noumbiel,Province,First Order Division
Nouvelle-Caledonie,Overseas Territory,First Order Division
Nova Gorica,Undesignated,First Order Division
Nova Scotia,Province,First Order Division
Novaci,Municipality,First Order Division
Novara,Province,First Order Division
Novgorodskaya,Administrative Region,First Order Division
Novo mesto,Undesignated,First Order Division
Novo Selo,Municipality,First Order Division
Novosibirskaya,Administrative Region,First Order Division
Novy Jicin,District,First Order Division
Nsanje,District,First Order Division
Ntcheu,District,First Order Division
Ntchisi,District,First Order Division
Ntungamo,District,First Order Division
Nueva Ecija,Province,First Order Division
Nueva Esparta,State,First Order Division
Nueva Segovia,Department,First Order Division
Nueva Vizcaya,Province,First Order Division
Nuevo Leon,State,First Order Division
Nugaal,Region,First Order Division
Nui,Island Council,First Order Division
Nukufetau,Island Council,First Order Division
Nukulaelae,Island Council,First Order Division
Nunavut,Territory,First Order Division
Nuoro,Province,First Order Division
Nuristan,Province,First Order Division
Nusa Tenggara,Geographic Units,First Order Division
Nusa Tenggara Barat,Province,First Order Division
Nusa Tenggara Timur,Province,First Order Division
Nuvara Eliya,District,First Order Division
Nyanga,Province,First Order Division
Nyanza,Province,First Order Division
Nyiregyhaza,City Of County Right,First Order Division
Nymburk,District,First Order Division
Nzerekore,Perfecture,First Order Division
Nzerekore,Governorates,First Order Division
Nzi-Comoe,Region,First Order Division
Oaxaca,State,First Order Division
Oberosterreich,State,First Order Division
Obock,Region,First Order Division
Obwalden,Canton,First Order Division
Ocnita,District,First Order Division
Ocotepeque,Department,First Order Division
Odes'ka,Region,First Order Division
Odranci,Undesignated,First Order Division
Oecussi,District,First Order Division
Offaly,County,First Order Division
Ogliastra,Province,First Order Division
Ogooue-Ivindo,Province,First Order Division
Ogooue-Lolo,Province,First Order Division
Ogooue-Maritime,Province,First Order Division
Ogre,District,First Order Division
Ogun,State,First Order Division
Oguz,District,First Order Division
Ohangwena,Region,First Order Division
Ohio,State,First Order Division
Ohrid,Municipality,First Order Division
Oio,Region,First Order Division
Oise,Metropolitan Department,First Order Division
Oita,Perfecture,First Order Division
Okavango,Region,First Order Division
Okayama,Perfecture,First Order Division
Okinawa,Perfecture,First Order Division
Oklahoma,State,First Order Division
Olaine,District,First Order Division
Olancho,Department,First Order Division
Olbia-Tempio,Province,First Order Division
Oldham,Metropolitan District,First Order Division
Olomouc,District,First Order Division
Olomoucky,Region,First Order Division
Olt,County,First Order Division
Omagh,District Council Area (Northern Ireland),First Order Division
Omaheke,Region,First Order Division
Ombella-Mpoko,Prefecture,First Order Division
Omnogovi,Province,First Order Division
Omskaya,Administrative Region,First Order Division
Omusati,Region,First Order Division
Ondo,State,First Order Division
Ongtustik Qazaqstan oblysy,Region,First Order Division
Ontario,Province,First Order Division
Oost-Vlaanderen,Province,First Order Division
Opava,District,First Order Division
Oplotnica,Undesignated,First Order Division
Opolskie,Voivodship,First Order Division
Oppland,County,First Order Division
Oran,Province,First Order Division
Orange Walk,District,First Order Division
Ordino,Parish,First Order Division
Ordu,Province,First Order Division
Ordubad,District,First Order Division
Orebro,County,First Order Division
Oregon,State,First Order Division
Orellana,Province,First Order Division
Orenburgskaya,Administrative Region,First Order Division
Orhei,District,First Order Division
Orhon,Municipality,First Order Division
Orientale,Province,First Order Division
Orissa,State,First Order Division
Oristano,Province,First Order Division
Orkney Islands,Council Area (Scotland),First Order Division
Orlovskaya,Administrative Region,First Order Division
Ormoz,Undesignated,First Order Division
Orne,Metropolitan Department,First Order Division
Oromiya,State,First Order Division
Oruro,Department,First Order Division
Osaka,Urban Perfecture,First Order Division
Osh,Region,First Order Division
Oshana,Region,First Order Division
Oshikoto,Region,First Order Division
Osilnica,Undesignated,First Order Division
Osjecko-baranjska zupanija,County,First Order Division
Oslo,County,First Order Division
Oslomej,Municipality,First Order Division
Osmaniye,Province,First Order Division
Ostergotlands,County,First Order Division
Ostfold,County,First Order Division
Ostrava mesto,District,First Order Division
Osun,State,First Order Division
Otago,Regional Council,First Order Division
Otdar Mean Chey,Province,First Order Division
Otjozondjupa,Region,First Order Division
Ouaka,Prefecture,First Order Division
Ouargla,Province,First Order Division
Ouarzazate,Province,First Order Division
Oubritenga,Province,First Order Division
Oudalan,Province,First Order Division
Oudomxai,Province,First Order Division
Oued ed Dahab,Province,First Order Division
Oued ed Dahab-Lagouira,Region,First Order Division
Oued el Dahab,Province,First Order Division
Oueme,Department,First Order Division
Ouest,Province,First Order Division
Ouest,Department,First Order Division
Ouham,Prefecture,First Order Division
Ouham-Pende,Prefecture,First Order Division
Oujda,Prefecture,First Order Division
Oum el Bouaghi,Province,First Order Division
Ourense,Province,First Order Division
Overijssel,Province,First Order Division
Ovorhangay,Province,First Order Division
Oxfordshire,Two-Tier County,First Order Division
Oyam,District,First Order Division
Oyo,State,First Order Division
Ozolnieki,District,First Order Division
Pabna,District,First Order Division
Pader,District,First Order Division
Padova,Province,First Order Division
Pafos,District,First Order Division
Paget,Parish,First Order Division
Pahang,State,First Order Division
Paijat-Hame,Region,First Order Division
Pais Vasco,Autonomous Community,First Order Division
Paktia,Province,First Order Division
Paktika,Province,First Order Division
Palauli,District,First Order Division
Palawan,Province,First Order Division
Palencia,Province,First Order Division
Palermo,Province,First Order Division
Pallisa,District,First Order Division
Palmyra Atoll,Territory,First Order Division
Pampanga,Province,First Order Division
Pamplemousses,District,First Order Division
Panama,Province,First Order Division
Panchagarh,District,First Order Division
Pando,Department,First Order Division
Panevezio Apskritis,County,First Order Division
Pangasinan,Province,First Order Division
Panjshayr,Province,First Order Division
Paola,Council,First Order Division
Papua,Geographic Units,First Order Division
Papua,Province,First Order Division
Papua Barat,Province,First Order Division
Para,District,First Order Division
Para,State,First Order Division
Paraguari,Department,First Order Division
Paraiba,State,First Order Division
Paramaribo,District,First Order Division
Parana,State,First Order Division
Pardubice,District,First Order Division
Pardubicky,Region,First Order Division
Pargauja,District,First Order Division
Paris,Metropolitan Department,First Order Division
Parma,Province,First Order Division
Parnumaa,County,First Order Division
Paro,District,First Order Division
Parwan,Province,First Order Division
Pas-de-Calais,Metropolitan Department,First Order Division
Pasco,Department,First Order Division
Pashchimanchal,Development Regions,First Order Division
Passore,Province,First Order Division
Pastaza,Province,First Order Division
Pathum Thani,Province,First Order Division
Pattani,Province,First Order Division
Patuakhali,District,First Order Division
Paul,Municipality,First Order Division
Pavia,Province,First Order Division
Pavilosta,District,First Order Division
Pavlodar oblysy,Region,First Order Division
Pays-de-la-Loire,Metropolitan Regions,First Order Division
Paysandu,Department,First Order Division
Pazardzhik,Region,First Order Division
Pcinjski,District,First Order Division
Pecki,District,First Order Division
Pecs,City Of County Right,First Order Division
Pedernales,Province,First Order Division
Pehcevo,Municipality,First Order Division
Peleliu,State,First Order Division
Pelhrimov,District,First Order Division
Pella,Department,First Order Division
Peloponnisos,Administrative Regions,First Order Division
Pemagatshel,District,First Order Division
Pembroke,Parish,First Order Division
Pembroke,Council,First Order Division
Pembrokeshire,Unitary Authority (Wales),First Order Division
Penal-Debe,Region,First Order Division
Penama,Province,First Order Division
Penghu,District,First Order Division
Pennsylvania,State,First Order Division
Penzenskaya,Administrative Region,First Order Division
Peqin,District,First Order Division
Perak,State,First Order Division
Peravia,Province,First Order Division
Perlis,State,First Order Division
Perm,Administrative Territory,First Order Division
Permet,District,First Order Division
Pernambuco,State,First Order Division
Pernik,Region,First Order Division
Perth and Kinross,Council Area (Scotland),First Order Division
Perugia,Province,First Order Division
Pesaro e Urbino,Province,First Order Division
Pescara,Province,First Order Division
Pesnica,Undesignated,First Order Division
Pest,County,First Order Division
Peten,Department,First Order Division
Peterborough,Unitary Authority,First Order Division
Petrovec,Municipality,First Order Division
Phalombe,District,First Order Division
Phangnga,Province,First Order Division
Phatthalung,Province,First Order Division
Phatthaya,Special Administrative City,First Order Division
Phayao,Province,First Order Division
Phetchabun,Province,First Order Division
Phetchaburi,Province,First Order Division
Phichit,Province,First Order Division
Phitsanulok,Province,First Order Division
Phnom Penh,Autonomous Municipality,First Order Division
Phoenix Islands,Island Group,First Order Division
Phongsali,Province,First Order Division
Phra Nakhon Si Ayutthaya,Province,First Order Division
Phrae,Province,First Order Division
Phu Tho,Province,First Order Division
Phu Yen,Province,First Order Division
Phuket,Province,First Order Division
Piacenza,Province,First Order Division
Piaui,State,First Order Division
Picardie,Metropolitan Regions,First Order Division
Pichincha,Province,First Order Division
Piemonte,Region,First Order Division
Pieria,Department,First Order Division
Pieta,Council,First Order Division
Pinar del Rio,Province,First Order Division
Pingtung,District,First Order Division
Piran/Pirano,Undesignated,First Order Division
Pirkanmaa,Region,First Order Division
Pirojpur,District,First Order Division
Pirotski,District,First Order Division
Pisa,Province,First Order Division
Pisek,District,First Order Division
Pistoia,Province,First Order Division
Pita,Perfecture,First Order Division
Piura,Department,First Order Division
Pivka,Undesignated,First Order Division
Plaines Wilhems,District,First Order Division
Plaisance,District,First Order Division
Planken,Commune,First Order Division
Plasnica,Municipality,First Order Division
Plateau,Department,First Order Division
Plateau,State,First Order Division
Plateau-Central,Region,First Order Division
Plateaux,Department,First Order Division
Plateaux,Region,First Order Division
Plav,Commune,First Order Division
Plavinas,District,First Order Division
Pleven,Region,First Order Division
Pljevlja,Commune,First Order Division
Plovdiv,Region,First Order Division
Pluzine,Commune,First Order Division
Plymouth,Unitary Authority,First Order Division
Plzen jih,District,First Order Division
Plzen mesto,District,First Order Division
Plzen sever,District,First Order Division
Plzensky,Region,First Order Division
Podcetrtek,Undesignated,First Order Division
Podgorica,Commune,First Order Division
Podkarpackie,Voivodship,First Order Division
Podlaskie,Voivodship,First Order Division
Podlehnik,Undesignated,First Order Division
Podunavski,District,First Order Division
Podvelka,Undesignated,First Order Division
Pogradec,District,First Order Division
Pohjanmaa,Region,First Order Division
Pohjois-Karjala,Region,First Order Division
Pohjois-Pohjanmaa,Region,First Order Division
Pohjois-Savo,Region,First Order Division
Pohnpei,State,First Order Division
Point Fortin,Municipality,First Order Division
Pointe La Rue,District,First Order Division
Poitou-Charentes,Metropolitan Regions,First Order Division
Poljcane,Commune,First Order Division
Polonnaruva,District,First Order Division
Poltavs'ka,Region,First Order Division
Polvamaa,County,First Order Division
Polynesie francaise,Overseas Territory,First Order Division
Polzela,Undesignated,First Order Division
Pomeroon-Supenaam,Region,First Order Division
Pomoravski,District,First Order Division
Pomorskie,Voivodship,First Order Division
Pondicherry,Union Territory,First Order Division
Poni,Province,First Order Division
Pontevedra,Province,First Order Division
Pool,Department,First Order Division
Poole,Unitary Authority,First Order Division
Pordenone,Province,First Order Division
Port Glaud,District,First Order Division
Port Louis City,District,First Order Division
Port Louis District,City,First Order Division
Port of Spain,Municipality,First Order Division
Port-Hercule,Quarter,First Order Division
Portalegre,District,First Order Division
Portland,Parish,First Order Division
Porto,District,First Order Division
Porto Novo,Municipality,First Order Division
Portsmouth,Unitary Authority,First Order Division
Portuguesa,State,First Order Division
Posavski,Canton,First Order Division
Postojna,Undesignated,First Order Division
Potaro-Siparuni,Region,First Order Division
Potenza,Province,First Order Division
Potosi,Department,First Order Division
Pousaat,Province,First Order Division
Powys,Unitary Authority (Wales),First Order Division
Pozesko-slavonska zupanija,County,First Order Division
Prachatice,District,First Order Division
Prachin Buri,Province,First Order Division
Prachuap Khiri Khan,Province,First Order Division
Praha 1,District,First Order Division
Praha 10,District,First Order Division
Praha 11,District,First Order Division
Praha 12,District,First Order Division
Praha 13,District,First Order Division
Praha 14,District,First Order Division
Praha 15,District,First Order Division
Praha 2,District,First Order Division
Praha 3,District,First Order Division
Praha 4,District,First Order Division
Praha 5,District,First Order Division
Praha 6,District,First Order Division
Praha 7,District,First Order Division
Praha 8,District,First Order Division
Praha 9,District,First Order Division
Praha vychod,District,First Order Division
Praha zapad,District,First Order Division
"Praha,  hlavni mesto",Region,First Order Division
Prahova,County,First Order Division
Praia,Municipality,First Order Division
Praslin,Undesignated,First Order Division
Prato,Province,First Order Division
Preah Vihear,Province,First Order Division
Prebold,Undesignated,First Order Division
Preddvor,Undesignated,First Order Division
Preili,District,First Order Division
Prerov,District,First Order Division
Presidente Hayes,Department,First Order Division
Presovsky,Region,First Order Division
Prevalje,Undesignated,First Order Division
Preveza,Department,First Order Division
Prey Veaeng,Province,First Order Division
Pribram,District,First Order Division
Priekule,District,First Order Division
Priekuli,District,First Order Division
Prilep,Municipality,First Order Division
Primorskiy,Administrative Territory,First Order Division
Primorsko-goranska zupanija,County,First Order Division
Prince Edward Island,Province,First Order Division
Princes Town,Region,First Order Division
Principe,Municipality,First Order Division
Prizrenski,District,First Order Division
Probistip,Municipality,First Order Division
Prostejov,District,First Order Division
Provence-Alpes-Cote-d'Azur,Metropolitan Regions,First Order Division
Pskovskaya,Administrative Region,First Order Division
Ptuj,Undesignated,First Order Division
Puconci,Undesignated,First Order Division
Puebla,State,First Order Division
Puerto Plata,Province,First Order Division
Puerto Rico,Outlying Area,First Order Division
Puglia,Region,First Order Division
Puke,District,First Order Division
Pulau Pinang,State,First Order Division
Punakha,District,First Order Division
Punjab,State,First Order Division
Punjab,Province,First Order Division
Puno,Department,First Order Division
Puntarenas,Province,First Order Division
Purwanchal,Development Regions,First Order Division
Puttalama,District,First Order Division
Putumayo,Department,First Order Division
Puy-de-Dome,Metropolitan Department,First Order Division
Pwani,Region,First Order Division
Pyongan-bukdo,Province,First Order Division
Pyongan-namdo,Province,First Order Division
Pyongyang,Capital City,First Order Division
Pyrenees-Atlantiques,Metropolitan Department,First Order Division
Pyrenees-Orientales,Metropolitan Department,First Order Division
Qaasuitsup Kommunia,Municipality,First Order Division
Qabala,District,First Order Division
Qacha's Nek,District,First Order Division
Qala,Council,First Order Division
Qalqilya Qalqilyah,Governorates,First Order Division
Qaraghandy oblysy,Region,First Order Division
Qashqadaryo,Region,First Order Division
Qasim,Region,First Order Division
Qax,District,First Order Division
Qazax,District,First Order Division
Qazvin,Province,First Order Division
Qeqqata Kommunia,Municipality,First Order Division
Qina,Governorate,First Order Division
Qinghai,Province,First Order Division
Qira,Region,First Order Division
Qobustan,District,First Order Division
Qom,Province,First Order Division
Qoraqalpog'istonsi,Republic,First Order Division
Qormi,Council,First Order Division
Qostanay oblysy,Region,First Order Division
Qrendi,Council,First Order Division
Quang Binh,Province,First Order Division
Quang Nam,Province,First Order Division
Quang Ngai,Province,First Order Division
Quang Ninh,Province,First Order Division
Quang Tri,Province,First Order Division
Quatre Bornes,City,First Order Division
Quba,District,First Order Division
Qubadli,District,First Order Division
Quebec,Province,First Order Division
Queensland,State,First Order Division
Queretaro,State,First Order Division
Quetzaltenango,Department,First Order Division
Quezon,Province,First Order Division
Quiche,Department,First Order Division
Quinara,Region,First Order Division
Quindio,Department,First Order Division
Quintana Roo,State,First Order Division
Quirino,Province,First Order Division
Qusar,District,First Order Division
Quthing,District,First Order Division
Qyzylorda oblysy,Region,First Order Division
Ra's al Khaymah,Emirate,First Order Division
Raa,Administrative Atoll,First Order Division
Rabat,Prefecture,First Order Division
Rabat Ghawdex,Council,First Order Division
Rabat Malta,Council,First Order Division
Rabat-Sale-Zemmour-Zaer,Region,First Order Division
Race-Fram,Undesignated,First Order Division
Racha-Lechkhumi Kvemo Svaneti,Region,First Order Division
Radece,Undesignated,First Order Division
Radenci,Undesignated,First Order Division
Radlje ob Dravi,Undesignated,First Order Division
Radovis,Municipality,First Order Division
Radovljica,Undesignated,First Order Division
Rafah Rafah,Governorates,First Order Division
Ragged Island,District,First Order Division
Ragusa,Province,First Order Division
Rajasthan,State,First Order Division
Rajbari,District,First Order Division
Rajshahi,District,First Order Division
Rajshahi,Division,First Order Division
Rakai,District,First Order Division
Rakhine,State,First Order Division
Rakovnik,District,First Order Division
Ralik chain,Chain Of Islands,First Order Division
Ramallah Ram Allah wa al Birah,Governorates,First Order Division
Rangamati,District,First Order Division
Rangpur,District,First Order Division
Rangpur,Division,First Order Division
Rankovce,Municipality,First Order Division
Ranong,Province,First Order Division
Raplamaa,County,First Order Division
Rapti,Zone,First Order Division
Rasinski,District,First Order Division
Raska,District,First Order Division
Ratak chain,Chain Of Islands,First Order Division
Ratchaburi,Province,First Order Division
Ratnapura,District,First Order Division
Rauna,District,First Order Division
Ravenna,Province,First Order Division
Ravne na Koroskem,Undesignated,First Order Division
Raymah,Governorate,First Order Division
Rayong,Province,First Order Division
Razgrad,Region,First Order Division
Razkrizje,Undesignated,First Order Division
Reading,Unitary Authority,First Order Division
Recica ob Savinji,Commune,First Order Division
Redbridge,Borough,First Order Division
Redcar and Cleveland,Unitary Authority,First Order Division
Redonda,Dependency,First Order Division
Reggio Calabria,Province,First Order Division
Reggio Emilia,Province,First Order Division
Regiao Autonoma da Madeira,Autonomous Region,First Order Division
Regiao Autonoma dos Acores,Autonomous Region,First Order Division
Region Continental,Region,First Order Division
Region Insular,Region,First Order Division
Region Metropolitana de Santiago,Region,First Order Division
Relizane,Province,First Order Division
Rence-Vogrsko,Commune,First Order Division
Renfrewshire,Council Area (Scotland),First Order Division
Rennell and Bellona,Province,First Order Division
Republika Srpska,Entity,First Order Division
Resen,Municipality,First Order Division
Respublika Krym,Autonomous Republic,First Order Division
Retalhuleu,Department,First Order Division
Rethymno,Department,First Order Division
Reykjavik,City,First Order Division
Rezekne,City,First Order Division
Rezekne,District,First Order Division
Rezina,District,First Order Division
Rheinland-Pfalz,State,First Order Division
Rhode Island,State,First Order Division
"Rhondda,  Cynon  Taff",Unitary Authority (Wales),First Order Division
Rhone,Metropolitan Department,First Order Division
Rhone-Alpes,Metropolitan Regions,First Order Division
Riau,Province,First Order Division
Ribeira Brava,Municipality,First Order Division
Ribeira Grande,Municipality,First Order Division
Ribeira Grande de Santiago,Municipality,First Order Division
Ribnica,Undesignated,First Order Division
Ribnica na Pohorju,Undesignated,First Order Division
Richmond upon Thames,Borough,First Order Division
Riebini,District,First Order Division
Rieti,Province,First Order Division
Rif Dimashq,Province,First Order Division
Rift Valley,Province,First Order Division
Riga,City,First Order Division
Rimini,Province,First Order Division
Rio Claro-Mayaro,Region,First Order Division
Rio de Janeiro,State,First Order Division
Rio Grande do Norte,State,First Order Division
Rio Grande do Sul,State,First Order Division
Rio Negro,Province,First Order Division
Rio Negro,Department,First Order Division
Rio San Juan,Department,First Order Division
Risaralda,Department,First Order Division
Riscani,District,First Order Division
Rivas,Department,First Order Division
River Gee,County,First Order Division
Rivera,Department,First Order Division
Rivercess,County,First Order Division
Rivers,State,First Order Division
Riviere du Rempart,District,First Order Division
Rivnens'ka,Region,First Order Division
Riyad,Region,First Order Division
Rizal,Province,First Order Division
Rize,Province,First Order Division
Rocha,Department,First Order Division
Rochdale,Metropolitan District,First Order Division
Roche Caiman,District,First Order Division
Rodopi,Department,First Order Division
Rodrigues Island,Dependency,First Order Division
Rogaland,County,First Order Division
Rogaska Slatina,Undesignated,First Order Division
Rogasovci,Undesignated,First Order Division
Rogatec,Undesignated,First Order Division
Roi Et,Province,First Order Division
Roja,District,First Order Division
Rokycany,District,First Order Division
Roma,Province,First Order Division
Romblon,Province,First Order Division
Rondonia,State,First Order Division
Rongelap,Municipality,First Order Division
Ropazi,District,First Order Division
Roraima,State,First Order Division
Roscommon,County,First Order Division
Rosoman,Municipality,First Order Division
Rostovskaya,Administrative Region,First Order Division
Rotanak Kiri,Province,First Order Division
Rotherham,Metropolitan District,First Order Division
Rotuma,Dependency,First Order Division
Rovigo,Province,First Order Division
Rozaje,Commune,First Order Division
Rucava,District,First Order Division
Rugaji,District,First Order Division
Ruggell,Commune,First Order Division
Rujiena,District,First Order Division
Rukungiri,District,First Order Division
Rukwa,Region,First Order Division
Rum Cay,District,First Order Division
Rumphi,District,First Order Division
Rundale,District,First Order Division
Ruse,Undesignated,First Order Division
Ruse,Region,First Order Division
Rutana,Province,First Order Division
Rutland,Unitary Authority,First Order Division
Ruvuma,Region,First Order Division
Ruyigi,Province,First Order Division
Ryazanskaya,Administrative Region,First Order Division
Rychnov nad Kneznou,District,First Order Division
Sa Kaeo,Province,First Order Division
Sa'dah,Governorate,First Order Division
Saaremaa,County,First Order Division
Saarland,State,First Order Division
Saatli,District,First Order Division
Saba,Municipality,First Order Division
Saba,Special Municipality,First Order Division
Sabah,State,First Order Division
Sabaragamuva,Province,First Order Division
Sabha,Popularate,First Order Division
Sabirabad,District,First Order Division
Sabran,District,First Order Division
Sacatepequez,Department,First Order Division
Sachsen,State,First Order Division
Sachsen-Anhalt,State,First Order Division
Sadarak,District,First Order Division
Safi,Council,First Order Division
Safi,Province,First Order Division
Saga,Perfecture,First Order Division
Sagaing,Division,First Order Division
Sagarmatha,Zone,First Order Division
Sahbuz,District,First Order Division
Sahel,Region,First Order Division
Saida,Province,First Order Division
Saint Andrew,Parish,First Order Division
Saint Andrew,Parish,First Order Division
Saint Andrew,Parish,First Order Division
Saint Andrew,Parish,First Order Division
Saint Andrew,Parish,First Order Division
Saint Ann,Parish,First Order Division
Saint Anne Sandy Point,Parish,First Order Division
Saint Catherine,Parish,First Order Division
Saint David,Parish,First Order Division
Saint David,Parish,First Order Division
Saint David,Parish,First Order Division
Saint Elizabeth,Parish,First Order Division
Saint George,Parish,First Order Division
Saint George,Parish,First Order Division
Saint George,Parish,First Order Division
Saint George,Parish,First Order Division
Saint George,Parish,First Order Division
Saint George,Parish,First Order Division
Saint George Basseterre,Parish,First Order Division
Saint George Gingerland,Parish,First Order Division
Saint George municipality,Municipality,First Order Division
Saint Helena,Geographical Entities,First Order Division
Saint Helena,Administrative Area,First Order Division
Saint James,Parish,First Order Division
Saint James,Parish,First Order Division
Saint James Windward,Parish,First Order Division
Saint John,Parish,First Order Division
Saint John,Parish,First Order Division
Saint John,Parish,First Order Division
Saint John Capisterre,Parish,First Order Division
Saint John Figtree,Parish,First Order Division
Saint John's,Parish,First Order Division
Saint Joseph,Parish,First Order Division
Saint Joseph,Parish,First Order Division
Saint Kitts,State,First Order Division
Saint Louis,District,First Order Division
Saint Lucy,Parish,First Order Division
Saint Luke,Parish,First Order Division
Saint Mark,Parish,First Order Division
Saint Mark,Parish,First Order Division
Saint Mary,Parish,First Order Division
Saint Mary,Parish,First Order Division
Saint Mary Cayon,Parish,First Order Division
Saint Michael,Parish,First Order Division
Saint Patrick,Parish,First Order Division
Saint Patrick,Parish,First Order Division
Saint Patrick,Parish,First Order Division
Saint Paul,Parish,First Order Division
Saint Paul,Parish,First Order Division
Saint Paul Capisterre,Parish,First Order Division
Saint Paul Charlestown,Parish,First Order Division
Saint Peter,Parish,First Order Division
Saint Peter,Parish,First Order Division
Saint Peter,Parish,First Order Division
Saint Peter Basseterre,Parish,First Order Division
Saint Philip,Parish,First Order Division
Saint Philip,Parish,First Order Division
Saint Thomas,Parish,First Order Division
Saint Thomas,Parish,First Order Division
Saint Thomas Lowland,Parish,First Order Division
Saint Thomas Middle Island,Parish,First Order Division
Saint-Barthelemy,Overseas Territorial Collectivity,First Order Division
Saint-Louis,Region,First Order Division
Saint-Martin,Overseas Territorial Collectivity,First Order Division
Saint-Pierre-et-Miquelon,Territorial Collectivity,First Order Division
Saint-Roman,Quarter,First Order Division
Sainte-Devote,Quarter,First Order Division
Saitama,Perfecture,First Order Division
Sakarya,Province,First Order Division
Sakha,Republic,First Order Division
Sakhalinskaya,Administrative Region,First Order Division
Saki,District,First Order Division
Sakon Nakhon,Province,First Order Division
Sal,Municipality,First Order Division
Sala,District,First Order Division
Salacgriva,District,First Order Division
Salah ad Din,Province,First Order Division
Salaj,County,First Order Division
Salamanca,Province,First Order Division
Salamat,Region,First Order Division
Salaspils,District,First Order Division
Salavan,Province,First Order Division
Salcedo,Province,First Order Division
Saldus,District,First Order Division
Salerno,Province,First Order Division
Salfit Salfit,Governorates,First Order Division
Salford,Metropolitan District,First Order Division
Salgotarjan,City Of County Right,First Order Division
Salima,District,First Order Division
Salovci,Undesignated,First Order Division
Salta,Province,First Order Division
Salto,Department,First Order Division
Salyan,District,First Order Division
Salzburg,State,First Order Division
Samana,Province,First Order Division
Samangan,Province,First Order Division
Samarqand,Region,First Order Division
Samarskaya,Administrative Region,First Order Division
Samaxi,District,First Order Division
Samdrup Jongkha,District,First Order Division
Samegrelo-Zemo Svaneti,Region,First Order Division
Samkir,District,First Order Division
Samos,Department,First Order Division
Samsun,Province,First Order Division
Samtse,District,First Order Division
Samtskhe-Javakheti,Region,First Order Division
Samut Prakan,Province,First Order Division
Samut Sakhon,Province,First Order Division
Samut Songkhram,Province,First Order Division
Samux,District,First Order Division
"San Andres,  Providencia y Santa Catalina",Department,First Order Division
San Cristobal,Province,First Order Division
San Fernando,Municipality,First Order Division
San Giljan,Council,First Order Division
San Gwann,Council,First Order Division
San Jose,Province,First Order Division
San Jose,Department,First Order Division
San Jose de Ocoa,Province,First Order Division
San Juan,Province,First Order Division
San Juan,Province,First Order Division
San Juan-Laventille,Region,First Order Division
San Lawrenz,Council,First Order Division
San Luis,Province,First Order Division
San Luis Potosi,State,First Order Division
San Marcos,Department,First Order Division
San Marino,Municipality,First Order Division
San Martin,Department,First Order Division
San Miguel,Department,First Order Division
San Pawl il-Bahar,Council,First Order Division
San Pedro,Department,First Order Division
San Pedro de Macoris,Province,First Order Division
San Salvador,Department,First Order Division
San Salvador,District,First Order Division
San Vicente,Department,First Order Division
San'a,Municipality,First Order Division
Sana'a,Governorate,First Order Division
Sanaag,Region,First Order Division
Sanchez Ramirez,Province,First Order Division
Sancti Spiritus,Province,First Order Division
Sandaun,Province,First Order Division
Sandwell,Metropolitan District,First Order Division
Sandys,Parish,First Order Division
Sangha,Economic Prefecture,First Order Division
Sangha,Department,First Order Division
Sangre Grande,Region,First Order Division
Sanguie,Province,First Order Division
Sankt Gallen,Canton,First Order Division
Sankt-Peterburg,Autonomous City,First Order Division
Sanliurfa,Province,First Order Division
Sanma,Province,First Order Division
Sanmatenga,Province,First Order Division
Sannat,Council,First Order Division
Sant Julia de Loria,Parish,First Order Division
Santa Ana,Department,First Order Division
Santa Barbara,Department,First Order Division
Santa Catarina,State,First Order Division
Santa Catarina,Municipality,First Order Division
Santa Catarina do Fogo,Municipality,First Order Division
Santa Cruz,Province,First Order Division
Santa Cruz,Department,First Order Division
Santa Cruz,Municipality,First Order Division
Santa Cruz de Tenerife,Province,First Order Division
Santa Elena,Province,First Order Division
Santa Fe,Province,First Order Division
Santa Lucija,Council,First Order Division
Santa Rosa,Department,First Order Division
Santa Venera,Council,First Order Division
Santander,Department,First Order Division
Santarem,District,First Order Division
Santiago,Province,First Order Division
Santiago de Cuba,Province,First Order Division
Santiago del Estero,Province,First Order Division
Santiago Rodriguez,Province,First Order Division
Santo Domingo,Province,First Order Division
Santo Domingo de los Tsachilas,Province,First Order Division
Sao Domingos,Municipality,First Order Division
Sao Filipe,Municipality,First Order Division
Sao Lourenco dos Orgaos,Municipality,First Order Division
Sao Miguel,Municipality,First Order Division
Sao Paulo,State,First Order Division
Sao Salvador do Mundo,Municipality,First Order Division
Sao Tome,Municipality,First Order Division
Sao Vicente,Municipality,First Order Division
Saone-et-Loire,Metropolitan Department,First Order Division
Sar-e Pul,Province,First Order Division
Saraburi,Province,First Order Division
Saraj,Municipality,First Order Division
Sarajevo,Canton,First Order Division
Saramacca,District,First Order Division
Sarande,District,First Order Division
Sarangani,Province,First Order Division
Saratovskaya,Administrative Region,First Order Division
Sarawak,State,First Order Division
Sardegna,Region,First Order Division
Sarpang,District,First Order Division
Sarthe,Metropolitan Department,First Order Division
Sarur,District,First Order Division
Saskatchewan,Province,First Order Division
Sassari,Province,First Order Division
Satakunta,Region,First Order Division
Satkhira,District,First Order Division
Satu Mare,County,First Order Division
Satun,Province,First Order Division
Satupa'itea,District,First Order Division
Saulkrasti,District,First Order Division
Savanes,Region,First Order Division
Savannakhet,Province,First Order Division
Savanne,District,First Order Division
Savannes,Region,First Order Division
Savnik,Commune,First Order Division
Savoie,Metropolitan Department,First Order Division
Savona,Province,First Order Division
Schaan,Commune,First Order Division
Schaffhausen,Canton,First Order Division
Schellenberg,Commune,First Order Division
Schleswig-Holstein,State,First Order Division
Schwyz,Canton,First Order Division
Scotland,Country,First Order Division
"Scottish Borders,  The",Council Area (Scotland),First Order Division
Sedhiou,Region,First Order Division
Seenu,Administrative Atoll,First Order Division
Sefrou,Undesignated,First Order Division
Sefton,Metropolitan District,First Order Division
Segou,Region,First Order Division
Segovia,Province,First Order Division
Seine-et-Marne,Metropolitan Department,First Order Division
Seine-Maritime,Metropolitan Department,First Order Division
Seine-Saint-Denis,Metropolitan Department,First Order Division
Seja,District,First Order Division
Selangor,State,First Order Division
Selenge,Province,First Order Division
Selnica ob Dravi,Undesignated,First Order Division
Sembabule,District,First Order Division
Semic,Undesignated,First Order Division
Semienawi K'eyyih Bahri,Region,First Order Division
Semily,District,First Order Division
Semnan,Province,First Order Division
Sempeter-Vrtojba,Undesignated,First Order Division
Sencur,Undesignated,First Order Division
Seno,Province,First Order Division
Sentilj,Undesignated,First Order Division
Sentjernej,Undesignated,First Order Division
Sentjur pri Celju,Undesignated,First Order Division
Sentrupert,Commune,First Order Division
Seoul Teugbyeolsi,Capital Metropolitan City,First Order Division
Sergipe,State,First Order Division
Serravalle,Municipality,First Order Division
Serres,Department,First Order Division
Seti,Zone,First Order Division
Setif,Province,First Order Division
Settat,Province,First Order Division
Setubal,District,First Order Division
Sevastopol',Region,First Order Division
Severnaya Osetiya,Republic,First Order Division
Severnobacki,District,First Order Division
Severnobanatski,District,First Order Division
Sevilla,Province,First Order Division
Sevnica,Undesignated,First Order Division
Sezana,Undesignated,First Order Division
Sfax,Governorate,First Order Division
Shaanxi,Province,First Order Division
Shabeellaha Dhexe,Region,First Order Division
Shabeellaha Hoose,Region,First Order Division
Shabwah,Governorate,First Order Division
Shaki,Municipality,First Order Division
Shamal Darfur,State,First Order Division
Shamal Kurdufan,State,First Order Division
Shamal Sina',Governorate,First Order Division
Shan,State,First Order Division
Shandong,Province,First Order Division
Shanghai,Municipality,First Order Division
Shanxi,Province,First Order Division
Shari al Awsat,Region,First Order Division
Shari Baqirmi,Region,First Order Division
Shariatpur,District,First Order Division
Shariff Kabunsuan,Undesignated,First Order Division
Sharq Darfur,Undesignated,First Order Division
Shaviyani,Administrative Atoll,First Order Division
Shefa,Province,First Order Division
Sheffield,Metropolitan District,First Order Division
Sherpur,District,First Order Division
Shetland Islands,Council Area (Scotland),First Order Division
Shida Kartli,Region,First Order Division
Shinyanga,Region,First Order Division
Shiselweni,District,First Order Division
Shkoder,County,First Order Division
Shkoder,District,First Order Division
Shropshire,Unitary Authority,First Order Division
Shyghys Qazaqstan oblysy,Region,First Order Division
Si Sa Ket,Province,First Order Division
Siauliu Apskritis,County,First Order Division
Sibensko-kninska zupanija,County,First Order Division
Sibiu,County,First Order Division
Sichuan,Province,First Order Division
Sicilia,Region,First Order Division
Sidi Bel Abbes,Province,First Order Division
Sidi Bouzid,Governorate,First Order Division
Sidi Kacem,Province,First Order Division
Sidi Youssef Ben Ali,Prefecture,First Order Division
Siem Reab,Province,First Order Division
Siena,Province,First Order Division
Siga,Perfecture,First Order Division
Siggiewi,Council,First Order Division
Siguiri,Perfecture,First Order Division
Sigulda,District,First Order Division
Siirt,Province,First Order Division
Sikasso,Region,First Order Division
Sikkim,State,First Order Division
Sila,Region,First Order Division
Siliana,Governorate,First Order Division
Silistra,Region,First Order Division
Simane,Perfecture,First Order Division
Sinaloa,State,First Order Division
Sindh,Province,First Order Division
Sing Buri,Province,First Order Division
Singapore,Undesignated,First Order Division
Singerei,District,First Order Division
Singida,Region,First Order Division
Sinnar,State,First Order Division
Sinoe,County,First Order Division
Sinop,Province,First Order Division
Sint Eustatius,Municipality,First Order Division
Sint Eustatius,Special Municipality,First Order Division
Sint Maarten,Country,First Order Division
Sipaliwini,District,First Order Division
Siparia,Region,First Order Division
Siquijor,Province,First Order Division
Siracusa,Province,First Order Division
Sirajganj,District,First Order Division
Sirak,Province,First Order Division
Sirdaryo,Region,First Order Division
Sirnak,Province,First Order Division
Sironko,District,First Order Division
Sirvan,Municipality,First Order Division
Sisacko-moslavacka zupanija,County,First Order Division
Sissili,Province,First Order Division
Sistan va Baluchestan,Province,First Order Division
Sivas,Province,First Order Division
Siyazan,District,First Order Division
Sizuoka,Perfecture,First Order Division
Skane,County,First Order Division
Skhirate-Temara,Prefecture,First Order Division
Skikda,Province,First Order Division
Skocjan,Undesignated,First Order Division
Skofja Loka,Undesignated,First Order Division
Skofljica,Undesignated,First Order Division
Skrapar,District,First Order Division
Skriveri,District,First Order Division
Skrunda,District,First Order Division
Slaskie,Voivodship,First Order Division
Sliema,Council,First Order Division
Sligo,County,First Order Division
Sliven,Region,First Order Division
Slough,Unitary Authority,First Order Division
Slovenj Gradec,Undesignated,First Order Division
Slovenska Bistrica,Undesignated,First Order Division
Slovenske Konjice,Undesignated,First Order Division
Smarje pri Jelsah,Undesignated,First Order Division
Smarjeske Toplice,Commune,First Order Division
Smartno ob Paki,Undesignated,First Order Division
Smartno pri Litiji,Undesignated,First Order Division
Smiltene,District,First Order Division
Smiths,Parish,First Order Division
Smolenskaya,Administrative Region,First Order Division
Smolyan,Region,First Order Division
Soc Trang,Province,First Order Division
Soccsksargen,Region,First Order Division
Sodermanlands,County,First Order Division
Sodrazica,Undesignated,First Order Division
Sofala,Province,First Order Division
Sofia,Region,First Order Division
Sofia-Grad,Region,First Order Division
Sogn og Fjordane,County,First Order Division
Sokolov,District,First Order Division
Sokoto,State,First Order Division
Solcava,Undesignated,First Order Division
Soldanesti,District,First Order Division
Solihull,Metropolitan District,First Order Division
Solola,Department,First Order Division
Solothurn,Canton,First Order Division
Soltustik Qazaqstan oblysy,Region,First Order Division
Somerset,Two-Tier County,First Order Division
Somme,Metropolitan Department,First Order Division
Somogy,County,First Order Division
Son La,Province,First Order Division
Sondrio,Province,First Order Division
Songkhla,Province,First Order Division
Sonora,State,First Order Division
Sonsonate,Department,First Order Division
Sonsorol,State,First Order Division
Sool,Region,First Order Division
Sopiste,Municipality,First Order Division
Sopron,City Of County Right,First Order Division
Sor-Trondelag,County,First Order Division
Soria,Province,First Order Division
Soriano,Department,First Order Division
Soroca,District,First Order Division
Soroti,District,First Order Division
Sorsogon,Province,First Order Division
Sostanj,Undesignated,First Order Division
Soufriere,District,First Order Division
Souk Ahras,Province,First Order Division
Soum,Province,First Order Division
Sourou,Province,First Order Division
Souss-Massa-Draa,Region,First Order Division
Sousse,Governorate,First Order Division
South,Region,First Order Division
South,Province,First Order Division
South Abaco,District,First Order Division
South Andros,District,First Order Division
South Australia,State,First Order Division
South Ayrshire,Council Area (Scotland),First Order Division
South Carolina,State,First Order Division
South Central,Province,First Order Division
South Cotabato,Province,First Order Division
South Dakota,State,First Order Division
South Denmark,Region,First Order Division
South East,District,First Order Division
South Eleuthera,District,First Order Division
South Gloucestershire,Unitary Authority,First Order Division
South Island,Island,First Order Division
South Lanarkshire,Council Area (Scotland),First Order Division
South Tyneside,Metropolitan District,First Order Division
South West,District,First Order Division
South-East,District,First Order Division
South-West,Region,First Order Division
Southampton,Parish,First Order Division
Southampton,Unitary Authority,First Order Division
Southend-on-Sea,Unitary Authority,First Order Division
Southern,District,First Order Division
Southern,Province,First Order Division
Southern,Province,First Order Division
Southern Grenadine Islands,Dependency,First Order Division
Southern Highlands,Province,First Order Division
Southern Leyte,Province,First Order Division
Southern Region,Region,First Order Division
Southland,Regional Council,First Order Division
Southwark,Borough,First Order Division
Spanish Wells,District,First Order Division
Spelugues,Quarter,First Order Division
Splitsko-dalmatinska zupanija,County,First Order Division
Sredisce ob Dravi,Commune,First Order Division
Srednjebanatski,District,First Order Division
Srednjobosanski,Canton,First Order Division
Sremski,District,First Order Division
St. Helens,Metropolitan District,First Order Division
Staffordshire,Two-Tier County,First Order Division
Stann Creek,District,First Order Division
Stara Zagora,Region,First Order Division
Staro Nagoricane,Municipality,First Order Division
Starse,Undesignated,First Order Division
Stavropol'skiy,Administrative Territory,First Order Division
Stefan Voda,District,First Order Division
Steiermark,State,First Order Division
Sterea Ellada,Administrative Regions,First Order Division
Stinga Nistrului,Territorial Unit,First Order Division
Stip,Municipality,First Order Division
Stirling,Council Area (Scotland),First Order Division
Stockholms,County,First Order Division
Stockport,Metropolitan District,First Order Division
Stockton-on-Tees,Unitary Authority,First Order Division
Stoke-on-Trent,Unitary Authority,First Order Division
Stopini,District,First Order Division
Store,Undesignated,First Order Division
Strabane,District Council Area (Northern Ireland),First Order Division
Strakonice,District,First Order Division
Straseni,District,First Order Division
Straza,Commune,First Order Division
Stredocesky,Region,First Order Division
Strenci,District,First Order Division
Struga,Municipality,First Order Division
Strumica,Municipality,First Order Division
Studenicani,Municipality,First Order Division
Stueng Traeng,Province,First Order Division
Suceava,County,First Order Division
Suchitepequez,Department,First Order Division
Sucre,State,First Order Division
Sucre,Department,First Order Division
Sucumbios,Province,First Order Division
Sud,Department,First Order Division
Sud,Province,First Order Division
Sud-Bandama,Region,First Order Division
Sud-Comoe,Region,First Order Division
Sud-Est,Department,First Order Division
Sud-Kivu,Province,First Order Division
Sud-Ouest,Region,First Order Division
Sudur Pashchimanchal,Development Regions,First Order Division
Suffolk,Two-Tier County,First Order Division
Sughd,Region,First Order Division
Suhaj,Governorate,First Order Division
Suhbaatar,Province,First Order Division
Sukhothai,Province,First Order Division
Sul,Province,First Order Division
Sulawesi,Geographic Units,First Order Division
Sulawesi Barat,Province,First Order Division
Sulawesi Selatan,Province,First Order Division
Sulawesi Tengah,Province,First Order Division
Sulawesi Tenggara,Province,First Order Division
Sulawesi Utara,Province,First Order Division
Sultan Kudarat,Province,First Order Division
Sulu,Province,First Order Division
Sumadijski,District,First Order Division
Sumale,State,First Order Division
Sumatera,Geographic Units,First Order Division
Sumatera Barat,Province,First Order Division
Sumatera Selatan,Province,First Order Division
Sumatera Utara,Province,First Order Division
Sumen,Region,First Order Division
Sumperk,District,First Order Division
Sumqayit,Municipality,First Order Division
Sums'ka,Region,First Order Division
Sunamganj,District,First Order Division
Sunderland,Metropolitan District,First Order Division
Suourland,Region,First Order Division
Suournes,Region,First Order Division
Suphan Buri,Province,First Order Division
Surat Thani,Province,First Order Division
Surigao del Norte,Province,First Order Division
Surigao del Sur,Province,First Order Division
Surin,Province,First Order Division
Surrey,Two-Tier County,First Order Division
Surt,Popularate,First Order Division
Surxondaryo,Region,First Order Division
Susa,District,First Order Division
Suto Orizari,Municipality,First Order Division
Sutton,Borough,First Order Division
Svaay Rieng,Province,First Order Division
Svalbard,Undesignated,First Order Division
Sverdlovskaya,Administrative Region,First Order Division
Sveta Ana,Undesignated,First Order Division
Sveta Trojica v Slovenskih Goricah,Commune,First Order Division
Sveti Andraz v Slovenskih goricah,Undesignated,First Order Division
Sveti Jurij,Undesignated,First Order Division
Sveti Jurij v Slovenskih Goricah,Commune,First Order Division
Sveti Nikole,Municipality,First Order Division
Sveti Tomaz,Commune,First Order Division
Svitavy,District,First Order Division
Swansea,Unitary Authority (Wales),First Order Division
Swieqi,Council,First Order Division
Swietokrzyskie,Voivodship,First Order Division
Swindon,Unitary Authority,First Order Division
Sylhet,District,First Order Division
Sylhet,Division,First Order Division
Syunik',Province,First Order Division
Szabolcs-Szatmar-Bereg,County,First Order Division
Szeged,City Of County Right,First Order Division
Szekesfehervar,City Of County Right,First Order Division
Szekszard,City Of County Right,First Order Division
Szolnok,City Of County Right,First Order Division
Szombathely,City Of County Right,First Order Division
Ta' Xbiex,Council,First Order Division
Ta'izz,Governorate,First Order Division
Taakaev,Province,First Order Division
Tabasco,State,First Order Division
Tabor,Undesignated,First Order Division
Tabor,District,First Order Division
Tabora,Region,First Order Division
Tabuk,Region,First Order Division
Tachira,State,First Order Division
Tachov,District,First Order Division
Tacna,Department,First Order Division
Tacuarembo,Department,First Order Division
Tadjourah,Region,First Order Division
Tadla-Azilal,Region,First Order Division
Tafea,Province,First Order Division
Tagant,Region,First Order Division
Tahoua,Region,First Order Division
Taichung,District,First Order Division
Taichung Municipality,Municipality,First Order Division
Tainan,District,First Order Division
Tainan Municipality,Municipality,First Order Division
Taipei,District,First Order Division
Taipei Special Municipality,Special Municipality,First Order Division
Taitung,District,First Order Division
Taiwan,Province,First Order Division
Tak,Province,First Order Division
Takamaka,District,First Order Division
Takhar,Province,First Order Division
Talas,Region,First Order Division
Talsi,District,First Order Division
Tamanghasset,Province,First Order Division
Tamaulipas,State,First Order Division
Tambacounda,Region,First Order Division
Tambovskaya,Administrative Region,First Order Division
Tameside,Metropolitan District,First Order Division
Tamil Nadu,State,First Order Division
Tan-Tan,Province,First Order Division
Tanga,Region,First Order Division
Tangail,District,First Order Division
Tanger-Assilah,Prefecture,First Order Division
Tanger-Tetouan,Region,First Order Division
Tanintharyi,Division,First Order Division
Tanjili,Region,First Order Division
Taounate,Province,First Order Division
Taourirt,Province,First Order Division
Taoyuan,District,First Order Division
Tapoa,Province,First Order Division
Taraba,State,First Order Division
Tarabulus,Popularate,First Order Division
Taraclia,District,First Order Division
Taranaki,Regional Council,First Order Division
Taranto,Province,First Order Division
Tarapaca,Region,First Order Division
Targovishte,Region,First Order Division
Tarija,Department,First Order Division
Tarlac,Province,First Order Division
Tarn,Metropolitan Department,First Order Division
Tarn-et-Garonne,Metropolitan Department,First Order Division
Taroudant,Province,First Order Division
Tarrafal,Municipality,First Order Division
Tarrafal de Sao Nicolau,Municipality,First Order Division
Tarragona,Province,First Order Division
Tartar,District,First Order Division
Tartumaa,County,First Order Division
Tartus,Province,First Order Division
Tarxien,Council,First Order Division
Tasman District,Unitary Authority,First Order Division
Tasmania,State,First Order Division
Tata,Province,First Order Division
Tatabanya,City Of County Right,First Order Division
Tataouine,Governorate,First Order Division
Tatarstan,Republic,First Order Division
Taurages Apskritis,County,First Order Division
Tavus,Province,First Order Division
Tawi-Tawi,Province,First Order Division
Tay Ninh,Province,First Order Division
Taza,Province,First Order Division
Taza-Al Hoceima-Taounate,Region,First Order Division
Tbilisi,City,First Order Division
Tearce,Municipality,First Order Division
Tebessa,Province,First Order Division
Tehran,Province,First Order Division
Tekirdag,Province,First Order Division
Tel-Aviv,District,First Order Division
Telemark,County,First Order Division
Telenesti,District,First Order Division
Teleorman,County,First Order Division
Telford and Wrekin,Unitary Authority,First Order Division
Telimele,Perfecture,First Order Division
Telsiu Apskritis,County,First Order Division
Temburong,District,First Order Division
Temotu,Province,First Order Division
Tennessee,State,First Order Division
Tepelene,District,First Order Division
Teplice,District,First Order Division
Teramo,Province,First Order Division
Terengganu,State,First Order Division
Terni,Province,First Order Division
Ternopil's'ka,Region,First Order Division
Terres Australes Francaises,Overseas Territory,First Order Division
Territoire de Belfort,Metropolitan Department,First Order Division
Teruel,Province,First Order Division
Tervete,District,First Order Division
Tete,Province,First Order Division
Tetovo,Municipality,First Order Division
Texas,State,First Order Division
Thaa,Administrative Atoll,First Order Division
Thaba-Tseka,District,First Order Division
Thai Binh,Province,First Order Division
Thai Nguyen,Province,First Order Division
Thakurgaon,District,First Order Division
Thanh Hoa,Province,First Order Division
Thesprotia,Department,First Order Division
Thessalia,Administrative Regions,First Order Division
Thessaloniki,Department,First Order Division
Thies,Region,First Order Division
Thimphu,District,First Order Division
Thua Thien-Hue,Province,First Order Division
Thurgau,Canton,First Order Division
Thuringen,State,First Order Division
Thurrock,Unitary Authority,First Order Division
Thyolo,District,First Order Division
Tianjin,Municipality,First Order Division
Tiaret,Province,First Order Division
Tiba,Perfecture,First Order Division
Tibasti,Region,First Order Division
Ticino,Canton,First Order Division
Tien Giang,Province,First Order Division
Tierra del Fuego,Province,First Order Division
Tighina,City,First Order Division
Tigray,State,First Order Division
Tillaberi,Region,First Order Division
Timis,County,First Order Division
Tindouf,Province,First Order Division
Tipaza,Province,First Order Division
Tipperary,County,First Order Division
Tirane,County,First Order Division
Tirane,District,First Order Division
Tiris Zemmour,Region,First Order Division
Tirol,State,First Order Division
Tisina,Undesignated,First Order Division
Tissemsilt,Province,First Order Division
Tivat,Commune,First Order Division
Tizi Ouzou,Province,First Order Division
Tiznit,Province,First Order Division
Tlaxcala,State,First Order Division
Tlemcen,Province,First Order Division
Toamasina,Province,First Order Division
Tocantins,State,First Order Division
Togdheer,Region,First Order Division
Tokat,Province,First Order Division
Tokusima,Perfecture,First Order Division
Tokyo,Metropolis,First Order Division
Toledo,Province,First Order Division
Toledo,District,First Order Division
Toliara,Province,First Order Division
Tolima,Department,First Order Division
Tolmin,Undesignated,First Order Division
Tolna,County,First Order Division
Tombali,Region,First Order Division
Tombouctou,Region,First Order Division
Tomskaya,Administrative Region,First Order Division
Tongatapu,Island Group,First Order Division
Toplieki,District,First Order Division
Torba,Province,First Order Division
Torbay,Unitary Authority,First Order Division
Torfaen,Unitary Authority (Wales),First Order Division
Torino,Province,First Order Division
Tororo,District,First Order Division
Toscana,Region,First Order Division
Toshkent,Region,First Order Division
Toshkent City,City,First Order Division
Totigi,Perfecture,First Order Division
Totonicapan,Department,First Order Division
Tottori,Perfecture,First Order Division
Tougue,Perfecture,First Order Division
Tov,Province,First Order Division
Tovuz,District,First Order Division
Tower Hamlets,Borough,First Order Division
Toyama,Perfecture,First Order Division
Tozeur,Governorate,First Order Division
Tra Vinh,Province,First Order Division
Trabzon,Province,First Order Division
Trafford,Metropolitan District,First Order Division
Trang,Province,First Order Division
Trapani,Province,First Order Division
Trarza,Region,First Order Division
Trashi Yangtse,District,First Order Division
Trashigang,District,First Order Division
Trat,Province,First Order Division
Trbovlje,Undesignated,First Order Division
Trebic,District,First Order Division
Trebnje,Undesignated,First Order Division
Treinta y Tres,Department,First Order Division
Trelawny,Parish,First Order Division
Trenciansky,Region,First Order Division
Trentino-Alto Adige,Region,First Order Division
Trento,Province,First Order Division
Treviso,Province,First Order Division
Triesen,Commune,First Order Division
Triesenberg,Commune,First Order Division
Trieste,Province,First Order Division
Trikala,Department,First Order Division
Trikunamalaya,District,First Order Division
Trinity Palmetto Point,Parish,First Order Division
Tripura,State,First Order Division
Tristan da Cunha,Dependency,First Order Division
Tristan da Cunha,Geographical Entities,First Order Division
Trnavsky,Region,First Order Division
Trnovska vas,Undesignated,First Order Division
Troms,County,First Order Division
Trongsa,District,First Order Division
Tropoje,District,First Order Division
Trujillo,State,First Order Division
Trutnov,District,First Order Division
Trzic,Undesignated,First Order Division
Trzin,Undesignated,First Order Division
Tsirang,District,First Order Division
Tuamasaga,District,First Order Division
Tubas Tubas,Governorates,First Order Division
Tucuman,Province,First Order Division
Tui,Province,First Order Division
Tukums,District,First Order Division
Tul'skaya,Administrative Region,First Order Division
Tulcea,County,First Order Division
Tulkarm Tulkarm,Governorates,First Order Division
Tumbes,Department,First Order Division
Tunapuna-Piarco,Region,First Order Division
Tunceli,Province,First Order Division
Tungurahua,Province,First Order Division
Tunis,Governorate,First Order Division
Turnisce,Undesignated,First Order Division
Tutong,District,First Order Division
Tuyen Quang,Province,First Order Division
Tuzlanski,Canton,First Order Division
Tverskaya,Administrative Region,First Order Division
Tyumenskaya,Administrative Region,First Order Division
Tyva,Republic,First Order Division
Uaboe,District,First Order Division
Ubon Ratchathani,Province,First Order Division
Ucar,District,First Order Division
Ucayali,Department,First Order Division
Udine,Province,First Order Division
Udmurtskaya,Republic,First Order Division
Udon Thani,Province,First Order Division
Uherske Hradiste,District,First Order Division
Uige,Province,First Order Division
Ujae,Municipality,First Order Division
Ul'yanovskaya,Administrative Region,First Order Division
Ulaanbaatar,Municipality,First Order Division
Ulcinj,Commune,First Order Division
Ulsan Gwang'yeogsi,Metropolitan City,First Order Division
Ulster,Province,First Order Division
Umbria,Region,First Order Division
Umm al Qaywayn,Emirate,First Order Division
Umm Sa'id,Municipality,First Order Division
Umm Salal,Municipality,First Order Division
Ungheni,District,First Order Division
United States Minor Outlying Islands,Outlying Area,First Order Division
Unity,States,First Order Division
Unsko-sanski,Canton,First Order Division
Upper Demerara-Berbice,Region,First Order Division
Upper East,Region,First Order Division
Upper Nile,States,First Order Division
Upper North,Province,First Order Division
Upper River,Division,First Order Division
Upper South,Province,First Order Division
Upper Takutu-Upper Essequibo,Region,First Order Division
Upper West,Region,First Order Division
Uppsala,County,First Order Division
Uri,Canton,First Order Division
Uruzgan,Province,First Order Division
Usak,Province,First Order Division
Ustecky,Region,First Order Division
Usti nad Labem,District,First Order Division
Usti nad Orlici,District,First Order Division
Usulutan,Department,First Order Division
Utah,State,First Order Division
Utenos Apskritis,County,First Order Division
Uthai Thani,Province,First Order Division
Utirik,Municipality,First Order Division
Utrecht,Province,First Order Division
Uttar Pradesh,State,First Order Division
Uttaradit,Province,First Order Division
Uttaranchal,State,First Order Division
Uturu,Province,First Order Division
Uturumeda,Province,First Order Division
Uusimaa,Region,First Order Division
Uva palata,Province,First Order Division
Uvs,Province,First Order Division
Va'a-o-Fonoti,District,First Order Division
Vaavu,Administrative Atoll,First Order Division
Vacoas-Phoenix,City,First Order Division
Vaduz,Commune,First Order Division
Vainode,District,First Order Division
Vaisigano,District,First Order Division
Vaitupu,Island Council,First Order Division
Vakaga,Prefecture,First Order Division
Val-d'Oise,Metropolitan Department,First Order Division
Val-de-Marne,Metropolitan Department,First Order Division
Valais,Canton,First Order Division
Valandovo,Municipality,First Order Division
Valcea,County,First Order Division
"Vale of Glamorgan,  The",Unitary Authority (Wales),First Order Division
Valencia,Province,First Order Division
"Valenciana,  Comunidad",Autonomous Community,First Order Division
Valgamaa,County,First Order Division
Valka,District,First Order Division
Valladolid,Province,First Order Division
Valle,Department,First Order Division
Valle d'Aosta,Region,First Order Division
Valle del Cauca,Department,First Order Division
Vallee du Bandama,Region,First Order Division
Valletta,Council,First Order Division
Vallon de la Rousse,Quarter,First Order Division
Valmiera,City,First Order Division
Valparaiso,Region,First Order Division
Valverde,Province,First Order Division
Van,Province,First Order Division
Var,Metropolitan Department,First Order Division
Varaklani,District,First Order Division
Varazdinska zupanija,County,First Order Division
Varese,Province,First Order Division
Vargas,State,First Order Division
Varkava,District,First Order Division
Varmlands,County,First Order Division
Varna,Region,First Order Division
Varsinais-Suomi,Region,First Order Division
Vas,County,First Order Division
Vasilevo,Municipality,First Order Division
Vaslui,County,First Order Division
Vasterbottens,County,First Order Division
Vasternorrlands,County,First Order Division
Vastmanlands,County,First Order Division
Vastra Gotalands,County,First Order Division
Vaucluse,Metropolitan Department,First Order Division
Vaud,Canton,First Order Division
Vaupes,Department,First Order Division
Vava'u,Island Group,First Order Division
Vavuniyava,District,First Order Division
Vayamba,Province,First Order Division
Vayoc Jor,Province,First Order Division
Vecpiebalga,District,First Order Division
Vecumnieki,District,First Order Division
Velenje,Undesignated,First Order Division
Veles,Municipality,First Order Division
Velika Polana,Undesignated,First Order Division
Velike Lasce,Undesignated,First Order Division
Veliko Tarnovo,Region,First Order Division
Vendee,Metropolitan Department,First Order Division
Veneto,Region,First Order Division
Venezia,Province,First Order Division
Ventspils,City,First Order Division
Ventspils,District,First Order Division
Veracruz,State,First Order Division
Veraguas,Province,First Order Division
Verbano-Cusio-Ossola,Province,First Order Division
Vercelli,Province,First Order Division
Vermont,State,First Order Division
Verona,Province,First Order Division
Verzej,Undesignated,First Order Division
Vest-Agder,County,First Order Division
Vestfiroir,Region,First Order Division
Vestfold,County,First Order Division
Vesturland,Region,First Order Division
Veszprem,County,First Order Division
Veszprem City,City Of County Right,First Order Division
Vevcani,Municipality,First Order Division
Viana do Castelo,District,First Order Division
Vibo Valentia,Province,First Order Division
Vicenza,Province,First Order Division
Vichada,Department,First Order Division
Victoria,State,First Order Division
Videm,Undesignated,First Order Division
Vidin,Region,First Order Division
Vienne,Metropolitan Department,First Order Division
Vientiane,Province,First Order Division
Vientiane Prefecture,Prefecture,First Order Division
Viesite,District,First Order Division
Vieux Fort,District,First Order Division
Vila Real,District,First Order Division
Vilaka,District,First Order Division
Vilani,District,First Order Division
Viljandimaa,County,First Order Division
Villa Clara,Province,First Order Division
Ville de Kigali,Province,First Order Division
Vilniaus Apskritis,County,First Order Division
Vinh Long,Province,First Order Division
Vinh Phuc,Province,First Order Division
Vinica,Municipality,First Order Division
Vinnyts'ka,Region,First Order Division
Vipava,Undesignated,First Order Division
Viqueque,District,First Order Division
"Virgin Islands,  U.S.",Outlying Area,First Order Division
Virginia,State,First Order Division
Viroviticko-podravska zupanija,County,First Order Division
Viseu,District,First Order Division
Vitanje,Undesignated,First Order Division
Viterbo,Province,First Order Division
Vitsyebskaya voblasts,Region,First Order Division
Vizcaya,Province,First Order Division
Vlaams Brabant,Province,First Order Division
Vladimirskaya,Administrative Region,First Order Division
Vlore,District,First Order Division
Vlore,County,First Order Division
Vodice,Undesignated,First Order Division
Voiotia,Department,First Order Division
Vojnik,Undesignated,First Order Division
Volgogradskaya,Administrative Region,First Order Division
Vologodskaya,Administrative Region,First Order Division
Volta,Region,First Order Division
Volyns'ka,Region,First Order Division
Vorarlberg,State,First Order Division
Voreio Aigaio,Administrative Regions,First Order Division
Voronezhskaya,Administrative Region,First Order Division
Vorumaa,County,First Order Division
Vosges,Metropolitan Department,First Order Division
Vrancea,County,First Order Division
Vranestica,Municipality,First Order Division
Vransko,Undesignated,First Order Division
Vrapciste,Municipality,First Order Division
Vratsa,Region,First Order Division
Vrhnika,Undesignated,First Order Division
Vsetin,District,First Order Division
Vukovarsko-srijemska zupanija,County,First Order Division
Vuzenica,Undesignated,First Order Division
Vyskov,District,First Order Division
Vysocina,Region,First Order Division
Wadday,Region,First Order Division
Wadi al Hayat,Popularate,First Order Division
Wadi ash Shati,Popularate,First Order Division
Wadi Fira,Region,First Order Division
Waikato,Regional Council,First Order Division
Wakayama,Perfecture,First Order Division
Wake Island,Territory,First Order Division
Wakefield,Metropolitan District,First Order Division
Wakiso,District,First Order Division
Wales,Principality,First Order Division
Wallis et Futuna,Overseas Territory,First Order Division
Wallonia,Region,First Order Division
Walsall,Metropolitan District,First Order Division
Waltham Forest,Borough,First Order Division
Wandsworth,Borough,First Order Division
Wangdue Phodrang,District,First Order Division
Wanica,District,First Order Division
Wardak,Province,First Order Division
Warminsko-mazurskie,Voivodship,First Order Division
Warrap,States,First Order Division
Warrington,Unitary Authority,First Order Division
Warwick,Parish,First Order Division
Warwickshire,Two-Tier County,First Order Division
Washington,State,First Order Division
Wasit,Province,First Order Division
Waterford,County,First Order Division
Wele-Nzas,Province,First Order Division
Wellington,Regional Council,First Order Division
West,Region,First Order Division
West Bay,District,First Order Division
West Bengal,State,First Order Division
West Berkshire,Unitary Authority,First Order Division
West Coast,Regional Council,First Order Division
West Dunbartonshire,Council Area (Scotland),First Order Division
West Grand Bahama,District,First Order Division
West Lothian,Council Area (Scotland),First Order Division
West New Britain,Province,First Order Division
West Sussex,Two-Tier County,First Order Division
West Virginia,State,First Order Division
West-Vlaanderen,Province,First Order Division
Western,Province,First Order Division
Western,Province,First Order Division
Western,Division,First Order Division
Western,Division,First Order Division
Western,Region,First Order Division
Western,Province,First Order Division
Western,Province,First Order Division
Western,Geographic Regions,First Order Division
Western Area,Area,First Order Division
Western Australia,State,First Order Division
Western Bahr el-Ghazal,States,First Order Division
Western Cape,Province,First Order Division
Western Equatoria,States,First Order Division
Western Highlands,Province,First Order Division
Western Samar,Province,First Order Division
Western Tobago,Region,First Order Division
Western Visayas,Region,First Order Division
Westmeath,County,First Order Division
Westminster,Borough,First Order Division
Westmoreland,Parish,First Order Division
Wexford,County,First Order Division
Wicklow,County,First Order Division
Wielkopolskie,Voivodship,First Order Division
Wien,State,First Order Division
Wigan,Metropolitan District,First Order Division
Wilayah Persekutuan Kuala Lumpur,Federal Territory,First Order Division
Wilayah Persekutuan Labuan,Federal Territory,First Order Division
Wilayah Persekutuan Putrajaya,Federal Territory,First Order Division
Wiltshire,Unitary Authority,First Order Division
Windsor and Maidenhead,Unitary Authority,First Order Division
Wirral,Metropolitan District,First Order Division
Wisconsin,State,First Order Division
Wokingham,Unitary Authority,First Order Division
Woleu-Ntem,Province,First Order Division
Wolverhampton,Metropolitan District,First Order Division
Woqooyi Galbeed,Region,First Order Division
Worcestershire,Two-Tier County,First Order Division
Worodougou,Region,First Order Division
Wotho,Municipality,First Order Division
Wotje,Municipality,First Order Division
Wrexham,Unitary Authority (Wales),First Order Division
Wyoming,State,First Order Division
Xacmaz,District,First Order Division
Xaghra,Council,First Order Division
Xaignabouli,Province,First Order Division
Xaisomboun,Special Zone,First Order Division
Xankendi,Municipality,First Order Division
Xanthi,Department,First Order Division
Xekong,Province,First Order Division
Xewkija,Council,First Order Division
Xghajra,Council,First Order Division
Xianggang,Special Administrative Region,First Order Division
Xiangkhoang,Province,First Order Division
Xinjiang,Autonomous Region,First Order Division
Xizang,Autonomous Region,First Order Division
Xizi,District,First Order Division
Xocali,District,First Order Division
Xocavand,District,First Order Division
Xorazm,Region,First Order Division
Yagha,Province,First Order Division
Yala,Province,First Order Division
Yalova,Province,First Order Division
Yamagata,Perfecture,First Order Division
Yamaguti,Perfecture,First Order Division
Yamalo-Nenetskiy avtonomnyy,Autonomous District,First Order Division
Yamanasi,Perfecture,First Order Division
Yambol,Region,First Order Division
Yanggang-do,Province,First Order Division
Yangon,Division,First Order Division
Yap,State,First Order Division
Yapanaya,District,First Order Division
Yaracuy,State,First Order Division
Yardimli,District,First Order Division
Yaren,District,First Order Division
Yaroslavskaya,Administrative Region,First Order Division
Yasothon,Province,First Order Division
Yatenga,Province,First Order Division
Yazd,Province,First Order Division
YeDebub Biheroch Bihereseboch na Hizboch,State,First Order Division
Yen Bai,Province,First Order Division
Yerushalayim,District,First Order Division
Yevlax,District,First Order Division
Yevlax City,Municipality,First Order Division
Yevreyskaya avtonomnaya,Autonomous Region,First Order Division
Yobe,State,First Order Division
Yogyakarta,Special Region,First Order Division
Yomou,Perfecture,First Order Division
Yonne,Metropolitan Department,First Order Division
York,Unitary Authority,First Order Division
Yoro,Department,First Order Division
Yozgat,Province,First Order Division
Ysyk-Kol,Region,First Order Division
Yucatan,State,First Order Division
Yukon Territory,Territory,First Order Division
Yumbe,District,First Order Division
Yunlin,District,First Order Division
Yunnan,Province,First Order Division
Yvelines,Metropolitan Department,First Order Division
Zabajkal'skij,Administrative Territory,First Order Division
Zabbar,Council,First Order Division
Zabljak,Commune,First Order Division
Zabul,Province,First Order Division
Zacapa,Department,First Order Division
Zacatecas,State,First Order Division
Zachodniopomorskie,Voivodship,First Order Division
Zadarska zupanija,County,First Order Division
Zaghouan,Governorate,First Order Division
Zagora,Province,First Order Division
Zagorje ob Savi,Undesignated,First Order Division
Zagrebacka zupanija,County,First Order Division
Zaire,Province,First Order Division
Zajas,Municipality,First Order Division
Zajeearski,District,First Order Division
Zakarpats'ka,Region,First Order Division
Zakynthos,Department,First Order Division
Zala,County,First Order Division
Zalaegerszeg,City Of County Right,First Order Division
Zalec,Undesignated,First Order Division
Zalingei,Undesignated,First Order Division
Zambales,Province,First Order Division
Zambezia,Province,First Order Division
Zamboanga del Norte,Province,First Order Division
Zamboanga del Sur,Province,First Order Division
Zamboanga Peninsula,Region,First Order Division
Zamboanga Sibuguey,Province,First Order Division
Zamfara,State,First Order Division
Zamora,Province,First Order Division
Zamora-Chinchipe,Province,First Order Division
Zangilan,District,First Order Division
Zanjan,Province,First Order Division
Zanzan,Region,First Order Division
Zapadnobaeki,District,First Order Division
Zapadnohercegovina,Canton,First Order Division
Zaporiz'ka,Region,First Order Division
Zaqatala,District,First Order Division
Zaragoza,Province,First Order Division
Zardab,District,First Order Division
Zavrc,Undesignated,First Order Division
Zd'ar nad Sazavou,District,First Order Division
Zebbug Ghawdex,Council,First Order Division
Zebbug Malta,Council,First Order Division
Zeeland,Province,First Order Division
Zeeland,Region,First Order Division
Zejtun,Council,First Order Division
Zelenikovo,Municipality,First Order Division
Zelezniki,Undesignated,First Order Division
Zelino,Municipality,First Order Division
Zenica-dobojski,Canton,First Order Division
Zetale,Undesignated,First Order Division
Zhambyl oblysy,Region,First Order Division
Zhejiang,Province,First Order Division
Zhemgang,District,First Order Division
Zhytomyrs'ka,Region,First Order Division
Ziguinchor,Region,First Order Division
Zilinsky,Region,First Order Division
Zilupe,District,First Order Division
Zinder,Region,First Order Division
Ziri,Undesignated,First Order Division
Ziro,Province,First Order Division
Zirovnica,Undesignated,First Order Division
Zlatiborski,District,First Order Division
Zlin,District,First Order Division
Zlinsky,Region,First Order Division
Znojmo,District,First Order Division
Zomba,District,First Order Division
Zondoma,Province,First Order Division
Zonguldak,Province,First Order Division
Zou,Department,First Order Division
Zoundweogo,Province,First Order Division
Zrece,Undesignated,First Order Division
Zrnovci,Municipality,First Order Division
Zufar,Governorate,First Order Division
Zug,Canton,First Order Division
Zuid-Holland,Province,First Order Division
Zulia,State,First Order Division
Zurich,Canton,First Order Division
Zurrieq,Council,First Order Division
Zuzemberk,Undesignated,First Order Division
