name	strunz_mindat_number
Abellaite	5.BE.X
Abelsonite	10.CA.20
Abenakiite-(Ce)	9.CK.10
Abernathyite	8.EB.15
Abhurite	3.DA.30
Abramovite	2.HF.25a
Abswurmbachite	9.AG.05
Abuite	
Acanthite	2.BA.35
Acetamide	10.AA.20
Achalaite	
Achavalite	2.CC.05
Achyrophanite	8.BF.30
Acmonidesite	
Actinolite	9.DE.10
Acuminite	3.CC.10
Adachiite	
Adamite	8.BB.30
Adamsite-(Y)	5.CC.30
Adanite	
Addibischoffite	
Adelite	8.BH.35
Admontite	6.FA.15
Adolfpateraite	
Adranosite	
Adranosite-(Fe)	
Adrianite	
Aegirine	9.DA.25
Aegirine-augite	9.DA.20
Aenigmatite	9.DH.40
Aerinite	9.DB.45
Aerugite	8.BC.15
Aeschynite-(Ce)	4.DF.05
Aeschynite-(Nd)	4.DF.05
Aeschynite-(Y)	4.DF.05
Afghanite	9.FB.05
Afmite	8.DD.15
Afwillite	9.AG.75
Agaite	
Agakhanovite-(Y)	
Agardite-(Ce)	8.DL.15
Agardite-(La)	8.DL.15
Agardite-(Nd)	8.DL.15
Agardite-(Y)	8.DL.15
Agmantinite	
Agrellite	9.DH.75
Agricolaite	5.ED.50
Agrinierite	4.GB.05
Aguilarite	2.BA.55
Aheylite	8.DD.15
Ahlfeldite	4.JH.10
Ahrensite	
Aikinite	2.HB.05a
Aiolosite	7.BD.20
Airdite	
Ajoite	9.EA.70
Akaganeite	4.DK.05
Akaogiite	
Akatoreite	9.BH.15
Akdalaite	4.FL.70
Akermanite	9.BB.10
Akhtenskite	4.DB.15b
Akimotoite	4.CB.05
Aklimaite	
Akopovaite	5.DA.55
Akrochordite	8.DD.10
Aksaite	6.FA.05
Aktashite	2.GA.30
Alabandite	2.CD.10
Alacranite	2.FA.20
Alamosite	9.DO.20
Alarsite	8.AA.05
Albertiniite	4.JE.X
Albite	9.FA.35
Albrechtschraufite	5.ED.15
Alburnite	
Alcantarillaite	8.DM.60
Alcaparrosaite	
Aldermanite	8.DM.35
Aldomarinoite	
Aldridgeite	
Aleksandrovite	9.CJ.25
Aleksite	2.GC.40a
Aleutite	8.BB.50
Alexkhomyakovite	
Alexkuznetsovite-(Ce)	
Alexkuznetsovite-(La)	9.BE.82
Alflarsenite	
Alforsite	8.BN.05
Alfredcasparite	
Alfredopetrovite	7.CA.X
Alfredstelznerite	
Algodonite	2.AA.10a
Alicewilsonite-(YCe)	
Alicewilsonite-(YLa)	
Aliettite	9.EC.60
Allabogdanite	1.BD.15
Allactite	8.BE.30
Allanite-(Ce)	9.BG.05b
Allanite-(La)	9.BG.05b
Allanite-(Nd)	9.BG.05b
Allanite-(Y)	9.BG.05b
Allanpringite	8.DC.50
Allantoin	
Allargentum	2.AA.30
Alleghanyite	9.AF.45
Allendeite	
Allochalcoselite	4.JG.40
Alloclasite	2.EB.10b
Allophane	9.ED.20
Alloriite	9.FB.05
Alluaivite	9.CO.10
Alluaudite	8.AC.10
Almandine	9.AD.25
Almarudite	9.CM.05
Almeidaite	
Alnaperboeite-(Ce)	
Alpeite	9.BJ.40
Alpersite	7.CB.35
Alsakharovite-Zn	9.CE.30h
Alstonite	5.AB.35
Altaite	2.CD.10
Alterite	7.DE.42
Althausite	8.BB.25
Althupite	8.EC.25
Altisite	9.DP.40
Alum-(K)	7.CC.20
Alum-(Na)	7.CC.20
Aluminite	7.DC.05
Aluminium	1.AA.05
Alumino-ferrobarroisite	
Alumino-ferrohornblende	
Alumino-ferrotschermakite	
Alumino-ferrowinchite	
Alumino-magnesiohornblende	
Alumino-magnesiotaramite	
Alumino-ottoliniite	
Alumino-oxy-rossmanite	
Aluminobarroisite	
Aluminoceladonite	9.EC.15
Aluminocerite-(CeCa)	9.AG.20
Aluminocopiapite	7.DB.35
Aluminocoquimbite	7.CB.50
Aluminokatophorite	
Aluminomagnesiohulsite	6.AB.45
Aluminopyracmonite	
Aluminosugilite	9.CM.9.CM.
Aluminotaipingite-(CeCa)	
Aluminotschermakite	
Aluminowinchite	
Alumoakermanite	9.BB.10
Alumoedtollite	
Alumohydrocalcite	5.DB.05
Alumoklyuchevskite	7.BC.45
Alumolukrahnite	
Alumotantite	4.DB.55
Alumotungstite	4.DH.15 va
Alumovesuvianite	
Alunite	7.BC.10
Alunogen	7.CB.45
Alvanite	8.FE.05
Alvesite	
Alwilkinsite-(Y)	
Amakinite	4.FE.05
Amamoorite	9.BE.07
Amarantite	7.DB.30
Amarillite	7.CC.75
Amblygonite	8.BB.05
Ambrinoite	2.HE.10
Ameghinite	6.CA.10
Amesite	9.ED.15
Amgaite	
Amicite	9.GC.05
Aminoffite	9.BH.05
Ammineite	
Ammonioalunite	7.BC.10
Ammonioborite	6.EA.15
Ammoniojarosite	7.BC.10
Ammoniolasalite	
Ammonioleucite	9.GB.05
Ammoniomagnesiovoltaite	7.CC.25
Ammoniomathesiusite	
Ammoniotinsleyite	
Ammoniovoltaite	
Ammoniozippeite	7.EC.05
Amoraite	
Amstallite	9.DP.25
Analcime	9.GB.05
Anandite	9.EC.35
Anapaite	8.CH.10
Anastasenkoite	
Anatacamite	
Anatase	4.DD.05
Anatolyite	8.AC.47
Ancylite-(Ce)	5.DC.05
Ancylite-(La)	5.DC.05
Andalusite	9.AF.10
Andersonite	5.ED.30
Andesine	
Andradite	9.AD.25
Andreadiniite	
Andremeyerite	9.BB.20
Andreybulakhite	
Andreyivanovite	1.BD.15
Andrianovite	9.CO.10
Andrieslombaardite	
Anduoite	2.EB.15a
Andychristyite	
Andymcdonaldite	
Andyrobertsite	8.DH.50
Angarfite	
Angastonite	8.DL.25
Angelaite	2.JB.25f
Angelellite	8.BC.05
Anglesite	7.AD.35
Anhydrite	7.AD.30
Anhydrokainite	7.BC.80
Anilite	2.BA.10
Aniyunwiyaite	
Ankangite	
Ankerite	5.AB.10
Ankinovichite	8.FE.05
Annabergite	8.CE.40
Annite	9.EC.20
Annivite	
Anorpiment	
Anorthite	9.FA.35
Anorthoclase	
Anorthominasragrite	7.DB.20
Anorthoroselite	8.CG.05
Anorthoyttrialite-(Y)	
Ansermetite	4.HD.30
Antarcticite	3.BB.30
Anthoinite	7.GB.35
Anthonyite	3.DA.40
Anthophyllite	9.DD.05
Antigorite	9.ED.15
Antimonselite	2.DB.05
Antimony	1.CA.05
Antipinite	
Antipovite	
Antitaenite	1.AE.10
Antlerite	7.BB.15
Antofagastaite	7.CD.35
Anyuiite	1.AA.15
Anzaite-(Ce)	
Apachite	9.HE.10
Apexite	
Aphthitalite	7.AC.35
Apjohnite	7.CB.85
Aplowite	7.CB.15
Apuanite	4.JA.25
Aqualite	9.CO.10
Aradite	
Aragonite	5.AB.15
Arakiite	8.BE.45
Aramayoite	2.HA.25
Arangasite	
Arapovite	9.CH.10
Aravaipaite	3.BB.35
Aravaite	
Arcanite	7.AD.05
Archerite	8.AD.15
Arctite	8.BN.10
Arcubisite	2.LA.40
Ardaite	2.LB.30
Ardealite	8.CJ.50
Ardennite-(As)	9.BJ.40
Ardennite-(V)	9.BJ.40
Arfvedsonite	9.DE.25
Argandite	8.BE.30
Argentobaumhauerite	2.HC.05b
Argentodufrenoysite	2.HC.05d
Argentojarosite	7.BC.10
Argentoliveingite	2.HC.05c
Argentopearceite	
Argentopentlandite	2.BB.15
Argentopolybasite	
Argentopyrite	2.CB.65
Argentotennantite-(Zn)	2.GB.05
Argentotetrahedrite-(Cd)	
Argentotetrahedrite-(Fe)	2.GB.05
Argentotetrahedrite-(Hg)	
Argentotetrahedrite-(Zn)	
Argesite	
Argutite	4.DB.05
Argyrodite	2.BA.70
Arhbarite	8.BE.25
Ariegilatite	
Arisite-(Ce)	5.BD.18
Arisite-(La)	5.BD.18
Aristarainite	6.FB.05
Armalcolite	4.CB.15
Armangite	4.JB.20
Armbrusterite	9.EG.65
Armellinoite-(Ce)	8.CG.25
Armenite	9.CM.05
Armstrongite	9.EA.35
Arnhemite	8.FC.20
Arrheniusite-(Ce)	
Arrojadite-(BaNa)	8.BF.05
Arrojadite-(KFe)	8.BF.05
Arrojadite-(KNa)	8.BF.05
Arrojadite-(NaFe)	8.BF.05
Arrojadite-(PbFe)	8.BF.05
Arrojadite-(SrFe)	8.BF.05
Arsenatrotitanite	8.BH.10
Arsenbrackebuschite	8.BG.05
Arsendescloizite	8.BH.35
Arsenic	1.CA.05
Arseniopleite	8.AC.10
Arseniosiderite	8.DH.30
Arsenmarcobaldiite	2.JB.30a
Arsenmedaite	
Arsenoclasite	8.BD.10
Arsenocrandallite	8.BL.10
Arsenoflorencite-(Ce)	8.BL.13
Arsenoflorencite-(La)	8.BL.13
Arsenoflorencite-(Nd)	8.BL.13
Arsenogoldfieldite	
Arsenogorceixite	8.BL.10
Arsenogoyazite	8.BL.10
Arsenohauchecornite	2.BB.10
Arsenohopeite	8.CA.30
Arsenolamprite	1.CA.10
Arsenolite	4.CB.50
Arsenopalladinite	2.AC.10c
Arsenopyrite	2.EB.20
Arsenotucekite	
Arsenoustalecite	
Arsenovanmeersscheite	8.EC.20
Arsenoveszelyite	
Arsenowagnerite	8.BB.X
Arsenowaylandite	8.BL.13
Arsenpolybasite	
Arsenquatrandorite	
Arsentsumebite	8.BG.05
Arsenudinaite	8.AC.50
Arsenuranospathite	8.EB.25
Arsenuranylite	8.EC.10
Arsiccioite	
Arsmirandite	
Arthurite	8.DC.15
Artinite	5.DA.10
Artroeite	3.CC.15
Artsmithite	8.BO.40
Arupite	8.CE.40
Arzakite	2.FC.15a
Arzrunite	7.DF.60
Asagiite	
Asbecasite	4.JB.30
Asbolane	4.FL.30
Aschamalmite	2.JB.40b
Ashburtonite	9.CF.05
Ashcroftine-(Y)	9.DN.15
Ashoverite	4.FA.10
Asimowite	9.BE.X
Asisite	3.DB.40
Askagenite-(Nd)	9.BG.05b
Aspedamite	
Aspidolite	9.EC.20
Asselbornite	8.ED.10
Astrocyanite-(Ce)	5.EF.05
Astrophyllite	9.DC.05
Atacamite	3.DA.10a
Atelestite	8.BO.15
Atelisite-(Y)	
Atencioite	8.DA.10
Athabascaite	2.BA.25
Atheneite	2.AC.05a
Atlasovite	7.BC.20
Atokite	1.AG.10
Attakolite	8.BH.60
Attikaite	8.DJ.45
Aubertite	7.DB.05
Auerbakhite	
Augelite	8.BE.05
Augite	9.DA.15
Auriacusite	8.BB.30
Aurichalcite	5.BA.15
Auricupride	1.AA.10a
Aurihydrargyrumite	
Aurivilliusite	3.DD.50
Auroantimonate	4.CB.05
Aurorite	4.FL.20
Auroselenide	
Aurostibite	2.EB.05a
Austinite	8.BH.35
Autunite	8.EB.05
Avdeevite	
Avdoninite	3.DA.55
Averievite	8.BB.85
Avicennite	4.CB.10
Avogadrite	3.CA.10
Awaruite	1.AE.20
Axelite	
Axinite-(Fe)	9.BD.20
Axinite-(Mg)	9.BD.20
Axinite-(Mn)	9.BD.20
Azoproite	6.AB.30
Azurite	5.BA.05
Babanekite	8.CE.X
Babefphite	8.BA.15
Babingtonite	9.DK.05
Babkinite	2.GC.40e
Backite	
Badakhshanite-(Y)	9.EA.45
Badalovite	8.AC.05
Baddeleyite	4.DE.35
Badengzhuite	1.BD.60
Bafertisite	9.BE.55
Baghdadite	9.BE.17
Bahariyaite	
Bahianite	4.DC.05
Baiamareite	
Baileychlore	9.EC.55
Bainbridgeite-(NdCe)	
Bainbridgeite-(YCe)	
Bairdite	
Bakakinite	
Bakerite	
Bakhchisaraitsevite	8.CH.50
Baksanite	2.DC.05
Balangeroite	9.DH.35
Balestraite	
Baliczunicite	
Balipholite	9.DB.05
Balkanite	2.BD.15
Balliranoite	9.FB.05
Balyakinite	4.JK.15
Bambollaite	2.EB.05b
Bamfordite	4.FK.05
Banalsite	9.FA.60
Bandylite	6.AC.35
Bannermanite	4.HF.05
Bannisterite	9.EG.75
Baotite	9.CE.15
Barahonaite-(Al)	8.CH.60
Barahonaite-(Fe)	8.CH.60
Bararite	3.CH.10
Baratovite	9.CJ.25
Barberiite	3.CA.10
Barbertonite	
Barbosalite	8.BB.40
Barentsite	5.BB.05
Bariandite	4.HE.20
Baricite	8.CE.40
Barikaite	
Bario-olgite	8.AC.40
Bario-orthojoaquinite	9.CE.25
Barioferrite	4.CC.45
Bariomicrolite	
Barioperovskite	4.CC.30
Bariopharmacoalumite	8.DK.12
Bariopharmacosiderite	8.DK.10
Bariopyrochlore	
Bariosincosite	8.CJ.65
Barium-zinc alumopharmocosiderite	
Barlowite	3.DA.15
Barnesite	4.HG.45
Barquillite	2.KA.10
Barrerite	9.GE.15
Barringerite	1.BD.10
Barringtonite	5.CA.15
Barroisite	9.DE.20
Barrotite	7.DE.45
Barrydawsonite-(Y)	
Barstowite	3.DC.95
Bartelkeite	9.J0.10
Bartonite	2.FC.10
Barwoodite	
Barylite	9.BB.15
Barysilite	9.BC.20
Baryte	7.AD.35
Barytocalcite	5.AB.45
Barytolamprophyllite	9.BE.25
Bassanite	7.CD.45
Bassetite	8.EB.10
Bassoite	
Bastnasite-(Ce)	5.BD.20a
Bastnasite-(La)	5.BD.20a
Bastnasite-(Nd)	5.BD.20a
Bastnasite-(Y)	5.BD.20a
Batagayite	
Batievaite-(Y)	
Batiferrite	4.CC.45
Batisite	9.DH.20
Batisivite	9.BE.95
Batoniite	
Baumhauerite	2.HC.05b
Baumhauerite II	2.HC.05b
Baumoite	
Baumstarkite	2.HA.25
Bauranoite	4.GB.20
Bavenite	9.DF.25
Bavsiite	
Bayerite	4.FE.10
Bayldonite	8.BH.45
Bayleyite	5.ED.05
Baylissite	5.CB.45
Bazhenovite	2.FD.50
Bazirite	9.CA.05
Bazzite	9.CJ.05
Bearsite	8.DA.05
Bearthite	8.BG.05
Beaverite-(Cu)	7.BC.10
Beaverite-(Zn)	7.BC.10
Bechererite	7.DD.55
Beckettite	
Becquerelite	4.GB.10
Bederite	8.CF.05
Beershevaite	
Behierite	6.AC.15
Behoite	4.FA.05a
Behounekite	
Beidellite	9.EC.40
Belakovskiite	
Belendorffite	1.AD.10
Belkovite	9.BE.75
Bellbergite	9.GD.20
Bellidoite	2.BA.20
Bellingerite	4.KC.05
Belloite	3.DA.10b
Belogubite	7.CB.12
Belomarinaite	7.AC.35
Belousovite	7.BC.45
Belovite-(Ce)	8.BN.05
Belovite-(La)	8.BN.05
Belyankinite	4.FM.25
Bementite	9.EE.05
Benauite	8.BL.10
Benavidesite	2.HB.15
Bendadaite	8.DC.15
Benitoite	9.CA.05
Benjaminite	2.JA.05e
Benleonardite	2.LA.50
Bennesherite	9.BB.20
Benstonite	5.AB.55
Bentorite	7.DG.15
Benyacarite	8.DH.35
Beraunite	8.DC.27
Berborite	6.AB.10
Berdesinskiite	4.CB.30
Berezanskite	9.CM.05
Bergenite	8.EC.40
Bergslagite	8.BA.10
Berlinite	8.AA.05
Bermanite	8.DC.20
Bernalite	4.FC.05
Bernardevansite	
Bernardite	2.HD.50
Bernarlottiite	
Berndtite	2.EA.20
Berryite	2.HB.20d
Berthierine	9.ED.15
Berthierite	2.HA.20
Bertossaite	8.BH.25
Bertrandite	9.BD.05
Beryl	9.CJ.05
Beryllite	9.AE.05
Beryllocordierite-Na	
Beryllonite	8.AA.10
Beryllosachanbinskiite-Na	
Berzelianite	2.BA.20
Berzeliite	8.AC.25
Beshtauite	
Beta - iridisite	
Betekhtinite	2.BE.05
Betpakdalite-CaCa	8.DM.15
Betpakdalite-CaMg	
Betpakdalite-FeFe	
Betpakdalite-NaCa	8.DM.15
Betpakdalite-NaNa	
Bettertonite	
Betzite	
Beudantite	8.BL.05
Beusite	8.AB.20
Beusite-(Ca)	8.AB.20
Beyerite	5.BE.35
Bezsmertnovite	2.BA.80
Biachellaite	9.FB.05
Biagioniite	
Bianchiniite	4.JB.90
Bianchite	7.CB.25
Bicapite	8.FD.10
Bicchulite	9.FB.10
Bideauxite	3.DB.25
Bieberite	7.CB.35
Biehlite	4.DB.60
Bigcreekite	9.DF.30
Bijvoetite-(Y)	5.EB.20
Bikitaite	9.GD.55
Bilibinskite	2.BA.80
Bilinite	7.CB.85
Billietite	4.GB.10
Billingsleyite	2.KB.05
Billwiseite	4.DE.40
Bimbowrieite	
Bindheimite	4.DH.20
Biphosphammite	8.AD.15
Biraite-(Ce)	9.BE.90
Biraite-(La)	
Birchite	8.DB.70
Biringuccite	6.EC.05
Birnessite	4.FL.45
Birunite	7.DG.15
Bischofite	3.BB.15
Bismite	4.CB.60
Bismoclite	3.DC.25
Bismuth	1.CA.05
Bismuthinite	2.DB.05
Bismutite	5.BE.25
Bismutocolumbite	4.DE.30
Bismutoferrite	9.ED.25
Bismutohauchecornite	2.BB.10
Bismutomicrolite	
Bismutopyrochlore	
Bismutostibiconite	
Bismutotantalite	4.DE.30
Bitikleite	
Bityite	9.EC.35
Bixbyite-(Fe)	4.CB.10
Bixbyite-(Mn)	4.CB.10
Bjarebyite	8.BH.20
Blakeite	4.JM.10
Blatonite	5.EB.10
Blatterite	6.AB.40
Bleasdaleite	8.DK.25
Blixite	3.DC.50
Blodite	7.CC.50
Blossite	8.FA.05
Bluebellite	
Bluelizardite	7.EC.40
Bluestreakite	4.HC.20
Bobcookite	
Bobdownsite	
Bobfergusonite	8.AC.15
Bobfinchite	
Bobierrite	8.CE.35
Bobjonesite	7.DB.25
Bobkingite	3.DA.50
Bobmeyerite	
Bobshannonite	
Bobtraillite	9.CA.30
Bodieite	4.JL.40
Bogdanovite	2.BA.80
Boggildite	
Boggsite	9.GC.30
Bogvadite	
Bohdanowiczite	2.JA.20
Bohmite	4.FE.15
Bohseite	
Bohuslavite	8.DB.42
Bojarite	
Bokite	4.HE.20
Boleite	3.DB.15
Bolivarite	8.DF.10
Bolotinaite	
Boltwoodite	9.AK.15
Bonaccordite	6.AB.30
Bonacinaite	8.CD.05
Bonattite	7.CB.10
Bonazziite	
Bonshtedtite	5.BF.10
Boojumite	
Boothite	7.CB.35
Boracite	6.GA.05
Boralsilite	9.BD.30
Borax	6.DA.10
Borcarite	6.DA.40
Borisenkoite	
Borishanskiite	
Bornemanite	9.BE.50
Bornhardtite	2.DA.05
Bornite	2.BA.15
Borocookeite	9.EC.55
Borodaevite	2.JA.05g
Boromullite	9.AF.23
Boromuscovite	9.EC.15
Borovskite	2.LA.60
Bortnikovite	1.AG.65
Bortolanite	
Borzeckiite	
Boscardinite	
Bosiite	
Bosoite	
Bostwickite	9.HC.10
Botallackite	3.DA.10b
Botryogen	7.DC.25
Bottinoite	4.FH.05
Botuobinskite	
Bouazzerite	8.DH.60
Boulangerite	2.HC.15
Bounahasite	
Bournonite	2.GA.50
Bouskaite	7.DE.50
Boussingaultite	7.CC.60
Bowieite	2.DB.15
Bowlesite	2.BC.55
Boyleite	7.CB.15
Brabantite	
Braccoite	
Bracewellite	4.FD.10
Brackebuschite	8.BG.05
Bradaczekite	8.AC.10
Bradleyite	5.BF.10
Braggite	2.CC.35a
Braithwaiteite	8.DB.75
Braitschite-(Ce)	6.H0.10
Branchite	10.BA.10
Brandaoite	
Brandholzite	4.FH.05
Brandtite	8.CG.10
Brannerite	4.DH.05
Brannockite	9.CM.05
Brass	
Brassite	8.CE.15
Brattforsite	
Braunerite	5.ED.55
Braunite	9.AG.05
Brazilianite	8.BK.05
Brearleyite	
Bredigite	9.AD.20
Breithauptite	2.CC.05
Brendelite	8.BM.15
Brenkite	5.BC.05
Brewsterite-Ba	9.GE.20
Brewsterite-Sr	9.GE.20
Breyite	9.CA.25
Brezinaite	2.DA.15
Brianite	8.AC.30
Brianroulstonite	6.EC.35
Brianyoungite	5.BF.30
Briartite	2.KA.10
Bridgesite-(Ce)	7.DF.62
Bridgmanite	
Brindleyite	9.ED.15
Brinrobertsite	9.EC.60
Britholite-(Ce)	9.AH.25
Britholite-(Y)	9.AH.25
Britvinite	9.EG.70
Brizziite	4.CB.05
Brochantite	7.BB.25
Brockite	8.CJ.45
Brodtkorbite	2.BD.55
Brokenhillite	9.EE.10
Bromargyrite	3.AA.15
Bromellite	4.AB.20
Brontesite	
Brookite	4.DD.10
Browneite	
Brownleeite	
Brownmillerite	4.AC.10
Brucite	4.FE.05
Bruggenite	4.KC.10
Brugnatellite	5.DA.45
Brumadoite	
Brunogeierite	9.AC.15
Brushite	8.CJ.50
Bubnovaite	
Buchwaldite	8.AD.25
Buckhornite	2.HB.20b
Buddingtonite	9.FA.30
Bukovite	2.BD.30
Bukovskyite	8.DB.40
Bulachite	8.DE.15
Bulgakite	
Bultfonteinite	9.AG.80
Bunnoite	
Bunsenite	4.AB.25
Burangaite	8.DK.15
Burbankite	5.AC.30
Burckhardtite	9.EC.70
Burgessite	8.CB.60
Burkeite	7.BD.25
Burnettite	
Burnsite	4.JG.35
Burovaite-Ca	9.CE.30c
Burpalite	9.BE.17
Burroite	4.HC.25
Burtite	4.FC.10
Buryatite	7.DG.15
Buseckite	2.CB.45
Buserite	4.FL.35
Bushmakinite	8.BG.05
Bussenite	9.BE.65
Bussyite-(Ce)	9.EA.80
Bussyite-(Y)	
Bustamite	9.DG.05
Butianite	2.LA.65
Butlerite	7.DC.10
Butschliite	5.AC.15
Buttgenbachite	3.DA.25
Buynite	
Byelorussite-(Ce)	9.CE.25
Bykovaite	9.BE.55
Byrudite	
Bystrite	9.FB.05
Bystromite	4.DB.10
Bytizite	2.GA.20
Bytownite	
Byzantievite	9.AH.50
Cabalzarite	8.CG.15
Cabriite	1.AG.30
Cabvinite	
Cacoxenite	8.DC.40
Cadmium	1.AB.05
Cadmoindite	2.DA.05
Cadmoselite	2.CB.45
Cadmoxite	
Cadwaladerite	3.BD.05
Caesiumpharmacosiderite	
Cafarsite	4.JC.05
Cafetite	4.FL.75
Cahnite	6.AC.70
Caichengyunite	7.CB.57
Cairncrossite	
Calamaite	7.DF.50
Calaverite	2.EA.10
Calciborite	6.BC.10
Calcinaksite	
Calcio-olivine	9.AD.10
Calcioancylite-(Ce)	5.DC.05
Calcioancylite-(La)	
Calcioancylite-(Nd)	5.DC.05
Calcioandyrobertsite	8.DH.50
Calcioaravaipaite	3.AB.37
Calciobetafite	
Calcioburbankite	5.AC.30
Calciocatapleiite	9.CA.15
Calciocopiapite	7.DB.35
Calciodelrioite	
Calcioferrite	8.DH.25
Calciohatertite	
Calciohilairite	9.DM.10
Calciojohillerite	8.AC.05
Calciolangbeinite	
Calciomurmanite	
Calciopetersite	8.DL.15
Calciosamarskite	4.DB.25
Calciotantite	4.DJ.05
Calciouranoite	4.GB.20
Calcioursilite	9.AK.35
Calcioveatchite	
Calcite	5.AB.05
Calcjarlite	3.CC.20
Calclacite	10.AA.25
Calcurmolite	7.HB.15
Calcybeborosilite-(Y)	9.AJ.20
Calderite	9.AD.25
Calderonite	8.BG.05
Caledonite	7.BC.50
Calkinsite-(Ce)	5.CC.25
Callaghanite	5.DA.25
Calomel	3.AA.30
Calumetite	3.DA.40
Calvertite	2.CA.15
Calzirtite	4.DL.10
Camanchacaite	8.AC.05
Camaraite	
Camaronesite	
Camerolaite	7.DE.75
Cameronite	2.DB.35
Camgasite	8.DJ.15
Caminite	7.D0.05
Campigliaite	7.DD.30
Campostriniite	
Canaphite	8.FC.10
Canasite	9.DG.80
Canavesite	6.H0.50
Cancrinite	9.FB.05
Cancrisilite	9.FB.05
Canfieldite	2.BA.70
Cannilloite	9.DE.10
Cannizzarite	2.JB.20
Cannonite	7.BD.35
Canosioite	
Canutite	
Caoxite	10.AB.50
Capgaronnite	2.FC.20a
Cappelenite-(Y)	9.AJ.30
Capranicaite	9.DB.50
Caracolite	7.BD.20
Carboborite	6.AC.50
Carbobystrite	9.FB.05
Carbocalumite	
Carbocernaite	5.AB.50
Carboirite	9.J0.05
Carbokentbrooksite	9.CO.10
Carbonate-fluorapatite	
Carbonate-hydroxylapatite	
Carbonatecyanotrichite	7.DE.10
Cardite	8.CB.65
Carducciite	
Caresite	5.DA.40
Carletonite	9.EB.20
Carletonmooreite	1.BB.45
Carlfrancisite	8.BE.45
Carlfriesite	4.JK.25
Carlgieseckeite-(Nd)	8.BN.05
Carlhintzeite	3.CB.45
Carlinite	2.BD.25
Carlosbarbosaite	4.GB.75
Carlosruizite	7.DG.40
Carlosturanite	9.DJ.25
Carlsbergite	1.BC.15
Carlsonite	
Carmeltazite	4.BB.30
Carmichaelite	4.DB.50
Carminite	8.BH.30
Carnallite	3.BA.10
Carnotite	4.HB.05
Carobbiite	3.AA.20
Carpathite	10.BA.30
Carpholite	9.DB.05
Carraraite	7.DG.15
Carrboydite	7.DD.35
Carrollite	2.DA.05
Caryinite	8.AC.10
Caryochroite	9.HA.65
Caryopilite	9.ED.15
Cascandite	9.DG.07
Caseyite	4.HC.30
Cassagnaite	9.BJ.65
Cassedanneite	7.FC.20
Cassidyite	8.CG.05
Cassiterite	4.DB.05
Castellaroite	
Caswellsilverite	2.FB.05
Catalanoite	8.CJ.70
Catamarcaite	2.CB.35b
Catapleiite	9.CA.15
Cattierite	2.EB.05a
Cattiite	8.CE.50
Cavansite	9.EA.50
Cavoite	4.HE.40
Cayalsite-(Y)	9.A0.05
Caysichite-(Y)	9.DJ.15
Cebaite-(Ce)	5.BD.15
Cebaite-(Nd)	5.BD.15
Cebollite	9.BB.10
Cechite	8.BH.40
Cejkaite	5.ED.50
Celadonite	9.EC.15
Celestine	7.AD.35
Celleriite	
Celsian	9.FA.30
Centennialite	
Cerchiaraite-(Al)	9.CF.25
Cerchiaraite-(Fe)	9.CF.25
Cerchiaraite-(Mn)	9.CF.25
Cerianite-(Ce)	4.DL.05
Ceriopyrochlore-(Ce)	
Cerite-(CeCa)	9.AG.20
Cerium	1.AH.10
Cernyite	2.CB.15a
Cerromojonite	2.GA.50
Ceruleite	8.DE.25
Cerussite	5.AB.15
Cervandonite-(Ce)	9.BE.92
Cervantite	4.DE.30
Cervelleite	2.BA.60
Cesanite	7.BD.20
Cesarferreiraite	
Cesarolite	4.FG.10
Cesbronite	4.JN.15
Cesiodymite	8.BF.35
Cesiokenopyrochlore	
Cesplumtantite	4.DM.15
Cetineite	2.MA.05
Chabazite-Ca	9.GD.10
Chabazite-K	9.GD.10
Chabazite-Mg	9.GD.10
Chabazite-Na	9.GD.10
Chabazite-Sr	9.GD.10
Chabourneite	2.HD.05e
Chadwickite	4.JA.60
Chaidamuite	7.DC.30
Chalcanthite	7.CB.20
Chalcoalumite	7.DD.75
Chalcocite	2.BA.05
Chalcocyanite	7.AB.10
Chalcomenite	4.JH.05
Chalconatronite	5.CB.40
Chalcophanite	4.FL.20
Chalcophyllite	8.DF.30
Chalcopyrite	2.CB.10a
Chalcosiderite	8.DD.15
Chalcostibite	2.HA.05
Chalcothallite	2.BD.40
Challacolloite	3.AA.55
Chambersite	6.GA.05
Chameanite	2.LA.35
Chamosite	9.EC.55
Chanabayaite	10.CA.45
Changbaiite	4.DF.10
Changchengite	2.EB.25
Changesite-(Y)	
Changoite	7.CC.50
Chantalite	9.AG.55
Chaoite	1.CB.05b
Chapmanite	9.ED.25
Charleshatchettite	
Charlesite	7.DG.15
Charmarite	5.DA.40
Charoite	9.DG.92
Chatkalite	2.CB.20
Chayesite	9.CM.05
Chegemite	
Chekhovichite	4.JK.35
Chelkarite	6.H0.05
Chenevixite	8.DD.05
Chengdeite	1.AG.35
Chenguodaite	2.BA.60
Chenite	7.BC.70
Chenmingite	
Chenowethite	
Chenxianite	
Cheralite	8.AD.50
Cheremnykhite	8.DL.20
Cherepanovite	2.CC.15
Chernikovite	8.EB.15
Chernovite-(Y)	8.AD.35
Chernykhite	9.EC.15
Cherokeeite	
Chervetite	8.FA.15
Chesnokovite	9.AC.20
Chessexite	7.DG.35
Chesterite	9.DF.05
Chestermanite	6.AB.40
Chevkinite-(Ce)	9.BE.70
Chiappinoite-(Y)	9.DP.45
Chiavennite	9.GF.25
Chibaite	
Chihmingite	
Chihuahuaite	4.CC.45
Childrenite	8.DD.20
Chiluite	7.BD.55
Chinchorroite	8.FD.15
Chinleite-(Nd)	7.CD.45
Chinleite-(Y)	7.CD.45
Chiolite	3.CE.05
Chirvinskyite	9.BE.92
Chistyakovaite	8.EB.20
Chivruaiite	9.DG.45
Chiyokoite	7.DG.15
Chkalovite	9.DM.20
Chladniite	8.AC.50
Chloraluminite	3.BC.05
Chlorapatite	8.BN.05
Chlorargyrite	3.AA.15
Chlorartinite	5.DA.10
Chlorbartonite	2.FC.10
Chlorellestadite	9.AH.25
Chloritoid	9.AF.85
Chlorkyuygenite	
Chlormagaluminite	5.DA.45
Chlormanganokalite	3.CJ.05
Chlormayenite	4.CC.20
Chloro-potassic-ferro-edenite	
Chlorocalcite	3.AA.40
Chloromagnesite	3.AB.20
Chloromenite	4.JG.10
Chlorophoenicite	8.BE.35
Chlorothionite	7.BC.25
Chloroxiphite	3.DB.30
Choloalite	4.JK.45
Chondrodite	9.AF.45
Chongite	
Chopinite	8.AB.15
Chovanite	2.JB.35e
Chrisstanleyite	2.BC.15
Christelite	7.DD.25
Christite	2.HD.15
Christofschaferite-(Ce)	
Chromatite	7.FA.10
Chrombismite	4.CC.05
Chromceladonite	9.EC.15
Chromferide	1.AE.15
Chromio-pargasite	9.DE.15
Chromite	4.BB.05
Chromium	1.AE.05
Chromium-dravite	9.CK.05
Chromo-alumino-povondraite	9.CK.05
Chromomphacite	
Chromphyllite	9.EC.15
Chromschieffelinite	
Chrysoberyl	4.BA.05
Chrysocolla	9.ED.20
Chrysothallite	3.DA.70
Chrysotile	
Chubarovite	
Chudobaite	8.CE.05
Chukanovite	5.BA.10
Chukhrovite-(Ca)	3.CG.3.CG.
Chukhrovite-(Ce)	3.CG.10
Chukhrovite-(Nd)	3.CG.10
Chukhrovite-(Y)	3.CG.10
Chukochenite	
Chukotkaite	
Churchite-(Nd)	8.CJ.50
Churchite-(Y)	8.CJ.50
Chursinite	8.AD.60
Chvaleticeite	7.CB.25
Chvilevaite	2.FB.10
Cianciulliite	4.FL.55
Cinnabar	2.CD.15a
Ciprianiite	9.DK.20
Ciriottiite	
Cirrolite	8.BH.20
Clairite	7.DF.55
Claraite	5.DA.30
Claringbullite	3.DA.15
Clarkeite	4.GC.05
Claudetite	4.CB.45
Clausthalite	2.CD.10
Clearcreekite	5.DC.30
Clerite	2.HA.20
Cleusonite	4.CC.40
Cliffordite	4.JK.75
Clino-ferri-holmquistite	
Clino-ferro-ferri-holmquistite	9.DE.25
Clino-oscarkempffite	
Clino-suenoite	
Clinoatacamite	3.DA.10b
Clinobarylite	
Clinobehoite	4.FA.05b
Clinobisvanite	8.AD.65
Clinocervantite	4.DE.30
Clinochalcomenite	4.JH.10
Clinochlore	9.EC.55
Clinoclase	8.BE.20
Clinoenstatite	9.DA.10
Clinofergusonite-(Ce)	4.DG.10
Clinofergusonite-(Nd)	4.DG.10
Clinofergusonite-(Y)	4.DG.10
Clinoferroholmquistite	9.DE.20
Clinoferrosilite	9.DA.10
Clinohedrite	9.AE.30
Clinohumite	9.AF.55
Clinojimthompsonite	9.DF.05
Clinokurchatovite	6.BA.10
Clinometaborite	
Clinophosinaite	9.CF.15
Clinoptilolite-Ca	9.GE.05
Clinoptilolite-K	9.GE.05
Clinoptilolite-Na	9.GE.05
Clinosafflorite	2.EB.15a
Clinosulphur	
Clinotobermorite	9.DG.10
Clinotyrolite	
Clinoungemachite	7.DG.10
Clinozoisite	9.BG.05a
Clintonite	9.EC.35
Clogauite	
Cloncurryite	8.DC.60
Cloudite	
CO3-SO4 - hydrotalcite - 18.5A	
Coalingite	5.DA.55
Cobaltarthurite	8.DC.15
Cobaltaustinite	8.BH.35
Cobaltite	2.EB.25
Cobaltkieserite	7.CB.05
Cobaltkoritnigite	8.CB.20
Cobaltlotharmeyerite	8.CG.15
Cobaltneustadtelite	8.BK.10
Cobaltoblodite	
Cobaltogordaite	
Cobaltomenite	4.JH.10
Cobaltpentlandite	2.BB.15
Cobalttsumcorite	8.CG.15
Cobaltzippeite	7.EC.05
Coccinite	3.AB.10
Cochromite	4.BB.05
Coconinoite	8.EB.35
Coesite	4.DA.35
Coffinite	9.AD.30
Cohenite	1.BA.05
Coiraite	2.HF.25b
Colchesterite	
Coldwellite	
Colemanite	6.CB.10
Colimaite	2.FB.25
Colinowensite	
Collinsite	8.CG.05
Colomeraite	
Coloradoite	2.CB.05a
Colquiriite	3.CB.20
Columbite-(Fe)	4.DB.35
Columbite-(Mg)	4.DB.35
Columbite-(Mn)	4.DB.35
Colusite	2.CB.30
Comancheite	3.DD.65
Combeite	9.CJ.15a
Comblainite	5.DA.50
Compreignacite	4.GB.05
Congolite	6.GA.10
Conichalcite	8.BH.35
Connellite	3.DA.25
Cookeite	9.EC.55
Coombsite	9.EG.35
Cooperite	2.CC.35b
Coparsite	8.BE.80
Copiapite	7.DB.35
Copper	1.AA.05
Coquandite	7.DE.35
Coquimbite	7.CB.55
Coralloite	8.DC.20
Corderoite	2.FC.15a
Cordierite	9.CJ.10
Cordylite-(Ce)	5.BD.05
Cordylite-(La)	
Corkite	8.BL.05
Cornetite	8.BE.15
Cornubite	8.BD.30
Cornwallite	8.BD.05
Coronadite	4.DK.05a
Correianevesite	
Corrensite	9.EC.60
Cortesognoite	9.BE.05
Corundum	4.CB.05
Corvusite	4.HE.20
Cosalite	2.JB.10
Coskrenite-(Ce)	10.AB.65
Cossaite	
Costibite	2.EB.10d
Cotunnite	3.AB.85
Coulsonite	4.BB.05
Cousinite	7.HA.10
Coutinhoite	9.AK.30
Covellite	2.CA.05a
Cowlesite	9.GG.05
Coyoteite	2.FD.25
Crandallite	8.BL.10
Cranswickite	7.CB.15
Crawfordite	5.BF.10
Creaseyite	9.HH.15
Crednerite	4.AB.05
Creedite	3.CG.15
Crerarite	2.LB.45
Crichtonite	4.CC.40
Criddleite	2.LA.25
Crimsonite	
Cristobalite	4.DA.15
Crocobelonite	
Crocoite	7.FA.20
Cronstedtite	9.ED.15
Cronusite	2.FB.05
Crookesite	2.BD.50
Crowningshieldite	
Cryobostryxite	3.BA.20
Cryolite	3.CB.15
Cryolithionite	3.CB.05
Cryptochalcite	8.BF.35
Cryptohalite	3.CH.15
Cryptomelane	4.DK.05a
Cryptophyllite	
Cualstibite	4.FB.10
Cuatrocapaite-(K)	
Cuatrocapaite-(NH4)	
Cubanite	2.CB.55a
Cubo-ice	4.AA.10
Cuboargyrite	2.JA.15
Cubothioplumbite	
Cumengeite	3.DB.20
Cummingtonite	9.DE.05
Cupalite	1.AA.20
Cuprite	4.AA.10
Cuproauride	1.AA.10a
Cuprobismutite	2.JA.10a
Cuprocherokeeite	
Cuprocopiapite	7.DB.35
Cuprodobrovolskyite	
Cuprodongchuanite	
Cuproiridsite	2.DA.05
Cuprokalininite	2.DA.05
Cupromakopavonite	2.JA.05a
Cupromakovickyite	2.JA.05d
Cupromolybdite	7.BB.30
Cuproneyite	2.JB.25i
Cupropavonite	2.JA.05a
Cupropearceite	2.GB.15
Cupropolybasite	2.GB.15
Cuprorhodsite	2.DA.05
Cuprorivaite	9.EA.05
Cuprosklodowskite	9.AK.10
Cuprospinel	4.BB.05
Cuprostibite	2.AA.20
Cuprotungstite	7.GB.15
Cuprozheshengite	
Curetonite	8.BK.15
Curienite	4.HB.15
Curite	4.GB.55
Currierite	8.CF.15
Cuspidine	9.BE.17
Cuyaite	
Cuzticite	4.FM.35
Cyanochroite	7.CC.60
Cyanophyllite	
Cyanotrichite	7.DE.10
Cylindrite	2.HF.25a
Cymrite	9.EG.05
Cyprine	9.BG.35
Cyrilovite	8.DL.10
Czochralskiite	8.AC.17
Dachiardite-Ca	9.GD.40
Dachiardite-K	9.GD.40
Dachiardite-Na	9.GD.40
Dadsonite	2.HC.30
Dagenaisite	
Daliranite	2.JB.70
Dalnegorskite	9.DG.05
Dalnegroite	2.HD.05e
Dalyite	9.EA.25
Damaraite	3.DC.75
Damiaoite	1.AG.55
Danalite	9.FB.10
Danbaite	1.AB.10b
Danburite	9.FA.65
Danielsite	2.BD.15
Dansite	
Dansite-(Fe)	
Dansite-(Mn)	
Dantopaite	2.JA.05
Daomanite	2.LA.15
Daqingshanite-(Ce)	5.BF.15
Darapiosite	9.CM.05
Darapskite	7.DG.05
Dargaite	9.AH.35
Darrellhenryite	
Dashkovaite	10.AA.10
Datolite	9.AJ.20
Daubreeite	4.F0.25
Daubreelite	2.DA.05
Davanite	9.EA.25
Davemaoite	
Davidbrownite-(NH4)	
Davidite-(Ce)	4.CC.40
Davidite-(La)	4.CC.40
Davidite-(Y)	4.CC.40
Davidlloydite	
Davidsmithite	9.FA.05
Davinciite	9.CO.10
Davisite	9.DA.15
Davreuxite	9.BF.15
Davyne	9.FB.05
Dawsonite	5.BB.10
Deanesmithite	7.FB.20
Debattistiite	2.GC.35
Decagonite	
Decrespignyite-(Y)	5.CC.35
Deerite	9.DH.60
Defernite	5.BA.25
Dekatriasartorite	2.HC.05e
Delafossite	4.AB.15
Delhayelite	9.EB.10
Delhuyarite-(Ce)	
Deliensite	7.EB.10
Delindeite	9.BE.60
Dellagiustaite	
Dellaite	9.BG.45
Deloneite	8.BN.05
Deloryite	4.FL.85
Delrioite	4.HG.35
Deltalumite	4.BB.05
Deltanitrogen	
Delvauxite	8.DM.35
Demagistrisite	9.HA.35
Demartinite	3.CH.20
Demesmaekerite	4.JJ.20
Demicheleite-(Br)	2.FC.25
Demicheleite-(Cl)	2.FC.25
Demicheleite-(I)	
Dendoraite-(NH4)	
Denisovite	9.HA.85
Denningite	4.JK.30
Depmeierite	9.FB.05
Derbylite	4.JB.55
Derriksite	4.JG.30
Dervillite	2.LA.10
Desautelsite	5.DA.50
Descloizite	8.BH.40
Despujolsite	7.DF.25
Dessauite-(Y)	4.CC.40
Destinezite	8.DB.05
Deveroite-(Ce)	
Devilliersite	
Devilline	7.DD.30
Devitoite	9.DC.05
Deweylite	
Dewindtite	8.EC.10
Dewitite	
Deynekoite	
Diaboleite	3.DB.05
Diadochite	8.DB.05
Diamond	1.CB.10a
Diaoyudaoite	4.CC.45
Diaphorite	2.JB.05
Diaspore	4.FD.10
Dickinsonite-(KMnNa)	8.BF.05
Dickite	9.ED.05
Dickthomssenite	4.HD.25
Diegogattaite	9.EA.50
Dienerite	2.AA.55
Dietrichite	7.CB.85
Dietzeite	4.KD.05
Digenite	2.BA.10
Dimorphite	2.FA.10
Dingdaohengite-(Ce)	9.BE.70
Dinilawiite	
Dinite	10.BA.15
Diomignite	
Diopside	9.DA.15
Dioptase	9.CJ.30
Dioskouriite	3.DA.70
Direnzoite	9.GF.55
Dissakisite-(Ce)	9.BG.05b
Dissakisite-(La)	9.BG.05
Disulfodadsonite	
Dittmarite	8.CH.20
Diversilite-(Ce)	9.CB.10
Dixenite	8.BE.45
Djerfisherite	2.FC.05
Djurleite	2.BA.05
Dmisokolovite	8.BG.20
Dmisteinbergite	9.EG.15
Dmitryivanovite	4.BC.10
Dmitryvarlamovite	
Dobrovolskyite	
Dobsinaite	
Dokuchaevite	8.BB.45
Dolerophanite	7.BB.20
Dollaseite-(Ce)	9.BG.05
Dolomite	5.AB.10
Doloresite	4.HE.30
Domerockite	
Domeykite	2.AA.10b
Donbassite	9.EC.55
Dondoellite	
Dongchuanite	
Donharrisite	2.BD.20
Donnayite-(Y)	5.CC.05
Donowensite	
Donpeacorite	9.DA.05
Donwilhelmsite	9.HA.37
Dorallcharite	7.BC.10
Dorfmanite	8.CJ.60
Dorrite	9.DH.40
Douglasite	3.CJ.20
Dovyrenite	9.BE.23
Downeyite	4.DE.05
Downsite	
Doyleite	4.FE.10
Dozyite	9.EC.60
Dravertite	
Dravite	9.CK.05
Drechslerite	2.HD.70
Dresserite	5.DB.10
Dreyerite	8.AD.35
Driekopite	
Dritsite	4.FL.05
Drobecite	7.CB.15
Droninoite	3.DA.60
Drugmanite	8.BH.15
Drysdallite	2.EA.30
Dualite	9.CO.10
Dufrenite	8.DK.15
Dufrenoysite	2.HC.05d
Duftite	8.BH.35
Dugganite	8.DL.20
Dukeite	7.DF.80
Dumontite	8.EC.15
Dumortierite	9.AJ.10
Dundasite	5.DB.10
Durangite	8.BH.10
Duranusite	2.FA.05
Dusmatovite	9.CM.05
Dussertite	8.BL.10
Dutkevichite-(Ce)	
Dutrowite	
Duttonite	4.HE.35
Dwornikite	7.CB.05
Dymkovite	
Dypingite	5.DA.05
Dyrnaesite-(La)	8.AC.X
Dyscrasite	2.AA.35
Dzhalindite	4.FC.05
Dzharkenite	2.EB.05a
Dzhuluite	4.CC.32
Dzierzanowskite	
Eakerite	9.CG.05
Earlandite	10.AC.10
Earlshannonite	8.DC.15
Eastonite	9.EC.20
Ebnerite	
Ecandrewsite	4.CB.05
Ecdemite	3.DC.65
Eckerite	
Eckermannite	9.DE.25
Eckhardite	7.CC.90
Eclarite	2.HB.10c
Ecrinsite	2.HC.05e
Eddavidite	3.DB.45
Edenharterite	2.HD.35
Edenite	9.DE.15
Edgarbaileyite	9.BC.25
Edgarite	2.DB.25
Edgrewite	
Edingtonite	9.GA.15
Edoylerite	7.FB.25
Edscottite	1.BA.35
Edtollite	
Edwardsite	7.DD.30
Edwindavisite	
Effenbergerite	9.EA.05
Efremovite	7.AC.10
Eggletonite	9.EG.30
Eglestonite	3.DD.05
Ehrleite	8.CA.10
Eifelite	9.CM.05
Eirikite	9.EH.25
Eitelite	5.AC.05
Ekanite	9.EA.10
Ekaterinite	6.H0.40
Ekatite	4.JB.75
Ekebergite	4.DM.35
Ekplexite	2.FD.30
Elaliite	
Elasmochloite	7.BC.50
Elbaite	9.CK.05
Elbrusite	4.CC.32
Eldfellite	7.AC.15
Eldragonite	2.GA.55
Electrum	
Eleomelanite	7.BC.52
Eleonorite	
Elgoresyite	
Eliopoulosite	
Eliseevite	9.DB.17
Elkinstantonite	
Ellenbergerite	9.AF.80
Ellestadite-(Cl)	
Ellinaite	
Ellingsenite	9.EE.80
Elliottite	
Ellisite	2.JC.05
Elpasolite	3.CB.15
Elpidite	9.DG.65
Eltyubyuite	9.AD.25
Elyite	7.DF.65
Embreyite	7.FC.20
Emeleusite	9.DN.05
Emilite	2.HB.05a
Emmerichite	9.BE.25
Emmonsite	4.JM.10
Emplectite	2.HA.05
Empressite	2.CB.80
Enargite	2.KA.05
Engelhauptite	8.FB.05
Englishite	8.DH.55
Enneasartorite	
Enricofrancoite	
Enstatite	9.DA.05
Eosphorite	8.DD.20
Ephesite	9.EC.20
Epididymite	9.DG.55
Epidote	9.BG.05a
Epidote-(Sr)	9.BG.05a
Epiebnerite	
Epifanovite	8.CH.70
Epistilbite	9.GD.45
Epistolite	9.BE.30
Epsomite	7.CB.40
Erazoite	2.CA.20
Ercitite	8.DJ.35
Erdite	2.FD.20
Ericaite	6.GA.05
Ericlaxmanite	8.BB.52a
Ericssonite	9.BE.25
Erikapohlite	8.AC.05
Erikjonssonite	8.BO.50
Eringaite	9.AD.25
Eriochalcite	3.BB.05
Erionite-Ca	9.GD.20
Erionite-K	9.GD.20
Erionite-Na	9.GD.20
Erlianite	9.HC.05
Erlichmanite	2.EB.05a
Ermakovite	
Ermeloite	
Ernienickelite	4.FL.20
Erniggliite	2.GA.45
Ernstburkeite	10.CA.55
Ernstite	8.DD.20
Ershovite	9.DF.15
Erssonite	
Ertixiite	9.HA.05
Erythrite	8.CE.40
Erythrosiderite	3.CJ.10
Erzwiesite	
Escheite	9.DG.32
Esdanaite-(Ce)	8.CH.75
Eskebornite	2.CB.10a
Eskimoite	2.JB.40b
Eskolaite	4.CB.05
Espadaite	
Esperanzaite	8.DM.05
Esperite	9.AB.15
Esquireite	9.DP.50
Esseneite	9.DA.15
Eta - bronze	
Ettringite	7.DG.15
Eucairite	2.BA.50
Euchlorine	7.BC.30
Euchroite	8.DC.07
Euclase	9.AE.10
Eucryptite	9.AA.05
Eudialyte	9.CO.10
Eudidymite	9.DG.60
Eugenite	1.AD.15c
Eugsterite	7.CD.25
Eulytine	9.AD.40
Eurekadumpite	4.JN.35
Euxenite-(Y)	4.DG.05
Evanichite	
Evansite	8.DF.10
Evdokimovite	7.DF.60
Eveite	8.BB.30
Evenkite	10.BA.50
Eveslogite	9.DG.97
Evseevite	8.BH.80
Ewaldite	5.CC.05
Ewingite	5.EC.15
Eylettersite	8.BL.10
Eyselite	4.DM.20
Ezcurrite	6.EB.10
Ezochiite	
Eztlite	4.JN.20
Fabianite	6.FC.20
Fabriesite	9.GB.05
Fabritzite	
Faheyite	8.CA.15
Fahleite	8.CH.55
Fairbankite	4.JK.50
Fairchildite	5.AC.20
Fairfieldite	8.CG.05
Faizievite	9.CM.10
Falcondoite	9.EE.25
Falgarite	7.BC.55
Falkmanite	2.HC.15
Falottaite	10.AB.X
Falsterite	
Famatinite	2.KA.10
Fanfaniite	8.DH.25
Fangite	2.KA.15
Fantappieite	9.FB.05
Farneseite	9.FB.05
Farringtonite	8.AB.05
Fassinaite	7.JA.15
Faujasite-Ca	9.GD.30
Faujasite-Mg	9.GD.30
Faujasite-Na	9.GD.30
Faustite	8.DD.15
Favreauite	4.JJ.30
Fayalite	9.AC.05
Fedorite	9.EE.80
Fedorovskite	6.DA.25
Fedotovite	7.BC.30
Fehrite	7.DD.10
Feiite	4.BB.35
Feinglosite	8.BG.05
Feitknechtite	4.FE.25
Fejerite	
Feklichevite	9.CO.10
Felbertalite	2.JB.25b
Felsobanyaite	7.DD.05
Fenaksite	9.DG.70
Fencooperite	9.BH.20
Fengchengite	9.CO.10
Feodosiyite	3.DA.75
Ferberite	4.DB.30
Ferchromide	1.AE.15
Ferdisilicite	
Ferdowsiite	
Fergusonite-(Ce)	7.GA.05
Fergusonite-(Nd)	7.GA.05
Fergusonite-(Y)	7.GA.05
Ferhodsite	2.BB.15
Fermiite	7.EC.45
Fernandinite	4.HE.20
Feroxyhyte	4.FE.40
Ferraioloite	
Ferrarisite	8.CJ.30
Ferri-barroisite	9.DE.20
Ferri-ferrobarroisite	
Ferri-ferrotschermakite	
Ferri-ferrowinchite	
Ferri-fluoro-katophorite	9.DE.20
Ferri-fluoro-leakeite	9.DE.05
Ferri-ghoseite	9.DE.20
Ferri-hellandite-(Ce)	
Ferri-kaersutite	9.DE.15
Ferri-katophorite	9.DE.20
Ferri-leakeite	9.DE.25
Ferri-magnesiokatophorite	
Ferri-magnesiotaramite	
Ferri-mottanaite-(Ce)	9.DK.20
Ferri-obertiite	9.DE.25
Ferri-ottoliniite	
Ferri-pedrizite	9.DE.25
Ferri-taramite	9.DE.20
Ferri-tschermakite	9.DE.10
Ferri-winchite	9.DE.20
Ferriakasakaite-(Ce)	9.BG.05b
Ferriakasakaite-(La)	9.BG.9.BG.
Ferriallanite-(Ce)	9.BG.05b
Ferriallanite-(La)	9.BG.05b
Ferriandrosite-(Ce)	9.BG.9.BG.
Ferriandrosite-(La)	9.BG.05
Ferribushmakinite	8.BG.05
Ferric-nyboite	
Ferricerite-(LaCa)	9.AG.20
Ferricopiapite	7.DB.35
Ferricoronadite	4.DK.4.DK.
Ferrierite-K	9.GD.50
Ferrierite-Mg	9.GD.50
Ferrierite-Na	9.GD.50
Ferrierite-NH4	9.GD.50
Ferrihollandite	
Ferrihydrite	4.FE.35
Ferrilotharmeyerite	8.CG.15
Ferrimolybdite	7.GB.30
Ferrinatrite	7.CC.35
Ferriperboeite-(Ce)	
Ferriperboeite-(La)	
Ferriprehnite	
Ferripyrophyllite	9.EC.10
Ferrirockbridgeite	8.BC.10
Ferrisanidine	9.FA.30
Ferrisepiolite	
Ferrisicklerite	8.AB.10
Ferristrunzite	8.DC.25
Ferrisurite	9.EC.75
Ferrisymplesite	8.CE.40
Ferritaramite	
Ferritungstite	
Ferrivauxite	
Ferriwhittakerite	
Ferro-actinolite	9.DE.10
Ferro-anthophyllite	9.DD.05
Ferro-bosiite	
Ferro-eckermannite	9.DE.25
Ferro-edenite	9.DE.15
Ferro-ferri-fluoro-leakeite	9.DE.25
Ferro-ferri-holmquistite	9.DD.05
Ferro-ferri-hornblende	9.DE.10
Ferro-ferri-katophorite	9.DE.20
Ferro-ferri-nyboite	
Ferro-ferri-obertiite	9.DE.25
Ferro-ferri-pedrizite	9.DE.25
Ferro-fluoro-edenite	9.DE.15
Ferro-fluoro-pedrizite	9.DE.25
Ferro-gedrite	9.DD.05
Ferro-glaucophane	9.DE.25
Ferro-holmquistite	9.DD.05
Ferro-hornblende	9.DE.10
Ferro-katophorite	9.DE.20
Ferro-papikeite	9.DD.05
Ferro-pargasite	9.DE.15
Ferro-pedrizite	9.DE.25
Ferro-richterite	9.DE.20
Ferro-taramite	9.DE.20
Ferro-tschermakite	9.DE.10
Ferroalluaudite	8.AC.10
Ferroaluminoceladonite	9.EC.15
Ferrobarroisite	
Ferroberaunite	
Ferrobobfergusonite	8.AC.07
Ferrobustamite	9.DG.05
Ferrocarpholite	9.DB.05
Ferroceladonite	9.EC.15
Ferrochiavennite	9.GF.25
Ferrodimolybdenite	
Ferroefremovite	7.AC.10
Ferroericssonite	
Ferrofettelite	
Ferrohexahydrite	7.CB.25
Ferrohogbomite-2N2S	
Ferroindialite	9.CJ.05
Ferrokaersutite	
Ferrokentbrooksite	9.CO.10
Ferrokesterite	2.CB.15a
Ferrokinoshitalite	9.EC.35
Ferrolaueite	8.DC.30
Ferroleakeite	
Ferromerrillite	8.AC.45
Ferronickelplatinum	1.AG.40
Ferronigerite-2N1S	4.FC.20
Ferronigerite-6N6S	4.FC.20
Ferronordite-(Ce)	9.DO.15
Ferronordite-(La)	9.DO.15
Ferronyboite	
Ferropedrizite	
Ferroqingheiite	8.AC.15
Ferrorhodonite	
Ferrorhodsite	
Ferrorockbridgeite	8.BC.10
Ferrorosemaryite	8.AC.15
Ferrosaponite	9.EC.45
Ferroselite	2.EB.10a
Ferrosilite	9.DA.05
Ferroskutterudite	2.EC.05
Ferrostalderite	2.GA.40
Ferrostrunzite	8.DC.25
Ferrotaaffeite-2N2S	
Ferrotaaffeite-6N3S	
Ferrotellurite	
Ferrotitanowodginite	4.DB.40
Ferrotochilinite	2.FD.35
Ferrotorryweiserite	
Ferrotschermakite	
Ferrotychite	5.BF.05
Ferrovalleriite	
Ferrovorontsovite	2.GB.20
Ferrowinchite	
Ferrowodginite	4.DB.40
Ferrowyllieite	8.AC.15
Ferruccite	3.CA.05
Fersilicite	
Fersmanite	9.BE.72
Fersmite	4.DG.05
Feruvite	9.CK.05
Fervanite	4.HG.05
Fetiasite	4.JB.05
Fettelite	2.LA.30
Feynmanite	7.EC.50
Fianelite	8.FC.05
Fibroferrite	7.DC.15
Fichtelite	10.BA.05
Fiedlerite	3.DC.10
Fiemmeite	10.AB.47
Filatovite	8.AC.85
Filipstadite	4.BB.05
Fillowite	8.AC.50
Finchite	4.HB.15
Finescreekite	
Fingerite	8.BB.80
Finnemanite	4.JB.45
Fischesserite	2.BA.75
Fivegite	9.EB.30
Fizelyite	2.JB.40a
Flaggite	
Flagstaffite	10.CA.10
Flamite	9.AH.45
Fleetite	
Fleischerite	7.DF.25
Fleisstalite	4.JE.05
Fletcherite	2.DA.05
Flinkite	8.BE.30
Flinteite	
Florencite-(Ce)	8.BL.13
Florencite-(La)	8.BL.13
Florencite-(Nd)	8.BL.13
Florencite-(Sm)	8.BL.13
Florenskyite	1.BD.15
Florensovite	2.DA.05
Florkeite	9.GC.10
Fluckite	
Fluellite	8.DE.10
Fluoborite	6.AB.50
Fluocerite-(Ce)	3.AC.15
Fluocerite-(La)	3.AC.15
Fluor-arfvedsonite	
Fluor-buergerite	9.CK.05
Fluor-dravite	9.CK.05
Fluor-elbaite	9.CK.05
Fluor-liddicoatite	9.CK.05
Fluor-schorl	
Fluor-tsilaisite	9.CK.05
Fluor-uvite	9.CK.05
Fluoralforsite	
Fluorannite	9.EC.20
Fluorapatite	8.BN.05
Fluorapophyllite-(Cs)	9.EA.07
Fluorapophyllite-(K)	9.EA.15
Fluorapophyllite-(Na)	9.EA.15
Fluorapophyllite-(NH4)	
Fluorarrojadite-(BaFe)	8.BF.05
Fluorarrojadite-(BaNa)	8.BF.05
Fluorbarytolamprophyllite	9.BE.25
Fluorbritholite-(Ce)	9.AH.25
Fluorbritholite-(Nd)	
Fluorbritholite-(Y)	9.AH.25
Fluorcalciobritholite	9.AH.25
Fluorcalciomicrolite	4.DH.15
Fluorcalciopyrochlore	4.DH.15
Fluorcalcioromeite	4.DH.20
Fluorcanasite	9.DG.80
Fluorcaphite	8.BN.05
Fluorcarletonite	9.EB.20
Fluorcarmoite-(BaNa)	8.BF.05
Fluorchegemite	9.AF.50
Fluorellestadite	9.AH.25
Fluorine	
Fluorite	3.AB.25
Fluorkyuygenite	4.CC.10
Fluorlamprophyllite	9.BE.25
Fluorluanshiweiite	9.EC.10
Fluormayenite	4.CC.10
Fluornatrocoulsellite	
Fluornatromicrolite	4.DH.15
Fluornatropyrochlore	
Fluoro-cannilloite	9.DE.10
Fluoro-edenite	9.DE.15
Fluoro-ferri-magnesiokatophorite	
Fluoro-leakeite	9.DE.25
Fluoro-magnesiokatophorite	
Fluoro-nyboite	
Fluoro-oxy-ferri-magnesiokatophorite	
Fluoro-pargasite	9.DE.15
Fluoro-pedrizite	9.DE.25
Fluoro-richterite	9.DE.20
Fluoro-riebeckite	9.DE.25
Fluoro-taramite	9.DE.20
Fluoro-tremolite	9.DE.10
Fluorocronite	
Fluorokinoshitalite	9.EC.35
Fluorophlogopite	9.EC.20
Fluorotaramite	
Fluorotetraferriphlogopite	9.EC.20
Fluorotremolite	
Fluorowardite	8.DL.10
Fluorphosphohedyphane	8.BN.05
Fluorpyromorphite	
Fluorsigaiite	
Fluorstrophite	8.BN.05
Fluorthalenite-(Y)	
Fluorvesuvianite	9.BG.35
Fluorwavellite	8.DC.50
Flurlite	8.DB.40
Foggite	8.DL.05
Fogoite-(Y)	9.BE.22
Foitite	9.CK.05
Folvikite	6.AB.35
Fontanite	5.EC.05
Fontarnauite	6.DA.60
Foordite	4.DG.15
Footemineite	8.DA.10
Foretite	8.DF.50
Formanite-(Y)	7.GA.10
Formicaite	10.AA.05
Fornacite	7.FC.10
Forsterite	9.AC.05
Foshagite	9.DG.15
Fougerite	4.FL.05
Fourmarierite	4.GB.25
Fowlerite	
Fraipontite	9.ED.15
Francevillite	4.HB.15
Franciscanite	9.AF.75
Francisite	4.JG.25
Franckeite	2.HF.25b
Francoanellite	8.CH.25
Francoisite-(Ce)	8.EC.05
Francoisite-(Nd)	8.EC.05
Franconite	4.FM.15
Frankamenite	9.DG.90
Frankdicksonite	3.AB.25
Frankhawthorneite	4.FD.25
Franklinfurnaceite	9.EC.55
Franklinite	4.BB.05
Franklinphilite	9.EG.40
Franksousaite	
Fransoletite	8.CA.05
Franzinite	9.FB.05
Freboldite	2.CC.05
Fredrikssonite	6.AB.30
Freedite	4.JB.65
Freibergite	
Freieslebenite	2.JB.15
Freitalite	
Fresnoite	9.BE.15
Freudenbergite	4.CC.10
Friedelite	9.EE.10
Friedrichbeckeite	9.CM.05
Friedrichite	2.HB.05a
Fritzscheite	4.HB.15
Frohbergite	2.EB.10a
Frolovite	6.AC.20
Frondelite	8.BC.10
Froodite	2.AC.45a
Fuenzalidaite	7.DG.40
Fuettererite	4.FE.50
Fukalite	9.DQ.05
Fukuchilite	2.EB.05a
Fulbrightite	8.CJ.35
Fullerite	1.CB.05c
Fuloppite	2.HC.10a
Fupingqiuite	
Furongite	8.EB.50
Furutobeite	2.BE.10
Gabrielite	2.HD.60
Gabrielsonite	8.BH.35
Gachingite	
Gadolinite-(Ce)	9.AJ.20
Gadolinite-(Nd)	9.AJ.20
Gadolinite-(Y)	9.AJ.20
Gagarinite-(Ce)	3.AB.35
Gagarinite-(Y)	3.AB.35
Gageite	9.DH.35
Gahnite	4.BB.05
Gaidonnayite	9.DM.15
Gaildunningite	3.DD.70
Gainesite	8.CA.20
Gaitite	8.CG.05
Gajardoite	
Gajardoite-(NH4)	
Galaxite	4.BB.05
Galeaclolusite	
Galeite	7.BD.10
Galena	2.CD.10
Galenobismutite	2.JC.25e
Galgenbergite-(Ce)	5.CC.40
Galileiite	8.AC.50
Galkhaite	2.GB.20
Galliskiite	8.DH.65
Gallite	2.CB.10a
Gallobeudantite	8.BL.05
Galloplumbogummite	8.BL.10
Galuskinite	9.AH.15
Gamagarite	8.BG.05
Gananite	3.AC.20
Ganomalite	9.BG.25
Ganophyllite	9.EG.30
Ganterite	9.EC.15
Gaotaiite	2.EB.05a
Garavellite	2.HA.20
Garmite	9.EC.10
Garpenbergite	
Garrelsite	9.AJ.15
Garronite-Ca	9.GC.05
Garronite-Na	
Gartrellite	8.CG.20
Garutiite	1.AG.05
Garyansellite	8.CC.05
Gasparite-(Ce)	8.AD.50
Gasparite-(La)	8.AD.50
Gaspeite	5.AB.05
Gatedalite	9.AG.02
Gatehouseite	8.BD.10
Gatelite-(Ce)	9.BG.50
Gatewayite	8.FD.10
Gatumbaite	8.DJ.10
Gaudefroyite	6.AB.60
Gaultite	9.GF.20
Gauthierite	4.GB.80
Gayite	8.DK.15
Gaylussite	5.CB.35
Gazeevite	9.AH.40
Gearksutite	3.CC.05
Gebhardite	4.JB.50
Gedrite	9.DD.05
Geerite	2.BA.05
Geffroyite	2.BB.15
Gehlenite	9.BB.10
Geigerite	8.CE.05
Geikielite	4.CB.05
Gelosaite	4.DM.30
Geminite	8.CB.30
Gengenbachite	8.CA.65
Genkinite	2.AC.35a
Genplesite	7.DF.17
Genthelvite	9.FB.10
Geocronite	2.JB.30a
Georgbarsanovite	9.CO.10
Georgbokiite	4.JG.05
George-ericksenite	4.KD.10
Georgechaoite	9.DM.15
Georgeite	5.BA.10
Georgerobinsonite	7.FB.05
Georgiadesite	4.JB.70
Gerasimovskite	4.FM.25
Gerdtremmelite	8.BE.40
Gerenite-(Y)	9.CJ.45
Gerhardtite	5.NB.05
Germanite	2.CB.30
Germanocolusite	2.CB.30
Gersdorffite	2.EB.25
Gerstleyite	2.HE.05
Gerstmannite	9.AE.25
Geschieberite	7.EC.55
Getchellite	2.FA.35
Geversite	2.EB.05a
Ghiaraite	3.BB.40
Giacovazzoite	7.DF.55
Gianellaite	3.DD.30
Gibbsite	4.FE.10
Giessenite	2.HB.10b
Giftgrubeite	8.CB.10
Gilalite	9.HE.05
Gillardite	3.DA.10c
Gillespite	9.EA.05
Gillulyite	2.JC.10
Gilmarite	8.BE.25
Ginelfite	
Giniite	8.DB.50
Ginorite	6.FC.15
Giorgiosite	5.DA.05
Giraudite-(Zn)	2.GB.05
Girdite	4.JL.30
Girvasite	8.DO.05
Gismondine-Ca	9.GC.05
Gismondine-Sr	
Gittinsite	9.BC.05
Giuseppettite	9.FB.05
Gjerdingenite-Ca	9.CE.30c
Gjerdingenite-Fe	9.CE.30c
Gjerdingenite-Mn	9.CE.30c
Gjerdingenite-Na	9.CE.30c
Gladite	2.HB.05a
Gladiusite	8.DF.40
Gladkovskyite	
Glagolevite	9.EC.55
Glauberite	7.AD.25
Glaucocerinite	7.DD.35
Glaucochroite	9.AC.05
Glaucodot	2.EB.10c
Glaucophane	9.DE.25
Glaukosphaerite	5.BA.10
Glecklerite	
Glikinite	7.BB.70
Glucine	8.DA.45
Glushinskite	10.AB.10
Gmalimite	2.FC.05
Gmelinite-Ca	9.GD.05
Gmelinite-K	9.GD.05
Gmelinite-Na	9.GD.05
Gobbinsite	9.GC.05
Gobelinite	7.DD.10
Godlevskite	2.BB.15
Godovikovite	7.AC.20
Goedkenite	8.BG.05
Goethite	
Gold	1.AA.05
Goldamalgam	
Goldfieldite	2.GB.05
Goldhillite	
Goldichite	7.CC.40
Goldmanite	9.AD.25
Goldquarryite	8.DB.65
Goldschmidtite	4.CC.17
Golyshevite	9.CO.10
Gonnardite	9.GA.05
Gonyerite	9.EC.55
Goosecreekite	9.GB.25
Gorbunovite	9.EC.10
Gorceixite	8.BL.10
Gordaite	7.DF.50
Gordonite	8.DC.30
Gorerite	4.CC.22
Gorgeyite	7.CD.30
Gormanite	8.DC.45
Gortdrumite	2.BD.10
Goryainovite	8.BN.15
Goslarite	7.CB.40
Gottardiite	9.GF.10
Gottlobite	8.BH.35
Gotzenite	9.BE.22
Goudeyite	8.DL.15
Gowerite	6.EC.10
Goyazite	8.BL.10
Graemite	4.JM.15
Graeserite	4.JB.55
Graftonite	8.AB.20
Graftonite-(Ca)	8.AB.20
Graftonite-(Mn)	8.AB.20
Gramaccioliite-(Y)	4.CC.40
Grammatikopoulosite	
Grandaite	
Grandidierite	9.AJ.05
Grandreefite	7.BD.45
Grandviewite	7.BB.60
Grantsite	4.HG.55
Graphite	1.CB.05a
Gratianite	2.HA.20
Gratonite	2.JB.55
Grattarolaite	8.BE.10
Graulichite-(Ce)	8.BL.13
Graulichite-(La)	
Gravegliaite	4.JE.05
Grayite	8.CJ.45
Grechishchevite	2.FC.15c
Greenalite	9.ED.15
Greenlizardite	7.EB.20
Greenockite	2.CB.45
Greenwoodite	9.AH.55
Gregoryite	5.AA.10
Greifensteinite	8.DA.10
Greigite	2.DA.05
Grenmarite	9.BE.25
Grguricite	
Griceite	3.AA.20
Griffinite	
Grigorievite	8.AC.02
Grimaldiite	4.FE.20
Grimmite	
Grimselite	5.ED.35
Griphite	8.BF.15
Grischunite	8.CF.05
Groatite	8.AC.10
Grokhovskyite	2.CA.25
Grootfonteinite	5.BE.40
Grossite	4.CC.15
Grossmanite	9.DA.15
Grossular	9.AD.25
Groutite	4.FD.10
Grumantite	9.EH.10
Grumiplucite	2.JA.05b
Grundmannite	2.HA.05
Grunerite	9.DE.05
Gruzdevite	2.GA.30
Guanacoite	8.DD.10
Guanajuatite	2.DB.05
Guangyuanite	
Guanine	10.CA.30
Guarinoite	7.DD.80
Gudmundite	2.EB.20
Guerinite	8.CJ.75
Guettardite	2.HC.05a
Gugiaite	9.BB.10
Guidottiite	9.ED.15
Guildite	7.DC.30
Guilleminite	4.JJ.10
Guimaraesite	8.DA.10
Guite	4.BB.05
Gungerite	
Gunmaite	
Gunningite	7.CB.05
Gunterblassite	9.EB.25
Gunterite	4.HC.35
Gupeiite	1.BB.30
Gurimite	8.AD.70
Gurzhiite	
Gustavite	2.JB.40a
Gutkovaite-Mn	9.CE.30h
Guyanaite	4.FD.10
Gwihabaite	5.NA.15
Gypsum	7.CD.40
Gyrolite	9.EE.30
Gysinite-(Ce)	
Gysinite-(La)	
Gysinite-(Nd)	5.DC.05
Haapalaite	2.FD.30
Hafnon	9.AD.30
Hagendorfite	8.AC.10
Haggertyite	4.CC.45
Haggite	4.HE.25
Hagstromite	
Haidingerite	8.CJ.20
Haigerachite	8.CF.10
Haineaultite	9.DG.50
Hainite-(Y)	9.BE.22
Haitaite-(La)	
Haiweeite	9.AK.25
Hakite-(Cd)	
Hakite-(Fe)	
Hakite-(Hg)	2.GB.05
Hakite-(Zn)	
Halagurite	
Halamishite	
Haleniusite-(Ce)	
Haleniusite-(La)	3.DE.05
Halilsarpite	8.CH.05
Halite	3.AA.20
Hallimondite	8.EA.10
Halloysite	9.ED.10
Halotrichite	7.CB.85
Halurgite	6.H0.35
Hambergite	6.AB.05
Hammarite	2.HB.05a
Hanahanite	
Hanauerite	2.FC.20d
Hanawaltite	3.DD.15
Hancockite	9.BG.05a
Hanjiangite	9.EC.45
Hanksite	7.BD.30
Hannayite	8.CH.35
Hannebachite	4.JE.10
Hansblockite	2.HA.05
Hansesmarkite	7.GB.60
Hanswilkeite	
Hapkeite	1.BB.35
Haradaite	9.DH.15
Hardystonite	9.BB.10
Harkerite	6.AB.70
Harmotome	9.GC.10
Harmunite	4.BB.05
Harrisonite	8.BH.55
Harstigite	9.BF.05
Hasanovite	
Hashemite	7.FA.15
Hastingsite	9.DE.15
Hastite	
Hatchite	2.GC.05
Hatertite	8.AC.05
Hatrurite	9.AG.65
Hauchecornite	2.BB.10
Hauckite	7.BB.10
Hauerite	2.EB.05a
Hausmannite	4.BB.10
Hauyne	9.FB.10
Hawleyite	2.CB.05a
Hawthorneite	4.CC.45
Haxonite	1.BA.10
Haycockite	2.CB.10b
Haydeeite	3.DA.10c
Hayelasdiite	
Haynesite	4.JJ.25
Haywoodite	
Hayyanite	
Hazenite	8.CH.40
Heamanite-(Ce)	
Heazlewoodite	2.BB.05
Hechtsbergite	8.BO.15
Hectorfloresite	7.BD.60
Hectorite	9.EC.45
Hedegaardite	8.AC.25
Hedenbergite	9.DA.15
Hedleyite	2.DC.05
Hedyphane	8.BN.05
Heflikite	
Heftetjernite	4.DB.30
Heideite	2.DA.15
Heidornite	6.EC.30
Heimite	
Heinrichite	8.EB.05
Heisenbergite	4.GA.25
Hejtmanite	9.BE.55
Heklaite	3.CH.30
Heliophyllite	
Hellandite-(Ce)	9.DK.20
Hellandite-(Y)	9.DK.20
Hellyerite	5.CA.20
Helmutwinklerite	8.CG.20
Helvine	9.FB.10
Hematite	4.CB.05
Hematolite	8.BE.45
Hematophanite	3.DB.35
Hemihedrite	7.FC.15
Hemimorphite	9.BD.10
Hemleyite	4.CB.05
Hemloite	4.JB.60
Hemusite	2.CB.35a
Hendekasartorite	2.HC.05e
Hendersonite	4.HG.50
Hendricksite	9.EC.20
Heneuite	8.BO.25
Henmilite	6.AC.30
Hennomartinite	9.BE.05
Henritermierite	9.AD.25
Henryite	2.BA.65
Henrymeyerite	4.DK.05b
Hentschelite	8.BB.40
Hephaistosite	3.AA.60
Heptasartorite	2.HC.05e
Herbertsmithite	3.DA.10c
Hercynite	4.BB.05
Herderite	8.BA.10
Hereroite	8.BO.50
Hermannjahnite	7.AB.15
Hermannroseite	8.BH.35
Herzenbergite	2.CD.05
Hessite	2.BA.60
Hetaerolite	4.BB.10
Heterogenite	4.FE.20
Heteromorphite	2.HC.10c
Heterosite	8.AB.10
Heulandite-Ba	9.GE.05
Heulandite-Ca	9.GE.05
Heulandite-K	9.GE.05
Heulandite-Na	9.GE.05
Heulandite-Sr	9.GE.05
Hewettite	4.HE.15
Hexacelsian	
Hexaferrum	1.AG.05
Hexahydrite	7.CB.25
Hexahydroborite	6.AC.25
Hexamolybdenum	1.AE.05
Hexatestibiopanickelite	2.CC.30
Hexathioplumbite	
Heyerdahlite	9.DC.05
Heyite	8.BK.20
Heyrovskyite	2.JB.40b
Hezuolinite	9.BE.70
Hiarneite	4.DL.10
Hibbingite	3.DA.10a
Hibonite	4.CC.45
Hibschite	
Hidalgoite	8.BL.05
Hielscherite	7.DG.15
Hieratite	3.CH.15
Hilairite	9.DM.10
Hilarionite	8.CE.60
Hilgardite	6.ED.05
Hillebrandite	9.DG.40
Hillesheimite	9.EB.25
Hillite	8.CG.05
Hingganite-(Ce)	9.AJ.20
Hingganite-(Nd)	
Hingganite-(Y)	9.AJ.20
Hingganite-(Yb)	9.AJ.20
Hinsdalite	8.BL.05
Hiortdahlite	9.BE.17
Hiroseite	9.DA.35
Hisingerite	9.ED.10
Hitachiite	2.DC.05
Hizenite-(Y)	5.CC.15
Hjalmarite	9.DE.20
Hlousekite	8.CE.30
Hocartite	2.CB.15a
Hochelagaite	4.FM.15
Hochleitnerite	
Hodgesmithite	7.DD.45
Hodgkinsonite	9.AE.20
Hodrusite	2.JA.10c
Hoelite	10.CA.15
Hoganite	10.AA.35
Hogarthite	9.DP.35
Hogtuvaite	
Hohmannite	7.DB.30
Hokkaidoite	
Holdawayite	5.BA.20
Holdenite	8.BE.55
Holfertite	4.GB.70
Hollandite	4.DK.05a
Hollingworthite	2.EB.25
Hollisterite	1.AA.35
Holmquistite	9.DD.05
Holtedahlite	8.BB.20
Holtite	9.AJ.10
Holtstamite	9.AD.25
Holubite	2.JB.40a
Homilite	9.AJ.20
Honeaite	2.BA.42
Honessite	7.DD.35
Hongheite	9.BG.35
Hongshiite	1.AG.45
Honzaite	8.CB.60
Hopeite	8.CA.30
Horakite	8.EB.60
Hornesite	8.CE.40
Horomanite	
Horvathite-(Y)	5.BD.25
Hoslite	
Hotsonite	8.DF.05
Housleyite	4.FD.30
Howardevansite	8.AC.05
Howieite	9.DH.65
Howlite	6.CB.20
Hrabakite	
Hsianghualite	9.GB.05
Huanghoite-(Ce)	5.BD.35
Huangite	7.BC.10
Huanzalaite	4.DB.30
Hubeite	9.BJ.60
Hubnerite	4.DB.30
Huemulite	4.HG.10
Huenite	7.GB.15
Hugelite	8.EC.15
Hughesite	4.HC.05
Huizingite-(Al)	7.DF.52
Hulsite	6.AB.45
Humberstonite	7.DG.10
Humboldtine	10.AB.05
Humite	9.AF.50
Hummerite	4.HC.10
Hunchunite	1.AA.25
Hundholmenite-(Y)	9.AJ.35
Hungchaoite	6.DA.20
Huntite	5.AB.25
Hureaulite	8.CB.10
Hurlbutite	8.AA.15
Hutcheonite	9.AD.25
Hutchinsonite	2.HD.45
Huttonite	9.AD.35
Hyalophane	
Hyalotekite	9.CH.05
Hydroandradite	
Hydroastrophyllite	9.DC.05
Hydrobasaluminite	7.DE.60
Hydrobiotite	9.EC.60
Hydroboracite	6.CB.15
Hydrocalumite	4.FL.10
Hydrocerussite	5.BE.10
Hydrochlorborite	6.DA.30
Hydrodelhayelite	9.EB.10
Hydrodresserite	5.DB.15
Hydroglauberite	7.CD.20
Hydrohalite	3.BA.05
Hydrohalloysite	9.ED.10
Hydrohetaerolite	
Hydrohonessite	7.DD.35
Hydrokenoelsmoreite	4.DH.15
Hydrokenomicrolite	4.DH.15
Hydrokenopyrochlore	4.DH.15
Hydrokenoralstonite	3.CF.05
Hydromagnesite	5.DA.05
Hydrombobomkulite	5.ND.15
Hydroniumjarosite	7.BC.10
Hydroniumpharmacoalumite	8.DK.12
Hydroniumpharmacosiderite	8.DK.10
Hydronovacekite	8.EB.05
Hydropascoite	4.HC.05
Hydroplumboelsmoreite	4.DH.15
Hydropyrochlore	4.DH.15
Hydroredmondite	
Hydroromarchite	4.FF.05
Hydroromeite	
Hydroscarbroite	5.DA.35
Hydrotalcite	5.DA.50
Hydroterskite	9.DM.40
Hydrotungstite	4.FJ.15
Hydrowoodwardite	7.DD.35
Hydroxyapophyllite-(K)	9.EA.15
Hydroxycalciomicrolite	4.DH.15
Hydroxycalciopyrochlore	4.DH.15
Hydroxycalcioromeite	4.DH.20
Hydroxycancrinite	9.FB.05
Hydroxyferroromeite	4.DH.20
Hydroxykenoelsmoreite	4.DH.15
Hydroxykenomicrolite	
Hydroxykenopyrochlore	4.DH.15
Hydroxylapatite	8.BN.05
Hydroxylapatite-M	8.BN.05
Hydroxylbastnasite-(Ce)	5.BD.20a
Hydroxylbastnasite-(La)	5.BD.20a
Hydroxylbastnasite-(Nd)	5.BD.20a
Hydroxylbenyacarite	
Hydroxylborite	6.AB.50
Hydroxylchondrodite	9.AF.45
Hydroxylclinohumite	9.AF.55
Hydroxyledgrewite	9.AG.50
Hydroxylellestadite	9.AH.25
Hydroxylgugiaite	9.BB.10
Hydroxylhedyphane	8.BN.05
Hydroxylherderite	8.BA.10
Hydroxylmattheddleite	
Hydroxylphosphohedyphane	
Hydroxylpyromorphite	8.BN.05
Hydroxylwagnerite	8.BB.15
Hydroxymanganopyrochlore	4.DH.15
Hydroxymcglassonite-(K)	
Hydroxynatropyrochlore	4.DH.15
Hydroxyplumbopyrochlore	4.DH.15
Hydrozincite	5.BA.15
Hylbrownite	8.FC.X
Hypercinnabar	2.CD.15b
Hyrslite	2.HC.05a
Hyttsjoite	9.EG.60
Ianbruceite	
Iangreyite	8.DE.45
Ianthinite	4.GA.10
Ice	4.AA.05
Ichnusaite	7.GB.65
Icosahedrite	1.AA.40
Idaite	2.CB.15a
Idrialite	10.BA.20
Igelstromite	
Iimoriite-(Y)	9.AH.05
Ikaite	5.CB.25
Ikorskyite	
Ikranite	9.CO.10
Ikunolite	2.DC.05
Ilesite	7.CB.15
Ilimaussite-(Ce)	9.CB.15
Ilinskite	4.JG.20
Ilirneyite	4.JM.05
Illoqite-(Ce)	
Ilmajokite-(Ce)	9.HB.05
Ilmenite	4.CB.05
Ilsemannite	4.FJ.15
Iltisite	2.FC.20b
Ilvaite	9.BE.07
Ilyukhinite	9.CO.10
IMA2009-079	
Imandrite	9.CJ.15b
Imayoshiite	7.DG.15
Imhofite	2.HD.30
Imiterite	2.BD.05
Imogolite	9.ED.20
Inaglyite	2.DA.20
Incaite	
Incomsartorite	2.HC.05e
Inderborite	6.CA.25
Inderite	6.CA.15
Indialite	9.CJ.05
Indigirite	5.DA.10
Indite	2.DA.05
Indium	1.AC.05
Inesite	9.DL.05
Ingersonite	4.DH.40
Ingodite	2.DC.05
Innelite	9.BE.40
Innsbruckite	9.EE.07
Insizwaite	2.EB.05a
Interliveingite	
Intersilite	9.EE.60
Inyoite	6.CA.35
Iodargyrite	3.AA.10
Iodine	1.AA.15
Iowaite	4.FL.05
Iquiqueite	6.H0.20
Iranite	7.FC.15
Iraqite-(La)	9.CH.10
Irarsite	2.EB.25
Irhtemite	8.CG.55
Iridarsenite	
Iridium	1.AF.10
Iriginite	4.GB.60
Irinarassite	9.AD.25
Iron	1.AE.05
Irtyshite	4.DJ.05
Iseite	4.CB.40
Ishiharaite	2.CB.05a
Ishikawaite	4.DB.25
Iskandarovite	
Isoclasite	8.DN.10
Isocubanite	2.CB.55b
Isoferroplatinum	1.AG.35
Isokite	8.BH.10
Isolueshite	4.CC.35
Isomertieite	2.AC.15a
Isovite	1.BA.10
Isselite	7.DD.40
Itelmenite	7.AC.40
Itoigawaite	9.BE.05
Itoite	7.BD.50
Itsiite	9.CH.05
Ivanyukite-Cu	9.AG.50
Ivanyukite-K	9.AG.50
Ivanyukite-Na	9.AG.50
Ivanyukite-Na-T	
Ivsite	7.AD.45
Iwakiite	
Iwashiroite-(Y)	7.GA.10
Iwateite	8.AC.47
Ixiolite-(Fe2+)	4.DB.25
Ixiolite-(Mn2+)	4.DB.25
Iyoite	3.DA.10b
Izoklakeite	2.HB.10b
Jachymovite	7.EA.10
Jacobsite	4.BB.05
Jacquesdietrichite	6.AB.80
Jacutingaite	2.CC.45
Jadarite	9.AJ.40
Jadeite	9.DA.25
Jaffeite	9.BE.12
Jagoite	9.EG.50
Jagowerite	8.BH.55
Jagueite	2.BC.15
Jahnsite-(CaFeFe)	8.DH.15
Jahnsite-(CaFeMg)	8.DH.15
Jahnsite-(CaMnFe)	8.DH.15
Jahnsite-(CaMnMg)	8.DH.15
Jahnsite-(CaMnMn)	8.DH.15
Jahnsite-(CaMnZn)	8.DH.15
Jahnsite-(MnMnFe)	8.DH.15
Jahnsite-(MnMnMg)	8.DH.15
Jahnsite-(MnMnMn)	8.DH.15
Jahnsite-(MnMnZn)	8.DH.15
Jahnsite-(NaFeMg)	8.DH.15
Jahnsite-(NaMnMg)	8.DH.15
Jahnsite-(NaMnMn)	8.DH.15
Jaipurite	2.CC.05
Jakobssonite	3.CD.15
Jalpaite	2.BA.45
Jamborite	4.FL.05
Jamesite	8.BK.25
Jamesonite	2.HB.15
Janchevite	3.DB.40
Janggunite	4.FG.05
Janhaugite	9.BE.17
Jankovicite	2.HD.20
Jarandolite	6.CB.25
Jarlite	3.CC.20
Jarosewichite	8.BE.70
Jarosite	7.BC.10
Jaskolskiite	2.HB.05c
Jasmundite	9.AG.70
Jasonsmithite	
Jasrouxite	2.JB.40a
Jaszczakite	2.HB.20b
Javorieite	3.AA.40
Jeanbandyite	4.FC.15
Jeankempite	
Jedwabite	1.AE.25
Jeffbenite	9.AD.55
Jeffreyite	9.BB.10
Jennite	9.DG.20
Jensenite	4.FL.60
Jentschite	2.HD.40
Jeppeite	4.CC.50
Jeremejevite	6.AB.15
Jerrygibbsite	9.AF.70
Jervisite	9.DA.25
Jezekite	5.EG.15
Jianmuite	
Jianshuiite	4.FL.20
Jimboite	6.AA.35
Jimkrieghite	
Jimthompsonite	9.DF.05
Jingsuiite	1.B0.05
Jingwenite-(Y)	
Jinshajiangite	9.BE.67
Joanneumite	10.CA.60
Joaquinite-(Ce)	9.CE.25
Joegoldsteinite	2.DA.05
Joelbruggerite	8.B0.20
Joesmithite	9.DE.10
Johachidolite	6.CC.05
Johanngeorgenstadtite	
Johannite	7.EB.05
Johannsenite	9.DA.15
Johillerite	8.AC.10
Johnbaumite	8.BN.05
Johnbaumite-M	8.BN.05
Johninnesite	9.DH.70
Johnkoivulaite	9.CJ.05
Johnsenite-(Ce)	9.CO.10
Johnsomervilleite	8.AC.50
Johntomaite	8.BH.20
Johnwalkite	8.DJ.05
Jokokuite	7.CB.20
Joliotite	5.EB.15
Jolliffeite	2.EB.25
Jonassonite	2.LA.65
Jonesite	9.DJ.30
Joosteite	8.BB.15
Jordanite	2.JB.30a
Jordisite	2.EA.30
Jorgensenite	
Jorgkellerite	8.DO.50
Joseite-A	2.DC.05
Joseite-B	2.DC.05
Joseite-C	2.DC.05
Joteite	8.DH.70
Jouravskite	7.DG.15
Juabite	4.JN.30
Juangodoyite	5.AB.60
Juanitaite	8.DE.40
Juanite	9.HA.70
Juansilvaite	8.DO.55
Julgoldite-(Fe2+)	9.BG.20
Julgoldite-(Fe3+)	9.BG.20
Julgoldite-(Mg)	9.BG.20
Julienite	10.AD.05
Jungite	8.DJ.25
Junitoite	9.BD.15
Junoite	2.JB.25a
Juonniite	8.DH.20
Jurbanite	7.DB.15
Jusite	9.DG.12
Kaatialaite	8.CC.10
Kabalovite	
Kadyrelite	3.DD.05
Kaersutite	9.DE.15
Kafehydrocyanite	10.AD.10
Kahlenbergite	4.CC.22
Kahlerite	8.EB.05
Kainite	7.DF.10
Kainosite-(Y)	9.CF.10
Kainotropite	8.F0.05
Kaitianite	4.CB.30
Kalborsite	9.GA.15
Kalgoorlieite	2.FA.40
Kaliborite	6.FB.10
Kalicinite	5.AA.20
Kalifersite	9.EE.25
Kalininite	2.DA.05
Kalinite	7.CC.15
Kaliochalcite	7.DF.10
Kaliophilite	9.FA.05
Kalistrontite	7.AD.40
Kalithallite	3.CJ.30
Kalsilite	9.FA.05
Kaluginite	8.DH.15
Kalungaite	2.EB.25
Kalyuzhnyite-(Ce)	
Kamaishilite	9.FB.10
Kamarizaite	8.DC.32
Kambaldaite	5.DA.20
Kamchatkite	7.BC.35
Kamenevite	9.DG.20
Kamiokite	4.CB.40
Kamitugaite	8.ED.15
Kamotoite-(Y)	5.EA.30
Kampelite	8.DH.75
Kampfite	9.EG.20
Kamphaugite-(Y)	5.DC.10
Kanatzidisite	
Kanemite	9.EF.25
Kangite	4.CC.45
Kangjinlaite	
Kankite	8.CE.60
Kannanite	9.BJ.40
Kanoite	9.DA.10
Kanonaite	9.AF.10
Kanonerovite	8.FC.30
Kaolinite	9.ED.05
Kapellasite	3.DA.10c
Kapitsaite-(Y)	9.CH.05
Kapundaite	8.DH.80
Kapustinite	9.CJ.15a
Karasugite	3.CB.30
Karchevskyite	5.DA.40
Karelianite	4.CB.05
Karenwebberite	8.AB.10
Karibibite	4.JA.15
Karlditmarite	
Karlite	6.AB.25
Karnasurtite-(Ce)	9.BE.70
Karpenkoite	8.FD.05
Karpinskite	9.EC.60
Karpovite	7.DB.27
Karupmollerite-Ca	
Karwowskiite	
Kasatkinite	9.HA.40
Kashinite	2.DB.15
Kaskasite	2.FD.35
Kasolite	9.AK.15
Kassite	4.DH.10
Kastningite	8.DC.30
Katayamalite	9.CJ.25
Katerinopoulosite	7.CC.60
Katiarsite	8.BH.70
Katoite	
Katophorite	9.DE.20
Katoptrite	9.AE.40
Katsarosite	10.AB.05
Kawazulite	2.DC.05
Kayrobertsonite	8.DC.30
Kayupovaite	9.EG.75
Kazakhstanite	8.CB.45
Kazakovite	9.CJ.15a
Kazanskyite	9.BE.25
Kaznakhtite	5.DA.50
Keckite	8.DH.15
Kegelite	9.EC.80
Kegginite	8.FD.10
Keilite	2.CD.10
Keithconnite	2.BC.20
Keiviite-(Y)	9.BC.05
Keiviite-(Yb)	9.BC.05
Keldyshite	9.BC.10
Kellyite	9.ED.15
Kelyanite	3.DD.60
Kemmlitzite	8.BL.05
Kempite	3.DA.10a
Kenhsuite	2.FC.15b
Kenngottite	8.DC.62
Kennygayite	
Kenoargentotennantite-(Fe)	
Kenoargentotetrahedrite-(Fe)	2.GB.05
Kenoargentotetrahedrite-(Zn)	
Kenoplumbomicrolite	4.DH.15
Kenorozhdestvenskayaite-(Fe)	2.GB.X
Kenotobermorite	9.DG.12
Kentbrooksite	9.CO.10
Kentrolite	9.BE.80
Kenyaite	9.HA.10
Keplerite	
Kerimasite	9.AD.25
Kermesite	2.FD.05
Kernite	6.DB.05
Kernowite	
Kesebolite-(Ce)	
Kesterite	2.CB.15a
Kettnerite	5.BE.30
Keutschite	2.KA.10
Keyite	8.CA.50
Keystoneite	4.JM.05
Khademite	7.DB.10
Khaidarkanite	3.DA.45
Khamrabaevite	1.BA.20
Khanneshite	5.AC.30
Kharaelakhite	2.BB.15
Khatyrkite	1.AA.15
Khesinite	9.DH.40
Khibinskite	9.BC.10
Khinite	4.FD.30
Khmaralite	9.DH.50
Khomyakovite	9.CO.10
Khorixasite	8.BH.40
Khrenovite	8.AC.05
Khristovite-(Ce)	9.BG.05
Khurayyimite	9.BK.05
Khvorovite	9.CH.05
Kiddcreekite	2.CB.35a
Kidwellite	8.DK.20
Kieftite	2.EC.05
Kieserite	7.CB.05
Kihlmanite-(Ce)	9.AH.60
Kilchoanite	9.BJ.45
Killalaite	9.BE.85
Kimrobinsonite	4.FG.15
Kimuraite-(Y)	5.CC.15
Kimzeyite	9.AD.25
Kingite	8.DC.47
Kingsgateite	4.DM.60
Kingsmountite	8.DH.25
Kingstonite	2.DA.25
Kinichilite	4.JM.05
Kinoite	9.BH.10
Kinoshitalite	9.EC.35
Kintoreite	8.BL.10
Kipushite	
Kircherite	9.FB.05
Kirchhoffite	9.GB.05
Kirkiite	2.JB.30b
Kirschsteinite	9.AC.05
Kiryuite	
Kishonite	
Kitagohaite	
Kitkaite	2.EA.20
Kittatinnyite	9.AG.35
Kladnoite	10.CA.25
Klajite	8.CE.30
Klaprothite	7.EC.70
Klebelsbergite	7.BB.35
Kleberite	4.CB.25
Kleemanite	8.DC.17
Kleinite	3.DD.35
Klochite	9.CM.05
Klockmannite	2.CA.05b
Klyuchevskite	7.BC.45
Knasibfite	3.CH.25
Knorringite	9.AD.25
Koashvite	9.CJ.15c
Kobeite-(Y)	4.DG.05
Kobellite	2.HB.10a
Kobokoboite	8.DD.25
Kobyashevite	7.DD.15
Kochite	9.BE.22
Kochkarite	2.GC.40b
Kochsandorite	5.DB.10
Kodamaite	9.EE.35
Koechlinite	4.DE.15
Koenenite	3.BD.25
Kogarkoite	7.BD.15
Kojonenite	2.BC.35
Kokchetavite	9.FA.75
Kokinosite	4.HC.40
Koksharovite	8.AC.02
Koktaite	7.CD.35
Kolarite	3.AA.45
Kolbeckite	8.CD.05
Kolfanite	8.DH.30
Kolicite	8.BE.60
Kolitschite	8.BM.10
Kollerite	4.JE.25
Kolovratite	8.CB.50
Kolskyite	9.BE.27
Kolwezite	5.BA.10
Kolymite	1.AD.10
Komarovite	9.CE.45
Kombatite	8.BO.20
Komkovite	9.DM.10
Konderite	2.DA.20
Koninckite	8.CE.55
Kononovite	8.BH.10
Konyaite	7.CC.80
Koragoite	4.DE.10
Koritnigite	8.CB.20
Kornelite	7.CB.60
Kornerupine	9.BJ.50
Korobitsynite	9.CE.30a
Korshunovskite	3.BD.15
Koryakite	7.AB.05
Korzhinskite	6.GA.30
Kosmochlor	9.DA.25
Kosnarite	8.AC.60
Kostovite	2.EA.15
Kostylevite	9.CJ.35
Kotoite	6.AA.35
Kottenheimite	7.DG.15
Kottigite	8.CE.40
Kotulskite	2.CC.05
Koutekite	2.AA.10d
Kovdorskite	8.DC.22
Kozlowskiite	
Kozoite-(La)	5.DC.05
Kozoite-(Nd)	5.DC.05
Kozyrevskite	8.BB.52b
Kraisslite	8.BE.45
Krasheninnikovite	7.BC.57
Krasnoite	8.DO.20
Krasnoshteinite	6.B0.05
Krasnovite	8.DK.35
Kratochvilite	10.BA.25
Krausite	7.CC.05
Krauskopfite	9.DH.30
Krautite	8.CB.15
Kravtsovite	2.BC.37
Kreiterite	9.EC.15
Kremersite	3.CJ.10
Krennerite	2.EA.15
Krettnichite	8.CG.15
Kribergite	8.DC.52
Krieselite	9.AF.20
Krinovite	9.DH.40
Kristiansenite	9.BC.30
Kristjanite	
Krivovichevite	7.BC.75
Krohnkite	7.CC.30
Krotite	4.BC.35
Kroupaite	4.GB.85
Kruijenite	3.CG.30
Krupickaite	
Krupkaite	2.HB.05a
Krutaite	
Krutovite	2.EB.25
Kryachkoite	1.AA.45
Kryzhanovskite	8.CC.05
Ktenasite	7.DD.20
Kuannersuite-(Ce)	8.BN.05
Kudriavite	2.JA.05c
Kudryavtsevaite	4.BC.25
Kufahrite	
Kukharenkoite-(Ce)	5.BD.10
Kukharenkoite-(La)	5.BD.10
Kukisvumite	9.DB.20
Kuksite	8.DL.20
Kulanite	8.BH.20
Kuliginite	3.DA.10c
Kuliokite-(Y)	9.AG.50
Kulkeite	9.EC.60
Kullerudite	2.EB.10a
Kumdykolite	9.FA.45
Kummerite	8.DC.30
Kumtyubeite	9.AF.45
Kunatite	8.DC.15
Kupcikite	2.JA.10b
Kupletskite	9.DC.05
Kupletskite-(Cs)	9.DC.05
Kuramite	2.CB.15a
Kuranakhite	4.DM.25
Kuratite	9.DH.40
Kurchatovite	6.BA.10
Kurgantaite	6.ED.05
Kurilite	2.BA.45
Kurnakovite	6.CA.20
Kurumsakite	9.EC.40
Kusachiite	4.JA.20
Kushiroite	9.DA.15
Kutinaite	2.AA.25
Kutnohorite	5.AB.10
Kuvaevite	
Kuzelite	4.FL.15
Kuzmenkoite-Mn	9.CE.30c
Kuzmenkoite-Zn	9.CE.30c
Kuzminite	3.AA.30
Kuznetsovite	8.BO.35
Kvanefjeldite	9.DP.30
Kyanite	9.AF.15
Kyanoxalite	9.FB.05
Kyawthuite	4.DE.45
Kyrgyzstanite	7.DD.75
Kyzylkumite	4.CB.75
Laachite	4.DH.30
Labradorite	
Labuntsovite-Fe	9.CE.30e
Labuntsovite-Mg	9.CE.30e
Labuntsovite-Mn	9.CE.30e
Labyrinthite	9.CO.10
Lacroixite	8.BH.10
Laffittite	2.GA.35
Laflammeite	2.BC.60
Laforetite	2.CB.10a
Lafossaite	3.AA.25
Lagalyite	4.FL.90
Lahnsteinite	7.DD.47
Laihunite	9.AC.05
Laitakarite	2.DC.05
Lakargiite	4.CC.30
Lakebogaite	8.EA.20
Lalondeite	9.EE.85
Lammerite	8.AB.30
Lamprophyllite	9.BE.25
Lanarkite	7.BD.40
Landauite	4.CC.40
Landesite	8.CC.05
Langbanite	9.AG.10
Langbanshyttanite	8.DL.30
Langbeinite	7.AC.10
Langhofite	4.FG.20
Langisite	2.CC.05
Langite	7.DD.10
Lanmuchangite	7.CC.20
Lannonite	7.DF.40
Lansfordite	5.CA.10
Lanthanite-(Ce)	5.CC.25
Lanthanite-(La)	5.CC.25
Lanthanite-(Nd)	5.CC.25
Lapeyreite	8.DB.47
Laphamite	2.FA.30
Lapieite	2.GA.25
Laplandite-(Ce)	9.DJ.10
Laptevite-(Ce)	9.AJ.35
Larderellite	6.EB.05
Larisaite	4.JH.25
Larnite	9.AD.05
Larosite	2.LB.35
Larsenite	9.AB.10
Lasalite	4.HC.05
Lasmanisite	
Lasnierite	8.AC.52
Latiumite	9.EG.45
Latrappite	4.CC.30
Laueite	8.DC.30
Laumontite	9.GB.10
Launayite	2.LB.30
Lauraniite	7.DD.52
Laurelite	3.DC.20
Laurentianite	9.CP.15
Laurentthomasite	9.CM.05
Laurionite	3.DC.05
Laurite	2.EB.05a
Lausenite	7.CB.70
Lautarite	4.KA.05
Lautenthalite	7.DF.70
Lautite	2.CB.40
Lavendulan	8.DG.05
Lavenite	9.BE.17
Laverovite	9.DC.05
Lavinskyite	9.DD.05
Lavoisierite	9.B0.05
Lavrentievite	2.FC.15a
Lawrencite	3.AB.20
Lawsonbauerite	7.DD.40
Lawsonite	9.BE.05
Lazaraskeite	10.AA.40
Lazarenkoite	4.JC.10
Lazaridisite	7.CB.50
Lazerckerite	
Lazulite	8.BB.40
Lazurite	9.FB.10
Lead	1.AA.05
Leadamalgam	1.AD.30
Leadhillite	5.BF.40
Lechatelierite	4.DA.30
Lecontite	7.CD.15
Lecoqite-(Y)	5.CC.45
Leesite	4.GB.90
Lefontite	8.DD.20
Legrandite	8.DC.10
Leguernite	
Lehmannite	8.BK.35
Lehnerite	8.EB.10
Leifite	9.EH.25
Leightonite	7.CC.70
Leisingite	4.FL.65
Leiteite	4.JA.05
Lemanskiite	8.DG.05
Lemmleinite-Ba	9.CE.30d
Lemmleinite-K	9.CE.30d
Lemoynite	9.DP.35
Lenaite	2.CB.10a
Lengenbachite	2.HF.30
Leningradite	8.BH.65
Lennilenapeite	9.EG.40
Lenoblite	4.HG.60
Leogangite	8.CC.15
Leonardsenite	3.CB.25
Leonite	7.CC.55
Leoszilardite	5.ED.60
Lepageite	4.JB.85
Lepersonnite-(Gd)	5.EG.10
Lepersonnite-(Nd)	
Lepidocrocite	4.FE.15
Lepkhenelmite-Zn	9.CE.30c
Lermontovite	8.DN.15
Lesukite	
Letnikovite-(Ce)	
Letovicite	7.AD.20
Leucite	9.GB.05
Leucophanite	9.DH.05
Leucophoenicite	9.AF.60
Leucophosphite	8.DH.10
Leucosphenite	9.DP.15
Leucostaurite	6.EA.05
Levantite	9.EG.45
Leverettite	3.DA.10c
Levinsonite-(Y)	10.AB.70
Levyclaudite	2.HF.25a
Levyne-Ca	9.GD.15
Levyne-Na	9.GD.15
Leydetite	7.EB.15
Lianbinite	
Liandratite	4.DH.35
Liangjunite	
Libbyite	
Liberite	9.AA.10
Libethenite	8.BB.30
Liebauite	9.DO.25
Liebenbergite	9.AC.05
Liebermannite	9.FA.70
Liebigite	5.ED.20
Liguowuite	
Liguriaite	
Likasite	5.ND.05
Lileyite	9.BE.25
Lillianite	2.JB.40a
Lime	4.AB.25
Limousinite	8.CA.80
Linarite	7.BC.65
Lindackerite	8.CE.30
Lindbergite	10.AB.05
Lindgrenite	7.GB.05
Lindqvistite	4.CC.45
Lindsleyite	4.CC.40
Lindstromite	2.HB.05a
Linekite	5.ED.55
Lingbaoite	2.CB.42
Lingunite	9.FA.70
Linnaeite	2.DA.05
Lintisite	9.DB.15
Linzhiite	1.BB.20
Liottite	9.FB.05
Lipscombite	8.BB.90
Lipuite	9.EJ.15
Liraite	
Liroconite	8.DF.20
Lisanite	
Lisetite	9.FA.55
Lishizhenite	7.CB.75
Lisiguangite	2.GA.25
Lisitsynite	9.FA.25
Liskeardite	8.DF.10
Lislkirchnerite	5.ND.25
Litharge	4.AC.20
Lithiomarsturite	9.DK.05
Lithiophilite	8.AB.10
Lithiophorite	4.FE.25
Lithiophosphate	8.AA.20
Lithiotantite	4.DB.40
Lithiowodginite	4.DB.40
Lithosite	9.GB.05
Litidionite	9.DG.70
Litochlebite	2.HB.20e
Litvinskite	9.CJ.15a
Liudongshengite	5.DA.45
Liuite	4.CB.85
Liveingite	2.HC.05c
Liversidgeite	8.CD.35
Livingstonite	2.JA.05i
Lizardite	9.ED.15
Llantenesite	7.DD.07
Lobanovite	9.DC.05
Lokkaite-(Y)	5.CC.15
Lollingite	2.EB.15a
Lombardoite	8.BG.05
Lomonosovite	9.BE.32
Londonite	6.GC.05
Lonecreekite	7.CC.20
Lonsdaleite	1.CB.10b
Loomisite	
Loparite-(Ce)	4.CC.35
Lopatkaite	2.HC.50
Lopezite	7.FD.05
Lorandite	2.HD.05
Loranskite-(Y)	4.DG.05
Lorenzenite	9.DB.10
Loseyite	5.BA.30
Lotharmeyerite	8.CG.15
Loudounite	9.HF.10
Loughlinite	9.EE.25
Louisfuchsite	
Lourenswalsite	9.EJ.05
Lovdarite	9.GF.15
Loveringite	4.CC.40
Lovozerite	9.CJ.15a
Loweite	7.CC.45
Luanheite	1.AD.15b
Luanshiweiite	9.EC.10
Luberoite	2.BC.35
Luborzakite	
Lucabindiite	
Lucasite-(Ce)	4.DH.10
Lucchesiite	9.CK.05
Luddenite	9.HH.10
Ludjibaite	8.BD.25
Ludlamite	8.CD.20
Ludlockite	4.JA.45
Ludwigite	6.AB.30
Lueshite	4.CC.30
Luetheite	8.DD.05
Luinaite-(OH)	9.CK.05
Lukechangite-(Ce)	5.BD.05
Lukkulaisvaaraite	2.BC.40
Lukrahnite	8.CG.20
Lulzacite	8.BK.25
Lumsdenite	8.FD.10
Luneburgite	6.AC.60
Lunijianlaite	9.EC.60
Lunokite	
Luobusaite	1.BB.25
Luogufengite	4.CB.90
Lusernaite-(Y)	5.DB.35
Lussierite	7.EC.75
Luxembourgite	2.HB.20e
Luzonite	2.KA.10
Lyonsite	8.AB.40
Macaulayite	9.EC.65
Macdonaldite	9.EB.05
Macedonite	4.CC.35
Macfallite	9.BG.15
Machatschkiite	8.CJ.35
Machiite	4.CB.35
Mackayite	4.JL.10
Mackinawite	2.CC.25
Macphersonite	5.BF.40
Macquartite	9.HH.05
Macraeite	
Madeiraite	
Madocite	2.LB.30
Magadiite	9.EA.20
Magbasite	9.HA.25
Magganasite	
Maghagendorfite	8.AC.10
Maghemite	4.BB.15
Maghrebite	8.DC.30
Magnanelliite	7.DF.57
Magneliite	
Magnesio-arfvedsonite	9.DE.25
Magnesio-dutrowite	
Magnesio-ferri-fluoro-hornblende	9.DE.10
Magnesio-ferri-hornblende	9.DE.10
Magnesio-fluoro-arfvedsonite	9.DE.25
Magnesio-fluoro-hastingsite	9.DE.15
Magnesio-foitite	9.CK.05
Magnesio-hastingsite	9.DE.15
Magnesio-hornblende	9.DE.10
Magnesio-lucchesiite	9.CK.05
Magnesio-riebeckite	9.DE.25
Magnesioalterite	
Magnesioaubertite	7.DB.05
Magnesiobeltrandoite-2N3S	4.CB.20
Magnesiobermanite	8.DC.20
Magnesiocanutite	8.AC.05
Magnesiocarpholite	9.DB.05
Magnesiochloritoid	9.AF.85
Magnesiochlorophoenicite	8.BE.35
Magnesiochromite	4.BB.05
Magnesiocopiapite	7.DB.35
Magnesiocoulsonite	4.BB.05
Magnesiodumortierite	9.AJ.10
Magnesioferrite	4.BB.05
Magnesiofluckite	8.CG.15
Magnesiohatertite	8.AC.05
Magnesiohogbomite-2N2S	4.CB.20
Magnesiohogbomite-2N3S	4.CB.20
Magnesiohogbomite-2N4S	4.CB.20
Magnesiohogbomite-6N12S	
Magnesiohogbomite-6N6S	4.CB.20
Magnesiohulsite	6.AB.45
Magnesiokoritnigite	8.CB.20
Magnesioleydetite	7.EB.15
Magnesioneptunite	9.EH.05
Magnesionigerite-2N1S	4.FC.20
Magnesionigerite-6N6S	4.FC.20
Magnesiopascoite	4.HC.05
Magnesioqingheiite	
Magnesiorowlandite-(Y)	9.BE.90
Magnesiosadanagaite	
Magnesiostaurolite	9.AF.30
Magnesiotaaffeite-2N2S	
Magnesiotaaffeite-6N3S	
Magnesiotaramite	9.DE.20
Magnesiovesuvianite	
Magnesiovoltaite	7.CC.25
Magnesiozippeite	7.EC.05
Magnesite	5.AB.05
Magnetite	4.BB.05
Magnetoplumbite	4.CC.45
Magnioursilite	9.AK.35
Magnolite	4.JK.60
Magnussonite	4.JB.15
Mahnertite	8.DH.45
Maikainite	2.CB.30
Majakite	2.AC.25e
Majindeite	4.CB.40
Majorite	9.AD.25
Majzlanite	7.AC.50
Makarochkinite	9.DH.40
Makatite	9.EE.45
Makinenite	2.CC.20
Makotoite	
Makovickyite	2.JA.05d
Malachite	5.BA.10
Malanite	2.DA.05
Malayaite	9.AG.15
Maldonite	2.AA.40
Maleevite	9.FA.65
Maletoyvayamite	2.CB.45
Malhmoodite	8.CE.75
Malinkoite	9.FA.10
Malladrite	3.CH.05
Mallardite	7.CB.35
Mallestigite	7.DF.25
Malyshevite	2.GA.25
Mambertiite	4.DM.30
Mammothite	7.BC.60
Manaevite-(Ce)	9.BG.35
Manaksite	9.DG.70
Manandonite	9.ED.15
Manasseite	
Mandarinoite	4.JH.15
Maneckiite	8.CF.05
Manganarsite	4.JB.10
Manganbabingtonite	9.DK.05
Manganbelyankinite	4.FM.25
Manganberzeliite	8.AC.25
Manganese	1.AE.30
Manganflurlite	8.DB.40
Mangangordonite	8.DC.30
Manganhumite	9.AF.50
Mangani-dellaventuraite	9.DE.25
Mangani-eckermannite	
Mangani-obertiite	9.DE.25
Mangani-pargasite	9.DE.15
Manganiakasakaite-(La)	9.BG.05b
Manganiandrosite-(Ce)	9.BG.05
Manganiandrosite-(La)	9.BG.05b
Manganiceladonite	9.EC.10
Manganilvaite	9.BE.07
Manganite	4.FD.15
Manganlotharmeyerite	8.CG.15
Mangano-ferri-eckermannite	9.DE.25
Mangano-mangani-ungarettiite	9.DE.25
Manganoarrojadite-(KNa)	
Manganobadalovite	
Manganoblodite	
Manganochromite	4.BB.05
Manganocummingtonite	
Manganoeudialyte	9.CO.10
Manganogrunerite	
Manganohornesite	8.CE.40
Manganokaskasite	2.FD.35
Manganokhomyakovite	9.CO.10
Manganokukisvumite	9.DB.20
Manganolangbeinite	7.AC.10
Manganonaujakasite	9.EG.10
Manganoneptunite	9.EH.05
Manganonordite-(Ce)	9.DO.15
Manganoquadratite	2.GC.25
Manganoschafarzikite	
Manganosegelerite	8.DH.20
Manganoshadlunite	2.BB.15
Manganosite	4.AB.25
Manganostibite	4.BB.10
Manganotychite	5.BF.05
Manganrockbridgeite	
Manganvesuvianite	9.BG.35
Mangazeite	7.DE.05
Manitobaite	8.AC.18
Manjiroite	4.DK.05a
Mannardite	4.DK.05b
Mansfieldite	8.CD.10
Mantienneite	8.DH.35
Manuelarossiite	
Maohokite	4.BB.40
Maoniupingite-(Ce)	9.BE.70
Mapimite	8.DC.55
Mapiquiroite	
Marathonite	1.B0.05
Marcasite	2.EB.10a
Marchettiite	10.AA.45
Marcobaldiite	2.JB.30a
Marecottite	7.EC.15
Margaritasite	4.HB.05
Margarite	9.EC.30
Margarosanite	9.CA.25
Mariakrite	
Marialite	9.FB.15
Marianoite	
Maricite	8.AC.20
Maricopaite	9.GD.35
Mariinskite	4.BA.05
Marinaite	6.AB.30
Marinellite	9.FB.05
Markascherite	7.GB.70
Markcooperite	7.EB.25
Markeyite	5.ED.65
Markhininite	7.AD.55
Marklite	5.DA.65
Marokite	4.BC.05
Marrite	2.JB.15
Marrucciite	2.JB.60
Marshite	3.AA.05
Marsturite	9.DK.05
Marthozite	4.JJ.05
Martinandresite	9.GC.10
Martinite	9.EE.80
Martyite	8.FD.05
Marumoite	2.HC.05g
Maruyamaite	9.CK.05
Masaitisite	
Mascagnite	7.AD.05
Maslovite	2.EB.25
Massicot	4.AC.25
Masutomilite	9.EC.20
Masuyite	4.GB.35
Mathesiusite	
Mathewrogersite	9.CJ.55
Mathiasite	4.CC.40
Matildite	2.JA.20
Matioliite	8.DK.15
Matlockite	3.DC.25
Matsubaraite	9.BE.70
Mattagamite	2.EB.10a
Matteuccite	7.CD.05
Mattheddleite	9.AH.25
Matthiasweilite	
Matulaite	8.DK.30
Matyhite	8.AC.25
Maucherite	2.AB.15
Mauriziodiniite	3.DC.05
Maurogemmiite	
Mavlyanovite	1.BB.05
Mawbyite	8.CG.15
Mawsonite	2.CB.20
Maxwellite	8.BH.10
Mayingite	2.EB.25
Mazorite	
Mazzettiite	2.LB.40
Mazzite-Mg	9.GC.20
Mazzite-Na	9.GC.20
Mbobomkulite	5.ND.10
Mcallisterite	6.FA.10
Mcalpineite	7.AB.55
Mcauslanite	8.DB.60
Mcbirneyite	8.AB.35
Mcconnellite	4.AB.15
Mccrillisite	8.CA.20
Mcgillite	9.EE.10
Mcgovernite	8.BE.45
Mcguinnessite	5.BA.10
Mckelveyite-(Nd)	5.CC.05
Mckelveyite-(Y)	5.CC.05
Mckinstryite	2.BA.40
Mcnearite	8.CJ.55
Medaite	9.BJ.30
Medenbachite	8.BK.10
Medvedevite	
Meerschautite	2.HB.25
Megacyclite	9.CP.10
Megakalsilite	9.FA.05
Megawite	4.CC.30
Meieranite	9.DO.15
Meierite	9.GF.60
Meifuite	
Meionite	9.FB.15
Meisserite	7.EC.45
Meitnerite	7.EB.05
Meixnerite	4.FL.05
Mejillonesite	
Melanarsite	8.BH.75
Melanocerite-(Ce)	9.AJ.20
Melanophlogite	4.DA.25
Melanostibite	4.CB.05
Melanotekite	9.BE.80
Melanothallite	3.DA.05
Melanovanadite	4.HE.05
Melansonite	9.EB.05
Melanterite	7.CB.35
Melcherite	7.GB.60
Meliphanite	9.DP.05
Melkovite	8.DM.15
Melliniite	1.BD.20
Mellite	10.AC.05
Mellizinkalite	
Melonite	2.EA.20
Melonjosephite	8.BG.10
Menchettiite	2.JB.40a
Mendeleevite-(Ce)	9.HG.20
Mendeleevite-(Nd)	9.HG.20
Mendigite	
Mendipite	3.DC.70
Mendozavilite-KCa	7.GB.50
Mendozavilite-NaCu	7.GB.50
Mendozavilite-NaFe	7.GB.45
Mendozite	7.CC.15
Meneghinite	2.HB.05b
Menezesite	4.FN.05
Mengeite	8.DJ.50
Mengxianminite	6.AB.90
Meniaylovite	3.CG.10
Menshikovite	2.AC.20c
Menzerite-(Y)	9.AD.25
Mercallite	7.AD.10
Mercury	1.AD.05
Mereheadite	3.DC.45
Mereiterite	7.CC.55
Merelaniite	2.HF.25a
Merenskyite	2.EA.20
Meridianiite	7.CB.90
Merlinoite	9.GC.15
Merrihueite	9.CM.05
Merrillite	8.AC.45
Mertieite	2.AC.10b
Merwinite	9.AD.15
Mesaite	8.FC.35
Mesolite	9.GA.05
Messelite	8.CG.05
Meta-aluminite	7.DC.05
Meta-alunogen	7.CB.45
Meta-ankoleite	8.EB.15
Meta-autunite	8.EB.10
Metaborite	6.GD.10
Metacalciouranoite	4.GB.20
Metacinnabar	2.CB.05a
Metadelrioite	4.HG.40
Metahaiweeite	9.AK.25
Metaheinrichite	8.EB.10
Metahewettite	4.HE.15
Metahohmannite	7.DB.30
Metakahlerite	8.EB.10
Metakirchheimerite	8.EB.10
Metakottigite	8.CE.85
Metalodevite	8.ED.10
Metamunirite	4.HD.20
Metanatroautunite	8.EB.10
Metanovacekite	8.EB.10
Metarauchite	8.EB.05
Metarossite	4.HD.10
Metasaleeite	8.EB.10
Metaschoderite	8.CE.70
Metaschoepite	4.GA.05
Metasideronatrite	7.DF.20
Metastibnite	2.DB.05
Metastudtite	4.GA.15
Metaswitzerite	8.CE.25
Metatamboite	4.JN.40
Metathenardite	7.AD.30
Metatorbernite	8.EB.10
Metatyuyamunite	4.HB.25
Metauramphite	
Metauranocircite	8.EB.10
Metauranocircite II	
Metauranopilite	7.EA.05
Metauranospinite	8.EB.10
Metauroxite	10.AB.52
Metavandendriesscheite	4.GB.40
Metavanmeersscheite	8.EC.20
Metavanuralite	4.HB.20
Metavariscite	8.CD.05
Metavauxite	8.DC.25
Metavivianite	8.DC.25
Metavoltine	7.DF.35
Metazellerite	5.EC.10
Metazeunerite	8.EB.10
Meurigite-K	8.DJ.20
Meurigite-Na	8.DJ.20
Meyerhofferite	6.CA.30
Meymacite	4.FJ.05
Meyrowitzite	5.EC.20
Mgriite	2.LA.45
Mianningite	4.CC.20
Miargyrite	2.HA.10
Miassite	2.BC.05
Michalskiite	8.AB.40
Micheelsenite	8.DO.30
Michenerite	2.EB.25
Michitoshiite-(Cu)	
Microcline	9.FA.30
Microlite	
Microsommite	9.FB.05
Middendorfite	9.EJ.10
Middlebackite	10.AB.50
Mieite-(Y)	9.AG.25
Miersite	3.AA.05
Miessiite	2.AC.15a
Miguelromeroite	8.CB.10
Miharaite	2.LB.05
Mikasaite	7.AB.05
Mikecoxite	
Mikehowardite	
Mikenewite	
Milanriederite	9.BG.35
Milarite	9.CM.05
Milkovoite	
Millerite	2.CC.20
Millisite	8.DL.10
Millosevichite	7.AB.05
Millsite	4.JM.25
Milotaite	2.EB.25
Mimetite	8.BN.05
Mimetite-M	8.BN.05
Minakawaite	2.CC.15
Minasgeraisite-(Y)	9.AJ.20
Minasragrite	7.DB.20
Mineevite-(Y)	5.BF.25
Minehillite	9.EE.75
Minguzzite	10.AB.25
Minium	4.BD.05
Minjiangite	8.CA.85
Minnesotaite	9.EC.05
Minohlite	7.DD.50
Minrecordite	5.AB.10
Minyulite	8.DH.05
Mirabilite	7.CD.10
Mirnyite	
Misakiite	3.DA.10c
Misenite	7.AD.15
Miserite	9.DG.85
Mitridatite	8.DH.30
Mitrofanovite	
Mitryaevaite	8.DB.25
Mitscherlichite	3.CJ.15
Mixite	8.DL.15
Miyahisaite	8.BN.05
Mizraite-(Ce)	
Moabite	
Moctezumite	4.JK.65
Modderite	2.CC.15
Moeloite	2.HC.25
Moganite	4.DA.20
Mogovidite	9.CO.10
Mohite	2.CB.15b
Mohnite	7.AC.35
Mohrite	7.CC.60
Moissanite	
Mojaveite	7.BB.80
Molinelloite	8.DC.67
Moluranite	7.HA.15
Molybdenite	2.EA.30
Molybdenum	1.AE.05
Molybdite	4.E0.10
Molybdofornacite	7.FC.10
Molybdomenite	4.JF.05
Molybdophyllite	9.HH.25
Molysite	3.AC.10
Momoiite	9.AD.25
Monalbite	9.FA.30
Monazite-(Ce)	8.AD.50
Monazite-(Gd)	
Monazite-(La)	8.AD.50
Monazite-(Nd)	8.AD.50
Monazite-(Sm)	8.AD.50
Moncheite	2.EA.20
Monchetundraite	2.BC.42
Monetite	8.AD.10
Mongolite	9.HF.05
Mongshanite	
Monimolite	4.DH.20
Monipite	1.BD.10
Monohydrocalcite	5.CB.20
Montanite	7.CD.60
Montbrayite	2.DB.20
Montdorite	9.EC.15
Montebrasite	8.BB.05
Monteneroite	
Monteneveite	4.CC.32
Monteponite	4.AB.25
Monteregianite-(Y)	9.EB.15
Montesommaite	9.GB.30
Montetrisaite	7.DD.85
Montgomeryite	8.DH.25
Monticellite	9.AC.10
Montmorillonite	9.EC.40
Montpelvouxite	
Montroseite	4.FD.10
Montroyalite	5.DB.10
Montroydite	4.AC.15
Mooihoekite	2.CB.10b
Moolooite	10.AB.15
Mooreite	7.DD.45
Moorhouseite	7.CB.25
Mopungite	4.FC.15
Moraesite	8.DA.05
Moraskoite	8.BH.80
Mordenite	9.GD.35
Moreauite	8.ED.05
Morelandite	8.BN.05
Morenosite	7.CB.40
Morimotoite	9.AD.25
Morinite	8.DM.05
Morozeviczite	2.CB.35a
Morrisonite	8.FD.10
Mosandrite-(Ce)	9.BE.20
Moschelite	3.AA.30
Moschellandsbergite	1.AD.15d
Mosesite	3.DD.30
Moskvinite-(Y)	9.CD.05
Mossbauerite	4.FL.05
Mottanaite-(Ce)	9.DK.20
Mottramite	8.BH.40
Motukoreaite	7.DD.35
Mounanaite	8.CG.15
Mountainite	9.GG.10
Mountkeithite	7.DD.35
Mourite	4.FL.80
Moxuanxueite	
Moydite-(Y)	6.AC.45
Mozartite	9.AG.60
Mozgovaite	2.JA.05h
Mpororoite	7.GB.35
Mrazekite	8.DJ.40
Mroseite	4.JL.15
Muckeite	2.GA.25
Muirite	9.CN.05
Mukhinite	9.BG.05a
Mullerite	7.BC.47
Mullite	9.AF.20
Mummeite	2.JA.05f
Munakataite	7.BC.65
Mundite	8.EC.30
Mundrabillaite	8.CJ.10
Munirite	4.HD.15
Muonionalustaite	
Murakamiite	9.DG.05
Murashkoite	
Murataite-(Y)	4.DF.15
Murchisite	2.CB.47
Murdochite	3.DB.45
Murmanite	9.BE.27
Murphyite	
Murunskite	2.BD.30
Muscovite	9.EC.15
Museumite	2.HB.20c
Mushistonite	4.FC.10
Muskoxite	4.FL.05
Muthmannite	2.CB.85
Mutinaite	9.GF.35
Mutnovskite	2.GC.50
Naalasite	
Nabalamprophyllite	9.BE.25
Nabaphite	8.CJ.15
Nabateaite	
Nabesite	9.EA.65
Nabiasite	8.BF.20
Nabimusaite	9.AH.35
Nabokoite	7.BC.20
Nacaphite	8.BO.05
Nacareniobsite-(Ce)	9.BE.20
Nacareniobsite-(Y)	
Nacrite	9.ED.05
Nadorite	3.DC.30
Nafeasite	
Nafertisite	9.EH.30
Nagashimalite	9.CE.20
Nagelschmidtite	9.HA.60
Nagyagite	2.HB.20a
Nahcolite	5.AA.15
Nahpoite	8.AD.05
Nakauriite	7.DG.30
Nakkaalaaqite	
Naldrettite	2.AC.25d
Nalipoite	8.AA.25
Nalivkinite	9.DC.05
Namansilite	9.DA.25
Nambulite	9.DK.05
Namibite	8.BB.50
Namuwite	7.DD.50
Nanlingite	4.JB.25
Nanpingite	9.EC.15
Nantokite	3.AA.05
Napoliite	
Naquite	1.BB.15
Narsarsukite	9.DJ.05
Nashite	4.HC.45
Nasinite	6.EC.05
Nasledovite	5.DB.05
Nasonite	9.BE.77
Nastrophite	8.CJ.15
Nataliakulikite	4.AC.30
Nataliyamalikite	3.AA.25
Natalyite	9.DA.25
Natanite	4.FC.10
Natisite	9.AG.40a
Natrite	5.AA.10
Natroalunite	7.BC.10
Natroaphthitalite	7.AC.35
Natrobistantite	
Natroboltwoodite	9.AK.15
Natrochalcite	7.DF.15
Natrodufrenite	8.DK.15
Natroglaucocerinite	7.DD.35
Natrojarosite	7.BC.10
Natrokomarovite	9.CE.45
Natrolemoynite	9.DP.35
Natrolite	9.GA.05
Natromarkeyite	5.ED.65
Natromelansonite	
Natromolybdite	
Natromontebrasite	
Natron	5.CB.10
Natronambulite	9.DK.05
Natroniobite	4.CC.30
Natropalermoite	8.BH.25
Natropharmacoalumite	8.DK.12
Natropharmacosiderite	8.DK.10
Natrophilite	8.AB.10
Natrophosphate	8.DN.05
Natrosilite	9.EE.40
Natrosulfatourea	
Natrotantite	4.DJ.05
Natrotitanite	9.AG.15
Natrouranospinite	8.EB.15
Natrowalentaite	8.CH.05
Natroxalate	10.AB.60
Natrozippeite	7.EC.05
Naujakasite	9.EG.10
Naumannite	2.BA.55
Navajoite	4.HG.30
Navrotskyite	7.EC.80
Nazarchukite	
Nazarovite	1.BD.35
Nchwaningite	9.DB.30
Nealite	4.JD.05
Nechelyustovite	9.BE.55
Nefedovite	8.BO.30
Negevite	
Neighborite	3.AA.35
Nekoite	9.EA.45
Nekrasovite	2.CB.30
Nelenite	9.EE.15
Neltnerite	9.AG.05
Nenadkevichite	9.CE.30a
Neotocite	9.ED.20
Nepheline	9.FA.05
Nepouite	9.ED.15
Nepskoeite	3.BD.20
Neptunite	9.EH.05
Neskevaaraite-Fe	9.CE.30h
Nesquehonite	5.CA.05
Nestolaite	4.JH.30
Neustadtelite	8.BK.10
Nevadaite	8.DC.60
Nevskite	2.DC.05
Newberyite	8.CE.10
Neyite	2.JB.25i
Nezilovite	4.CC.45
Niahite	8.CH.20
Niasite	
Nichromite	4.BB.05
Nickel	1.AA.05
Nickelalumite	7.DD.75
Nickelaustinite	8.BH.35
Nickelbischofite	3.BB.20
Nickelblodite	7.CC.50
Nickelboussingaultite	7.CC.60
Nickelhexahydrite	7.CB.25
Nickeline	2.CC.05
Nickellotharmeyerite	8.CG.15
Nickelphosphide	1.BD.05
Nickelpicromerite	7.CC.60
Nickelschneebergite	8.CG.15
Nickelskutterudite	2.EC.05
Nickeltalmessite	8.CG.35
Nickeltsumcorite	8.CG.15
Nickeltyrrellite	2.DA.05
Nickelzippeite	7.EC.05
Nickenichite	8.AC.10
Nickolayite	
Nicksobolevite	4.JG.45
Niedermayrite	7.DD.30
Nielsbohrite	8.ED.20
Nielsenite	1.AG.70
Nierite	1.DB.05
Nifontovite	6.CA.50
Niggliite	1.AG.60
Niigataite	9.BG.05
Nikischerite	7.DD.35
Nikmelnikovite	9.AD.25
Niksergievite	9.EC.75
Nimite	9.EC.55
Ningyoite	8.CJ.85
Niningerite	2.CD.10
Nioboaeschynite-(Ce)	4.DF.05
Nioboaeschynite-(Nd)	4.DF.05
Nioboaeschynite-(Y)	4.DF.05
Niobobaotite	
Niobocarbide	1.BA.20
Nioboheftetjernite	
Nioboholtite	9.AJ.10
Nioboixiolite-([])	
Nioboixiolite-(Mn2+)	
Niobokupletskite	9.DC.05
Niobophyllite	9.DC.05
Niocalite	9.BE.17
Nipalarsite	2.AC.50
Nisbite	2.EB.15a
Nishanbaevite	8.BK.30
Nisnite	1.AE.35
Nissonite	8.DC.05
Niter	5.NA.10
Nitratine	5.NA.05
Nitrobarite	5.NA.20
Nitrocalcite	5.NC.10
Nitromagnesite	5.NC.05
Nitroplumbite	
Nitscheite	
Niveolanite	5.DC.35
Nixonite	4.CC.25
Nizamoffite	8.CA.30
Nobleite	6.FC.05
Noelbensonite	9.BE.05
Noggerathite-(Ce)	4.DH.30
Nolanite	4.CB.40
Nollmotzite	4.GB.95
Nolzeite	9.DG.02
Nontronite	9.EC.40
Noonkanbahite	9.DH.20
Norbergite	9.AF.40
Nordenskioldine	6.AA.15
Nordgauite	8.DC.30
Nordite-(Ce)	9.DO.15
Nordite-(La)	9.DO.15
Nordstrandite	4.FE.10
Nordstromite	2.JB.25c
Norilskite	1.AG.75
Normandite	9.BE.17
Norrishite	9.EC.20
Norsethite	5.AB.30
Northstarite	7.JA.20
Northupite	5.BF.05
Nosean	9.FB.10
Novacekite	8.EB.05
Novakite	2.AA.15
Novgorodovaite	10.AB.80
Novikovite	
Novodneprite	1.AA.15
Novograblenovite	3.BA.15
Nowackiite	2.GA.30
Nsutite	4.DB.15c
Nuffieldite	2.JB.25g
Nukundamite	2.CA.10
Nullaginite	5.BA.10
Numanoite	6.DA.40
Nuragheite	7.GB.75
Nuwaite	2.LA.65
Nyboite	
Nyerereite	5.AC.10
Nyholmite	8.CB.10
Oberthurite	2.BB.15
Oberwolfachite	
Oboyerite	
Obradovicite-KCu	7.GB.40
Obradovicite-NaCu	7.GB.45
Obradovicite-NaNa	7.GB.45
Odanielite	
Odigitriaite	9.EJ.20
Odikhinchaite	
Odinite	9.ED.05
Odintsovite	9.CJ.50
Oenite	2.EB.10f
Offretite	9.GD.25
Oftedalite	9.CM.05
Ogdensburgite	8.DC.57
Ognitite	2.EA.20
Ohmilite	9.DH.10
Ojuelaite	8.DC.15
Okanoganite-(Y)	9.AJ.35
Okayamalite	9.BB.10
Okenite	9.EA.40
Okhotskite	9.BG.20
Okieite	4.HC.50
Okruginite	
Okruschite	8.DA.10
Oldhamite	2.CD.10
Oldsite	
Olekminskite	5.AB.40
Olenite	9.CK.05
Olgite	8.AC.40
Oligoclase	
Olivenite	8.BB.30
Olkhonskite	4.CB.35
Olmiite	9.AF.90
Olmsteadite	8.DJ.05
Olsacherite	7.AD.35
Olsenite	
Olshanskyite	6.CA.55
Olympite	8.AA.30
Omariniite	2.CB.10c
Omeiite	2.EB.15a
Ominelite	9.AJ.05
Omongwaite	7.CD.65
Omphacite	9.DA.20
Omsite	
Ondrusite	8.CE.30
Oneillite	9.CO.10
Onoratoite	3.DC.80
Oosterboschite	2.BC.10
Ootannite	
Opal	4.DA.10
Ophirite	7.GB.80
Oppenheimerite	7.EC.45
Orcelite	2.AB.10
Ordonezite	4.DB.10
Orebroite	9.AF.75
Oregonite	2.BB.05
Oreillyite	
Organovaite-Mn	9.CE.30g
Organovaite-Zn	9.CE.30g
Orickite	2.FB.15
Orientite	9.BJ.05
Orishchinite	
Orlandiite	4.JH.20
Orlovite	9.EC.20
Orlymanite	9.EE.30
Orpiment	2.FA.30
Orschallite	4.JE.15
Orthobrannerite	4.DH.05
Orthochamosite	9.EC.55
Orthoclase	9.FA.30
Orthocuproplatinum	
Orthoericssonite	
Orthogersdorffite	2.EB.25
Orthojoaquinite-(Ce)	9.CE.25
Orthojoaquinite-(La)	9.CE.25
Orthominasragrite	7.DB.20
Orthopinakiolite	6.AB.40
Orthoserpierite	7.DD.30
Orthowalpurgite	8.EA.05
Osakaite	7.DE.40
Osarizawaite	7.BC.10
Osarsite	2.EB.20
Osbornite	1.BC.15
Oscarkempffite	
Oskarssonite	
Osmium	1.AF.05
Osumilite	9.CM.05
Osumilite-(Mg)	9.CM.05
Oswaldpeetersite	5.EA.20
Otavite	5.AB.05
Otjisumeite	9.J0.15
Ottemannite	2.DB.10
Ottensite	2.MA.05
Ottohahnite	7.EC.60
Ottoite	7.AB.25
Ottoliniite	
Ottrelite	9.AF.85
Otwayite	5.DA.15
Oulankaite	2.BC.40
Ourayite	2.JB.40c
Oursinite	9.AK.10
Ovamboite	2.CB.30
Overite	8.DH.20
Owensite	2.FC.05
Owyheeite	2.HC.35
Oxammite	10.AB.55
Oxo-magnesio-hastingsite	9.DE.15
Oxo-mangani-leakeite	9.DE.25
Oxy-chromium-dravite	9.CK.05
Oxy-dravite	9.CK.05
Oxy-foitite	9.CK.05
Oxy-schorl	9.CK.05
Oxy-vanadium-dravite	9.CK.05
Oxybismutomicrolite	4.DH.15
Oxycalciobetafite	4.DH.15
Oxycalciomicrolite	4.DH.15
Oxycalciopyrochlore	4.DH.15
Oxycalcioromeite	4.DH.20
Oxykinoshitalite	9.EC.35
Oxynatromicrolite	4.DH.15
Oxyphlogopite	9.EC.20
Oxyplumboromeite	
Oxystannomicrolite	4.DH.15
Oxystibiomicrolite	4.DH.15
Oxyuranobetafite	4.DH.15
Oxyvanite	4.CB.30
Oxyyttrobetafite-(Y)	
Oyelite	9.HA.80
Oyonite	2.JB.40a
Ozernovskite	
Ozerovaite	8.AC.47
Paakkonenite	2.DB.05
Paarite	2.HB.05a
Pabstite	9.CA.05
Paceite	10.AA.30
Pachnolite	3.CB.40
Packratite	8.FD.10
Paddlewheelite	5.ED.70
Paderaite	2.JA.10e
Padmaite	2.EB.25
Paganoite	8.BH.50
Pahasapaite	8.CA.25
Painite	6.AB.85
Pakhomovskyite	8.CE.40
Palarstanide	2.AC.20b
Palenzonaite	8.AC.25
Palermoite	8.BH.25
Palladinite	4.AB.30
Palladium	1.AF.10
Palladoarsenide	2.AC.25a
Palladobismutharsenide	2.AC.25f
Palladodymite	2.AC.25c
Palladogermanide	1.B0.10
Palladosilicide	1.BB.55
Palladothallite	
Palladseite	2.BC.05
Palmierite	7.AD.40
Palygorskite	9.EE.20
Pampaloite	2.EA.40
Panasqueiraite	8.BH.10
Pandoraite-Ba	4.HG.70
Pandoraite-Ca	4.HG.70
Panethite	8.AC.65
Panguite	4.CC.35
Panichiite	
Panskyite	
Pansnerite	8.AC.47
Panunzite	9.FA.05
Paolovite	1.AG.20
Papagoite	9.CE.05
Papikeite	9.DD.05
Paqueite	9.HA.42
Para-alumohydrocalcite	5.DB.05
Parabariomicrolite	
Paraberzeliite	8.AC.05
Parabrandtite	8.CG.05
Parabutlerite	7.DC.10
Paracelsian	9.FA.40
Paracoquimbite	7.CB.55
Paracostibite	2.EB.10e
Paradamite	8.BB.35
Paradimorphite	
Paradocrasite	1.CA.15
Paradsasvarite	5.BA.10
Paraershovite	9.DF.15
Parafiniukite	8.BN.05
Parafransoletite	8.CA.05
Parageorgbokiite	4.JG.05
Paragersdorffite	2.EB.25
Paragonite	9.EC.15
Paraguanajuatite	2.DC.05
Parahibbingite	
Parahopeite	8.CA.70
Parakeldyshite	9.BC.10
Parakuzmenkoite-Fe	9.CE.30g
Paralabuntsovite-Mg	9.CE.30f
Paralammerite	8.AB.30
Paralaurionite	3.DC.05
Paralomonosovite	
Paralstonite	5.AB.40
Paramarkeyite	
Paramelaconite	4.AA.15
Paramendozavilite	7.GB.45
Paramolybdomenite	
Paramontroseite	4.DB.15a
Paranatisite	9.AG.40b
Paranatrolite	9.GA.05
Paraniite-(Y)	7.GA.15
Paraotwayite	7.BB.45
Parapierrotite	2.HC.05f
Pararaisaite	7.CB.52
Pararammelsbergite	2.EB.10e
Pararealgar	2.FA.15b
Pararobertsite	8.DH.30
Pararsenolamprite	1.CA.10
Parascandolaite	3.AA.35
Paraschachnerite	1.AD.15a
Paraschoepite	4.GA.05
Parascholzite	8.CA.45
Parascorodite	8.CD.15
Parasibirskite	6.BC.20
Paraspurrite	
Parasterryite	2.HC.40
Parasymplesite	8.CE.40
Paratacamite	3.DA.10c
Paratacamite-(Mg)	
Paratacamite-(Ni)	3.DA.10c
Paratellurite	4.DE.25
Paratimroseite	7.BB.85
Paratobermorite	
Paratooite-(La)	5.AD.20
Paratsepinite-Ba	9.CE.30b
Paratsepinite-Na	9.CE.30b
Paraumbite	9.DG.25
Parauranophane	9.AK.15
Paravauxite	8.DC.30
Paravinogradovite	9.DB.25
Parawulffite	7.BC.60
Pargasite	9.DE.15
Parisite-(Ce)	5.BD.20b
Parisite-(La)	5.BD.20b
Parisite-(Nd)	5.BD.20b
Parkerite	2.BE.20
Parkinsonite	3.DB.40
Parnauite	8.DF.35
Parsettensite	9.EG.40
Parsonsite	8.EA.10
Partheite	9.GB.35
Partzite	
Parvo-mangano-edenite	9.DE.15
Parvo-manganotremolite	9.DE.10
Parwanite	8.DO.40
Parwelite	8.BD.15
Pasavaite	2.BE.30
Pascoite	4.HC.05
Paseroite	4.CC.20
Patronite	2.EC.10
Pattersonite	8.BL.25
Patynite	9.DG.65
Pauflerite	7.BB.55
Pauladamsite	7.DC.40
Paulgrothite	
Paulingite-Ca	9.GC.35
Paulingite-K	9.GC.35
Paulisite	
Paulkellerite	8.BM.10
Paulkerrite	8.DH.35
Paulmooreite	4.JA.50
Pauloabibite	4.CC.37
Paulrobinsonite	
Paulscherrerite	4.GA.20
Pautovite	2.FB.20
Pavlovskyite	9.BJ.70
Pavonite	2.JA.05a
Paxite	2.EB.15c
Pearceite	2.GB.15
Peatite-(Y)	5.BF.45
Pecoraite	9.ED.15
Pectolite	9.DG.05
Pectolite-M2abc	
Pedrizite	9.DE.25
Peisleyite	8.DO.15
Pekoite	2.HB.05a
Pekovite	9.FA.65
Peligotite	7.EC.65
Pellouxite	2.JB.35d
Pellyite	9.DO.10
Penberthycroftite	
Pendevilleite-(Y)	
Penfieldite	3.DC.15
Pengite	
Penikisite	8.BH.20
Penkvilksite	9.EA.60
Pennantite	9.EC.55
Penobsquisite	6.GB.10
Penriceite	
Penroseite	2.EB.05a
Pentagonite	9.EA.55
Pentahydrite	7.CB.20
Pentahydroborite	6.BB.10
Pentlandite	2.BB.15
Penzhinite	2.BA.75
Peprossiite-(Ce)	6.CA.45
Perboeite-(Ce)	
Perboeite-(La)	
Perchiazziite	
Percleveite-(Ce)	9.BC.35
Percleveite-(La)	9.BC.35
Peretaite	7.DF.45
Perettiite-(Y)	9.EA.45
Perhamite	8.DO.20
Periclase	4.AB.25
Perite	3.DC.30
Perkovaite	
Perlialite	9.GC.25
Perloffite	8.BH.20
Permanganogrunerite	9.DE.05
Permingeatite	2.KA.10
Perovskite	4.CC.30
Perraultite	9.BE.67
Perrierite-(Ce)	9.BE.70
Perrierite-(La)	9.BE.70
Perroudite	2.FC.20c
Perryite	1.BB.10
Pertlikite	7.CC.25
Pertoldite	
Pertsevite-(F)	6.AB.75
Pertsevite-(OH)	6.AB.75
Petalite	9.EF.05
Petarasite	9.CJ.40
Petedunnite	9.DA.15
Peterandresenite	7.GB.60
Peterbaylissite	5.DC.25
Peterchinite	
Petermegawite	
Petersenite-(Ce)	5.AD.15
Petersite-(Ce)	8.DL.15
Petersite-(La)	8.DL.15
Petersite-(Y)	8.DL.15
Petewilliamsite	8.FA.25
Petitjeanite	8.BO.10
Petricekite	2.EB.10a
Petrovicite	2.LB.40
Petrovite	7.AC.75
Petrovskaite	2.BA.75
Petrukite	2.KA.05
Petscheckite	4.DH.35
Petterdite	5.DB.10
Petzite	2.BA.75
Pezzottaite	9.CJ.60
Pharmacoalumite	8.DK.12
Pharmacolite	8.CJ.50
Pharmacosiderite	8.DK.10
Pharmazincite	8.AC.55
Phaunouxite	8.CJ.40
Phenakite	9.AA.05
Philipsbornite	8.BL.10
Philipsburgite	8.DE.35
Phillipsite-Ca	9.GC.10
Phillipsite-K	9.GC.10
Phillipsite-Na	9.GC.10
Philolithite	5.BF.35
Philoxenite	7.AC.60
Philrothite	2.HC.05f
Phlogopite	9.EC.20
Phoenicochroite	7.FB.05
Phosgenite	5.BE.20
Phosinaite-(Ce)	9.CF.15
Phosphammite	8.AD.20
Phosphocyclite-(Fe)	
Phosphocyclite-(Ni)	
Phosphoellenbergerite	8.BB.55
Phosphoferrite	8.CC.05
Phosphofibrite	8.DJ.20
Phosphogartrellite	8.CG.20
Phosphohedyphane	8.BN.05
Phosphoinnelite	9.BE.40
Phosphophyllite	8.CA.40
Phosphorrosslerite	8.CE.20
Phosphosiderite	8.CD.05
Phosphovanadylite-Ba	8.DM.20
Phosphovanadylite-Ca	8.DM.20
Phosphowalpurgite	8.EA.05
Phosphuranylite	8.EC.10
Phoxite	10.AB.60
Phuralumite	8.EC.05
Phurcalite	8.EC.35
Phylloretine	10.BA.35
Phyllotungstite	7.GB.20
Picaite	8.AD.75
Piccoliite	8.BH.85
Pickeringite	7.CB.85
Picotpaulite	2.CB.60
Picromerite	7.CC.60
Picropharmacolite	8.CH.15
Pieczkaite	8.BN.05
Piemontite	9.BG.05a
Piemontite-(Pb)	9.BG.05
Piemontite-(Sr)	9.BG.05
Piergorite-(Ce)	9.DL.10
Pierrotite	2.HC.05f
Pigeonite	9.DA.10
Pigotite	10.AC.15
Pilanesbergite	
Pilawite-(Y)	9.AF.95
Pilipenkoite	
Pillaite	2.JB.35c
Pilsenite	2.DC.05
Pinakiolite	6.AB.35
Pinalite	3.DC.55
Pinchite	3.DD.25
Pingguite	4.JL.20
Pinnoite	6.BB.05
Pintadoite	8.FC.15
Piretite	4.JJ.15
Pirquitasite	2.CB.15a
Pirssonite	5.CB.30
Pisekite-(Y)	
Pitiglianoite	9.FB.05
Pitticite	8.DB.05
Pittongite	4.DH.45
Piypite	7.BC.40
Pizgrischite	2.JA.10d
Plagionite	2.HC.10b
Plancheite	9.DB.35
Planerite	8.DD.15
Plasilite	7.EC.50
Platarsite	2.EB.25
Platinum	1.AF.10
Plattnerite	4.DB.05
Plavnoite	7.EC.05
Playfairite	2.LB.30
Pleysteinite	
Plimerite	8.BC.10
Pliniusite	8.BN.05
Plombierite	9.DG.08
Plumboagardite	8.DL.15
Plumbobetafite	
Plumboferrite	4.CC.45
Plumbogaidonnayite	
Plumbogummite	8.BL.10
Plumbojarosite	7.BC.10
Plumbomicrolite	
Plumbonacrite	5.BE.15
Plumbopalladinite	1.AG.25
Plumboperloffite	
Plumbopharmacosiderite	8.DK.10
Plumbophyllite	9.EA.85
Plumbopyrochlore	
Plumboselite	4.JG.50
Plumbotellurite	4.JK.55
Plumbotsumite	9.HH.20
Plumosite	
Podlesnoite	5.BC.15
Poellmannite	
Pohlite	
Poirierite	
Poitevinite	7.CB.05
Pokhodyashinite	
Pokrovskite	5.BA.10
Polarite	2.AC.40
Poldervaartite	9.AF.90
Polekhovskyite	1.BD.45
Polezhaevaite-(Ce)	3.AB.35
Polhemusite	2.CB.05c
Polkanovite	2.AC.30
Polkovicite	2.CB.35a
Polloneite	2.HC.05h
Pollucite	9.GB.05
Polyakovite-(Ce)	9.BE.70
Polyarsite	8.BG.35
Polybasite	2.GB.15
Polycrase-(Y)	
Polydymite	2.DA.05
Polyhalite	7.CC.65
Polylithionite	9.EC.20
Polyphite	9.BE.47
Pomite	
Ponomarevite	3.DA.35
Popovite	8.BB.55
Poppiite	9.BG.20
Popugaevaite	
Portlandite	4.FE.05
Posepnyite	
Posnjakite	7.DD.10
Postite	4.HC.55
Potarite	1.AD.25
Potassic magnesio-arfvedsonite	
Potassic-arfvedsonite	9.DE.25
Potassic-chloro-hastingsite	9.DE.15
Potassic-chloro-pargasite	9.DE.15
Potassic-ferri-leakeite	9.DE.25
Potassic-ferro-ferri-sadanagaite	9.DE.15
Potassic-ferro-ferri-taramite	9.DE.20
Potassic-ferro-pargasite	9.DE.15
Potassic-ferro-sadanagaite	9.DE.15
Potassic-ferro-taramite	9.DE.20
Potassic-fluoro-hastingsite	9.DE.15
Potassic-fluoro-pargasite	9.DE.15
Potassic-fluoro-richterite	9.DE.20
Potassic-hastingsite	9.DE.15
Potassic-jeanlouisite	9.DE.25
Potassic-magnesio-arfvedsonite	9.DE.25
Potassic-magnesio-fluoro-arfvedsonite	9.DE.25
Potassic-magnesio-hastingsite	9.DE.15
Potassic-mangani-leakeite	9.DE.25
Potassic-pargasite	9.DE.15
Potassic-richterite	9.DE.20
Potassic-sadanagaite	9.DE.15
Potassiccarpholite	9.DB.05
Potassichastingsite	
Potassicrichterite	
Potosiite	2.HF.25b
Pottsite	8.CG.25
Poubaite	2.GC.40c
Poudretteite	9.CM.05
Poughite	4.JN.10
Povondraite	9.CK.05
Powellite	7.GA.05
Poyarkovite	3.DD.10
Pracharite	4.JD.20
Pradetite	8.CE.30
Prehnite	9.DP.20
Preisingerite	8.BO.10
Preiswerkite	9.EC.20
Preobrazhenskite	6.GB.15
Pretulite	8.AD.35
Prewittite	
Pribramite	2.HA.05
Priceite	6.EB.25
Priderite	4.DK.05b
Princivalleite	
Pringleite	6.GD.05
Priscillagrewite-(Y)	
Prismatine	9.BJ.50
Probertite	6.EB.15
Proshchenkoite-(Y)	9.AJ.35
Prosopite	3.CD.10
Prosperite	8.CA.60
Protasite	4.GB.10
Proto-anthophyllite	9.DD.05
Proto-ferro-anthophyllite	9.DD.05
Proto-ferro-suenoite	9.DD.05
Protocaseyite	
Protochabourneite	2.HD.45
Protoenstatite	
Protojoseite	2.DC.05
Proudite	2.JB.25d
Proustite	2.GA.05
Proxidecagonite	1.AA.50
Przhevalskite	8.EB.10
Pseudoboleite	3.DB.10
Pseudobrookite	4.CB.15
Pseudocotunnite	3.AA.90
Pseudodickthomssenite	
Pseudograndreefite	7.BD.65
Pseudojohannite	7.EC.20
Pseudolaueite	8.DC.30
Pseudolyonsite	8.AB.35
Pseudomalachite	8.BD.05
Pseudomarkeyite	5.ED.65
Pseudomeisserite-(NH4)	7.EC.85
Pseudomertieite	2.AC.15b
Pseudopomite	
Pseudorutile	4.CB.25
Pseudosinhalite	6.AC.10
Pseudowollastonite	9.CA.20
Pucherite	8.AD.40
Pumpellyite-(Al)	9.BG.20
Pumpellyite-(Fe2+)	9.BG.20
Pumpellyite-(Fe3+)	9.BG.20
Pumpellyite-(Mg)	9.BG.20
Pumpellyite-(Mn2+)	9.BG.20
Puninite	7.BC.20
Punkaruaivite	9.DB.15
Purpurite	8.AB.10
Pushcharovskite	8.CA.55
Putnisite	5.DB.40
Putoranite	2.CB.10b
Puttapaite	
Putzite	2.BA.70
Pyatenkoite-(Y)	9.DM.10
Pyracmonite	7.AC.08
Pyradoketosite	
Pyrargyrite	2.GA.05
Pyrite	2.EB.05a
Pyroaurite	5.DA.50
Pyrobelonite	8.BH.40
Pyrochlore	
Pyrochroite	4.FE.05
Pyrocoproite	8.FA.20
Pyrolusite	4.DB.05
Pyromorphite	8.BN.05
Pyrope	9.AD.25
Pyrophanite	4.CB.05
Pyrophosphite	8.FA.20
Pyrophyllite	9.EC.10
Pyrosmalite-(Fe)	9.EE.10
Pyrosmalite-(Mn)	9.EE.10
Pyrostilpnite	2.GA.10
Pyroxferroite	9.DO.05
Pyroxmangite	9.DO.05
Pyrrhotite	2.CC.10
Qandilite	4.BB.05
Qaqarssukite-(Ce)	5.BD.25
Qatranaite	4.FM.50
Qeltite	
Qilianshanite	6.H0.55
Qingheiite	8.AC.15
Qingsongite	
Qitianlingite	4.DB.35
Quadratite	2.GC.25
Quadridavyne	9.FB.05
Quadruphite	9.BE.45
Quartz	4.DA.05
Quatrandorite	2.JB.40a
Queitite	9.BF.20
Quenselite	4.FE.30
Quenstedtite	7.CB.65
Quetzalcoatlite	4.FE.45
Quijarroite	2.LB.50
Quintinite	5.DA.40
Quintinite-3T	
Qusongite	1.BA.25
Raadeite	8.BE.30
Rabbittite	5.ED.25
Rabejacite	7.EC.10
Raberite	2.LA.70
Radekskodaite-(Ce)	9.BG.60
Radekskodaite-(La)	9.BG.60
Radhakrishnaite	3.AA.50
Radovanite	8.CB.40
Radtkeite	2.FC.15d
Radvaniceite	
Raguinite	2.CB.60
Raisaite	7.CB.55
Raite	9.EE.55
Rajite	4.JK.20
Rakovanite	4.HC.05
Ralphcannonite	2.GA.40
Ramaccioniite	7.BB.25
Ramanite-(Cs)	6.EA.10
Ramanite-(Rb)	6.EA.10
Ramazzoite	7.DG.55
Rambergite	2.CB.45
Ramdohrite	2.JB.40a
Rameauite	4.GB.05
Ramikite-(Y)	5.BF.50
Rammelsbergite	2.EB.15a
Ramosite	
Ramsbeckite	7.DD.60
Ramsdellite	4.DB.15a
Rancieite	4.FL.40
Rankachite	7.GB.25
Rankamaite	4.DM.05
Rankinite	9.BC.15
Ransomite	7.CB.80
Ranunculite	8.EB.40
Rapidcreekite	7.DG.20
Rappoldite	8.CG.20
Raslakite	9.CO.10
Raspite	4.DG.20
Rastsvetaevite	9.CO.10
Rasvumite	2.FB.20
Rathite	2.HC.05d
Rathite-IV	2.HC.05d
Rauchite	8.EB.05
Rauenthalite	8.CJ.40
Rauvite	4.HB.40
Ravatite	10.BA.40
Raydemarkite	
Raygrantite	7.FC.15
Rayite	2.HC.10d
Realgar	2.FA.15a
Reaphookhillite	8.CA.70
Rebulite	2.HD.25
Rectorite	9.EC.60
Redcanyonite	7.EC.05
Reddingite	8.CC.05
Redgillite	7.DD.70
Redingtonite	7.CB.85
Redledgeite	4.DK.05b
Redmondite	
Redondite	
Reederite-(Y)	5.BF.20
Reedmergnerite	9.FA.35
Reevesite	5.DA.50
Refikite	10.CA.05
Regerite	
Reichenbachite	8.BD.05
Reidite	9.AD.45
Reinerite	4.JA.10
Reinhardbraunsite	9.AF.45
Relianceite-(K)	
Remondite-(Ce)	5.AD.15
Remondite-(La)	5.AD.15
Renardite	8.EC.10
Rengeite	9.BE.70
Renierite	2.CB.35a
Reppiaite	8.BD.20
Retgersite	7.CB.30
Retzian-(Ce)	8.BM.05
Retzian-(La)	8.BM.05
Retzian-(Nd)	8.BM.05
Revdite	9.DM.30
Rewitzerite	
Reyerite	9.EE.35
Reynoldsite	7.FB.30
Reznitskyite	
Rhabdoborite-(Mo)	
Rhabdoborite-(V)	6.AB.85
Rhabdoborite-(W)	6.AB.85
Rhabdophane-(Ce)	8.CJ.45
Rhabdophane-(La)	8.CJ.45
Rhabdophane-(Nd)	8.CJ.45
Rhabdophane-(Y)	8.CJ.25
Rheniite	2.EB.35
Rhodarsenide	2.AC.25b
Rhodesite	9.EB.05
Rhodium	1.AF.10
Rhodizite	6.GC.05
Rhodochrosite	5.AB.05
Rhodonite	9.DK.05
Rhodostannite	2.DA.10
Rhodplumsite	2.BE.15
Rhomboclase	7.CB.55
Rhonite	9.DH.40
Ribbeite	9.AF.65
Richardsite	
Richardsollyite	2.HD.15
Richellite	8.BB.90
Richelsdorfite	
Richetite	4.GB.15
Richterite	9.DE.20
Rickardite	2.BA.30
Rickturnerite	
Riebeckite	9.DE.25
Riesite	4.DM.45
Rietveldite	7.EB.10
Rilandite	9.HB.10
Rimkorolgite	8.CH.45
Ringwoodite	9.AC.15
Rinkite-(Ce)	9.00.20
Rinkite-(Y)	9.BE.20
Rinmanite	4.CB.40
Rinneite	3.CJ.05
Riomarinaite	7.DF.75
Riosecoite	8.CF.20
Riotintoite	7.DC.45
Rippite	9.HA.45
Rittmannite	8.DH.15
Rivadavite	6.FA.20
Riversideite	9.DG.10
Roaldite	1.BC.05
Robertsite	8.DH.30
Robinsonite	2.HC.20
Rockbridgeite	8.BC.10
Rodalquilarite	4.JL.05
Rodolicoite	
Roeblingite	9.CB.05
Roedderite	9.CM.05
Rogermitchellite	9.CA.35
Roggianite	9.GB.20
Rohaite	2.BD.35
Rokuhnite	3.BB.10
Rollandite	8.CD.30
Romanechite	4.DK.10
Romanite	
Romanorlovite	3.DA.80
Romarchite	4.AC.20
Romeite	
Romerite	7.CB.75
Rondorfite	9.AB.20
Rongibbsite	9.GF.65
Ronneburgite	8.AC.75
Ronpetersonite	
Rontgenite-(Ce)	5.BD.20d
Rooseveltite	8.AD.50
Roquesite	2.CB.10a
Rorisite	3.DC.25
Rosasite	5.BA.10
Roscherite	8.DA.10
Roscoelite	9.EC.15
Roselite	8.CG.10
Rosemaryite	8.AC.15
Rosenbergite	3.CD.05
Rosenbuschite	9.BE.22
Rosenhahnite	9.BJ.10
Roshchinite	2.JB.40a
Rosiaite	4.DH.25
Rosickyite	1.CC.05
Rosieresite	8.DF.10
Rossiantonite	8.DB.50
Rossite	4.HD.05
Rosslerite	8.CE.20
Rossmanite	9.CK.05
Rossovskyite	4.DB.30
Rostite	7.DB.10
Roterbarite	2.GA.25
Rouaite	5.NB.05
Roubaultite	5.EA.25
Roumaite	9.BE.20
Rouseite	4.JC.15
Routhierite	2.GA.40
Rouvilleite	5.BC.10
Rouxelite	2.JB.25j
Roweite	6.DA.25
Rowlandite-(Y)	9.HG.20
Rowleyite	
Roxbyite	2.BA.05
Roymillerite	9.EG.70
Rozenite	7.CB.15
Rozhdestvenskayaite-(Zn)	2.GB.05
Rruffite	8.CG.10
Ruarsite	2.EB.20
Rubicline	9.FA.30
Rubinite	9.AD.25
Rucklidgeite	2.GC.40c
Rudabanyaite	8.BO.55
Rudashevskyite	2.CB.05a
Rudenkoite	9.HA.50
Rudlingerite	8.FC.05
Rudolfhermannite	
Ruifrancoite	8.DA.10
Ruitenbergite	6.GD.05
Ruizhongite	
Ruizite	9.BJ.35
Rumoiite	1.AC.20
Rumseyite	3.DC.52
Rusakovite	8.DF.15
Rusinovite	9.BE.95
Russellite	4.DE.15
Russoite	3.DC.05
Rustenburgite	1.AG.10
Rustumite	9.BG.30
Ruthenarsenite	2.CC.15
Rutheniridosmine	1.AF.05
Ruthenium	1.AF.05
Rutherfordine	5.EB.05
Rutile	4.DB.05
Ryabchikovite	
Rynersonite	4.DF.05
Saamite	9.BE.25
Sabatierite	2.BD.45
Sabelliite	8.BE.65
Sabieite	7.AC.20
Sabinaite	5.BB.20
Sabugalite	8.EB.55
Saccoite	7.BC.65
Sacrofanite	9.FB.05
Sadanagaite	9.DE.15
Saddlebackite	2.GC.40d
Safflorite	2.EB.15a
Sahamalite-(Ce)	5.AD.05
Sahlinite	8.BO.20
Sailaufite	8.DH.30
Sainfeldite	
Sakhaite	6.AB.65
Sakuraiite	2.CB.05b
Salammoniac	3.AA.25
Saleeite	8.EB.05
Salesite	4.KB.05
Saliotite	9.EC.60
Saltonseaite	3.CJ.05
Salzburgite	2.HB.05a
Samaniite	
Samarskite-(Y)	4.DB.25
Samarskite-(Yb)	4.DB.25
Samfowlerite	9.BF.10
Sampleite	8.DG.05
Samraite	
Samsonite	2.GA.15
Samuelsonite	8.BF.10
Sanbornite	9.EF.10
Sanderite	7.CB.07
Saneroite	9.DK.15
Sangenaroite	
Sanguite	
Sanidine	9.FA.30
Sanjuanite	8.DB.30
Sanmartinite	4.DB.30
Sanromanite	5.AC.30
Santabarbaraite	8.CE.80
Santaclaraite	9.DK.10
Santafeite	8.DM.40
Santanaite	7.FB.10
Santarosaite	6.BD.05
Santite	6.EA.10
Saponite	9.EC.45
Sapozhnikovite	
Sapphirine	9.DH.45
Sarabauite	2.MA.10
Saranchinaite	7.AC.45
Saranovskite	
Sarcolite	9.EH.15
Sarcopside	8.AB.15
Sardashtite	
Sardignaite	4.DM.50
Sarkinite	8.BB.15
Sarmientite	8.DB.35
Sarrabusite	4.JG.55
Sarrochite	
Sartorite	2.HC.05a
Sarvodaite	
Saryarkite-(Y)	8.DO.25
Sasaite	8.DB.55
Sassite	
Sassolite	6.AA.05
Satimolite	6.H0.15
Satpaevite	4.HG.65
Satterlyite	8.BB.20
Sauconite	9.EC.45
Savelievaite	
Sayrite	4.GB.50
Sazhinite-(Ce)	9.EA.30
Sazhinite-(La)	9.EA.30
Sazykinaite-(Y)	9.DM.10
Sbacchiite	3.CB.55
Sborgite	6.EA.05
Scacchite	3.AB.20
Scainiite	2.JB.35b
Scandio-winchite	
Scandiobabingtonite	9.DK.05
Scarbroite	5.DA.35
Scawtite	9.CK.15
Scenicite	
Schachnerite	1.AD.15a
Schafarzikite	4.JA.20
Schaferite	8.AC.25
Schairerite	7.BD.10
Schallerite	9.EE.15
Schapbachite	2.JA.15
Schaurteite	7.DF.25
Scheelite	7.GA.05
Schertelite	8.CH.30
Scheuchzerite	9.DM.35
Schiavinatoite	6.AC.15
Schieffelinite	7.CD.55
Schindlerite	4.HC.60
Schirmerite	2.JB.40d
Schizolite	9.DG.05
Schlegelite	8.BO.45
Schlemaite	2.BE.25
Schlossmacherite	7.BC.10
Schluterite-(Y)	9.BE.97
Schmidite	8.DB.07
Schmiederite	7.BC.65
Schmitterite	4.JK.70
Schneebergite	8.CG.15
Schneiderhohnite	4.JA.35
Schoderite	8.CE.70
Schoenfliesite	4.FC.10
Schoepite	4.GA.05
Schollhornite	2.FB.05
Scholzite	8.CA.45
Schoonerite	8.DB.15
Schorl	9.CK.05
Schorlomite	9.AD.25
Schreibersite	1.BD.05
Schreyerite	4.CB.35
Schrockingerite	5.EG.05
Schubnelite	8.CB.35
Schuetteite	7.BB.40
Schuilingite-(Nd)	5.DB.20
Schulenbergite	7.DD.80
Schullerite	9.BE.25
Schultenite	8.AD.30
Schumacherite	8.BO.10
Schwartzembergite	4.KB.10
Schwertmannite	7.DE.15
Sclarite	5.BA.30
Scolecite	9.GA.05
Scordariite	7.DF.52
Scorodite	8.CD.10
Scorticoite	9.AF.75
Scorzalite	8.BB.40
Scotlandite	4.JE.20
Scottyite	9.BC.40
Scrutinyite	4.DB.20
Seaborgite	
Seamanite	6.AC.65
Searlesite	9.EF.15
Sederholmite	2.CC.05
Sedovite	7.HA.05
Seeligerite	4.KB.15
Seelite	4.JD.10
Segelerite	8.DH.20
Segerstromite	8.BO.60
Segnitite	8.BL.10
Seidite-(Ce)	9.DJ.20
Seidozerite	9.BE.25
Seifertite	4.DA.50
Seinajokite	2.EB.15b
Sejkoraite-(Y)	7.EC.15
Sekaninaite	9.CJ.10
Selenium	1.CC.10
Selenojalpaite	2.BA.45
Selenojunoite	
Selenolaurite	
Selenopolybasite	2.GB.15
Selenostephanite	2.GB.10
Seligmannite	2.GA.50
Selivanovaite	9.BE.27
Sellaite	3.AB.15
Selsurtite	9.CO.10
Selwynite	8.CA.20
Semenovite-(Ce)	9.DN.10
Semseyite	2.HC.10d
Senaite	4.CC.40
Senandorite	
Senarmontite	4.CB.50
Senegalite	8.DE.05
Sengierite	4.HB.10
Senkevichite	9.DG.75
Sepiolite	9.EE.25
Serandite	9.DG.05
Serendibite	9.DH.40
Sergeevite	5.DB.25
Sergevanite	9.CO.10
Sergeysmirnovite	
Serpierite	7.DD.30
Serrabrancaite	8.CB.05
Sewardite	8.BH.30
Shabaite-(Nd)	5.EE.10
Shabynite	6.AB.55
Shadlunite	2.BB.15
Shafranovskite	9.EE.65
Shagamite	
Shakhdaraite-(Y)	
Shakhovite	4.FB.05
Shandite	2.BE.15
Shannonite	5.BE.05
Sharpite	5.EA.35
Sharyginite	4.AC.10
Shasuite	
Shattuckite	9.DB.40
Shcherbakovite	9.DH.20
Shcherbinaite	4.HE.10
Shchurovskyite	8.BG.25
Sheldrickite	5.DC.15
Shenzhuangite	2.CB.07a
Sherwoodite	4.HC.15
Shibkovite	9.CM.05
Shigaite	7.DD.35
Shijiangshanite	
Shilovite	5.NA.25
Shimazakiite	6.BC.25
Shimenite	
Shinarumpite	7.EB.I
Shinichengite	
Shinkolobweite	4.GB.95
Shirokshinite	9.EC.20
Shirozulite	9.EC.20
Shkatulkalite	9.BE.50
Shlykovite	9.EA.47
Shomiokite-(Y)	5.CC.20
Shortite	5.AC.25
Shosanbetsuite	1.AD.35
Shuangfengite	2.EA.20
Shubnikovite	8.DG.05
Shuiskite-(Cr)	
Shuiskite-(Mg)	9.BG.20
Shulamitite	4.AC.10
Shumwayite	7.EA.15
Shuvalovite	7.BC.62
Sibirskite	6.BC.20
Sicherite	2.HD.55
Sicklerite	8.AB.10
Siderazot	1.BC.10
Siderite	5.AB.05
Sideronatrite	7.DF.20
Siderophyllite	9.EC.20
Siderotil	7.CB.20
Sidorenkite	5.BF.10
Sidorovite	
Sidpietersite	7.JA.05
Sidwillite	4.FJ.05
Siegenite	2.DA.05
Sieleckiite	8.DF.25
Sigismundite	
Sigloite	8.DC.30
Siidraite	3.DB.55
Silesiaite	9.BC.30
Silhydrite	4.FM.30
Silicocarnotite	9.AH.20
Silicon	1.CB.15
Silinaite	9.EF.20
Sillenite	4.CB.70
Sillimanite	9.AF.05
Silver	1.AA.05
Silvialite	9.FB.15
Simferite	8.AB.10
Simmonsite	3.CB.15
Simonellite	10.BA.45
Simonite	2.GC.20
Simonkolleite	3.DA.20
Simplotite	4.HG.20
Simpsonite	4.DC.10
Sincosite	8.CJ.65
Sinhalite	6.AC.05
Sinjarite	3.BB.25
Sinkankasite	8.DB.20
Sinnerite	2.GC.10
Sinoite	1.DB.10
Sitinakite	9.AG.30
Siudaite	9.CO.10
Siwaqaite	7.DG.15
Sjogrenite	
Skachaite	
Skaergaardite	1.AG.45
Skinnerite	2.GA.20
Skippenite	2.DC.05
Sklodowskite	9.AK.10
Skorpionite	8.DO.45
Skutterudite	2.EC.05
Slavikite	7.DF.30
Slavkovite	8.CE.90
Slawsonite	9.FA.50
Slikite	5.DA.60
Sluzhenikinite	
Slyudyankaite	
Smamite	8.DD.30
Smirnite	4.JK.40
Smirnovskite	8.CJ.45
Smithite	2.GC.30
Smithsonite	5.AB.05
Smolyaninovite	8.CH.55
Smrkovecite	8.BO.15
Smythite	2.CC.10
SO4 - hydrotalcite - 11A	
SO4 - hydrotalcite - 8.8A	
Sobolevite	9.BE.37
Sobolevskite	2.CC.05
Sodalite	9.FB.10
Soddyite	9.AK.05
Sodic-ferri-clinoferroholmquistite	9.DE.25
Sodic-ferripedrizite	
Sodic-ferro-anthophyllite	9.DD.05
Sodic-ferrogedrite	
Sodic-ferropedrizite	
Sodicanthophyllite	
Sodicgedrite	
Sodicpedrizite	
Sofiite	4.JG.15
Sogdianite	9.CM.05
Sohngeite	4.FC.05
Sokolovaite	9.EC.20
Solongoite	6.CA.40
Somersetite	5.BE.45
Sonolite	9.AF.55
Sonoraite	4.JN.05
Sopcheite	2.BC.55
Sorbyite	2.LB.30
Sorensenite	
Sorosite	1.AC.15
Sosedkoite	4.DM.05
Soucekite	2.GA.50
Souzalite	8.DC.45
Spadaite	9.EC.45
Spaltiite	2.LA.75
Spangolite	7.DD.15
Spencerite	8.DA.40
Sperrylite	2.EB.05a
Spertiniite	4.FD.05
Spessartine	9.AD.25
Sphaerobertrandite	9.AE.50
Sphaerobismoite	4.CB.65
Sphalerite	2.CB.05a
Spheniscidite	8.DH.10
Spherocobaltite	5.AB.05
Spinel	4.BB.05
Spionkopite	2.CA.05c
Spiridonovite	2.BA.47
Spiroffite	4.JK.10
Spodumene	9.DA.30
Spriggite	4.GC.15
Springcreekite	8.BL.10
Spryite	2.BA.35
Spurrite	9.AH.15
Srebrodolskite	4.AC.10
Sreinite	8.ED.10
Srilankite	4.DB.25
Stalderite	2.GA.40
Stanekite	8.BB.15
Stanevansite	
Stanfieldite	8.AC.70
Stangersite	
Stanleyite	7.DE.50
Stannite	2.CB.15a
Stannoidite	2.CB.15c
Stannopalladinite	1.AG.25
Starkeyite	7.CB.15
Staroceskeite	2.JB.40a
Starovaite	8.BF.25
Staurolite	9.AF.30
Stavelotite-(La)	9.BE.87
Steacyite	9.CH.10
Steedeite	9.DG.02
Steenstrupine-(Ce)	9.CK.20
Stefanweissite	4.DH.30
Steigerite	8.CE.65
Steinhardtite	1.AA.05
Steinmetzite	8.CA.42
Steklite	7.AC.20
Stellerite	9.GE.15
Stenhuggarite	4.JB.35
Stenonite	3.CG.05
Stepanovite	10.AB.20
Stephanite	2.GB.10
Stepite	8.CJ.45
Stercorite	8.CJ.05
Stergiouite	8.CA.75
Sterlinghillite	8.CD.25
Sternbergite	2.CB.65
Steropesite	3.CK.05
Sterryite	2.LB.30
Stetefeldtite	4.DH.20
Stetindite-(Ce)	9.AD.30
Steudelite	
Stevensite	9.EC.45
Steverustite	7.JA.10
Stewartite	8.DC.30
Stibarsen	1.CA.05
Stibiconite	4.DH.20
Stibioclaudetite	4.CB.45
Stibiocolumbite	4.DE.30
Stibiocolusite	2.CB.30
Stibiogoldfieldite	
Stibiopalladinite	2.AC.20a
Stibiotantalite	4.DE.30
Stibioustalecite	
Stibivanite	4.JA.55
Stibnite	2.DB.05
Stichtite	5.DA.50
Stilbite-Ca	9.GE.10
Stilbite-Na	9.GE.10
Stilleite	2.CB.05a
Stillwaterite	2.AC.10a
Stillwellite-(Ce)	9.AJ.25
Stilpnomelane	9.EG.40
Stishovite	4.DA.40
Stistaite	2.AA.45
Stofflerite	9.FA.70
Stoiberite	8.BB.75
Stokesite	9.DM.05
Stolperite	1.AA.30
Stolzite	7.GA.05
Stoppaniite	9.CJ.05
Stornesite-(Y)	
Stottite	4.FC.15
Stracherite	9.AH.40
Straczekite	4.HE.20
Strakhovite	9.CF.20
Stranskiite	8.AB.35
Strashimirite	8.DC.12
Strassmannite	7.EB.15
Stratlingite	9.EG.25
Strelkinite	4.HB.30
Strengite	8.CD.10
Stringhamite	9.AE.35
Stromeyerite	2.BA.40
Stronadelphite	8.BN.05
Stronalsite	9.FA.60
Strontianite	5.AB.15
Strontio-orthojoaquinite	9.CE.25
Strontioborite	6.FC.10
Strontiochevkinite	9.BE.70
Strontiodresserite	5.DB.10
Strontiofluorite	3.AB.25
Strontioginorite	6.FC.15
Strontiohurlbutite	
Strontiojoaquinite	9.CE.25
Strontiomelane	4.DK.05a
Strontioperloffite	8.BH.20
Strontiopharmacosiderite	8.DK.10
Strontiopyrochlore	
Strontioruizite	9.BJ.35
Strontiowhitlockite	8.AC.45
Strunzite	8.DC.25
Struvite	8.CH.40
Struvite-(K)	8.CH.40
Studenitsite	6.GB.05
Studtite	4.GA.15
Stumpflite	2.CC.05
Sturmanite	7.DG.15
Stutzite	2.BA.65
Suanite	6.BA.05
Sudburyite	2.CC.05
Sudoite	9.EC.55
Sudovikovite	2.EA.20
Suenoite	9.DD.05
Suessite	1.BB.05
Sugakiite	2.BB.15
Sugilite	9.CM.05
Suhailite	9.EC.20
Sulfatoredmondite	
Sulfhydrylbystrite	9.FB.05
Sulfoborite	6.AC.55
Sulphohalite	7.BD.05
Sulphotsumoite	2.DC.05
Sulphur	1.CC.05
Sulvanite	2.CB.70
Sundiusite	7.BD.70
Suolunite	9.BE.10
Suredaite	2.DB.10
Surinamite	9.DH.55
Surite	9.EC.75
Surkhobite	
Sursassite	9.BG.15
Susannite	5.BF.40
Suseinargiuite	7.GA.05
Sussexite	6.BA.15
Suzukiite	9.DH.15
Svabite	8.BN.05
Svanbergite	8.BL.05
Sveinbergeite	9.DC.05
Sveite	5.ND.20
Svenekite	8.AD.10
Sverigeite	9.AE.15
Svetlanaite	
Svornostite	7.EC.10
Svyatoslavite	9.FA.45
Svyazhinite	7.DB.05
Swaknoite	8.CJ.10
Swamboite-(Nd)	9.AK.20
Swartzite	5.ED.10
Swedenborgite	4.AC.05
Sweetite	4.FA.10
Swinefordite	9.EC.45
Switzerite	8.CE.25
Sylvanite	2.EA.05
Sylvite	3.AA.20
Symesite	3.DC.60
Symplesite	8.CE.45
Synadelphite	8.BE.50
Synchysite-(Ce)	5.BD.20c
Synchysite-(Nd)	5.BD.20c
Synchysite-(Y)	5.BD.20c
Syngenite	7.CD.35
Szaibelyite	6.BA.15
Szenicsite	7.GB.10
Szklaryite	4.JB.75
Szmikite	7.CB.05
Szomolnokite	7.CB.05
Sztrokayite	2.DC.05
Szymanskiite	5.DB.30
Tacharanite	9.HA.75
Tachyhydrite	3.BB.35
Tadzhikite-(Ce)	9.DK.20
Tadzhikite-(Y)	
Taenite	1.AE.10
Taikanite	9.DH.25
Taimyrite	1.AG.15
Taimyrite II	
Tainiolite	9.EC.15
Taipingite-(CeCa)	9.AG.12
Takanawaite-(Y)	7.GA.20
Takanelite	4.FL.40
Takedaite	6.AA.40
Takeuchiite	6.AB.40
Takovite	5.DA.50
Talc	9.EC.05
Talmessite	8.CG.05
Talnakhite	2.CB.10b
Tamaite	9.EG.30
Tamarugite	7.CC.10
Tamboite	4.JN.40
Tamuraite	
Tancaite-(Ce)	7.GB.50
Tancoite	8.BG.15
Taneyamalite	9.DH.65
Tangdanite	8.DM.10
Tangeite	8.BH.35
Taniajacoite	9.BJ.35
Tanohataite	9.DG.05
Tantalaeschynite-(Y)	4.DF.05
Tantalcarbide	1.BA.20
Tantalite-(Fe)	4.DB.35
Tantalite-(Mg)	4.DB.35
Tantalite-(Mn)	4.DB.35
Tantalowodginite	4.DB.40
Tanteuxenite-(Y)	4.DG.05
Tantite	4.E0.05
Tapiaite	8.DM.55
Tapiolite-(Fe)	4.DB.10
Tapiolite-(Mn)	4.DB.10
Taramellite	9.CE.20
Taramite	9.DE.20
Taranakite	8.CH.25
Tarapacaite	7.FA.05
Tarbagataite	9.DC.05
Tarbuttite	8.BB.35
Tarkianite	2.DB.30
Tartarosite	
Taseqite	9.CO.10
Tashelgite	4.FG.25
Tassieite	8.CF.05
Tatarinovite	7.DG.15
Tatarskite	7.DG.25
Tatyanaite	1.AG.15
Tausonite	4.CC.35
Tavagnascoite	7.BB.35
Tavorite	8.BB.05
Tazheranite	4.DL.10
Tazieffite	2.JB.65
Tazzoliite	4.DH.50
Teallite	2.CD.05
Tedhadleyite	3.DD.40
Teepleite	6.AC.40
Tegengrenite	4.BB.20
Teineite	4.JM.20
Telargpalite	2.BC.45
Tellurantimony	2.DC.05
Tellurite	4.DE.20
Tellurium	1.CC.10
Tellurobismuthite	2.DC.05
Tellurocanfieldite	
Tellurohauchecornite	2.BB.10
Telluromandarinoite	4.JM.20
Telluronevskite	2.DC.05
Telluropalladinite	2.BC.30
Telluroperite	3.DC.15
Telyushenkoite	9.EH.25
Temagamite	2.BC.50
Tengchongite	7.HB.20
Tengerite-(Y)	5.CC.10
Tennantite-(Cd)	
Tennantite-(Cu)	
Tennantite-(Fe)	2.GB.05
Tennantite-(Hg)	
Tennantite-(In)	
Tennantite-(Mn)	
Tennantite-(Ni)	
Tennantite-(Zn)	2.GB.05
Tenorite	4.AB.10
Tephroite	9.AC.05
Terlinguacreekite	3.DD.55
Terlinguaite	3.DD.20
Ternesite	9.AH.20
Ternovite	4.FM.15
Terranovaite	9.GF.05
Terrywallaceite	2.JB.40a
Terskite	9.DM.40
Tertschite	6.EB.20
Teruggite	6.FA.25
Teschemacherite	5.AA.25
Testibiopalladite	2.EB.25
Tetra-auricupride	1.AA.10b
Tetradymite	2.DC.05
Tetraferriannite	9.EC.20
Tetraferriphlogopite	9.EC.20
Tetraferroplatinum	1.AG.40
Tetrahedrite-(Cd)	
Tetrahedrite-(Cu)	
Tetrahedrite-(Fe)	2.GB.05
Tetrahedrite-(Hg)	2.GB.05
Tetrahedrite-(Mn)	
Tetrahedrite-(Ni)	
Tetrahedrite-(Zn)	2.GB.05
Tetrarooseveltite	8.AD.55
Tetrataenite	1.AE.10
Tetrawickmanite	4.FC.15
Tewite	4.DM.55
Thadeuite	8.BH.05
Thalcusite	2.BD.30
Thalenite-(Y)	9.BJ.20
Thalfenisite	2.FC.05
Thalhammerite	2.BC.45
Thalliomelane	4.DK.K
Thalliumpharmacosiderite	8.DK.10
Thaumasite	7.DG.15
Thebaite-(NH4)	
Theisite	8.BE.75
Thenardite	7.AD.25
Theoparacelsite	8.BB.65
Theophrastite	4.FE.05
Therasiaite	7.BC.65
Theresemagnanite	7.DD.80
Thermaerogenite	
Thermessaite	3.CG.25
Thermessaite-(NH4)	3.CG.25
Thermonatrite	5.CB.05
Theuerdankite	
Thomasclarkite-(Y)	5.DC.20
Thometzekite	8.CG.15
Thomsenolite	3.CB.40
Thomsonite-Ca	9.GA.10
Thomsonite-Sr	9.GA.10
Thorasphite	8.CD.40
Thorbastnasite	5.BD.20a
Thoreaulite	4.DG.15
Thorianite	4.DL.05
Thorikosite	3.DC.40
Thoriopyrochlore	
Thorite	9.AD.30
Thornasite	9.GF.50
Thorneite	7.DC.50
Thorogummite	
Thorosteenstrupine	9.CK.20
Thorsite	
Thortveitite	9.BC.05
Thorutite	4.DH.05
Threadgoldite	8.EB.20
Thunderbayite	
Tianhongqiite	
Tianhuixinite	
Tiberiobardiite	7.DE.47
Tibiscumite	
Tiemannite	2.CB.05a
Tienshanite	9.CL.05
Tietaiyangite	4.CB.80
Tiettaite	9.HA.90
Tikhonenkovite	3.CC.10
Tilasite	
Tilkerodeite	
Tilleyite	9.BE.82
Tillmannsite	8.AC.80
Timroseite	7.BB.65
Tin	1.AC.10
Tinaksite	9.DG.75
Tincalconite	6.DA.15
Tinnunculite	10.CA.65
Tinsleyite	8.DH.10
Tinticite	8.DC.32
Tintinaite	2.HB.10a
Tinzenite	9.BD.20
Tiptopite	8.DA.25
Tiragalloite	9.BJ.25
Tischendorfite	2.BC.65
Tisinalite	9.CJ.15a
Tissintite	9.DA.25
Tistarite	4.CB.05
Titanite	9.AG.15
Titanium	1.AB.05
Titanoholtite	9.AJ.10
Titanomaghemite	4.BB.15
Titanowodginite	4.DB.40
Titantaramellite	9.CE.20
Tivanite	4.DB.45
Tlalocite	7.DE.20
Tlapallite	4.JL.25
Tobelite	9.EC.15
Tobermorite	9.DG.10
Tochilinite	2.FD.35
Tocornalite	3.AA.10
Todorokite	4.DK.10
Tokkoite	9.DG.75
Tokyoite	8.BG.05
Tolbachite	3.AB.05
Toledoite	
Tolovkite	2.EB.25
Tolstykhite	
Tomamaeite	
Tombarthite-(Y)	9.AD.35
Tombstoneite	
Tomichite	4.JB.55
Tomiolloite	
Tomsquarryite	
Tondiite	3.DA.10c
Tongbaite	1.BA.15
Tongxinite	1.AB.10b
Tooeleite	4.JD.15
Topaz	9.AF.35
Topsoeite	
Torbernite	8.EB.05
Tornebohmite-(Ce)	9.AG.45
Tornebohmite-(La)	9.AG.45
Tornroosite	
Torrecillasite	
Torreyite	7.DD.40
Torryweiserite	
Tosudite	9.EC.60
Toturite	9.AD.25
Tounkite	9.FB.05
Townendite	9.CJ.15a
Toyohaite	2.DA.10
Trabzonite	9.BJ.15
Tranquillityite	9.AG.90
Transjordanite	
Traskite	9.CP.05
Trattnerite	9.CM.05
Treasurite	2.JB.40a
Trebeurdenite	
Trebiskyite	
Trechmannite	2.GC.35
Tredouxite	4.DB.10
Trembathite	6.GA.10
Tremolite	9.DE.10
Trevorite	4.BB.05
Triangulite	8.EB.45
Triazolite	10.CA.50
Tridymite	4.DA.10
Trigodomeykite	
Trigonite	4.JB.40
Trikalsilite	9.FA.05
Trilithionite	9.EC.20
Trimerite	9.AB.05
Trimounsite-(Y)	9.AG.25
Trinepheline	9.FA.05
Triphylite	8.AB.10
Triplite	8.BB.10
Triploidite	8.BB.15
Trippkeite	4.JA.20
Tripuhyite	4.DB.05
Tristramite	8.CJ.45
Tritomite-(Ce)	9.AH.25
Tritomite-(Y)	9.AH.25
Trogerite	8.EB.15
Trogtalite	2.EB.05a
Troilite	2.CC.10
Trolleite	8.BB.45
Trona	5.CB.15
Truscottite	9.EE.35
Trustedtite	2.DA.05
Tsangpoite	9.AH.65
Tsaregorodtsevite	9.FB.10
Tschaunerite	4.BB.45
Tschermakite	9.DE.10
Tschermigite	7.CC.20
Tschernichite	9.GF.30
Tschortnerite	9.GF.40
Tsepinite-Ca	9.CE.30b
Tsepinite-K	9.CE.30b
Tsepinite-Na	9.CE.30b
Tsepinite-Sr	9.CE.30b
Tsikourasite	1.BD.50
Tsilaisite	9.CK.05
Tsnigriite	2.LA.55
Tsugaruite	2.JB.30c
Tsumcorite	8.CG.15
Tsumebite	8.BG.05
Tsumgallite	4.FD.10
Tsumoite	2.DC.05
Tsygankoite	2.HD.65
Tubulite	2.JB.35f
Tucekite	2.BB.10
Tugarinovite	4.DB.05
Tugtupite	9.FB.10
Tuhualite	9.DN.05
Tuite	8.AC.45
Tulameenite	1.AG.40
Tuliokite	5.CB.50
Tululite	4.BC.30
Tumchaite	9.EA.60
Tundrite-(Ce)	9.AH.10
Tundrite-(Nd)	9.AH.10
Tunellite	6.FC.05
Tungsten	1.AE.05
Tungstenite	2.EA.30
Tungstibite	4.DE.15
Tungstite	4.FJ.10
Tungusite	9.EE.30
Tunisite	5.BB.15
Tuperssuatsiaite	9.EE.20
Turanite	8.BB.70
Turkestanite	9.CH.10
Turneaureite	8.BN.05
Turquoise	8.DD.15
Turtmannite	8.BE.45
Tuscanite	9.EG.45
Tusionite	6.AA.15
Tuzlaite	6.EC.25
Tvalchrelidzeite	2.GC.45
Tvedalite	9.DF.20
Tveitite-(Y)	3.AB.30
Tvrdyite	8.DC.27
Tweddillite	9.BG.05
Twinnite	2.HC.05a
Tychite	5.BF.05
Tyretskite	6.ED.05
Tyrolite	8.DM.10
Tyrrellite	2.DA.05
Tyuyamunite	4.HB.25
Tzeferisite	
Uakitite	1.BC.15
Uchucchacuaite	2.JB.40a
Udinaite	8.AC.50
Uduminelite	8.DM.30
Uedaite-(Ce)	9.BG.05
Uklonskovite	7.DF.05
Ulexite	6.EA.25
Ulfanderssonite-(Ce)	9.AG.52
Ullmannite	2.EB.25
Ulrichite	8.EA.15
Ulvospinel	4.BB.05
Umangite	2.BA.25
Umbite	9.DG.25
Umbozerite	9.HG.15
Umbrianite	9.EB.25
Umohoite	4.GC.10
Ungavaite	2.AC.35b
Ungemachite	7.DG.10
Upalite	8.EC.05
Uralborite	6.DA.35
Uralolite	8.DA.15
Uramarsite	8.EB.15
Uramphite	8.EB.15
Urancalcarite	5.EA.10
Uraninite	4.DL.05
Uranmicrolite	
Uranocircite	8.EB.05
Uranocircite I	
Uranoclite	
Uranophane	9.AK.15
Uranopilite	7.EA.05
Uranopolycrase	4.DG.05
Uranosilite	9.AK.40
Uranospathite	8.EB.25
Uranosphaerite	4.GB.65
Uranospinite	8.EB.05
Uranotungstite	7.HB.25
Uranpyrochlore	
Urea	10.CA.35
Uricite	10.CA.40
Uroxite	
Urphoite	8.DN.15
Ursilite	
Urusovite	8.BB.60
Urvantsevite	2.EB.30
Ushkovite	8.DC.30
Usovite	3.CB.35
Ussingite	9.EH.20
Ustarasite	2.JB.40e
Usturite	4.CC.32
Utahite	7.DE.25
Uvanite	4.HB.35
Uvarovite	9.AD.25
Uvite	9.CK.05
Uytenbogaardtite	2.BA.75
Uzonite	2.FA.25
Vadlazarenkovite	
Vaesite	2.EB.05a
Vajdakite	4.JC.20
Valentinite	4.CB.55
Valleriite	2.FD.30
Valleyite	4.BC.30
Vallouiseite	
Vanackerite	8.BN.05
Vanadinite	8.BN.05
Vanadio-oxy-chromium-dravite	9.CK.05
Vanadio-oxy-dravite	9.CK.05
Vanadio-pargasite	9.DE.15
Vanadiocarpholite	9.DB.05
Vanadium	
Vanadoallanite-(La)	9.BG.05b
Vanadoandrosite-(Ce)	9.BG.05
Vanadomalayaite	9.AG.15
Vanalite	4.HG.15
Vanarsite	8.FD.10
Vandenbrandeite	4.GB.45
Vandendriesscheite	4.GB.40
Vanderheydenite	8.DO.60
Vandermeerscheite	4.HB.45
Vaniniite	8.DH.85
Vanmeersscheite	8.EC.20
Vanoxite	4.HG.25
Vanpeltite	
Vantasselite	8.DC.37
Vanthoffite	7.AC.05
Vanuralite	4.HB.20
Vapnikite	
Varennesite	9.EE.50
Vargite	
Variscite	8.CD.10
Varlamoffite	4.DB.05
Varulite	8.AC.10
Vashegyite	8.DB.10
Vasilite	2.BC.25
Vasilseverginite	8.BE.90
Vasilyevite	3.DD.45
Vastmanlandite-(Ce)	9.BG.55
Vaterite	5.AB.20
Vaughanite	2.LA.20
Vauquelinite	7.FC.05
Vauxite	8.DC.35
Vavrinite	2.CC.30
Vayrynenite	8.BA.05
Veatchite	6.EC.15
Veatchite-p	
Veblenite	9.EH.35
Veenite	2.HC.05d
Velikite	2.CB.15a
Vendidaite	7.DC.55
Verbeekite	2.EA.25
Verbierite	4.CA.05
Vergasovaite	7.BB.30
Vermiculite	9.EC.50
Vernadite	4.FE.40
Verneite	3.CB.60
Verplanckite	9.CE.10
Versiliaite	4.JA.30
Vertumnite	9.EG.25
Veselovskyite	8.CE.30
Vesignieite	8.BH.45
Vestaite	4.CB.35
Vesuvianite	9.BG.35
Veszelyite	8.DE.30
Viaeneite	2.FD.10
Vicanite-(Ce)	9.AJ.35
Vielleaureite-(Ce)	
Vigezzite	4.DF.05
Vigrishinite	9.BE.27
Vihorlatite	2.DC.05
Viitaniemiite	8.BL.15
Vikingite	2.JB.40a
Villamaninite	2.EB.05a
Villiaumite	3.AA.20
Villyaellenite	8.CB.10
Vimsite	6.BC.15
Vincentite	2.AC.05b
Vinciennite	2.CB.35a
Vinogradovite	9.DB.25
Violarite	2.DA.05
Virgilite	9.FA.15
Virgilluethite	
Vishnevite	9.FB.05
Viskontite	
Vismirnovite	4.FC.10
Vistepite	9.BD.25
Viteite	2.AC.50
Vitimite	6.H0.45
Vittinkiite	
Vitusite-(Ce)	8.AC.35
Vivianite	8.CE.40
Vladimirite	8.CJ.25
Vladimirivanovite	9.FB.10
Vladkrivovichevite	3.DC.55
Vladykinite	9.DO.30
Vlasovite	9.DM.25
Vlodavetsite	7.DF.40
Vochtenite	8.EB.30
Voggite	8.DO.10
Voglite	5.EE.05
Volaschioite	7.DE.62
Volborthite	8.FD.05
Volkonskoite	9.EC.40
Volkovskite	6.EC.20
Voloshinite	9.EC.9.EC.
Voltaite	7.CC.25
Volynskite	2.JA.20
Vonbezingite	7.DD.65
Vondechenite	
Vonsenite	6.AB.30
Vorlanite	4.DL.15
Voronkovite	9.CO.10
Vorontsovite	2.GB.20
Voudourisite	7.CB.02
Vozhminite	2.BB.05
Vranaite	9.BD.40
Vranciceite	
Vrbaite	2.HF.20
Vuagnatite	9.AG.60
Vulcanite	2.CB.75
Vuonnemite	9.BE.35
Vuorelainenite	4.BB.05
Vuoriyarvite-K	9.CE.30b
Vurroite	2.JB.65
Vyacheslavite	8.DN.20
Vyalsovite	2.FD.45
Vymazalovaite	2.BC.47
Vysokyite	8.CJ.47
Vysotskite	2.CC.35a
Vyuntspakhkite-(Y)	9.BG.40
Wadalite	9.AD.25
Wadeite	9.CA.10
Wadsleyite	9.BE.02
Wagnerite	8.BB.15
Waimirite-(Y)	
Waipouaite	
Wairakite	9.GB.05
Wairauite	1.AE.15
Wakabayashilite	2.FA.40
Wakefieldite-(Ce)	8.AD.35
Wakefieldite-(La)	8.AD.35
Wakefieldite-(Nd)	8.AD.35
Wakefieldite-(Y)	8.AD.35
Walentaite	8.CH.05
Walfordite	4.JK.05
Walkerite	6.GB.20
Wallisite	2.GC.05
Wallkilldellite	8.DL.20
Wallkilldellite-(Fe)	8.DL.20
Walpurgite	8.EA.05
Walstromite	9.CA.25
Walthierite	7.BC.10
Wampenite	10.BA.55
Wangdaodeite	4.CB.95
Wangkuirenite	
Wangpuite	
Wardite	8.DL.10
Wardsmithite	6.H0.25
Warikahnite	8.CA.35
Warkite	4.BC.15
Warwickite	6.AB.20
Wassonite	2.CB.50
Watanabeite	2.GC.15
Watatsumiite	9.EH.05
Waterhouseite	8.BE.85
Watkinsonite	2.HB.20e
Wattersite	7.FB.15
Wattevilleite	7.CC.85
Wavellite	8.DC.50
Wawayandaite	9.HA.20
Waylandite	8.BL.13
Wayneburnhamite	9.BG.25
Weberite	3.CB.25
Weddellite	10.AB.40
Weeksite	9.AK.30
Wegscheiderite	5.AA.30
Weibullite	2.JB.25h
Weilerite	8.BL.05
Weilite	8.AD.10
Weinebeneite	8.DA.20
Weishanite	1.AD.20a
Weissbergite	2.HD.05
Weissite	2.BA.30
Welinite	9.AF.75
Weloganite	5.CC.05
Welshite	9.DH.40
Wendwilsonite	8.CG.10
Wenjiite	
Wenkite	9.GD.25
Wenlanzhangite-(Y)	
Werdingite	9.BD.35
Wermlandite	7.DD.35
Wernerbaurite	4.HC.25
Wernerkrauseite	4.BB.05
Wesselsite	9.EA.05
Westerveldite	2.CC.15
Wetherillite	7.EC.90
Wheatleyite	10.AB.30
Whelanite	9.DG.67
Wherryite	7.BC.55
Whewellite	10.AB.45
Whitecapsite	8.DC.70
Whiteite-(CaFeMg)	8.DH.15
Whiteite-(CaMgMg)	8.DH.15
Whiteite-(CaMnFe)	
Whiteite-(CaMnMg)	8.DH.15
Whiteite-(CaMnMn)	8.DH.15
Whiteite-(MnFeMg)	8.DH.15
Whiteite-(MnMnMg)	8.DH.15
Whiteite-(MnMnMn)	
Whiterockite	
Whitlockite	8.AC.45
Whitmoreite	8.DC.15
Wickenburgite	9.EG.55
Wickmanite	4.FC.10
Wicksite	8.CF.05
Widenmannite	5.ED.40
Widgiemoolthalite	5.DA.05
