catalog_number,is_part_of,material_category,cataloged_name,authoritative_name,country_name,first_order_division
38622,,Ore,Schwermineralkonzentrat,,Schweiz,Wallis
,38622,Mineral,,Blei,,
,38622,Mineral,,Pyrit,,
,38622,Mineral,,Eisen,,
,38622,Ore,,Schwermineralkonzentrat,,
,38622,Mineral,,Kupfer,,
,38622,Mineral,,Magnetit,,
40428,,,Pyrit,Pyrit,Vereinigte Staaten von Amerika (USA),Missouri
,40428,Rock,,Dolomit,,
,40428,Mineral,,Pyrit,,
,40428,Ore,,Cu-Ni-Sulfid-Erz - MVT,,
,40428,Mineral,,Chalkopyrit,,
,40428,Mineral,,Siegenit,,
27758,,Ore,U-Erz - Gang-Typ allgemein,,Deutschland,Hessen
,27758,Ore,,U-Erz - Gang-Typ allgemein,,
,27758,Mineral,,Chalkopyrit,,
,27758,Mineral,,Pyrit,,
,27758,Mineral,,Bornit,,
,27758,Mineral,,Coffinit,,
,27758,Mineral,,Uraninit,,
34375,,,Epidot,Epidot,Schweiz,Uri
,34375,Mineral,,Biotit,,
,34375,Rock,,Granit,,
,34375,Mineral,,Pyrit,,
,34375,Mineral,,Epidot,,
18224,,Rock,Silt,,Oesterreich,Salzburg
,18224,Rock,,Silt,,
,18224,Mineral,,Muskovit,,
,18224,Mineral,,Quarz,,
,18224,Mineral,,Illit Goethit,,
39172,,Ore,Reduktionshof,,Schweiz,Zürich
,39172,Mineral,,Pechblende,,
,39172,Mineral,,Uraninit,,
,39172,Ore,,Reduktionshof,,
,39172,Mineral,,Roscoelith,,
39986,,,Limonit,Limonit,Deutschland,Thüringen
,39986,Mineral,,Limonit,,
,39986,Ore,,Fe-Erz limonitisch - Eiserner Hut,,
,39986,Mineral,,undef. Eisenhydroxid,,
41255,,,Bornit,Bornit,Peru,Lima
,41255,Mineral,,Bornit,,
,41255,Mineral,,Chalkopyrit,,
,41255,Ore,,Cu-Sulfid-Erz - Gang-Typ,,
40144,,,Quarz,Quarz,Australien,New South Wales
,40144,Mineral,,Chalcedon/Chert,,
,40144,Mineral,,Quarz,,
,40144,Rock,,Basalt s.l.,,
40320,,Ore,"Fe-Erz, pisolithisch",,Deutschland,Niedersachsen
,40320,Ore,,"Fe-Erz, pisolithisch",,
,40320,Mineral,,Goethit,,
38104,,,Gips,Gips,Schweiz,Waadt
,38104,Rock,,Gips,,
,38104,Mineral,,Gips,,
33981,,Rock,Granit,,Schweiz,Bern
,33981,Mineral,,Biotit,,
,33981,Rock,,Granit,,
42192,,,Cuprit,Cuprit,Peru,Lima
,42192,Ore,,Cu-Sulfid-Erz - zementativ,,
,42192,Mineral,,Cuprit,,
,42192,Mineral,,Malachit,,
8443,,Rock,Serpentinit,,Grossbritannien / Vereinigtes Königreich,England
,8443,Rock,,Serpentinit,,
,8443,Mineral,,Hämatit,,
,8443,Mineral,,Serpentin,,
41967,,,Halit,Halit,Schweiz,Waadt
,41967,Rock,,Gips,,
,41967,Mineral,,Halit,,
41540,,Ore,Pb-Zn-Sulfid-Erz - MVT,Pb-Zn-Sulfid-Erz - MVT,Polen,Małopolskie
,41540,Ore,,Pb-Zn-Sulfid-Erz - MVT,,
,41540,Mineral,,Sphalerit,,
,41540,Mineral,,Galenit,,
42312,,Rock,Grüngestein / Prasinit,,Schweiz,Graubünden
,42312,Mineral,,Quarz,,
,42312,Mineral,,Albit,,
,42312,Mineral,,Chlorit,,
,42312,Mineral,,Epidot,,
,42312,Rock,,Grüngestein / Prasinit,,
40943,,,Scheelit,Scheelit,Oesterreich,Salzburg
,40943,Mineral,,Scheelit,,
,40943,Ore,,Scheeliterz - metamorph,,
29286,,Rock,"Glimmerit, Amphibol-reich (Mantelgestein)",,Südafrika,Gauteng / Rhawuti
,29286,Mineral,,Kalium-Richterit,,
,29286,Rock,,"Glimmerit, Amphibol-reich (Mantelgestein)",,
,29286,Mineral,,Richterit,,
,29286,Mineral,,Phlogopit,,
42335,,Rock,Rodingit (Rhodingit),,Schweiz,Graubünden
,42335,Mineral,,Calcit,,
,42335,Mineral,,Grossular,,
,42335,Mineral,,Vesuvian (Vesuvianit),,
,42335,Rock,,Rodingit (Rhodingit),,
41668,,,Magnetit,Magnetit,Südafrika,Limpopo
,41668,Mineral,,Magnetit,,
,41668,Ore,,Fe-Erz magnetitisch - kontinental mafisch-magmatisch,,
42614,,,Piemontit,Piemontit,Italien,Valle d'Aosta / Val d'Aoste
,42614,Mineral,,Quarz,,
,42614,Mineral,,Piemontit,,
,42614,Mineral,,Braunit,,
,42614,Ore,,"Mn-Erz, silikatisch - metamorph",,
786,,,Nickelin,Nickelin,Schweiz,Wallis
,786,Mineral,,Rammelsbergit,,
,786,Mineral,,Nickelin,,
,786,Ore,,Co-Cu-Sulfarseniderz - metamorph,,
53510,,Rock,Kalkstein - Travertin,,Marokko,Drâa-Tafilalet (Draa-Tafilalet)
,53510,Mineral,,Aragonit,,
,53510,Rock,,Kalkstein - Travertin,,
35702,,Rock,Glimmerschiefer,,Schweiz,Graubünden
,35702,Rock,,Glimmerschiefer,,
,35702,Mineral,,Sericit,,
,35702,Mineral,,Muskovit,,
,35702,Mineral,,Quarz,,
41539,,,Sphalerit,Sphalerit,Polen,Małopolskie
,41539,Mineral,,Galenit,,
,41539,Ore,,Pb-Zn-Sulfid-Erz - MVT,,
,41539,Mineral,,Sphalerit,,
40437,,,Chalkopyrit,Chalkopyrit,Vereinigte Staaten von Amerika (USA),Missouri
,40437,Mineral,,Galenit,,
,40437,Ore,,Cu-Pb-Sulfid-Erz - MVT,,
,40437,Mineral,,Chalkopyrit,,
6745,,,Bornit,Bornit,Schweiz,Glarus
,6745,Mineral,,Malachit,,
,6745,Mineral,,Bornit,,
,6745,Ore,,Cu-Sulfid-Erz - Redbed-Typ,,
34083,,,Albit,Albit,Schweiz,Uri
,34083,Mineral,,Adular,,
,34083,Mineral,,Orthoklas,,
,34083,Rock,,noch nicht angegeben,,
,34083,Mineral,,Albit,,
39731,,Ore,Fe-Erz magnetitisch - metamorph,,Schweiz,Graubünden
,39731,Mineral,,Magnetit,,
,39731,Ore,,Fe-Erz magnetitisch - metamorph,,
,39731,Mineral,,Pyrit,,
,39731,Mineral,,Chalkopyrit,,
,39731,Mineral,,Pyrrhotin,,
39240,,Ore,Reduktionshof,,Schweiz,Aargau
,39240,Ore,,Reduktionshof,,
,39240,Mineral,,Nickelin,,
,39240,Mineral,,Rammelsbergit,,
32738,,Ore,Co-Cu-Sulfarseniderz - metamorph,,Schweiz,Wallis
,32738,Mineral,,Nickel-Skutterudit,,
,32738,Ore,,Co-Cu-Sulfarseniderz - metamorph,,
,32738,Mineral,,Chloanthit Wismut,,
,32738,Mineral,,Linneit,,
35648,,Rock,Gneis s.l.,,Schweiz,Uri
,35648,Rock,,Gneis s.l.,,
,35648,Mineral,,Pyrit,,
39119,,Ore,Reduktionshof,,Schweiz,Aargau
,39119,Mineral,,Pyrit,,
,39119,Ore,,Reduktionshof,,
29248,,Rock,Eklogit (Mantelgestein),,Vereinigte Staaten von Amerika (USA),Colorado
,29248,Rock,,Eklogit (Mantelgestein),,
,29248,Mineral,,Almandin,,
32318,,Ore,Mo-Sulfid-Erz - Gang-Typ,,Schweiz,Bern
,32318,Mineral,,Molybdänit,,
,32318,Ore,,Mo-Sulfid-Erz - Gang-Typ,,
40962,,,Pyrit,Pyrit,Serbien,
,40962,Mineral,,Pyrit,,
,40962,Mineral,,Scheelit,,
,40962,Mineral,,Quarz,,
,40962,Mineral,,Galenit,,
,40962,Ore,,"Au-Sulfid-Erz, pyritisch",,
41338,,,Revoredoit,Revoredoit,Peru,
,41338,Mineral,,Revoredoit,,
,41338,Ore,,Pb-Sulfarseniderz - Gang-Typ,,
31096,,Ore,Cu-Metall-Erz - Michigan-Typ,,Vereinigte Staaten von Amerika (USA),Michigan
,31096,Ore,,Cu-Metall-Erz - Michigan-Typ,,
,31096,Mineral,,Kupfer,,
41529,,,Pyrit,Pyrit,Neuseeland,
,41529,Mineral,,Chalkopyrit,,
,41529,Mineral,,Pyrit,,
,41529,Ore,,Cu-Sulfid-Erz - SEDEX,,
40487,,,Quarz,Quarz,Vereinigte Staaten von Amerika (USA),Michigan
,40487,Mineral,,Quarz,,
,40487,Rock,,Basalt s.l.,,
40491,,,Kupfer,Kupfer,Vereinigte Staaten von Amerika (USA),Michigan
,40491,Mineral,,Quarz,,
,40491,Ore,,Cu-Metall-Erz - Michigan-Typ,,
,40491,Mineral,,Kupfer,,
,40491,Rock,,Basalt s.l.,,
,40491,Mineral,,Epidot,,
32056,,Ore,Fe-Oolith - Allgemein,,Schweiz,Solothurn
,32056,Ore,,Fe-Oolith - Allgemein,,
,32056,Mineral,,undef. Eisenhydroxid,,
,32056,Mineral,,Limonit,,
41433,,,Chalkopyrit,Chalkopyrit,Peru,Moquegua / Moqwegwa / Muqiwa
,41433,Ore,,Cu-Sulfid-Erz - Porphyr-Typ,,
,41433,Mineral,,Chalkopyrit,,
41814,,,Forsterit,Forsterit,Südafrika,Mpumalanga
,41814,Rock,,Komatiit,,
,41814,Mineral,,Forsterit,,
42651,,Rock,Pyroxenfels,,Italien,Toscana
,42651,Mineral,,Augit,,
,42651,Rock,,Pyroxenfels,,
36245,,,Laumontit,Laumontit,Schweiz,Uri
,36245,Mineral,,Laumontit,,
,36245,Rock,,Granit,,
33297,,,Calcit,Calcit,Schweiz,Bern
,33297,Mineral,,Calcit,,
,33297,Rock,,Kalkstein,,
32438,,Ore,Pb-Sulfid-Erz - Ba-F-Formation,,Schweiz,Wallis
,32438,Mineral,,Fluorit,,
,32438,Mineral,,Galenit,,
,32438,Ore,,Pb-Sulfid-Erz - Ba-F-Formation,,
,32438,Mineral,,Calcit,,
41829,,Rock,Dolerit (Diabas),,Tschechien,
,41829,Mineral,,Pyroxen,,
,41829,Rock,,Dolerit (Diabas),,
,41829,Mineral,,Plagioklas,,
,41829,Mineral,,undefiniert,,
42365,,,Muskovit,Muskovit,Südafrika,Limpopo
,42365,Mineral,,Fuchsit,,
,42365,Rock,,Dolomit-Marmor,,
,42365,Mineral,,Muskovit,,
41527,,,Pentlandit,Pentlandit,Australien,Western Australia
,41527,Mineral,,Chalkopyrit,,
,41527,Mineral,,Pyrrhotin,,
,41527,Mineral,,Pentlandit,,
,41527,Ore,,Ni-Cu-Sulfid-Erz - komatiitisch,,
41285,,,Enargit,Enargit,Peru,
,41285,Ore,,Cu-Sulfid-Erz - Gang-Typ,,
,41285,Mineral,,Enargit,,
40496,,,Kupfer,Kupfer,Vereinigte Staaten von Amerika (USA),Michigan
,40496,Mineral,,Quarz,,
,40496,Ore,,Cu-Metall-Erz - Michigan-Typ,,
,40496,Mineral,,Kupfer,,
,40496,Rock,,Basalt s.l.,,
,40496,Mineral,,Epidot,,
41488,,,Sphalerit,Sphalerit,Japan,Gifu / Gihu
,41488,Ore,,Zn-Sulfid-Erz - Skarn-Typ,,
,41488,Mineral,,Hedenbergit,,
,41488,Mineral,,Sphalerit,,
40998,,,Galenit,Galenit,Irland,Leinster / Laighin
,40998,Ore,,Pb-Zn-Sulfid-Erz - SEDEX,,
,40998,Mineral,,Pyrit,,
,40998,Mineral,,Sphalerit,,
,40998,Mineral,,Galenit,,
38167,,,Almandin,Almandin,Schweiz,Tessin
,38167,Mineral,,Almandin,,
,38167,Rock,,Glimmerschiefer,,
38381,,,Chamosit,Chamosit,Schweiz,Bern
,38381,Ore,,Fe-Silikat-Oolith,,
,38381,Mineral,,Chamosit,,
42121,,,Sphalerit,Sphalerit,Mexiko,Guerrero
,42121,Mineral,,Galenit,,
,42121,Mineral,,Sphalerit,,
,42121,Mineral,,Pyrit,,
,42121,Mineral,,Pyrargyrit,,
,42121,Ore,,Ag-Sulfid-Erz - Gang-Typ,,
39147,,Ore,Reduktionshof,,Schweiz,Aargau
,39147,Mineral,,Pechblende,,
,39147,Ore,,Reduktionshof,,
,39147,Mineral,,Rammelsbergit,,
,39147,Mineral,,Uraninit,,
31893,,,Eisenkarbonat,Eisenkarbonat,Schweiz,Graubünden
,31893,Mineral,,Eisenkarbonat,,
,31893,Mineral,,Quarz,,
,31893,Rock,,Glimmerschiefer,,
,31893,Mineral,,undef. Eisenhydroxid,,
,31893,Mineral,,Limonit,,
39276,,Rock,Glimmerschiefer,,Schweiz,Tessin
,39276,Rock,,Glimmerschiefer,,
,39276,Mineral,,Glimmer,,
,39276,Mineral,,allgemein,,
,39276,Mineral,,Kyanit,,
43237,,,Azurit,Azurit,Peru,Lima
,43237,Mineral,,Azurit,,
,43237,Mineral,,Malachit,,
,43237,Ore,,Cu-Oxiderz (inkl. Karbonate etc.) - Oxidationszone,,
43253,,,Kupfer,Kupfer,Peru,Lima
,43253,Ore,,Cu-Oxiderz (inkl. Karbonate etc.) - Oxidationszone,,
,43253,Mineral,,Kupfer,,
42534,,,Fluorit,Fluorit,Deutschland,Bayern
,42534,Mineral,,Eisenkiesel,,
,42534,Ore,,Fluoritgang - Ba-F-Formation,,
,42534,Rock,,Granit,,
,42534,Mineral,,Fluorit,,
,42534,Mineral,,Quarz,,
39148,,Ore,Reduktionshof,,Schweiz,Aargau
,39148,Ore,,Reduktionshof,,
,39148,Mineral,,Pechblende Roscoelith,,
,39148,Mineral,,Nickelin,,
,39148,Mineral,,Rammelsbergit,,
,39148,Mineral,,Uraninit,,
,39148,Mineral,,Wismut,,
,39148,Mineral,,Silber,,
35385,,Rock,Granit,,Schweiz,Uri
,35385,Mineral,,Limonit,,
,35385,Rock,,Granit,,
,35385,Mineral,,undef. Eisenhydroxid,,
,35385,Mineral,,Chlorit,,
39233,,Ore,Reduktionshof,,Schweiz,Aargau
,39233,Mineral,,Roscoelith,,
,39233,Mineral,,Bohdanowiczit,,
,39233,Ore,,Reduktionshof,,
43412,,Rock,Granitpegmatit,,Schweiz,Bern
,43412,Mineral,,Cordierit,,
,43412,Mineral,,Orthoklas,,
,43412,Rock,,Granitpegmatit,,
,43412,Mineral,,Quarz,,
,43412,Mineral,,Albit,,
42694,,Ore,Pb-Zn-Sulfid-Erz - Gang-Typ,Pb-Zn-Sulfid-Erz - Gang-Typ,Italien,Toscana
,42694,Ore,,Pb-Zn-Sulfid-Erz - Gang-Typ,,
,42694,Mineral,,Chalkopyrit,,
,42694,Mineral,,Sphalerit,,
,42694,Mineral,,Galenit,,
34440,,Rock,Granit,,Schweiz,Uri
,34440,Mineral,,Pyrit,,
,34440,Rock,,Granit,,
43083,,,ohne Namen,ohne Namen,Deutschland,Sachsen
,43083,Ore,,noch nicht angegeben,,
,43083,Mineral,,ohne Namen,,
,43083,Mineral,,(s. Objektbemerkung),,
48146,,Rock,Granat-Amphibolit,,Schweiz,Tessin
,48146,Mineral,,Plagioklas,,
,48146,Mineral,,Ilmenit,,
,48146,Mineral,,Hornblende,,
,48146,Mineral,,Granat,,
,48146,Rock,,Granat-Amphibolit,,
,48146,Mineral,,Epidot,,
,48146,Mineral,,undefiniert,,
5001,,Rock,Anhydrit,,Schweiz,Waadt
,5001,Mineral,,Anhydrit,,
,5001,Rock,,Anhydrit,,
39187,,,Reduktionshof,,Deutschland,Baden-Württemberg
,39187,Rock,,Tonstein,,
,39187,Mineral,,Roscoelith,,
,39187,Ore,,Reduktionshof,,
41578,,Ore,Cu-Sulfid-Erz - metamorph,Cu-Sulfid-Erz - metamorph,"China, Volksrepublik",Liaoning
,41578,Mineral,,Chalkopyrit,,
,41578,Mineral,,Pyrrhotin,,
,41578,Mineral,,Pyrit,,
,41578,Ore,,Cu-Sulfid-Erz - metamorph,,
36286,,Rock,Gneis s.l.,,Schweiz,Uri
,36286,Rock,,Gneis s.l.,,
,36286,Mineral,,Biotit,,
,36286,Mineral,,Pyrit,,
32080,,Rock,Sand (s.l.),,Schweiz,Schaffhausen
,32080,Rock,,Sand (s.l.),,
,32080,Mineral,,Quarz,,
33597,,Ore,"Mn-Erz, silikatisch - metamorph",,Schweiz,Graubünden
,33597,Ore,,"Mn-Erz, silikatisch - metamorph",,
,33597,Mineral,,Tinzenit,,
,33597,Mineral,,Rhodonit,,
,33597,Mineral,,Braunit,,
42624,,,Pyrit,Pyrit,Italien,Valle d'Aosta / Val d'Aoste
,42624,Ore,,Cu-Sulfid-Erz - metamorph,,
,42624,Mineral,,Chalkopyrit,,
,42624,Mineral,,Pyrit,,
40769,,,Kupfer,Kupfer,Vereinigte Staaten von Amerika (USA),Michigan
,40769,Rock,,Basalt s.l.,,
,40769,Mineral,,Epidot,,
,40769,Ore,,Cu-Metall-Erz - Michigan-Typ,,
,40769,Mineral,,Calcit,,
,40769,Mineral,,Kupfer,,
43471,,Rock,Sandstein,,Vereinigte Staaten von Amerika (USA),Utah
,43471,Mineral,,Goethit,,
,43471,Mineral,,Quarz,,
,43471,Rock,,Sandstein,,
39713,,Rock,Eklogit,,Schweiz,Bern
,39713,Mineral,,Omphacit,,
,39713,Rock,,Eklogit,,
41329,,,Revoredoit,Revoredoit,Peru,
,41329,Mineral,,Revoredoit,,
,41329,Ore,,Pb-Sulfarseniderz - Gang-Typ,,
34011,,Rock,Granodiorit,,Schweiz,Bern
,34011,Rock,,Granodiorit,,
,34011,Mineral,,Orthoklas,,
,34011,Mineral,,Adular Epidot,,
,34011,Mineral,,Quarz,,
,34011,Mineral,,Chlorit,,
34476,,Rock,Granit,,Schweiz,Uri
,34476,Mineral,,Chlorit,,
,34476,Rock,,Granit,,
,34476,Mineral,,Quarz,,
,34476,Mineral,,Adular Apatit,,
,34476,Mineral,,Orthoklas,,
42235,,,Magnetit,Magnetit,Schweden,Uppsala län
,42235,Mineral,,Magnetit,,
,42235,Ore,,Fe-Erz magnetitisch - Skarn-Typ,,
19477,,,Pyrop,Pyrop,Südafrika,
,19477,Mineral,,Diamant,,
,19477,Rock,,"Kimberlit ""basaltisch"" - allgemein",,
,19477,Mineral,,Diopsid,,
,19477,Mineral,,Pyrop,,
40891,,,Sphalerit,Sphalerit,Deutschland,Nordrhein-Westfalen
,40891,Mineral,,Quarz,,
,40891,Mineral,,Sphalerit,,
,40891,Ore,,Zn-Sulfid-Erz - Gang-Typ,,
40890,,,Sphalerit,Sphalerit,Deutschland,Nordrhein-Westfalen
,40890,Mineral,,Quarz,,
,40890,Mineral,,Ankerit,,
,40890,Mineral,,Sphalerit,,
,40890,Ore,,Zn-Sulfid-Erz - Gang-Typ,,
8451,,Rock,Serpentinit,,Schweiz,Uri
,8451,Mineral,,undefiniert,,
,8451,Mineral,,Serpentin,,
,8451,Rock,,Serpentinit,,
42610,,,Muskovit,Muskovit,Italien,Valle d'Aosta / Val d'Aoste
,42610,Ore,,"Mn-Erz, silikatisch - metamorph",,
,42610,Mineral,,Muskovit,,
32736,,Ore,Co-Cu-Sulfarseniderz - metamorph,,Schweiz,Wallis
,32736,Ore,,Co-Cu-Sulfarseniderz - metamorph,,
,32736,Mineral,,Arsenopyrit,,
41256,,,Bornit,Bornit,Peru,Lima
,41256,Mineral,,Bornit,,
,41256,Mineral,,Chalkopyrit,,
,41256,Ore,,Cu-Sulfid-Erz - Gang-Typ,,
42296,,Rock,Metagabbro,,Schweiz,Graubünden
,42296,Mineral,,Albit,,
,42296,Mineral,,Pumpellyit,,
,42296,Mineral,,Amphibol,,
,42296,Rock,,Metagabbro,,
26961,,Ore,V-Erz in Sandstein - tafelförmiger Typ,,Vereinigte Staaten von Amerika (USA),Colorado
,26961,Ore,,V-Erz in Sandstein - tafelförmiger Typ,,
,26961,Mineral,,Roscoelith,,
6949,,,Bismuthinit,Bismuthinit,Schweiz,Wallis
,6949,Mineral,,Pyrit,,
,6949,Ore,,Co-Cu-Sulfarseniderz - metamorph,,
,6949,Mineral,,Chalkopyrit,,
,6949,Mineral,,Bismuthinit,,
34372,,,Quarz,Quarz,Schweiz,Uri
,34372,Mineral,,Calcit,,
,34372,Rock,,Granit,,
,34372,Mineral,,Quarz,,
,34372,Mineral,,Fluorit,,
,34372,Mineral,,Pyrit,,
42891,,,Arsenopyrit,Arsenopyrit,Simbabwe / Zimbabwe,Mashonaland West
,42891,Rock,,Tonschiefer,,
,42891,Mineral,,Arsenopyrit,,
32098,,Ore,Fe-Oolith - Allgemein,,Schweiz,Bern
,32098,Ore,,Fe-Oolith - Allgemein,,
,32098,Mineral,,Magnetit,,
41199,,,Galenit,Galenit,Peru,
,41199,Ore,,Pb-Zn-Cu-Sulfid-Erz - Gang-Typ,,
,41199,Mineral,,Galenit,,
,41199,Mineral,,Pyrit,,
34159,,Rock,Leucit-Tephrit,,Italien,Campania
,34159,Rock,,Leucit-Tephrit,,
,34159,Mineral,,Leucit,,
42420,,,Quarz,Quarz,Slowakei,Košický (Kosicky )
,42420,Mineral,,Pyrit,,
,42420,Mineral,,Cinnabarit,,
,42420,Ore,,"Au-Erz, pyritisch - Gang-Typ",,
,42420,Mineral,,Quarz,,
42625,,,Magnetit,Magnetit,Italien,Piemonte
,42625,Mineral,,Magnetit,,
,42625,Ore,,Fe-Erz magnetitisch - Skarn-Typ,,
42290,,,Hornblende,Hornblende,Schweden,Norrbottens län
,42290,Rock,,Granit,,
,42290,Mineral,,Stilbit,,
,42290,Mineral,,Magnetit,,
,42290,Mineral,,Hornblende,,
,42290,Ore,,Fe-Erz magnetitisch - Kiruna-Typ,,
42446,,,Quarz,Quarz,Slowakei,Banskobystrický (Banskobystricky )
,42446,Ore,,"Au-Erz, polymetallisch - Gang-Typ",,
,42446,Mineral,,Eisenkiesel,,
,42446,Mineral,,Quarz,,
41863,,,Biotit,Biotit,Slowakei,Banskobystrický (Banskobystricky )
,41863,Mineral,,Sanidin,,
,41863,Rock,,"Bimsstein  (pyrokl., unverfestigt)",,
,41863,Mineral,,Biotit,,
41699,,,Zoisit,Zoisit,Südafrika,Limpopo
,41699,Rock,,Granitpegmatit,,
,41699,Mineral,,Zoisit,,
42418,,,Limonit,Limonit,Frankreich,Doubs
,42418,Mineral,,undef. Eisenhydroxid,,
,42418,Ore,,"Fe-Erz, pisolithisch",,
,42418,Mineral,,Limonit,,
41859,,,Biotit,Biotit,Slowakei,Banskobystrický (Banskobystricky )
,41859,Mineral,,Biotit,,
,41859,Rock,,Rhyolith,,
36047,,Rock,Gneis s.l.,,Schweiz,Uri
,36047,Mineral,,Pyrit,,
,36047,Rock,,Gneis s.l.,,
40951,,,Siderit,Siderit,Oesterreich,Kärnten
,40951,Ore,,Fe-Karbonaterz - hydrothermal,,
,40951,Mineral,,Siderit,,
39057,,Ore,Reduktionshof,,Schweiz,Aargau
,39057,Mineral,,Uraninit,,
,39057,Ore,,Reduktionshof,,
,39057,Mineral,,Rammelsbergit,,
6959,,,Malachit,Malachit,Schweiz,Wallis
,6959,Ore,,Co-Cu-Sulfarseniderz - metamorph,,
,6959,Mineral,,Malachit,,
,6959,Mineral,,Azurit,,
43034,,Ore,Co-Cu-Sulfarseniderz - metamorph,Co-Cu-Sulfarseniderz - metamorph,Schweiz,Wallis
,43034,Mineral,,Ankerit,,
,43034,Mineral,,Chalkopyrit,,
,43034,Ore,,Co-Cu-Sulfarseniderz - metamorph,,
,43034,Mineral,,Pyrit,,
,43034,Mineral,,Magnetit,,
,43034,Mineral,,Pyrrhotin,,
27015,,Ore,"Mn-Erz, silikatisch - metamorph",,Schweiz,Graubünden
,27015,Mineral,,Parsettensit,,
,27015,Ore,,"Mn-Erz, silikatisch - metamorph",,
42503,,,Topas,Topas,Deutschland,Sachsen
,42503,Mineral,,Topas,,
,42503,Rock,,Granit,,
,42503,Ore,,"Sn-Erz, oxidisch - Gang-Typ Greisen",,
41089,,,Siderit,Siderit,Deutschland,Baden-Württemberg
,41089,Mineral,,Siderit,,
,41089,Mineral,,Goethit,,
,41089,Rock,,Konkretionen,,
34822,,,Anatas,Anatas,Schweiz,Uri
,34822,Rock,,Granit,,
,34822,Mineral,,Muskovit,,
,34822,Mineral,,Anatas,,
,34822,Mineral,,Chlorit,,
38105,,,Gips,Gips,Schweiz,Bern
,38105,Rock,,Gips,,
,38105,Mineral,,Gips,,
39619,,,Calcit,Calcit,Schweiz,Freiburg
,39619,Rock,,Kalktuff,,
,39619,Mineral,,Calcit,,
41674,,,Chromit,Chromit,Südafrika,Limpopo
,41674,Ore,,Cr-Erz - kontinental mafisch-magmatisch,,
,41674,Rock,,Anorthosit,,
,41674,Mineral,,Chromit,,
42311,,Rock,Kalkschiefer,,Schweiz,Graubünden
,42311,Mineral,,Calcit,,
,42311,Mineral,,Muskovit,,
,42311,Mineral,,Quarz,,
,42311,Rock,,Kalkschiefer,,
,42311,Mineral,,Chlorit,,
,42311,Mineral,,Sericit,,
42919,,,Olivin,Olivin,Südafrika,Northern Cape / Noord-Kaap / Mntla-Koloni / Nyakatho-Kapa
,42919,Mineral,,Chromdiopsid Enstatit,,
,42919,Mineral,,Diopsid,,
,42919,Mineral,,Olivin,,
,42919,Mineral,,Olivin allgemein Diopsid,,
,42919,Rock,,Lherzolith (plutonisch),,
,42919,Mineral,,Granat,,
11490,,,Bornit,Bornit,Schweiz,Glarus
,11490,Ore,,Cu-Sulfid-Erz - Redbed-Typ,,
,11490,Mineral,,Bornit,,
43146,,,Chabasit-Ca,Chabasit-Ca,Ungarn,
,43146,Rock,,Dacit,,
,43146,Mineral,,Chabasit-Ca,,
,43146,Mineral,,Stilbit-Ca,,
38741,,Rock,SiO2-zementierte tektonische Brekzie,,Schweiz,Bern
,38741,Rock,,SiO2-zementierte tektonische Brekzie,,
,38741,Mineral,,Quarz,,
,38741,Mineral,,Chalcedon/Chert,,
40438,,,Pyrit,Pyrit,Vereinigte Staaten von Amerika (USA),Missouri
,40438,Mineral,,Pyrit,,
,40438,Ore,,Cu-Sulfid-Erz - MVT,,
,40438,Mineral,,Chalkopyrit,,
41189,,Ore,Pb-Zn-Cu-Sulfid-Erz - Gang-Typ,Pb-Zn-Cu-Sulfid-Erz - Gang-Typ,Peru,
,41189,Mineral,,Pyrit,,
,41189,Mineral,,Calcit,,
,41189,Mineral,,Sphalerit,,
,41189,Ore,,Pb-Zn-Cu-Sulfid-Erz - Gang-Typ,,
,41189,Mineral,,Quarz,,
35058,,,Calcit,Calcit,Schweden,Jämtlands län (Jamtlands)
,35058,Mineral,,Chlorit,,
,35058,Mineral,,Illit Quarz,,
,35058,Rock,,Kalkstein,,
,35058,Mineral,,Hämatit,,
,35058,Mineral,,Calcit,,
,35058,Mineral,,Muskovit,,
32610,,Ore,Cu-Sulfid-Erz - Gang-Typ,,Schweiz,Wallis
,32610,Mineral,,Pyrit,,
,32610,Mineral,,Fahlerz,,
,32610,Mineral,,Chalkopyrit,,
,32610,Ore,,Cu-Sulfid-Erz - Gang-Typ,,
40456,,,Galenit,Galenit,_Land unbekannt,
,40456,Mineral,,Galenit,,
,40456,Ore,,noch nicht angegeben,,
,40456,Mineral,,Sphalerit,,
41019,,,Chalkosin,Chalkosin,Vereinigte Staaten von Amerika (USA),Missouri
,41019,Ore,,Cu-Sulfid-Erz - MVT,,
,41019,Mineral,,Chalkosin,,
41500,,,Horobetsuit,Horobetsuit,Japan,Hokkaido / Hokkaidô
,41500,Ore,,Bi-Sb-S-Erz - Horobetsu-Typ,,
,41500,Mineral,,Schwefel,,
,41500,Mineral,,Horobetsuit,,
40007,,Rock,Schockmetamorpher Quarzsand,,Saudi-Arabien,
,40007,Rock,,Schockmetamorpher Quarzsand,,
,40007,Mineral,,Quarz,,
,40007,Mineral,,Coesit,,
41820,,,Diopsid,Diopsid,Rumänien,
,41820,Mineral,,Diopsid,,
,41820,Mineral,,Calcit,,
,41820,Mineral,,Tremolit,,
,41820,Mineral,,Magnetit,,
,41820,Ore,,Fe-Erz magnetitisch - Skarn-Typ,,
,41820,Rock,,Skarn,,
34557,,,Apatit,Apatit,Schweiz,Uri
,34557,Mineral,,Calcit,,
,34557,Mineral,,Titanit,,
,34557,Rock,,Granit,,
,34557,Mineral,,Quarz,,
,34557,Mineral,,Chlorit,,
,34557,Mineral,,Apatit,,
29322,,,Forsterit,Forsterit,Südafrika,Free State / Vrystaat / Freyistata / Fuleyisitata
,29322,Mineral,,Ilmenit,,
,29322,Rock,,"Kimberlit ""basaltisch"" - allgemein",,
,29322,Mineral,,Forsterit,,
39689,,Rock,Sövit (Cc-K.),,Südafrika,Limpopo
,39689,Rock,,Sövit (Cc-K.),,
,39689,Mineral,,Malachit,,
,39689,Mineral,,Calcit,,
,39689,Mineral,,Bornit,,
36283,,,Pyrit,Pyrit,Schweiz,Uri
,36283,Mineral,,Rutil,,
,36283,Mineral,,Arsenopyrit,,
,36283,Mineral,,Pyrit,,
,36283,Rock,,Gneis s.l.,,
31368,,,Epidot,Epidot,Schweiz,Bern
,31368,Mineral,,Epidot,,
,31368,Mineral,,Quarz,,
,31368,Mineral,,Chlorit,,
,31368,Rock,,Gneis s.l.,,
35453,,Rock,Gneis s.l.,,Schweiz,Uri
,35453,Mineral,,Limonit,,
,35453,Mineral,,undef. Eisenhydroxid,,
,35453,Rock,,Gneis s.l.,,
42738,,,Pyrit,Pyrit,Südafrika,Gauteng / Rhawuti
,42738,Rock,,Konglomerat,,
,42738,Ore,,Au-U-Konglomerat - Witwatersrand-Typ,,
,42738,Mineral,,Pyrit,,
10940,,Ore,noch nicht angegeben,,Deutschland,Nordrhein-Westfalen
,10940,Mineral,,Limonit,,
,10940,Ore,,noch nicht angegeben,,
,10940,Mineral,,undef. Eisenhydroxid,,
39102,,Ore,Reduktionshof,,Schweiz,Aargau
,39102,Mineral,,Pechblende,,
,39102,Ore,,Reduktionshof,,
,39102,Mineral,,Rammelsbergit,,
,39102,Mineral,,Uraninit,,
,39102,Mineral,,Roscoelith,,
41056,,,Hämatit,Hämatit,Vereinigte Staaten von Amerika (USA),Missouri
,41056,Mineral,,Apatit,,
,41056,Ore,,Fe-Erz magnetitisch - Skarn-Typ,,
,41056,Mineral,,Hämatit,,
32502,,Ore,Co-Cu-Sulfarseniderz - metamorph,,Schweiz,Wallis
,32502,Ore,,Co-Cu-Sulfarseniderz - metamorph,,
,32502,Mineral,,Chalkopyrit,,
,32502,Mineral,,Pyrit,,
40979,,,Pyrit,Pyrit,Finnland,
,40979,Ore,,Cu-Sulfid-Erz - metamorph,,
,40979,Mineral,,Chalkopyrit,,
,40979,Mineral,,Pyrrhotin,,
,40979,Mineral,,Pyrit,,
41122,,,Markasit,Markasit,Vereinigte Staaten von Amerika (USA),Missouri
,41122,Mineral,,Markasit,,
,41122,Rock,,Impaktbrekzie,,
42256,,,Spodumen,Spodumen,Schweden,Stockholms län
,42256,Ore,,Lithium-Pegmatit,,
,42256,Rock,,Granitpegmatit,,
,42256,Mineral,,Spodumen,,
42469,,,Akanthit,Akanthit,Deutschland,Sachsen
,42469,Ore,,Ag-Sulfid-Erz - Gang-Typ,,
,42469,Mineral,,Pyrit,,
,42469,Mineral,,Akanthit,,
,42469,Mineral,,Pyrargyrit,,
31104,,Ore,Au-U-Konglomerat - Witwatersrand-Typ,,Südafrika,
,31104,Mineral,,Pyrit,,
,31104,Ore,,Au-U-Konglomerat - Witwatersrand-Typ,,
,31104,Mineral,,Quarz,,
32566,,Ore,Co-Cu-Sulfarseniderz - metamorph,,Schweiz,Wallis
,32566,Ore,,Co-Cu-Sulfarseniderz - metamorph,,
,32566,Mineral,,Quarz,,
,32566,Mineral,,Chalkopyrit,,
39059,,Ore,Reduktionshof,,Schweiz,Aargau
,39059,Mineral,,Skutterudit,,
,39059,Mineral,,Safflorit,,
,39059,Mineral,,Rammelsbergit,,
,39059,Ore,,Reduktionshof,,
38165,,,Almandin,Almandin,Schweiz,Tessin
,38165,Rock,,Glimmerschiefer,,
,38165,Mineral,,Almandin,,
42540,,,Siderit,Siderit,Deutschland,Nordrhein-Westfalen
,42540,Ore,,Fe-Erz sideritisch - Gang-Typ,,
,42540,Mineral,,Siderit,,
42562,,,Sphalerit,Sphalerit,Deutschland,Baden-Württemberg
,42562,Mineral,,Sphalerit,,
,42562,Rock,,tektonische Brekzie,,
,42562,Ore,,Zn-Sulfid-Erz - Gang-Typ,,
42206,,,Chalkopyrit,Chalkopyrit,Australien,Queensland
,42206,Ore,,Cu-Sulfid-Erz - SEDEX,,
,42206,Rock,,Dolomitmergel,,
,42206,Mineral,,Chalkopyrit,,
43862,,Ore,Au-Fe-As-Skarn - Skarn-Typ,Au-Fe-As-Skarn - Skarn-Typ,Schweiz,Wallis
,43862,Ore,,Au-Fe-As-Skarn - Skarn-Typ,,
,43862,Mineral,,Löllingit,,
32068,,Rock,Sand (s.l.),,Schweiz,Bern
,32068,Mineral,,Quarz,,
,32068,Rock,,Sand (s.l.),,
41229,,,Quarz,Quarz,Schweiz,Bern
,41229,Mineral,,Pyrit,,
,41229,Mineral,,Chamosit,,
,41229,Rock,,Konkretionen,,
,41229,Mineral,,Apatit,,
,41229,Mineral,,Quarz,,
,41229,Mineral,,Siderit,,
32697,,Rock,Chlorit-Schiefer,,Schweiz,Wallis
,32697,Mineral,,undefiniert,,
,32697,Mineral,,Hornblende,,
,32697,Mineral,,Plagioklas,,
,32697,Mineral,,Chlorit,,
,32697,Rock,,Chlorit-Schiefer,,
33586,,Ore,"Mn-Erz, silikatisch - metamorph",,Schweiz,Wallis
,33586,Mineral,,Braunit,,
,33586,Mineral,,Biotit,,
,33586,Mineral,,Manganophyllit,,
,33586,Ore,,"Mn-Erz, silikatisch - metamorph",,
26962,,Ore,V-Erz in Sandstein - tafelförmiger Typ,,Vereinigte Staaten von Amerika (USA),Colorado
,26962,Ore,,V-Erz in Sandstein - tafelförmiger Typ,,
,26962,Mineral,,Roscoelith,,
42745,,Ore,Au-U-Konglomerat - Witwatersrand-Typ,,Südafrika,Gauteng / Rhawuti
,42745,Rock,,Quarzit,,
,42745,Ore,,Au-U-Konglomerat - Witwatersrand-Typ,,
41124,,,Markasit,Markasit,Vereinigte Staaten von Amerika (USA),Missouri
,41124,Mineral,,Markasit,,
,41124,Rock,,Impaktbrekzie,,
42879,,,Chromit,Chromit,Simbabwe / Zimbabwe,Midlands
,42879,Ore,,Cr-Erz - kontinental mafisch-magmatisch,,
,42879,Mineral,,Chromit,,
32692,,Rock,Amphibolit,,Schweiz,Wallis
,32692,Rock,,Amphibolit,,
,32692,Mineral,,Hornblende,,
,32692,Mineral,,undefiniert,,
2065,,,Goethit,Goethit,Schweiz,Jura
,2065,Mineral,,Goethit,,
,2065,Mineral,,Limonit,,
,2065,Ore,,"Fe-Erz, pisolithisch",,
,2065,Mineral,,undef. Eisenhydroxid,,
8444,,Rock,Serpentinit,,Schweiz,Uri
,8444,Rock,,Serpentinit,,
,8444,Mineral,,Serpentin,,
,8444,Mineral,,undefiniert,,
32082,,Ore,Fe-Oolith - Allgemein,,Schweiz,Aargau
,32082,Mineral,,Goethit,,
,32082,Ore,,Fe-Oolith - Allgemein,,
42400,,Ore,Phosphorit marin,,Marokko,Béni Mellal-Khénifra (Beni Mellal-Khenifra)
,42400,Rock,,Sand - Karbonatisch,,
,42400,Ore,,Phosphorit marin,,
35366,,,Zirkon,Zirkon,Schweiz,Uri
,35366,Mineral,,Zirkon,,
,35366,Mineral,,Quarz,,
,35366,Mineral,,Chlorit,,
,35366,Rock,,Granit,,
,35366,Mineral,,Titanit,,
39494,,Ore,Schwermineralkonzentrat,,Schweiz,
,39494,Mineral,,Hämatit,,
,39494,Mineral,,Magnetit,,
,39494,Mineral,,Almandin,,
,39494,Mineral,,Gold,,
,39494,Ore,,Schwermineralkonzentrat,,
31314,,Rock,noch nicht angegeben,,Schweiz,Graubünden
,31314,Rock,,noch nicht angegeben,,
,31314,Mineral,,Pyrit,,
7045,,,Erythrin,Erythrin,Schweiz,Wallis
,7045,Mineral,,Nickelhexahydrit,,
,7045,Mineral,,Annabergit,,
,7045,Mineral,,Arsenolith,,
,7045,Ore,,Co-Cu-Sulfarseniderz - metamorph,,
,7045,Mineral,,Erythrin,,
29342,,Rock,Harzburgit (Mantelgestein),,Südafrika,Gauteng / Rhawuti
,29342,Rock,,Harzburgit (Mantelgestein),,
,29342,Mineral,,Enstatit,,
,29342,Mineral,,Bronzit,,
,29342,Mineral,,Forsterit,,
41342,,,Gratonit,Gratonit,Peru,
,41342,Mineral,,Gratonit,,
,41342,Ore,,Pb-Sulfarseniderz - Gang-Typ,,
41477,,,Pyrit,Pyrit,Japan,Akita
,41477,Mineral,,Pyrit,,
,41477,Ore,,Pyriterz massiv - Kuroko-Typ,,
41090,,,Palygorskit,Palygorskit,Oman,Al Wusţá (Al Wusta)
,41090,Mineral,,Dolomit,,
,41090,Mineral,,Palygorskit,,
,41090,Rock,,Dolomitmergel,,
,41090,Mineral,,Halit,,
41625,,,Kassiterit,Kassiterit,Südafrika,Limpopo
,41625,Mineral,,Arsenopyrit,,
,41625,Rock,,Granit,,
,41625,Mineral,,Kassiterit,,
,41625,Ore,,"Sn-Erz, oxidisch - Gang-Typ allgemein",,
39203,,Ore,Reduktionshof,,Schweiz,Aargau
,39203,Ore,,Reduktionshof,,
,39203,Mineral,,Uraninit,,
,39203,Mineral,,Rammelsbergit,,
,39203,Mineral,,Kupfer,,
,39203,Mineral,,Roscoelith,,
,39203,Mineral,,Silber,,
792,,,Nickelin,Nickelin,Schweiz,Wallis
,792,Mineral,,Nickelin,,
,792,Ore,,Co-Cu-Sulfarseniderz - metamorph,,
1238,,,Fahlerz,Fahlerz,Schweiz,Wallis
,1238,Ore,,Cu-Sulfid-Erz - Gang-Typ,,
,1238,Mineral,,Chalkopyrit,,
,1238,Mineral,,Fahlerz,,
42467,,,Quarz,Quarz,Deutschland,Sachsen
,42467,Mineral,,Quarz,,
,42467,Mineral,,Galenit,,
,42467,Ore,,Pb-Zn-Sulfid-Erz - Gang-Typ,,
,42467,Mineral,,Sphalerit,,
,42467,Rock,,Rhyolith,,
,42467,Mineral,,Pyrit,,
42075,,,Chalkopyrit,Chalkopyrit,Mexiko,México (Mexico)
,42075,Mineral,,Chalkopyrit,,
,42075,Ore,,"Au-Erz, polymetallisch - Gang-Typ",,
42547,,Rock,Rodingit (Rhodingit),,Schweiz,Tessin
,42547,Rock,,Rodingit (Rhodingit),,
,42547,Mineral,,Hornblende,,
,42547,Mineral,,Titanit,,
,42547,Mineral,,Diopsid,,
,42547,Mineral,,Granat,,
,42547,Mineral,,Epidot,,
41327,,,Revoredoit,Revoredoit,Peru,
,41327,Ore,,Pb-Sulfarseniderz - Gang-Typ,,
,41327,Mineral,,Revoredoit,,
40793,,,Kupfer,Kupfer,Vereinigte Staaten von Amerika (USA),Michigan
,40793,Mineral,,Kupfer,,
,40793,Ore,,Cu-Metall-Erz - Michigan-Typ,,
,40793,Rock,,Basalt s.l.,,
,40793,Mineral,,Epidot,,
33928,,,"Au-Sulfid-Erz, pyritisch",,Rumänien,Alba
,33928,Rock,,Vulkanische Brekzie - Gangbrekzie,,
,33928,Mineral,,Gold,,
,33928,Ore,,"Au-Sulfid-Erz, pyritisch",,
,33928,Mineral,,Pyrit,,
39123,,Ore,Reduktionshof,,Schweiz,Aargau
,39123,Mineral,,Rammelsbergit,,
,39123,Ore,,Reduktionshof,,
39716,,,Andradit,Andradit,Schweiz,Graubünden
,39716,Mineral,,Chrysotil,,
,39716,Mineral,,Calcit,,
,39716,Mineral,,Demantoid Chlorit,,
,39716,Rock,,Serpentinit,,
,39716,Mineral,,Andradit,,
,39716,Mineral,,Asbest Sphalerit,,
42191,,,Chalkosin,Chalkosin,Peru,Junín / Junin / Hunin
,42191,Mineral,,Chalkosin,,
,42191,Ore,,Cu-Sulfid-Erz - zementativ,,
39151,,Ore,Reduktionshof,,Schweiz,Aargau
,39151,Mineral,,Uraninit,,
,39151,Mineral,,Pechblende,,
,39151,Ore,,Reduktionshof,,
2669,,Rock,Anhydrit,,Schweiz,Waadt
,2669,Rock,,Anhydrit,,
,2669,Mineral,,Anhydrit,,
8787,,,Jadeit,Jadeit,Italien,Piemonte
,8787,Mineral,,Jadeit,,
,8787,Rock,,Jadeitite,,
32503,,Ore,Co-Cu-Sulfarseniderz - metamorph,,Schweiz,Wallis
,32503,Ore,,Co-Cu-Sulfarseniderz - metamorph,,
,32503,Mineral,,Chalkopyrit,,
,32503,Mineral,,Tennantit,,
42077,,,Pyrargyrit,Pyrargyrit,Mexiko,México (Mexico)
,42077,Mineral,,Stephanit,,
,42077,Ore,,Ag-Sulfid-Erz - Gang-Typ,,
,42077,Mineral,,Pyrargyrit,,
40968,,,Pyrit,Pyrit,Finnland,
,40968,Ore,,Cu-Sulfid-Erz - metamorph,,
,40968,Mineral,,Pyrit,,
37587,,,Titanit,Titanit,Schweiz,Wallis
,37587,Mineral,,Epidot,,
,37587,Mineral,,Adular Albit,,
,37587,Mineral,,Titanit,,
,37587,Mineral,,Chlorit,,
,37587,Mineral,,Orthoklas,,
,37587,Mineral,,Apatit,,
,37587,Rock,,Gneis s.l.,,
7040,,,Fluorit,Fluorit,Schweiz,Wallis
,7040,Ore,,Pb-Sulfid-Erz - Ba-F-Formation,,
,7040,Mineral,,Fluorit,,
29346,,Rock,Graphit-Eklogit,,Südafrika,Gauteng / Rhawuti
,29346,Rock,,Graphit-Eklogit,,
,29346,Mineral,,Graphit,,
42571,,,Quarz,Quarz,Deutschland,Baden-Württemberg
,42571,Mineral,,Baryt,,
,42571,Mineral,,Galenit,,
,42571,Mineral,,Fluorit,,
,42571,Ore,,Pb-Sulfid-Erz - Ba-F-Formation,,
,42571,Mineral,,Quarz,,
35715,,Rock,Anhydrit,,Schweiz,Bern
,35715,Mineral,,Anhydrit,,
,35715,Rock,,Anhydrit,,
40967,,,Marialit,Marialit,Türkei,
,40967,Mineral,,Magnetit,,
,40967,Mineral,,Marialit,,
,40967,Mineral,,Pyrit,,
,40967,Rock,,"Skapolithfels, kontaktmetamorph",,
,40967,Mineral,,Diopsid,,
32487,,Ore,Fe-Erz hämatitisch - metamorph,,Schweiz,Wallis
,32487,Ore,,Fe-Erz hämatitisch - metamorph,,
,32487,Mineral,,Quarz,,
,32487,Mineral,,Hämatit,,
42247,,,Magnetit,Magnetit,Schweden,Uppsala län
,42247,Mineral,,Cordierit,,
,42247,Ore,,Fe-Erz magnetitisch - Skarn-Typ,,
,42247,Mineral,,Magnetit,,
39095,,Ore,Reduktionshof,,Schweiz,Aargau
,39095,Mineral,,Calcit,,
,39095,Ore,,Reduktionshof,,
41109,,,Muskovit,Muskovit,Vereinigte Staaten von Amerika (USA),Missouri
,41109,Mineral,,Muskovit,,
,41109,Rock,,Granitpegmatit,,
,41109,Mineral,,Orthoklas,,
,41109,Mineral,,Quarz,,
5045,,,Gips,Gips,Italien,Toscana
,5045,Mineral,,Gips,,
,5045,Rock,,Alabaster,,
38166,,,Almandin,Almandin,Schweiz,Tessin
,38166,Rock,,Glimmerschiefer,,
,38166,Mineral,,Almandin,,
40877,,,Sphalerit,Sphalerit,Deutschland,Nordrhein-Westfalen
,40877,Mineral,,Sphalerit,,
,40877,Mineral,,Quarz,,
,40877,Ore,,Zn-Sulfid-Erz - Gang-Typ,,
41544,,,Sphalerit,Sphalerit,Polen,Małopolskie
,41544,Mineral,,Galenit,,
,41544,Mineral,,Sphalerit,,
,41544,Ore,,Pb-Zn-Sulfid-Erz - MVT,,
39486,,,Omphacit,Omphacit,Schweiz,
,39486,Rock,,Metagabbro - Eklogitfaziell,,
,39486,Mineral,,Omphacit,,
39058,,Ore,Reduktionshof,,Schweiz,Aargau
,39058,Mineral,,Rammelsbergit,,
,39058,Ore,,Reduktionshof,,
,39058,Mineral,,Uraninit,,
,39058,Mineral,,Digenit,,
,39058,Mineral,,Nickelin,,
32069,,Rock,Sand (s.l.),,Schweiz,Bern
,32069,Rock,,Sand (s.l.),,
,32069,Mineral,,Quarz,,
33026,,,Quarz,Quarz,Namibia,
,33026,Mineral,,Quarz,,
,33026,Rock,,Kies,,
43241,,,Malachit,Malachit,Peru,Lima
,43241,Mineral,,Azurit,,
,43241,Mineral,,Malachit,,
,43241,Ore,,Cu-Oxiderz (inkl. Karbonate etc.) - Oxidationszone,,
,43241,Mineral,,Goethit,,
40909,,,Galenit,Galenit,Deutschland,Nordrhein-Westfalen
,40909,Mineral,,Galenit,,
,40909,Ore,,Pb-Sulfid-Erz - MVT (Sandstein),,
39414,,,Quarz,Quarz,Schweiz,Bern
,39414,Rock,,Sandstein,,
,39414,Mineral,,Quarz,,
42073,,,Akanthit,Akanthit,Mexiko,México (Mexico)
,42073,Mineral,,Stephanit,,
,42073,Mineral,,Akanthit,,
,42073,Ore,,"Au-Erz, polymetallisch - Gang-Typ",,
43304,,Rock,Tholeiitbasalt,,Indien,Mahārāshtra (Maharashtra)
,43304,Mineral,,Heulandit,,
,43304,Rock,,Tholeiitbasalt,,
48127,,Rock,Amphibolit,,Italien,Piemonte
,48127,Mineral,,Hornblende,,
,48127,Mineral,,Titanit,,
,48127,Mineral,,Ilmenit,,
,48127,Mineral,,Granat,,
,48127,Rock,,Amphibolit,,
41274,,,Ferberit,Ferberit,Peru,Junín / Junin / Hunin
,41274,Ore,,Wolframit-Erz - Gang-Typ,,
,41274,Mineral,,Ferberit,,
,41274,Mineral,,Pyrit,,
30276,,Ore,Co-Arsenid-Sulfarseniderz - metamorph,,Schweiz,Wallis
,30276,Mineral,,Erythrin,,
,30276,Ore,,Co-Arsenid-Sulfarseniderz - metamorph,,
,30276,Mineral,,Skutterudit,,
,30276,Mineral,,Arsenopyrit,,
,30276,Mineral,,Wismut,,
40578,,,Goethit,Goethit,Peru,
,40578,Ore,,"Pb-Sulfid-Erz - Gang-Typ, Oxidationszone",,
,40578,Mineral,,Goethit,,
32508,,Ore,Co-Cu-Sulfarseniderz - metamorph,,Schweiz,Wallis
,32508,Ore,,Co-Cu-Sulfarseniderz - metamorph,,
,32508,Mineral,,Erythrin,,
,32508,Mineral,,Skorodit,,
31486,,Rock,Granit,,Schweiz,Uri
,31486,Mineral,,Epidot,,
,31486,Mineral,,Rauchquarz Chlorit,,
,31486,Mineral,,Adular Albit,,
,31486,Rock,,Granit,,
,31486,Mineral,,Orthoklas,,
,31486,Mineral,,Apatit,,
,31486,Mineral,,Hämatit,,
,31486,Mineral,,Quarz,,
42665,,,Pyrrhotin,Pyrrhotin,Italien,Piemonte
,42665,Mineral,,Titanomagnetit,,
,42665,Mineral,,Hornblende,,
,42665,Mineral,,Chalkopyrit,,
,42665,Mineral,,Pentlandit,,
,42665,Mineral,,Magnetit,,
,42665,Mineral,,Magnetit,,
,42665,Mineral,,Pyrrhotin,,
,42665,Mineral,,Ulvöspinell,,
,42665,Ore,,Ni-Cu-Sulfid-Erz,,
42999,,Ore,Fe-Oolith magnetitisch,,Schweiz,Bern
,42999,Mineral,,Hämatit,,
,42999,Mineral,,Chlorit,,
,42999,Mineral,,Calcit,,
,42999,Rock,,Eisenoolith,,
,42999,Ore,,Fe-Oolith magnetitisch,,
,42999,Mineral,,Magnetit,,
39167,,Ore,Reduktionshof,,Schweiz,Zürich
,39167,Mineral,,Uraninit,,
,39167,Mineral,,Silber,,
,39167,Ore,,Reduktionshof,,
,39167,Mineral,,Roscoelith,,
,39167,Mineral,,Chalkosin,,
,39167,Mineral,,Pechblende,,
40839,,,Pyrit,Pyrit,Spanien,Andalucía (Andalucia)
,40839,Ore,,"Pyrit, massiv - SEDEX",,
,40839,Mineral,,Pyrit,,
34823,,,Granat,Granat,Schweiz,Uri
,34823,Rock,,Granit,,
,34823,Mineral,,Granat,,
43470,,Rock,Sandstein,,Vereinigte Staaten von Amerika (USA),Utah
,43470,Mineral,,Quarz,,
,43470,Rock,,Sandstein,,
,43470,Mineral,,Goethit,,
32867,,Ore,Co-Cu-Sulfarseniderz - metamorph,,Schweiz,Wallis
,32867,Ore,,Co-Cu-Sulfarseniderz - metamorph,,
,32867,Mineral,,Malachit,,
41662,,,Magnetit,Magnetit,Südafrika,Limpopo
,41662,Rock,,Gabbro,,
,41662,Mineral,,Magnetit,,
29297,,Rock,"Glimmerit, Amphibol-reich (Mantelgestein)",,Südafrika,Northern Cape / Noord-Kaap / Mntla-Koloni / Nyakatho-Kapa
,29297,Mineral,,Serpentin,,
,29297,Mineral,,Klinopyroxen,,
,29297,Mineral,,Kalium-Richterit Ilmenit,,
,29297,Mineral,,Richterit,,
,29297,Mineral,,Zirkon,,
,29297,Mineral,,Forsterit,,
,29297,Mineral,,undefiniert,,
,29297,Rock,,"Glimmerit, Amphibol-reich (Mantelgestein)",,
,29297,Mineral,,Phlogopit,,
6958,,,Galenit,Galenit,Schweiz,Wallis
,6958,Ore,,Co-Cu-Sulfarseniderz - metamorph,,
,6958,Mineral,,Galenit,,
,6958,Mineral,,Fahlerz,,
41116,,,Markasit,Markasit,Vereinigte Staaten von Amerika (USA),Missouri
,41116,Rock,,Impaktbrekzie,,
,41116,Mineral,,Markasit,,
41530,,,Pyrit,Pyrit,Neuseeland,
,41530,Ore,,Cu-Zn-Pyrit-Erz - SEDEX,,
,41530,Mineral,,Sphalerit,,
,41530,Mineral,,Pyrit,,
,41530,Mineral,,Chalkopyrit,,
41704,,,Chromit,Chromit,Südafrika,Limpopo
,41704,Mineral,,Chromit,,
,41704,Rock,,Pyroxenit s.l. (plutonisch),,
41462,,Ore,Cu-Sulfid-Erz - Redbed-Typ,Cu-Sulfid-Erz - Redbed-Typ,Bolivien,La Paz
,41462,Ore,,Cu-Sulfid-Erz - Redbed-Typ,,
,41462,Mineral,,Malachit,,
,41462,Mineral,,Azurit,,
,41462,Mineral,,Chalkosin,,
0,,,Gold,Gold,Schweiz,Tessin
,0,Ore,,Cu-Sulfid-Erz - Besshi-Typ,,
,0,Mineral,,Galenit,,
,0,Rock,,Kalkstein - kieselig,,
,0,Mineral,,Hämatit,,
,0,Mineral,,Amethyst,,
,0,Mineral,,Quarz,,
,0,Mineral,,Glaukosphaerit,,
,0,Mineral,,Quarz,,
39544,,,Quarz,Quarz,Schweiz,Aargau
,39544,Mineral,,Quarz,,
,39544,Mineral,,Chalcedon/Chert,,
,39544,Rock,,Kalkstein,,
42257,,,Turmalin,Turmalin,Schweden,Stockholms län
,42257,Ore,,Lithium-Pegmatit,,
,42257,Mineral,,allgemein,,
,42257,Mineral,,Turmalin,,
,42257,Rock,,Granitpegmatit,,
40815,,,Galenit,Galenit,Spanien,Andalucía (Andalucia)
,40815,Mineral,,Galenit,,
,40815,Ore,,Pb-Sulfid-Erz - Gang-Typ,,
48141,,Rock,Eklogit,,Schweiz,Tessin
,48141,Rock,,Eklogit,,
,48141,Mineral,,Klinopyroxen,,
,48141,Mineral,,undefiniert,,
,48141,Mineral,,Granat,,
,48141,Mineral,,Ilmenit,,
,48141,Mineral,,Hornblende,,
34131,,,Pyrit,Pyrit,Schweiz,Uri
,34131,Mineral,,Pyrit,,
,34131,Mineral,,Sphalerit,,
,34131,Ore,,noch nicht angegeben,,
33140,,,Bitumen,Bitumen,Schweiz,Bern
,33140,Mineral,,Bitumen,,
,33140,Mineral,,Quarz,,
,33140,Rock,,Siltstein,,
32823,,Rock,Granitpegmatit,,Deutschland,Baden-Württemberg
,32823,Mineral,,Quarz,,
,32823,Mineral,,Feldspat,,
,32823,Rock,,Granitpegmatit,,
33342,,,Chlorit,Chlorit,Schweiz,Tessin
,33342,Mineral,,Chlorit,,
,33342,Rock,,Granitpegmatit,,
29722,,Rock,Eklogit,,"China, Volksrepublik",Anhui
,29722,Rock,,Eklogit,,
,29722,Mineral,,Omphacit,,
,29722,Mineral,,Grossular,,
42313,,Rock,Grünschiefer,,Schweiz,Graubünden
,42313,Mineral,,Epidot,,
,42313,Mineral,,Chlorit,,
,42313,Rock,,Grünschiefer,,
,42313,Mineral,,Pumpellyit,,
,42313,Mineral,,Quarz,,
,42313,Mineral,,Albit,,
36244,,,Laumontit,Laumontit,Schweiz,Uri
,36244,Mineral,,Laumontit,,
,36244,Rock,,Granit,,
38778,,Ore,Cu-Sulfid-Erz - Kupferschiefer-Typ,,Deutschland,Thüringen
,38778,Rock,,Sandstein,,
,38778,Ore,,Cu-Sulfid-Erz - Kupferschiefer-Typ,,
34610,,Rock,Granit,,Schweiz,Uri
,34610,Mineral,,Feldspat,,
,34610,Mineral,,Laumontit,,
,34610,Rock,,Granit,,
,34610,Mineral,,Quarz,,
33300,,,Calcit,Calcit,Schweiz,Bern
,33300,Rock,,Kalkstein,,
,33300,Mineral,,Calcit,,
31487,,Rock,Granit,,Schweiz,Uri
,31487,Mineral,,Rauchquarz Albit,,
,31487,Mineral,,Quarz,,
,31487,Mineral,,Chlorit,,
,31487,Mineral,,Hämatit,,
,31487,Rock,,Granit,,
40355,,,Chalkopyrit,Chalkopyrit,Vereinigte Staaten von Amerika (USA),Missouri
,40355,Mineral,,Galenit,,
,40355,Ore,,Cu-Sulfid-Erz - MVT,,
,40355,Mineral,,Chalkopyrit,,
37669,,Rock,Gneis s.l.,,Schweiz,Tessin
,37669,Mineral,,Pyrrhotin,,
,37669,Rock,,Gneis s.l.,,
40882,,,Sphalerit,Sphalerit,Deutschland,Nordrhein-Westfalen
,40882,Mineral,,Sphalerit,,
,40882,Ore,,Zn-Sulfid-Erz - Gang-Typ,,
,40882,Mineral,,Quarz,,
32128,,Ore,Fe-Oolith - Allgemein,,Schweiz,Bern
,32128,Mineral,,Chamosit,,
,32128,Ore,,Fe-Oolith - Allgemein,,
,32128,Mineral,,Hämatit,,
32000,,Ore,"Fe-Erz, pisolithisch",,Schweiz,Jura
,32000,Mineral,,Limonit,,
,32000,Mineral,,undef. Eisenhydroxid,,
,32000,Ore,,"Fe-Erz, pisolithisch",,
35336,,Rock,Impaktbrekzie - Suevit,,Schweden,Gävleborgs län (Gavleborgs)
,35336,Mineral,,Heulandit,,
,35336,Rock,,Impaktbrekzie - Suevit,,
41083,,Ore,"Baryt, massiv - Flysch-Typ","Baryt, massiv - Flysch-Typ",Vereinigte Staaten von Amerika (USA),Arkansas
,41083,Ore,,"Baryt, massiv - Flysch-Typ",,
,41083,Mineral,,Baryt,,
43092,,,Mineral nicht bestimmt,Mineral nicht bestimmt,"China, Volksrepublik",
,43092,Mineral,,Mineral nicht bestimmt,,
,43092,Ore,,noch nicht angegeben,,
,43092,Mineral,,(s. Objektbem.),,
35113,,,Hämatit,Hämatit,Schweiz,Bern
,35113,Mineral,,Hämatit,,
,35113,Ore,,Fe-Oolith hämatitisch,,
,35113,Mineral,,Calcit,,
42337,,Rock,Metabasalt,,Schweiz,Graubünden
,42337,Mineral,,Hämatit,,
,42337,Rock,,Metabasalt,,
,42337,Mineral,,Muskovit,,
,42337,Mineral,,Chlorit,,
,42337,Mineral,,Albit,,
40504,,,Riebeckit,Riebeckit,Südafrika,Northern Cape / Noord-Kaap / Mntla-Koloni / Nyakatho-Kapa
,40504,Mineral,,Riebeckit,,
,40504,Ore,,Asbest krokydolithisch - Superior-BIF,,
,40504,Mineral,,Quarz,,
39221,,,Roscoelith,Roscoelith,Vereinigte Staaten von Amerika (USA),Oklahoma
,39221,Ore,,Reduktionshof,,
,39221,Mineral,,Roscoelith,,
53622,,,Aragonit,Aragonit,Schweiz,Graubünden
,53622,Mineral,,Aragonit,,
,53622,Rock,,Serpentinit,,
34584,,,Hämatit,Hämatit,Schweiz,Uri
,34584,Mineral,,Adular Calcit,,
,34584,Mineral,,Chlorit,,
,34584,Rock,,Granit,,
,34584,Mineral,,Apatit,,
,34584,Mineral,,Orthoklas,,
,34584,Mineral,,Hämatit,,
42243,,,Galenit,Galenit,Schweden,Uppsala län
,42243,Ore,,Pb-Zn-Sulfid-Erz - Skarn-Typ,,
,42243,Mineral,,Galenit,,
,42243,Mineral,,Sphalerit,,
30164,,,Jadeit,Jadeit,Schweiz,Bern
,30164,Mineral,,Jadeit,,
,30164,Rock,,Jadeitite,,
41073,,,Hämatit,Hämatit,Vereinigte Staaten von Amerika (USA),Michigan
,41073,Mineral,,Quarz,,
,41073,Ore,,Fe-Oxid-Erz - Superior-BIF,,
,41073,Mineral,,Hämatit,,
40314,,Ore,Fe-Silikat-Oolith,,Frankreich,Meurthe-et-Moselle
,40314,Mineral,,Chamosit,,
,40314,Ore,,Fe-Silikat-Oolith,,
42209,,,Chalkosin,Chalkosin,Australien,Queensland
,42209,Mineral,,Chalkosin,,
,42209,Ore,,Cu-Sulfid-Erz - SEDEX,,
41341,,,Revoredoit,Revoredoit,Peru,
,41341,Mineral,,Revoredoit,,
,41341,Ore,,Pb-Sulfarseniderz - Gang-Typ,,
,41341,Mineral,,Gratonit,,
9418,,Rock,Calcit-Marmor,,Schweiz,Uri
,9418,Rock,,Calcit-Marmor,,
,9418,Mineral,,Calcit,,
32728,,Ore,Co-Cu-Sulfarseniderz - metamorph,,Schweiz,Wallis
,32728,Mineral,,Siderit,,
,32728,Mineral,,Fahlerz,,
,32728,Ore,,Co-Cu-Sulfarseniderz - metamorph,,
,32728,Mineral,,Quarz,,
,32728,Mineral,,Chalkopyrit,,
41310,,,Revoredoit,Revoredoit,Peru,
,41310,Ore,,Pb-Sulfarseniderz - Gang-Typ,,
,41310,Mineral,,Revoredoit,,
31313,,Rock,noch nicht angegeben,,Schweiz,Graubünden
,31313,Mineral,,Pyrit,,
,31313,Rock,,noch nicht angegeben,,
6948,,,Bismuthinit,Bismuthinit,Schweiz,Wallis
,6948,Mineral,,Pyrit,,
,6948,Ore,,Co-Cu-Sulfarseniderz - metamorph,,
,6948,Mineral,,Chalkopyrit,,
,6948,Mineral,,Bismuthinit,,
41123,,,Markasit,Markasit,Vereinigte Staaten von Amerika (USA),Missouri
,41123,Mineral,,Markasit,,
,41123,Rock,,Impaktbrekzie,,
39222,,Ore,Reduktionshof,,Vereinigte Staaten von Amerika (USA),Colorado
,39222,Ore,,Reduktionshof,,
,39222,Mineral,,Mn-Au-Oxidphase,,
,39222,Mineral,,Roscoelith,,
39207,,Ore,Reduktionshof,,Schweiz,Aargau
,39207,Ore,,Reduktionshof,,
,39207,Mineral,,Roscoelith,,
42183,,Rock,Sövit (Cc-K.),,Deutschland,Baden-Württemberg
,42183,Mineral,,Calcit,,
,42183,Rock,,Sövit (Cc-K.),,
,42183,Mineral,,Magnetit,,
43089,,,Mineral nicht bestimmt,Mineral nicht bestimmt,Iran,Māzandarān (Mazandaran)
,43089,Mineral,,Mineral nicht bestimmt,,
,43089,Mineral,,(s. Objektbem.),,
,43089,Ore,,noch nicht angegeben,,
43087,,,Mineral nicht bestimmt,Mineral nicht bestimmt,Schweden,Västerbottens län (Vasterbottens)
,43087,Mineral,,(s. Objektbem.),,
,43087,Mineral,,Mineral nicht bestimmt,,
,43087,Ore,,noch nicht angegeben,,
48113,,Rock,Hornblendefels,,Italien,Piemonte
,48113,Mineral,,Plagioklas,,
,48113,Mineral,,Pyroxen,,
,48113,Mineral,,Hornblende,,
,48113,Mineral,,undefiniert,,
,48113,Rock,,Hornblendefels,,
32722,,Ore,Co-Cu-Sulfarseniderz - metamorph,,Schweiz,Wallis
,32722,Mineral,,Fahlerz,,
,32722,Ore,,Co-Cu-Sulfarseniderz - metamorph,,
,32722,Mineral,,Pyrit,,
,32722,Mineral,,Chalkopyrit,,
41239,,,Chalkopyrit,Chalkopyrit,Peru,Lima
,41239,Ore,,Cu-Sulfid-Erz - Gang-Typ,,
,41239,Mineral,,Chalkopyrit,,
31097,,Ore,Ni-Cu-Sulfid-Erz - kontinental mafisch-magmatisch,,Kanada,Ontario
,31097,Ore,,Ni-Cu-Sulfid-Erz - kontinental mafisch-magmatisch,,
,31097,Mineral,,Pyrrhotin,,
,31097,Mineral,,Pentlandit,,
,31097,Mineral,,Chalkopyrit,,
35698,,Rock,Glimmerschiefer,,Schweiz,Graubünden
,35698,Mineral,,Sericit,,
,35698,Mineral,,Muskovit,,
,35698,Mineral,,Quarz,,
,35698,Rock,,Glimmerschiefer,,
4948,,,Goethit,Goethit,Schweiz,Jura
,4948,Ore,,"Fe-Erz, pisolithisch",,
,4948,Mineral,,Goethit,,
35178,,Ore,Au-Seife,,Schweiz,Bern
,35178,Ore,,Au-Seife,,
,35178,Mineral,,Hämatit,,
,35178,Mineral,,Magnetit,,
,35178,Mineral,,Eisen,,
,35178,Mineral,,Blei,,
,35178,Mineral,,Almandin,,
41461,,,Coelestin,Coelestin,Argentinien,Neuquén (Nequen)
,41461,Rock,,Coelestin-Rhythmit,,
,41461,Mineral,,Coelestin,,
41301,,,Revoredoit,Revoredoit,Peru,
,41301,Mineral,,Revoredoit,,
,41301,Ore,,Pb-Sulfarseniderz - Gang-Typ,,
41211,,,Pyrit,Pyrit,Peru,Junín / Junin / Hunin
,41211,Mineral,,Tetraedrit,,
,41211,Mineral,,Pyrit,,
,41211,Ore,,Cu-Sulfid-Erz - Gang-Typ,,
42182,,Rock,Sövit (Cc-K.),,Deutschland,Baden-Württemberg
,42182,Rock,,Sövit (Cc-K.),,
,42182,Mineral,,Calcit,,
,42182,Mineral,,Magnetit,,
42269,,,Spodumen,Spodumen,Schweden,Stockholms län
,42269,Mineral,,Spodumen,,
,42269,Mineral,,Quarz,,
,42269,Ore,,Lithium-Pegmatit,,
,42269,Rock,,Granitpegmatit,,
41074,,,Pyrrhotin,Pyrrhotin,Vereinigte Staaten von Amerika (USA),Montana
,41074,Mineral,,Pyrrhotin,,
,41074,Ore,,PGE-Erz - kontinental mafisch-magmatisch,,
42438,,Ore,Ag-Sulfid-Erz - Gang-Typ,,Slowakei,Banskobystrický (Banskobystricky )
,42438,Rock,,Kluftletten,,
,42438,Ore,,Ag-Sulfid-Erz - Gang-Typ,,
42565,,,Baryt,Baryt,Deutschland,Baden-Württemberg
,42565,Ore,,Barytgang - Ba-F-Formation,,
,42565,Mineral,,Baryt,,
35714,,Rock,Anhydrit,,Schweiz,Bern
,35714,Mineral,,Anhydrit,,
,35714,Rock,,Anhydrit,,
41825,,,Pyrit,Pyrit,Schweiz,Graubünden
,41825,Mineral,,Magnetit,,
,41825,Mineral,,Chalkopyrit,,
,41825,Mineral,,Pyrit,,
,41825,Ore,,Fe-Erz magnetitisch - metamorph,,
37858,,,Granat,Granat,Schweiz,Uri
,37858,Rock,,Gneis s.l.,,
,37858,Mineral,,Granat,,
34397,,Rock,Granit,,Schweiz,Uri
,34397,Mineral,,Apatit,,
,34397,Mineral,,Quarz,,
,34397,Rock,,Granit,,
,34397,Mineral,,Chlorit,,
,34397,Mineral,,Allanit-(Ce),,
,34397,Mineral,,Titanit,,
34393,,,Calcit,Calcit,Schweiz,Uri
,34393,Mineral,,Chlorit,,
,34393,Rock,,Granit,,
,34393,Mineral,,Quarz,,
,34393,Mineral,,Calcit,,
,34393,Mineral,,Muskovit,,
42259,,,Spodumen,Spodumen,Schweden,Stockholms län
,42259,Rock,,Granitpegmatit,,
,42259,Mineral,,Spodumen,,
,42259,Ore,,Lithium-Pegmatit,,
37304,,Ore,"Au-Erz, polymetallisch - Gang-Typ",,Schweiz,Tessin
,37304,Mineral,,Sphalerit,,
,37304,Ore,,"Au-Erz, polymetallisch - Gang-Typ",,
,37304,Mineral,,Pyrit,,
,37304,Mineral,,Arsenopyrit,,
29372,,Rock,"Kimberlit ""basaltisch"" - allgemein",,Vereinigte Staaten von Amerika (USA),Colorado
,29372,Mineral,,Calcit,,
,29372,Mineral,,Antigorit,,
,29372,Rock,,"Kimberlit ""basaltisch"" - allgemein",,
42318,,Rock,Metahyloklastit,,Schweiz,Graubünden
,42318,Mineral,,Hämatit,,
,42318,Mineral,,Chlorit,,
,42318,Rock,,Metahyloklastit,,
,42318,Mineral,,Quarz,,
,42318,Mineral,,Epidot,,
,42318,Mineral,,Albit,,
42489,,Rock,Kalkschiefer,,Schweiz,Graubünden
,42489,Mineral,,Muskovit,,
,42489,Rock,,Kalkschiefer,,
,42489,Mineral,,Chlorit,,
,42489,Mineral,,Calcit,,
,42489,Mineral,,Sericit,,
32488,,Ore,Co-Cu-Sulfarseniderz - metamorph,,Schweiz,Wallis
,32488,Mineral,,Fahlerz,,
,32488,Mineral,,Chalkopyrit,,
,32488,Ore,,Co-Cu-Sulfarseniderz - metamorph,,
32712,,Ore,Co-Cu-Sulfarseniderz - metamorph,,Schweiz,Wallis
,32712,Mineral,,Bornit,,
,32712,Ore,,Co-Cu-Sulfarseniderz - metamorph,,
42287,,,Hornblende,Hornblende,Schweden,Norrbottens län
,42287,Mineral,,Magnetit,,
,42287,Ore,,Fe-Erz magnetitisch - Kiruna-Typ,,
,42287,Mineral,,Hornblende,,
,42287,Rock,,Leptinit (Leptit),,
42506,,,Covellin,Covellin,Deutschland,Sachsen-Anhalt
,42506,Rock,,Tonschiefer,,
,42506,Ore,,Cu-Sulfid-Erz - Kupferschiefer-Typ,,
,42506,Mineral,,Covellin,,
42674,,,Alkalifeldspat,Alkalifeldspat,Italien,Toscana
,42674,Mineral,,Alkalifeldspat,,
,42674,Rock,,Trachyt,,
39485,,,Omphacit,Omphacit,Schweiz,
,39485,Mineral,,Omphacit,,
,39485,Rock,,Metagabbro - Eklogitfaziell,,
33748,,,Topas,Topas,Schweiz,Graubünden
,33748,Rock,,Dolomit,,
,33748,Mineral,,Topas,,
,33748,Mineral,,Pyrit,,
,33748,Mineral,,Dolomit,,
,33748,Mineral,,Galenit,,
,33748,Mineral,,Malachit,,
40568,,,Gips,Gips,Peru,Pasco / Pasqu
,40568,Ore,,V-Erz Mina Ragra Typ,,
,40568,Mineral,,Gips,,
,40568,Rock,,Schieferton,,
43248,,,Cuprit,Cuprit,Peru,Lima
,43248,Ore,,Cu-Oxiderz (inkl. Karbonate etc.) - Oxidationszone,,
,43248,Mineral,,Azurit,,
,43248,Mineral,,Cuprit,,
,43248,Mineral,,Tenorit,,
,43248,Mineral,,Malachit,,
,43248,Mineral,,Kupfer,,
39294,,,Magnetit,Magnetit,Schweden,Uppsala län
,39294,Mineral,,Magnetit,,
,39294,Mineral,,Mineral nicht bestimmt,,
,39294,Ore,,noch nicht angegeben,,
,39294,Mineral,,(s. Objektbem.),,
42878,,,Chromit,Chromit,Simbabwe / Zimbabwe,Midlands
,42878,Mineral,,Chromit,,
,42878,Ore,,Cr-Erz - kontinental mafisch-magmatisch,,
41337,,,Revoredoit,Revoredoit,Peru,
,41337,Ore,,Pb-Sulfarseniderz - Gang-Typ,,
,41337,Mineral,,Revoredoit,,
,41337,Mineral,,Gratonit,,
32698,,Rock,Amphibolit,,Schweiz,Wallis
,32698,Mineral,,Chalkopyrit,,
,32698,Mineral,,Hornblende,,
,32698,Mineral,,Epidot,,
,32698,Rock,,Amphibolit,,
39736,,,Hämatit,Hämatit,Schweiz,St. Gallen
,39736,Mineral,,Hämatit,,
,39736,Mineral,,Calcit,,
,39736,Mineral,,Pyrit,,
,39736,Ore,,Fe-Erz hämatitisch - SEDEX,,
36048,,Rock,Gneis s.l.,,Schweiz,Uri
,36048,Mineral,,Quarz,,
,36048,Mineral,,Pyrrhotin,,
,36048,Rock,,Gneis s.l.,,
35316,,Ore,"Au-Erz, pyritisch - Gang-Typ",,Schweiz,Wallis
,35316,Mineral,,Pyrit,,
,35316,Mineral,,Chalkopyrit,,
,35316,Mineral,,Gold,,
,35316,Mineral,,Tetraedrit,,
,35316,Mineral,,Quarz,,
,35316,Ore,,"Au-Erz, pyritisch - Gang-Typ",,
42502,,,Quarz,Quarz,Deutschland,Sachsen
,42502,Ore,,Cu-Sulfid-Erz - Gang-Typ,,
,42502,Mineral,,Quarz,,
,42502,Mineral,,Fahlerz,,
32717,,Ore,Co-Cu-Sulfarseniderz - metamorph,,Schweiz,Wallis
,32717,Ore,,Co-Cu-Sulfarseniderz - metamorph,,
,32717,Mineral,,Chalkopyrit,,
39491,,,Omphacit,Omphacit,Schweiz,
,39491,Rock,,Omphacitit,,
,39491,Mineral,,Omphacit,,
41655,,,Fayalit,Fayalit,Südafrika,Limpopo
,41655,Mineral,,Fayalit,,
,41655,Rock,,Dunit (plutonisch),,
39117,,Ore,Reduktionshof,,Schweiz,Aargau
,39117,Mineral,,Rammelsbergit,,
,39117,Mineral,,Chalkosin,,
,39117,Ore,,Reduktionshof,,
39224,,Ore,Reduktionshof,,Vereinigte Staaten von Amerika (USA),Oklahoma
,39224,Mineral,,Coffinit,,
,39224,Mineral,,Kerogen,,
,39224,Ore,,Reduktionshof,,
,39224,Mineral,,Clausthalit,,
40358,,,Siegenit,Siegenit,Vereinigte Staaten von Amerika (USA),Missouri
,40358,Mineral,,Siegenit,,
,40358,Mineral,,Chalkopyrit,,
,40358,Ore,,Ni-Cu-Sulfid-Erz - MVT,,
41200,,,Galenit,Galenit,Peru,
,41200,Mineral,,Pyrit,,
,41200,Ore,,Pb-Zn-Cu-Sulfid-Erz - Gang-Typ,,
,41200,Mineral,,Galenit,,
42413,,,Cinnabarit,Cinnabarit,Bosnien-Herzegowina,Federacija Bosne i Hercegovine
,42413,Mineral,,Cinnabarit,,
,42413,Ore,,Hg-Sulfid-Erz - Gang-Typ,,
,42413,Rock,,Kalkstein,,
40763,,Ore,Cu-Metall-Erz - Michigan-Typ,,Vereinigte Staaten von Amerika (USA),Michigan
,40763,Mineral,,Epidot,,
,40763,Mineral,,Kupfer,,
,40763,Rock,,Basalt s.l.,,
,40763,Ore,,Cu-Metall-Erz - Michigan-Typ,,
34591,,Rock,Granit,,Schweiz,Uri
,34591,Mineral,,Ankerit,,
,34591,Mineral,,Ilmenit,,
,34591,Mineral,,Albit,,
,34591,Mineral,,Muskovit,,
,34591,Rock,,Granit,,
39472,,Rock,Siltstein,,Kanada,Ontario
,39472,Mineral,,Pyrit,,
,39472,Rock,,Siltstein,,
,39472,Mineral,,Chalkopyrit,,
42468,,,Galenit,Galenit,Deutschland,Sachsen
,42468,Mineral,,Arsenopyrit,,
,42468,Mineral,,Galenit,,
,42468,Mineral,,Sphalerit,,
,42468,Ore,,Pb-Zn-Sulfid-Erz - Gang-Typ,,
,42468,Mineral,,Chalkopyrit,,
34362,,Rock,Granit,,Schweiz,Uri
,34362,Rock,,Granit,,
,34362,Mineral,,Chlorit,,
34772,,,Quarz,Quarz,Schweiz,Uri
,34772,Mineral,,Chlorit,,
,34772,Rock,,Granit,,
,34772,Mineral,,Quarz,,
,34772,Mineral,,Pyrit,,
,34772,Mineral,,Galenit,,
,34772,Mineral,,Calcit,,
41522,,,Pentlandit,Pentlandit,Australien,Western Australia
,41522,Ore,,Ni-Cu-Sulfid-Erz - komatiitisch,,
,41522,Mineral,,Chalkopyrit,,
,41522,Mineral,,Pyrrhotin,,
,41522,Mineral,,Pentlandit,,
42911,,Rock,Kimberlit - allgemein,,Südafrika,Gauteng / Rhawuti
,42911,Rock,,Kimberlit - allgemein,,
,42911,Mineral,,Calcit,,
41263,,,Galenit,Galenit,Peru,Huancavelica / Wankawelika / Wankawillka
,41263,Mineral,,Baryt,,
,41263,Mineral,,Galenit,,
,41263,Ore,,Pb-Cu-Ag-Sb-Bi-As-Sulfiderz - Gang-Typ,,
38784,,,Gips,Gips,Deutschland,Thüringen
,38784,Mineral,,Gips,,
,38784,Rock,,Gips,,
41711,,,Chromit,Chromit,Südafrika,
,41711,Mineral,,Chromit,,
,41711,Ore,,Cr-Erz - kontinental mafisch-magmatisch,,
39464,,Ore,Zn-Sulfid-Erz - SEDEX,,Kanada,Ontario
,39464,Ore,,Zn-Sulfid-Erz - SEDEX,,
,39464,Mineral,,Sphalerit,,
,39464,Mineral,,Pyrit,,
38735,,Rock,SiO2-zementierte tektonische Brekzie,,Schweiz,Wallis
,38735,Mineral,,Quarz,,
,38735,Mineral,,Chalcedon/Chert Seladonit,,
,38735,Rock,,SiO2-zementierte tektonische Brekzie,,
40938,,,Sphalerit,Sphalerit,Deutschland,Baden-Württemberg
,40938,Mineral,,Galenit,,
,40938,Mineral,,Sphalerit,,
,40938,Mineral,,Jordanit,,
,40938,Ore,,Pb-Zn-Sulfid-Erz - MVT,,
32620,,Ore,Cu-Sulfid-Erz - Gang-Typ,,Schweiz,Wallis
,32620,Mineral,,Fahlerz,,
,32620,Mineral,,Chalkopyrit,,
,32620,Ore,,Cu-Sulfid-Erz - Gang-Typ,,
26963,,Ore,"Au-Erz, pyritisch - Gang-Typ",,Vereinigte Staaten von Amerika (USA),Colorado
,26963,Ore,,"Au-Erz, pyritisch - Gang-Typ",,
,26963,Mineral,,Pyrit,,
41845,,Rock,Tephritischer Phonolith,,Italien,Lazio
,41845,Mineral,,Leucit,,
,41845,Mineral,,Augit,,
,41845,Mineral,,Sanidin,,
,41845,Rock,,Tephritischer Phonolith,,
37657,,Rock,Granodiorit,,Schweiz,Bern
,37657,Mineral,,Chlorit,,
,37657,Mineral,,Quarz,,
,37657,Rock,,Granodiorit,,
39853,,,Turmalin,Turmalin,Deutschland,Sachsen
,39853,Rock,,Granitpegmatit,,
,39853,Mineral,,allgemein,,
,39853,Mineral,,Turmalin,,
31398,,Rock,Aplit,,Schweiz,Bern
,31398,Mineral,,Schröckingerit,,
,31398,Rock,,Aplit,,
41511,,,Sphalerit,Sphalerit,"China, Volksrepublik",Guangdong
,41511,Mineral,,Sphalerit,,
,41511,Mineral,,Arsenopyrit,,
,41511,Mineral,,Quarz,,
,41511,Mineral,,Pyrit,,
,41511,Mineral,,Dolomit,,
,41511,Ore,,Zn-Sulfid-Erz - Gang-Typ,,
38635,,Rock,Paragneis,,Deutschland,Hessen
,38635,Mineral,,Graphit,,
,38635,Mineral,,Almandin,,
,38635,Rock,,Paragneis,,
32732,,Rock,Chlorit-Schiefer,,Schweiz,Wallis
,32732,Rock,,Chlorit-Schiefer,,
,32732,Mineral,,Magnetit,,
,32732,Mineral,,Muskovit,,
,32732,Mineral,,Quarz,,
,32732,Mineral,,Sericit Chlorit,,
35401,,Rock,Granit,,Schweiz,Uri
,35401,Rock,,Granit,,
,35401,Mineral,,Chlorit,,
,35401,Mineral,,Quarz,,
42341,,Rock,Rodingit (Rhodingit),,Schweiz,Graubünden
,42341,Mineral,,Grossular,,
,42341,Mineral,,Vesuvian (Vesuvianit),,
,42341,Rock,,Rodingit (Rhodingit),,
41188,,,Pyrit,Pyrit,Peru,
,41188,Mineral,,Sphalerit,,
,41188,Ore,,Pb-Zn-Cu-Sulfid-Erz - Gang-Typ,,
,41188,Mineral,,Pyrit,,
,41188,Mineral,,Quarz,,
,41188,Mineral,,Galenit,,
41867,,Rock,Rhyolith,,Slowakei,Banskobystrický (Banskobystricky )
,41867,Mineral,,Biotit,,
,41867,Mineral,,Quarz,,
,41867,Mineral,,Chlorit,,
,41867,Rock,,Rhyolith,,
40798,,,Chalkosin,Chalkosin,Vereinigte Staaten von Amerika (USA),Michigan
,40798,Mineral,,Chalkosin,,
,40798,Ore,,Cu-Sulfid-Erz - Redbed-Typ,,
41524,,,Pentlandit,Pentlandit,Australien,Western Australia
,41524,Mineral,,Chalkopyrit,,
,41524,Mineral,,Pentlandit,,
,41524,Mineral,,Pyrrhotin,,
,41524,Ore,,Ni-Cu-Sulfid-Erz - komatiitisch,,
36417,,,Quarz,Quarz,Schweiz,Uri
,36417,Mineral,,Quarz,,
,36417,Rock,,Gneis s.l.,,
40316,,Ore,Fe-Silikat-Oolith,,Frankreich,Meurthe-et-Moselle
,40316,Ore,,Fe-Silikat-Oolith,,
,40316,Mineral,,Chamosit,,
42329,,Rock,Serpentinit,,Schweiz,Graubünden
,42329,Mineral,,Calcit,,
,42329,Rock,,Serpentinit,,
,42329,Mineral,,Antigorit,,
,42329,Mineral,,Lizardit,,
,42329,Mineral,,Chrysotil,,
41215,,,Tetraedrit,Tetraedrit,Peru,Junín / Junin / Hunin
,41215,Mineral,,Enargit,,
,41215,Ore,,Cu-Sulfid-Erz - Gang-Typ,,
,41215,Mineral,,Pyrit,,
,41215,Mineral,,Tetraedrit,,
40820,,,Chalkopyrit,Chalkopyrit,Spanien,Galicia
,40820,Mineral,,Pyrrhotin,,
,40820,Mineral,,Chalkopyrit,,
,40820,Ore,,Cu-Sulfid-Erz - metamorph,,
39126,,Ore,Reduktionshof,,Schweiz,Aargau
,39126,Ore,,Reduktionshof,,
,39126,Mineral,,Uraninit,,
,39126,Mineral,,Pechblende,,
42634,,,Magnetit,Magnetit,Italien,Toscana
,42634,Ore,,Fe-Erz magnetitisch - Skarn-Typ,,
,42634,Mineral,,Magnetit,,
39896,,,Serpentin,Serpentin,Deutschland,Sachsen
,39896,Rock,,Serpentinit,,
,39896,Mineral,,Pyrop,,
,39896,Mineral,,Serpentin,,
42921,,,Phlogopit,Phlogopit,Südafrika,Northern Cape / Noord-Kaap / Mntla-Koloni / Nyakatho-Kapa
,42921,Mineral,,Phlogopit,,
,42921,Rock,,Glimmerit (plutonisch),,
42828,,Ore,Pb-Sulfid-Erz - Gang-Typ,,Deutschland,Sachsen-Anhalt
,42828,Ore,,Pb-Sulfid-Erz - Gang-Typ,,
,42828,Mineral,,Siderit,,
,42828,Mineral,,Quarz,,
,42828,Mineral,,Galenit,,
42278,,,Feldspat,Feldspat,Schweden,Norrbottens län
,42278,Mineral,,undefiniert,,
,42278,Rock,,Keratophyr,,
,42278,Mineral,,Feldspat,,
,42278,Mineral,,Hornblende,,
32394,,Ore,Pb-Zn-Sulfid-Erz - Gang-Typ,,Schweiz,Wallis
,32394,Mineral,,Sphalerit,,
,32394,Ore,,Pb-Zn-Sulfid-Erz - Gang-Typ,,
31102,,Ore,Au-U-Konglomerat - Witwatersrand-Typ,,Südafrika,Gauteng / Rhawuti
,31102,Ore,,Au-U-Konglomerat - Witwatersrand-Typ,,
,31102,Mineral,,Quarz,,
,31102,Mineral,,Pyrit,,
39215,,Ore,Reduktionshof,,Vereinigte Staaten von Amerika (USA),Colorado
,39215,Ore,,Reduktionshof,,
,39215,Mineral,,Roscoelith,,
29351,,Rock,Kies mit Chertkomponenten,,Südafrika,Northern Cape / Noord-Kaap / Mntla-Koloni / Nyakatho-Kapa
,29351,Rock,,Kies mit Chertkomponenten,,
,29351,Mineral,,Quarz,,
42084,,,Silber,Silber,Mexiko,México (Mexico)
,42084,Ore,,Ag-Sulfid-Erz - Gang-Typ,,
,42084,Mineral,,Quarz,,
,42084,Mineral,,Silber,,
,42084,Mineral,,Sphalerit,,
5000,,Rock,Anhydrit,,Schweiz,Bern
,5000,Mineral,,Anhydrit,,
,5000,Rock,,Anhydrit,,
32410,,Ore,Fe-Erz magnetitisch - Skarn-Typ,,Schweiz,Wallis
,32410,Mineral,,Magnetit,,
,32410,Mineral,,undefiniert,,
,32410,Mineral,,Hornblende,,
,32410,Ore,,Fe-Erz magnetitisch - Skarn-Typ,,
42360,,,Olivin,Olivin,Südafrika,Limpopo
,42360,Mineral,,Olivin allgemein Apatit,,
,42360,Mineral,,Olivin,,
,42360,Mineral,,Pyroxen,,
,42360,Mineral,,undefiniert,,
,42360,Mineral,,Magnetit,,
,42360,Rock,,Apatit-Magnetitit,,
37668,,Rock,Amphibolit,,Schweiz,Wallis
,37668,Mineral,,Adular,,
,37668,Rock,,Amphibolit,,
,37668,Mineral,,Orthoklas,,
34624,,Rock,Granit,,Schweiz,Uri
,34624,Mineral,,Calcit,,
,34624,Rock,,Granit,,
,34624,Mineral,,Chlorit,,
40579,,,Cerussit,Cerussit,Peru,
,40579,Mineral,,Goethit,,
,40579,Mineral,,Cerussit,,
,40579,Ore,,"Pb-Sulfid-Erz - Gang-Typ, Oxidationszone",,
41480,,,Chalkopyrit,Chalkopyrit,Japan,Akita
,41480,Ore,,Yellow ore (Oko) - Kuroko-Typ,,
,41480,Mineral,,Chalkopyrit,,
41291,,,Pyrit,Pyrit,Peru,
,41291,Mineral,,Pyrit,,
,41291,Ore,,Pyrit-Erz - Gang-Typ,,
40505,,,Riebeckit,Riebeckit,Südafrika,Northern Cape / Noord-Kaap / Mntla-Koloni / Nyakatho-Kapa
,40505,Mineral,,Riebeckit,,
,40505,Mineral,,Quarz,,
,40505,Ore,,Asbest krokydolithisch - Superior-BIF,,
11743,,Rock,Anhydrit,,Schweiz,Wallis
,11743,Rock,,Anhydrit,,
,11743,Mineral,,Anhydrit,,
32604,,Ore,Cu-Sulfid-Erz - Gang-Typ,,Schweiz,Wallis
,32604,Ore,,Cu-Sulfid-Erz - Gang-Typ,,
,32604,Mineral,,Baryt,,
,32604,Mineral,,Chalkopyrit,,
35832,,Rock,Gneis s.l.,,Schweiz,Uri
,35832,Mineral,,Calcit,,
,35832,Rock,,Gneis s.l.,,
42272,,,Mikroklin,Mikroklin,Schweden,Stockholms län
,42272,Ore,,Lithium-Pegmatit,,
,42272,Mineral,,Amazonit,,
,42272,Rock,,Granitpegmatit,,
,42272,Mineral,,Mikroklin,,
40149,,,Quarz,Quarz,Australien,New South Wales
,40149,Mineral,,Quarz,,
,40149,Mineral,,Chalcedon/Chert,,
,40149,Rock,,Basalt s.l.,,
34467,,,Quarz,Quarz,Schweiz,Uri
,34467,Mineral,,Apatit,,
,34467,Mineral,,Quarz,,
,34467,Mineral,,Chlorit,,
,34467,Rock,,Granit,,
40557,,,Kupfer,Kupfer,Vereinigte Staaten von Amerika (USA),Michigan
,40557,Mineral,,Quarz,,
,40557,Ore,,Cu-Metall-Erz - Michigan-Typ,,
,40557,Rock,,Basalt s.l.,,
,40557,Mineral,,Kupfer,,
32413,,Ore,Fe-Erz magnetitisch - Skarn-Typ,,Schweiz,Wallis
,32413,Ore,,Fe-Erz magnetitisch - Skarn-Typ,,
,32413,Mineral,,Azurit,,
11442,,,Chalkopyrit,Chalkopyrit,Schweiz,Glarus
,11442,Mineral,,Malachit,,
,11442,Mineral,,Chalkopyrit,,
,11442,Ore,,Cu-Sulfid-Erz - Redbed-Typ,,
32687,,Rock,Chlorit-Schiefer,,Schweiz,Wallis
,32687,Mineral,,Chlorit,,
,32687,Mineral,,allgemein,,
,32687,Mineral,,Muskovit,,
,32687,Rock,,Chlorit-Schiefer,,
,32687,Mineral,,Turmalin,,
41689,,,Chromit,Chromit,Südafrika,Limpopo
,41689,Mineral,,Olivin,,
,41689,Mineral,,Chromit,,
,41689,Ore,,Cr-PGE-Erz - kontinental mafisch-magmatisch,,
,41689,Mineral,,Olivin allgemein Platin,,
32619,,Ore,Cu-Sulfid-Erz - Gang-Typ,,Schweiz,Wallis
,32619,Ore,,Cu-Sulfid-Erz - Gang-Typ,,
,32619,Mineral,,Chalkopyrit,,
,32619,Mineral,,Fahlerz,,
40006,,Rock,Schockmetamorpher Quarzsand,,Saudi-Arabien,
,40006,Rock,,Schockmetamorpher Quarzsand,,
,40006,Mineral,,Quarz,,
6048,,Rock,Serpentinit,,_Land unbekannt,
,6048,Mineral,,undefiniert,,
,6048,Mineral,,Serpentin,,
,6048,Rock,,Serpentinit,,
41593,,,Sphalerit,Sphalerit,Vereinigte Staaten von Amerika (USA),Illinois
,41593,Mineral,,Sphalerit,,
,41593,Mineral,,Baryt,,
,41593,Ore,,Zn-Sulfid-Erz - MVT Sphalerit-Rhythmit,,
41621,,,Kassiterit,Kassiterit,Südafrika,Limpopo
,41621,Mineral,,Kassiterit,,
,41621,Ore,,"Sn-Erz, oxidisch - Gang-Typ allgemein",,
,41621,Mineral,,Arsenopyrit,,
,41621,Rock,,Granit,,
35323,,Rock,Impaktbrekzie - Suevit,,Schweden,Dalarnas län (Dalarna)
,35323,Mineral,,s.l. Hämatit,,
,35323,Mineral,,Smektit,,
,35323,Mineral,,Quarz,,
,35323,Mineral,,Laumontit,,
,35323,Rock,,Impaktbrekzie - Suevit,,
40975,,,Chalkopyrit,Chalkopyrit,Finnland,
,40975,Mineral,,Chalkopyrit,,
,40975,Mineral,,Pyrrhotin,,
,40975,Ore,,Cu-Sulfid-Erz - metamorph,,
35576,,Rock,Gneis s.l.,,Schweiz,Uri
,35576,Rock,,Gneis s.l.,,
,35576,Mineral,,Hämatit,,
,35576,Mineral,,Chlorit,,
34632,,Rock,Granit,,Schweiz,Uri
,34632,Mineral,,Fluorit,,
,34632,Mineral,,Adular Quarz,,
,34632,Rock,,Granit,,
,34632,Mineral,,Orthoklas,,
,34632,Mineral,,Chlorit,,
32486,,Ore,"Mn-Erz, oxidisch - metamorph",,Schweiz,Wallis
,32486,Mineral,,Quarz,,
,32486,Ore,,"Mn-Erz, oxidisch - metamorph",,
32605,,Ore,Cu-Sulfid-Erz - Gang-Typ,,Schweiz,Wallis
,32605,Mineral,,Chalkopyrit,,
,32605,Ore,,Cu-Sulfid-Erz - Gang-Typ,,
43136,,Ore,"Fe-Erz, pisolithisch","Fe-Erz, pisolithisch",Schweiz,Solothurn
,43136,Mineral,,Limonit,,
,43136,Mineral,,undef. Eisenhydroxid,,
,43136,Ore,,"Fe-Erz, pisolithisch",,
27825,,Ore,Pb-Sulfid-Erz - Bleiglanzbank,,Deutschland,Baden-Württemberg
,27825,Ore,,Pb-Sulfid-Erz - Bleiglanzbank,,
,27825,Mineral,,Galenit,,
32433,,Ore,Pb-Sulfid-Erz - Ba-F-Formation,,Schweiz,Wallis
,32433,Mineral,,Sphalerit,,
,32433,Mineral,,Galenit,,
,32433,Ore,,Pb-Sulfid-Erz - Ba-F-Formation,,
,32433,Mineral,,Quarz,,
,32433,Mineral,,Fluorit,,
38158,,,Quarz,Quarz,_Land unbekannt,
,38158,Mineral,,feinkristallin,,
,38158,Rock,,Chert,,
,38158,Mineral,,Quarz,,
32612,,Ore,Cu-Sulfid-Erz - Gang-Typ,,Schweiz,Wallis
,32612,Mineral,,Fahlerz,,
,32612,Ore,,Cu-Sulfid-Erz - Gang-Typ,,
,32612,Mineral,,Chalkopyrit,,
43235,,,Azurit,Azurit,Peru,Lima
,43235,Mineral,,Azurit,,
,43235,Ore,,Cu-Oxiderz (inkl. Karbonate etc.) - Oxidationszone,,
,43235,Mineral,,Malachit,,
32657,,Ore,Co-Cu-Sulfarseniderz - metamorph,,Schweiz,Wallis
,32657,Mineral,,Galenit,,
,32657,Ore,,Co-Cu-Sulfarseniderz - metamorph,,
,32657,Mineral,,Fahlerz,,
,32657,Mineral,,Baryt,,
2988,,,Annabergit,Annabergit,Schweiz,Wallis
,2988,Mineral,,Nickelin,,
,2988,Ore,,Co-Cu-Sulfarseniderz - metamorph,,
,2988,Mineral,,Annabergit,,
33260,,,Pyrit,Pyrit,Schweiz,Bern
,33260,Rock,,Mergelschiefer,,
,33260,Mineral,,Pyrit,,
38983,,,Kaolinit,Kaolinit,Deutschland,Sachsen-Anhalt
,38983,Rock,,Ton (unverfestigt),,
,38983,Mineral,,Kaolinit,,
30452,,Ore,Cu-Sulfid-Erz - SEDEX,,Kanada,Ontario
,30452,Mineral,,Chalkopyrit,,
,30452,Ore,,Cu-Sulfid-Erz - SEDEX,,
39124,,Ore,Reduktionshof,,Schweiz,Aargau
,39124,Ore,,Reduktionshof,,
,39124,Mineral,,Anatas,,
6951,,,Annabergit,Annabergit,Schweiz,Wallis
,6951,Mineral,,Dolomit,,
,6951,Mineral,,Rammelsbergit,,
,6951,Mineral,,Willemseit,,
,6951,Mineral,,Quarz,,
,6951,Mineral,,Annabergit,,
,6951,Ore,,Co-Cu-Sulfarseniderz - metamorph,,
41054,,,Hämatit,Hämatit,Vereinigte Staaten von Amerika (USA),Missouri
,41054,Mineral,,Epidot,,
,41054,Ore,,Fe-Erz magnetitisch - Skarn-Typ,,
,41054,Rock,,Rhyolith,,
,41054,Mineral,,Hämatit,,
30112,,Rock,Granat-Lherzolith,,Tschechien,
,30112,Mineral,,Forsterit,,
,30112,Rock,,Granat-Lherzolith,,
,30112,Mineral,,Pyrop,,
,30112,Mineral,,Serpentin,,
,30112,Mineral,,undefiniert,,
32739,,,Bismuthinit,Bismuthinit,Schweiz,Wallis
,32739,Ore,,Co-Cu-Sulfarseniderz - metamorph,,
,32739,Mineral,,Tennantit,,
,32739,Mineral,,Skutterudit,,
,32739,Mineral,,Bismuthinit,,
39143,,Ore,Reduktionshof,,Schweiz,Aargau
,39143,Ore,,Reduktionshof,,
,39143,Mineral,,Uraninit,,
,39143,Mineral,,Pechblende Roscoelith,,
30275,,,Kobaltit,Kobaltit,Schweiz,Wallis
,30275,Mineral,,Kobaltit,,
,30275,Mineral,,Skorodit,,
,30275,Mineral,,Erythrin,,
,30275,Mineral,,Pharmakosiderit,,
,30275,Ore,,Co-Cu-Sulfarseniderz - metamorph,,
41077,,,Franklinit,Franklinit,Vereinigte Staaten von Amerika (USA),New Jersey
,41077,Mineral,,Calcit,,
,41077,Mineral,,Franklinit,,
,41077,Ore,,Zn-Fe-Mn-Oxiderz - metamorph,,
41080,,,Baryt,Baryt,Vereinigte Staaten von Amerika (USA),Arkansas
,41080,Ore,,"Baryt, massiv - Flysch-Typ",,
,41080,Mineral,,Baryt,,
38716,,Rock,Granit,,Schweiz,Wallis
,38716,Mineral,,Quarz,,
,38716,Rock,,Granit,,
41937,,Rock,Eklogit,,Tschechien,Jihočeský (Jihocesky )
,41937,Mineral,,Pyrit,,
,41937,Mineral,,Titanit,,
,41937,Mineral,,Granat,,
,41937,Mineral,,Klinopyroxen,,
,41937,Rock,,Eklogit,,
42501,,,Baryt,Baryt,Deutschland,Sachsen
,42501,Mineral,,Galenit,,
,42501,Mineral,,Quarz,,
,42501,Ore,,Pb-Zn-Sulfid-Erz - Gang-Typ,,
,42501,Mineral,,Fluorit,,
,42501,Mineral,,Baryt,,
,42501,Mineral,,Sphalerit,,
40749,,,Kupfer,Kupfer,Vereinigte Staaten von Amerika (USA),Michigan
,40749,Ore,,Cu-Metall-Erz - Michigan-Typ,,
,40749,Mineral,,Epidot,,
,40749,Mineral,,Kupfer,,
,40749,Mineral,,Quarz,,
32071,,Rock,Sand (s.l.),,Schweiz,Bern
,32071,Rock,,Sand (s.l.),,
,32071,Mineral,,Quarz,,
40146,,,Quarz,Quarz,Australien,New South Wales
,40146,Rock,,Basalt s.l.,,
,40146,Mineral,,Quarz,,
,40146,Mineral,,Chalcedon/Chert,,
42617,,,Diopsid,Diopsid,Italien,Valle d'Aosta / Val d'Aoste
,42617,Ore,,"Mn-Erz, silikatisch - metamorph",,
,42617,Mineral,,Quarz,,
,42617,Mineral,,Braunit,,
,42617,Mineral,,Diopsid,,
43453,,Ore,"Fe-Erz, pisolithisch",,Deutschland,Bayern
,43453,Mineral,,Manganit,,
,43453,Ore,,"Fe-Erz, pisolithisch",,
34387,,,Calcit,Calcit,Schweiz,Uri
,34387,Rock,,Granit,,
,34387,Mineral,,Calcit,,
,34387,Mineral,,Quarz,,
,34387,Mineral,,Chlorit,,
,34387,Mineral,,Epidot,,
,34387,Mineral,,Muskovit,,
,34387,Mineral,,Titanit,,
,34387,Mineral,,Apatit,,
35682,,,Laumontit,Laumontit,Schweiz,Uri
,35682,Rock,,Gneis s.l.,,
,35682,Mineral,,Hämatit,,
,35682,Mineral,,Laumontit,,
,35682,Mineral,,Pyrit,,
,35682,Mineral,,Rutil,,
,35682,Mineral,,Chlorit,,
42575,,,Erythrin,Erythrin,Deutschland,Baden-Württemberg
,42575,Mineral,,Baryt,,
,42575,Mineral,,Erythrin,,
,42575,Mineral,,Skutterudit,,
,42575,Ore,,"Co-Ni-Erz, arsenidisch - Co-Ni-Bi-Ag-U-Erzgang",,
41261,,,Bournonit,Bournonit,Peru,Huancavelica / Wankawelika / Wankawillka
,41261,Mineral,,Bournonit,,
,41261,Ore,,Pb-Cu-Ag-Sb-Bi-As-Sulfiderz - Gang-Typ,,
32443,,Ore,Au-Fe-As-Skarn - Skarn-Typ,,Schweiz,Wallis
,32443,Ore,,Au-Fe-As-Skarn - Skarn-Typ,,
,32443,Mineral,,Scheelit,,
,32443,Mineral,,Gold,,
,32443,Mineral,,Löllingit,,
42145,,,Kassiterit,Kassiterit,Bolivien,Potosí (Potosi)
,42145,Ore,,Sn-Wolframit-Erz - Gang-Typ,,
,42145,Mineral,,Kassiterit,,
42005,,,Quarz,Quarz,Schweiz,Bern
,42005,Mineral,,Chamosit,,
,42005,Mineral,,Pyrit,,
,42005,Mineral,,Quarz,,
,42005,Mineral,,Siderit,,
,42005,Rock,,Konkretionen,,
41470,,,Pyrit,Pyrit,Japan,Akita
,41470,Ore,,Pyriterz massiv - Kuroko-Typ,,
,41470,Mineral,,Pyrit,,
42142,,,Kassiterit,Kassiterit,Bolivien,La Paz
,42142,Ore,,Sn-Wolframit-Erz - Gang-Typ,,
,42142,Mineral,,Kassiterit,,
,42142,Mineral,,Wolframit,,
30163,,,Jadeit,Jadeit,Schweiz,Bern
,30163,Mineral,,Jadeit,,
,30163,Rock,,Jadeitite,,
42601,,,Arsenopyrit,Arsenopyrit,Oesterreich,Salzburg
,42601,Ore,,"Au-Erz, polymetallisch - Gang-Typ",,
,42601,Mineral,,Arsenopyrit,,
40531,,Rock,Serpentinit,,Schweiz,Wallis
,40531,Mineral,,Serpentin,,
,40531,Rock,,Serpentinit,,
,40531,Mineral,,undefiniert,,
41062,,,Hämatit,Hämatit,Vereinigte Staaten von Amerika (USA),Missouri
,41062,Mineral,,Hämatit,,
,41062,Ore,,Fe-Erz magnetitisch - Skarn-Typ,,
33333,,,Feldspat,Feldspat,Schweiz,Tessin
,33333,Mineral,,Pyrit,,
,33333,Mineral,,Granat,,
,33333,Mineral,,allgemein Graftonit,,
,33333,Mineral,,Turmalin,,
,33333,Mineral,,Feldspat,,
,33333,Mineral,,Muskovit,,
,33333,Rock,,Granitpegmatit,,
41277,,,Ferberit,Ferberit,Peru,Junín / Junin / Hunin
,41277,Ore,,Wolframit-Erz - Gang-Typ,,
,41277,Mineral,,Pyrit,,
,41277,Mineral,,Ferberit,,
39895,,,Serpentin,Serpentin,Deutschland,Sachsen
,39895,Rock,,Serpentinit,,
,39895,Mineral,,undefiniert,,
,39895,Mineral,,Serpentin,,
34615,,Rock,Granit,,Schweiz,Uri
,34615,Rock,,Granit,,
,34615,Mineral,,Chlorit,,
35700,,Rock,Glimmerschiefer,,Schweiz,Graubünden
,35700,Mineral,,Muskovit,,
,35700,Rock,,Glimmerschiefer,,
,35700,Mineral,,Quarz,,
,35700,Mineral,,Sericit,,
40966,,,Marialit,Marialit,Türkei,
,40966,Rock,,"Skapolithfels, kontaktmetamorph",,
,40966,Mineral,,Diopsid,,
,40966,Mineral,,Marialit,,
,40966,Mineral,,Pyrit,,
,40966,Mineral,,Magnetit,,
41309,,,Gratonit,Gratonit,Peru,
,41309,Mineral,,Gratonit,,
,41309,Ore,,Pb-Sulfarseniderz - Gang-Typ,,
40838,,,Cinnabarit,Cinnabarit,Spanien,Castilla-La Mancha
,40838,Mineral,,Cinnabarit,,
,40838,Ore,,Hg-Sulfid-Erz - Gang-Typ,,
42344,,Rock,Metahyloklastit,,Schweiz,Graubünden
,42344,Mineral,,Quarz,,
,42344,Mineral,,Lawsonit,,
,42344,Mineral,,Albit,,
,42344,Mineral,,Chlorit,,
,42344,Mineral,,Calcit,,
,42344,Rock,,Metahyloklastit,,
,42344,Mineral,,Aktinolith,,
,42344,Mineral,,Pumpellyit,,
42913,,,Serpentin,Serpentin,Südafrika,Gauteng / Rhawuti
,42913,Mineral,,Magnetit,,
,42913,Mineral,,Serpentin,,
,42913,Rock,,Karbonatit s.l.,,
43293,,,Turmalin,Turmalin,Schweden,Norrbottens län
,43293,Mineral,,allgemein,,
,43293,Mineral,,Turmalin,,
,43293,Rock,,Granitpegmatit - Lithium-Pegmatit,,
40176,,,Analcim,Analcim,Australien,New South Wales
,40176,Mineral,,Natrolith,,
,40176,Mineral,,Analcim,,
,40176,Rock,,Basalt s.l.,,
42862,,,Cordierit,Cordierit,Simbabwe / Zimbabwe,Matabeleland North
,42862,Mineral,,Sillimanit,,
,42862,Rock,,Tonstein,,
,42862,Mineral,,Cordierit,,
6753,,,Galenit,Galenit,Schweiz,Glarus
,6753,Mineral,,Fluorit,,
,6753,Mineral,,Galenit,,
,6753,Ore,,Cu-Sulfid-Erz - Redbed-Typ,,
37193,,,Palygorskit,Palygorskit,Schweiz,Bern
,37193,Mineral,,Palygorskit,,
,37193,Rock,,Kalkstein,,
48133,,Rock,Granat-Amphibolit,,Schweiz,Tessin
,48133,Mineral,,Hornblende,,
,48133,Mineral,,Plagioklas,,
,48133,Rock,,Granat-Amphibolit,,
,48133,Mineral,,Granat,,
35963,,,Laumontit,Laumontit,Schweiz,Uri
,35963,Mineral,,Pyrit,,
,35963,Mineral,,Laumontit,,
,35963,Rock,,Gneis s.l.,,
44586,,,Orthoklas,Orthoklas,Schweiz,Bern
,44586,Mineral,,Adular Apatit,,
,44586,Rock,,Granodiorit,,
,44586,Mineral,,Orthoklas,,
38131,,,Serpentin,Serpentin,Schweiz,Uri
,38131,Mineral,,Serpentin,,
,38131,Mineral,,Talk,,
,38131,Rock,,Serpentinit,,
41267,,,Realgar,Realgar,Peru,Huancavelica / Wankawelika / Wankawillka
,41267,Mineral,,Realgar,,
,41267,Ore,,Pb-Cu-Ag-Sb-Bi-As-Sulfiderz - Gang-Typ,,
31163,,Rock,Konglomerat,,Schweiz,Bern
,31163,Rock,,Konglomerat,,
,31163,Mineral,,Calcit,,
42464,,,Chalkopyrit,Chalkopyrit,Deutschland,Sachsen
,42464,Ore,,Ag-Sulfid-Erz - Gang-Typ,,
,42464,Mineral,,Chalkopyrit,,
,42464,Mineral,,Galenit,,
,42464,Mineral,,Sphalerit,,
40147,,,Quarz,Quarz,Australien,New South Wales
,40147,Mineral,,Chalcedon/Chert,,
,40147,Rock,,Basalt s.l.,,
,40147,Mineral,,Quarz,,
32663,,Ore,Co-Cu-Sulfarseniderz - metamorph,,Schweiz,Wallis
,32663,Mineral,,Ankerit,,
,32663,Ore,,Co-Cu-Sulfarseniderz - metamorph,,
,32663,Mineral,,Sphalerit,,
,32663,Mineral,,Quarz,,
31686,,,Apatit,Apatit,Schweiz,Wallis
,31686,Mineral,,Apatit,,
,31686,Mineral,,Orthoklas,,
,31686,Mineral,,Adular Chlorit,,
,31686,Rock,,Kluftlehm,,
,31686,Mineral,,Titanit,,
6960,,,Chalkopyrit,Chalkopyrit,Schweiz,Wallis
,6960,Mineral,,Pyrit,,
,6960,Ore,,Co-Cu-Sulfarseniderz - metamorph,,
,6960,Mineral,,Chalkopyrit,,
,6960,Mineral,,Galenit,,
40158,,,Quarz,Quarz,Australien,New South Wales
,40158,Rock,,Basalt s.l.,,
,40158,Mineral,,Chalcedon/Chert,,
,40158,Mineral,,Quarz,,
42758,,Ore,Au-U-Konglomerat - Witwatersrand-Typ,,Südafrika,
,42758,Ore,,Au-U-Konglomerat - Witwatersrand-Typ,,
,42758,Rock,,Konglomerat,,
27002,,Ore,Pb-Zn-Sulfid-Erz - Gang-Typ,,Tschechoslowakei (Grenzen von 1992),
,27002,Ore,,Pb-Zn-Sulfid-Erz - Gang-Typ,,
,27002,Mineral,,Sphalerit,,
,27002,Mineral,,Galenit,,
41427,,,Gips,Gips,Schweiz,Waadt
,41427,Mineral,,Gips,,
,41427,Rock,,Gips,,
32750,,Rock,Granat-Glimmerschiefer,,Schweiz,Tessin
,32750,Mineral,,Hellglimmer,,
,32750,Mineral,,Granat,,
,32750,Rock,,Granat-Glimmerschiefer,,
33991,,Rock,Granodiorit,,Schweiz,Bern
,33991,Mineral,,Epidot,,
,33991,Rock,,Granodiorit,,
2827,,Rock,Gips,,Schweiz,Bern
,2827,Rock,,Gips,,
,2827,Mineral,,Gips,,
33606,,,Granat,Granat,Russland (Russische Föderation),Krasnoyarsk / Krasnojarskij / Krasnoyarskiy
,33606,Mineral,,Tridymit,,
,33606,Rock,,Granatgneis,,
,33606,Mineral,,Granat,,
,33606,Mineral,,Graphit,,
,33606,Mineral,,Saponit,,
42304,,Rock,Ophicarbonat,,Schweiz,Graubünden
,42304,Mineral,,Chrysotil,,
,42304,Rock,,Ophicarbonat,,
,42304,Mineral,,Talk,,
,42304,Mineral,,Lizardit,,
,42304,Mineral,,Dolomit,,
32735,,Rock,Chlorit-Schiefer,,Schweiz,Wallis
,32735,Rock,,Chlorit-Schiefer,,
,32735,Mineral,,Chlorit,,
,32735,Mineral,,Pyrit,,
,32735,Mineral,,Muskovit,,
40490,,,Pumpellyit,Pumpellyit,Vereinigte Staaten von Amerika (USA),Michigan
,40490,Mineral,,Epidot,,
,40490,Rock,,Basalt s.l.,,
,40490,Mineral,,Pumpellyit,,
,40490,Mineral,,Quarz,,
,40490,Mineral,,Kupfer,,
,40490,Ore,,Cu-Metall-Erz - Michigan-Typ,,
41025,,,Galenit,Galenit,Vereinigte Staaten von Amerika (USA),Missouri
,41025,Mineral,,Quarz,,
,41025,Ore,,Cu-Pb-Sulfid-Erz - MVT,,
,41025,Mineral,,Galenit,,
,41025,Mineral,,Chalkopyrit,,
30454,,Ore,Ni-Cu-Sulfid-Erz - kontinental mafisch-magmatisch,,Kanada,Ontario
,30454,Mineral,,Chalkopyrit,,
,30454,Mineral,,Pentlandit,,
,30454,Ore,,Ni-Cu-Sulfid-Erz - kontinental mafisch-magmatisch,,
,30454,Mineral,,Pyrrhotin,,
40042,,,Montmorillonit,Montmorillonit,Deutschland,Bayern
,40042,Mineral,,Montmorillonit,,
,40042,Rock,,Impaktbrekzie - Suevit,,
6942,,,Chalkopyrit,Chalkopyrit,Schweiz,Wallis
,6942,Mineral,,Chalkopyrit,,
,6942,Ore,,Cu-Sulfid-Erz - Gang-Typ,,
31117,,Ore,"Pyrit, dispers - SEDEX",,Deutschland,Nordrhein-Westfalen
,31117,Ore,,"Pyrit, dispers - SEDEX",,
,31117,Mineral,,Pyrit,,
33913,,,Korund,Korund,Kanada,Ontario
,33913,Mineral,,Hellglimmer,,
,33913,Rock,,Nephelinsyenitpegmatit,,
,33913,Mineral,,Korund,,
42299,,Rock,Marmor s.l.,,Schweiz,Graubünden
,42299,Mineral,,Calcit,,
,42299,Mineral,,Muskovit,,
,42299,Mineral,,Quarz,,
,42299,Mineral,,Sericit,,
,42299,Rock,,Marmor s.l.,,
,42299,Mineral,,Chlorit,,
29314,,,Diamant,Diamant,Südafrika,Free State / Vrystaat / Freyistata / Fuleyisitata
,29314,Mineral,,Pyrop,,
,29314,Rock,,Kimberlit phlogopitführend - Schwermineralk.,,
,29314,Mineral,,Diamant,,
,29314,Mineral,,Pyrit,,
32170,,Ore,Fe-Erz hämatitisch - SEDEX,,Schweiz,St. Gallen
,32170,Mineral,,Hämatit,,
,32170,Ore,,Fe-Erz hämatitisch - SEDEX,,
40132,,Rock,Calcit-Marmor,,Griechenland,Notio Egeo
,40132,Rock,,Calcit-Marmor,,
,40132,Mineral,,Calcit,,
39122,,Ore,Reduktionshof,,Schweiz,Aargau
,39122,Mineral,,Rammelsbergit,,
,39122,Ore,,Reduktionshof,,
,39122,Mineral,,Ni-Co-Pyrit U-As-Oxidphase,,
,39122,Mineral,,Pyrit,,
40757,,,Kupfer,Kupfer,Vereinigte Staaten von Amerika (USA),Michigan
,40757,Mineral,,Epidot,,
,40757,Ore,,Cu-Metall-Erz - Michigan-Typ,,
,40757,Rock,,Basalt s.l.,,
,40757,Mineral,,Kupfer,,
40382,,,Galenit,Galenit,Vereinigte Staaten von Amerika (USA),Missouri
,40382,Ore,,Pb-Sulfid-Erz - MVT,,
,40382,Mineral,,Galenit,,
32263,,Ore,U-Cu-Erz - Redbed-Typ,,Schweiz,Glarus
,32263,Ore,,U-Cu-Erz - Redbed-Typ,,
,32263,Mineral,,Goethit,,
,32263,Mineral,,Azurit,,
,32263,Mineral,,Malachit,,
42535,,,Baryt,Baryt,Deutschland,Bayern
,42535,Ore,,PGE-Erz - kontinental mafisch-magmatisch,,
,42535,Mineral,,Fluorit,,
,42535,Mineral,,Baryt,,
41466,,,Galenit,Galenit,Japan,Akita
,41466,Mineral,,Galenit,,
,41466,Ore,,Black ore (Kuroko) - Kuroko-Typ,,
,41466,Mineral,,Bornit,,
,41466,Mineral,,Pyrit,,
,41466,Mineral,,Sphalerit,,
,41466,Mineral,,Baryt,,
40902,,,Galenit,Galenit,Deutschland,Nordrhein-Westfalen
,40902,Mineral,,Quarz,,
,40902,Mineral,,Chalkopyrit,,
,40902,Mineral,,Galenit,,
,40902,Mineral,,Sphalerit,,
,40902,Ore,,Pb-Zn-Sulfid-Erz - Gang-Typ,,
42063,,,Pyrargyrit,Pyrargyrit,Mexiko,México (Mexico)
,42063,Mineral,,Pyrargyrit,,
,42063,Ore,,Ag-Sulfid-Erz - Gang-Typ,,
41242,,,Chalkopyrit,Chalkopyrit,Peru,Lima
,41242,Ore,,Cu-Sulfid-Erz - Gang-Typ,,
,41242,Mineral,,Chalkopyrit,,
34439,,Rock,Granit,,Schweiz,Uri
,34439,Rock,,Granit,,
,34439,Mineral,,Pyrit,,
40220,,,Quarz,Quarz,Island,
,40220,Mineral,,Quarz,,
,40220,Mineral,,Chalcedon/Chert,,
,40220,Rock,,Lava - allgemein,,
41264,,,Bournonit,Bournonit,Peru,Huancavelica / Wankawelika / Wankawillka
,41264,Ore,,Pb-Cu-Ag-Sb-Bi-As-Sulfiderz - Gang-Typ,,
,41264,Mineral,,Bournonit,,
11438,,,Chalkosin,Chalkosin,Schweiz,Glarus
,11438,Mineral,,Chalkosin,,
,11438,Ore,,Cu-Sulfid-Erz - Redbed-Typ,,
41106,,Rock,Serpentinit,,Frankreich,Haute-Corse
,41106,Rock,,Serpentinit,,
,41106,Mineral,,undefiniert,,
,41106,Mineral,,Serpentin,,
32445,,,Uranophan,Uranophan,Schweiz,Wallis
,32445,Mineral,,Uranophan,,
,32445,Ore,,U-Erz - Gang-Typ allgemein,,
32879,,Ore,Cu-Sulfid-Erz - metamorph,,Schweiz,Wallis
,32879,Mineral,,Malachit,,
,32879,Ore,,Cu-Sulfid-Erz - metamorph,,
,32879,Mineral,,Chalkopyrit,,
6957,,,Fahlerz,Fahlerz,Schweiz,Wallis
,6957,Mineral,,Pyrit,,
,6957,Mineral,,Fahlerz,,
,6957,Ore,,Co-Cu-Sulfarseniderz - metamorph,,
,6957,Mineral,,Quarz,,
41356,,,Galenit,Galenit,Peru,
,41356,Mineral,,Sphalerit,,
,41356,Mineral,,Galenit,,
,41356,Ore,,Zn-Sulfid-Erz - MVT Sphalerit-Rhythmit,,
41069,,,Sphalerit,Sphalerit,Vereinigte Staaten von Amerika (USA),Colorado
,41069,Mineral,,Pyrit,,
,41069,Mineral,,Sphalerit,,
,41069,Ore,,Zn-Sulfid-Erz - Karbonatverdrängung,,
41658,,,Phlogopit,Phlogopit,Südafrika,Limpopo
,41658,Mineral,,Phlogopit,,
,41658,Ore,,PGE-Erz - kontinental mafisch-magmatisch,,
,41658,Rock,,Dunit (plutonisch),,
35305,,Rock,Kalkstein - bituminös,,Schweiz,Neuenburg
,35305,Mineral,,Calcit,,
,35305,Mineral,,Bitumen,,
,35305,Rock,,Kalkstein - bituminös,,
41177,,,Galenit,Galenit,Vereinigte Staaten von Amerika (USA),Missouri
,41177,Mineral,,Galenit,,
,41177,Rock,,Granit,,
,41177,Ore,,Pb-Sulfid-Erz - MVT,,
40825,,,Hämatit,Hämatit,Spanien,"Asturias, Principado de"
,40825,Mineral,,Hämatit,,
,40825,Ore,,Fe-Oolith hämatitisch,,
42284,,,Magnetit,Magnetit,Schweden,Norrbottens län
,42284,Mineral,,Magnetit,,
,42284,Ore,,Fe-Erz magnetitisch - Kiruna-Typ,,
42297,,Rock,Metahyloklastit,,Schweiz,Graubünden
,42297,Mineral,,Chlorit,,
,42297,Mineral,,Pumpellyit,,
,42297,Rock,,Metahyloklastit,,
,42297,Mineral,,Albit,,
31012,,,Pyrop,Pyrop,Schweiz,Tessin
,31012,Mineral,,Pyrop,,
,31012,Rock,,Peridotit s.l. (Mantelgestein),,
32311,,Ore,Mo-Sulfid-Erz - Gang-Typ,,Schweiz,Bern
,32311,Ore,,Mo-Sulfid-Erz - Gang-Typ,,
,32311,Mineral,,Molybdänit,,
38719,,Rock,Granit,,Schweiz,Bern
,38719,Mineral,,Chalcedon/Chert,,
,38719,Mineral,,Quarz,,
,38719,Rock,,Granit,,
42068,,,Akanthit,Akanthit,Mexiko,México (Mexico)
,42068,Mineral,,Stephanit,,
,42068,Mineral,,Pyrit,,
,42068,Mineral,,Akanthit,,
,42068,Mineral,,Chalkopyrit,,
,42068,Ore,,"Au-Erz, polymetallisch - Gang-Typ",,
41818,,,Magnetit,Magnetit,Rumänien,
,41818,Mineral,,Granat,,
,41818,Rock,,Skarn,,
,41818,Mineral,,Calcit,,
,41818,Ore,,Fe-Erz magnetitisch - Skarn-Typ,,
,41818,Mineral,,Magnetit,,
41002,,,Galenit,Galenit,Irland,Leinster / Laighin
,41002,Mineral,,Pyrit,,
,41002,Mineral,,Galenit,,
,41002,Mineral,,Sphalerit,,
,41002,Ore,,Pb-Zn-Sulfid-Erz - SEDEX,,
42551,,,Quarz,Quarz,Deutschland,Baden-Württemberg
,42551,Mineral,,Calcit,,
,42551,Mineral,,Sphalerit,,
,42551,Ore,,Pb-Zn-Sulfid-Erz - Gang-Typ,,
,42551,Mineral,,Quarz,,
,42551,Mineral,,Galenit,,
,42551,Mineral,,Baryt,,
,42551,Rock,,tektonische Brekzie,,
,42551,Mineral,,Dolomit,,
33334,,,Graftonit,Graftonit,Schweiz,Tessin
,33334,Mineral,,Vivianit,,
,33334,Mineral,,Apatit,,
,33334,Mineral,,Graftonit,,
,33334,Mineral,,Heterosit,,
,33334,Rock,,Granitpegmatit,,
40972,,,Pyrit,Pyrit,Finnland,
,40972,Rock,,Quarzit,,
,40972,Mineral,,Pyrit,,
37911,,Rock,Tephrit,,Italien,Campania
,37911,Rock,,Tephrit,,
,37911,Mineral,,Augit,,
37995,,Ore,Schwermineralkonzentrat,,Australien,Victoria
,37995,Ore,,Schwermineralkonzentrat,,
,37995,Mineral,,Anatas,,
,37995,Mineral,,Rutil,,
37028,,,Chrysotil,Chrysotil,Grossbritannien / Vereinigtes Königreich,Scotland
,37028,Mineral,,Chrysotil,,
,37028,Rock,,Dolomit-Marmor,,
41517,,,Galenit,Galenit,Myanmar,
,41517,Mineral,,Galenit,,
,41517,Ore,,Pb-Sulfid-Erz - MVT,,
41266,,,Ferberit,Ferberit,Peru,Huancavelica / Wankawelika / Wankawillka
,41266,Ore,,Wolframit-Erz - Gang-Typ,,
,41266,Mineral,,Ferberit,,
40748,,,Kupfer,Kupfer,Vereinigte Staaten von Amerika (USA),Michigan
,40748,Ore,,Cu-Metall-Erz - Michigan-Typ,,
,40748,Mineral,,Kupfer,,
,40748,Rock,,Konglomerat,,
33596,,Ore,"Mn-Erz, silikatisch - metamorph",,Schweiz,Graubünden
,33596,Ore,,"Mn-Erz, silikatisch - metamorph",,
,33596,Mineral,,Mangan-Calcit,,
,33596,Mineral,,Tinzenit,,
,33596,Mineral,,Parsettensit,,
,33596,Mineral,,Calcit,,
34470,,,Quarz,Quarz,Schweiz,Uri
,34470,Mineral,,Chlorit,,
,34470,Mineral,,Biotit,,
,34470,Mineral,,Apatit,,
,34470,Rock,,Granit,,
,34470,Mineral,,Quarz,,
36706,,,Ilmenit,Ilmenit,Schweiz,Uri
,36706,Mineral,,Quarz,,
,36706,Mineral,,Biotit,,
,36706,Mineral,,Granat,,
,36706,Rock,,Gneis s.l.,,
,36706,Mineral,,Ilmenit,,
40398,,,Apatit,Apatit,Schweiz,Thurgau
,40398,Mineral,,Magnetit,,
,40398,Rock,,Tuffit,,
,40398,Mineral,,Apatit,,
30283,,Ore,Fe-Erz magnetitisch - Skarn-Typ,,Schweiz,Wallis
,30283,Mineral,,Magnetit,,
,30283,Ore,,Fe-Erz magnetitisch - Skarn-Typ,,
,30283,Mineral,,Pyrit,,
41182,,,Apatit,Apatit,Marokko,Béni Mellal-Khénifra (Beni Mellal-Khenifra)
,41182,Mineral,,Phosphorit,,
,41182,Rock,,Kalkstein,,
,41182,Ore,,Phosphorit marin,,
,41182,Mineral,,Apatit,,
6748,,,Bornit,Bornit,Schweiz,Glarus
,6748,Mineral,,Bornit,,
,6748,Ore,,Cu-Sulfid-Erz - Redbed-Typ,,
41325,,,Gratonit,Gratonit,Peru,
,41325,Ore,,Pb-Sulfarseniderz - Gang-Typ,,
,41325,Mineral,,Gratonit,,
,41325,Mineral,,Galenit,,
41490,,,Chalkopyrit,Chalkopyrit,Japan,Gifu / Gihu
,41490,Ore,,Cu-Sulfid-Erz - Skarn-Typ,,
,41490,Mineral,,Pyrrhotin,,
,41490,Mineral,,Chalkopyrit,,
33725,,,Galenit,Galenit,Schweiz,Graubünden
,33725,Rock,,Dolomit,,
,33725,Mineral,,Quarz,,
,33725,Mineral,,Azurit,,
,33725,Mineral,,Sphalerit,,
,33725,Mineral,,Pyrit,,
,33725,Mineral,,Dolomit,,
,33725,Mineral,,Malachit,,
,33725,Mineral,,Galenit,,
36702,,,Chlorit,Chlorit,Schweiz,Uri
,36702,Mineral,,Chlorit,,
,36702,Mineral,,Pyrrhotin,,
,36702,Rock,,Gneis s.l.,,
32681,,Rock,Chlorit-Schiefer,,Schweiz,Wallis
,32681,Mineral,,Chlorit,,
,32681,Rock,,Chlorit-Schiefer,,
50017,,Rock,Schockmetamorpher Kalkstein,,Deutschland,Bayern
,50017,Rock,,Schockmetamorpher Kalkstein,,
,50017,Mineral,,Goethit,,
34168,,Rock,noch nicht angegeben,,Schweiz,Uri
,34168,Mineral,,(s. Objektbem.),,
,34168,Mineral,,Mineral nicht bestimmt,,
,34168,Rock,,noch nicht angegeben,,
31402,,Rock,Granodiorit,,Schweiz,Bern
,31402,Rock,,Granodiorit,,
,31402,Mineral,,Schröckingerit,,
38600,,,Montmorillonit,Montmorillonit,Vereinigte Staaten von Amerika (USA),Florida
,38600,Rock,,Bentonit,,
,38600,Mineral,,Montmorillonit,,
42279,,,Feldspat,Feldspat,Schweden,Norrbottens län
,42279,Mineral,,Feldspat,,
,42279,Rock,,Rhyolith,,
,42279,Mineral,,Hornblende,,
,42279,Mineral,,Titanit,,
32629,,Ore,U-Erz - Gang-Typ allgemein,,Schweiz,Wallis
,32629,Mineral,,Uranophan,,
,32629,Ore,,U-Erz - Gang-Typ allgemein,,
42561,,,Sphalerit,Sphalerit,Deutschland,Baden-Württemberg
,42561,Ore,,Zn-Sulfid-Erz - Gang-Typ,,
,42561,Mineral,,Sphalerit,,
32003,,Ore,"Fe-Erz, pisolithisch",,Schweiz,Jura
,32003,Ore,,"Fe-Erz, pisolithisch",,
,32003,Mineral,,undef. Eisenhydroxid,,
,32003,Mineral,,Limonit,,
41550,,,Sphalerit,Sphalerit,Polen,Małopolskie
,41550,Mineral,,Galenit,,
,41550,Ore,,Pb-Zn-Sulfid-Erz - MVT,,
,41550,Mineral,,Sphalerit,,
33814,,,Goethit,Goethit,Australien,Tasmania
,33814,Ore,,Fe-Erz limonitisch - Eiserner Hut,,
,33814,Mineral,,Pyromorphit,,
,33814,Mineral,,Goethit,,
39638,,,Cu-Sulfid-Erz - Kupferschiefer-Typ,,Polen,Dolnośląskie (Dolnoslaskie)
,39638,Mineral,,Chalkopyrit,,
,39638,Mineral,,Bornit,,
,39638,Ore,,Cu-Sulfid-Erz - Kupferschiefer-Typ,,
,39638,Rock,,Schieferton,,
35718,,Rock,Anhydrit,,Schweiz,Bern
,35718,Rock,,Anhydrit,,
,35718,Mineral,,Anhydrit,,
40792,,,Kupfer,Kupfer,Vereinigte Staaten von Amerika (USA),Michigan
,40792,Mineral,,Epidot,,
,40792,Mineral,,Kupfer,,
,40792,Ore,,Cu-Metall-Erz - Michigan-Typ,,
41436,,,Chalkopyrit,Chalkopyrit,Peru,Moquegua / Moqwegwa / Muqiwa
,41436,Mineral,,Chalkopyrit,,
,41436,Ore,,Cu-Sulfid-Erz - Porphyr-Typ,,
39612,,,Calcit,Calcit,Schweiz,Graubünden
,39612,Mineral,,Calcit,,
,39612,Rock,,Kalktuff,,
41314,,,Revoredoit,Revoredoit,Peru,
,41314,Mineral,,Revoredoit,,
,41314,Ore,,Pb-Sulfarseniderz - Gang-Typ,,
41161,,,Phlogopit,Phlogopit,Kanada,Quebec / Québec
,41161,Rock,,Alnöit,,
,41161,Mineral,,Phlogopit,,
26965,,Ore,"Au-Erz, pyritisch - Gang-Typ",,Vereinigte Staaten von Amerika (USA),Colorado
,26965,Ore,,"Au-Erz, pyritisch - Gang-Typ",,
,26965,Mineral,,Pyrit,,
,26965,Mineral,,Sphalerit,,
,26965,Mineral,,Galenit,,
30455,,Ore,Ni-Cu-Sulfid-Erz - kontinental mafisch-magmatisch,,Kanada,Ontario
,30455,Mineral,,Pentlandit,,
,30455,Ore,,Ni-Cu-Sulfid-Erz - kontinental mafisch-magmatisch,,
,30455,Mineral,,Pyrrhotin,,
,30455,Mineral,,Chalkopyrit,,
40488,,,Albit,Albit,Vereinigte Staaten von Amerika (USA),Michigan
,40488,Mineral,,Albit,,
,40488,Mineral,,Epidot,,
,40488,Rock,,Basalt s.l.,,
42254,,,Petalit,Petalit,Schweden,Stockholms län
,42254,Rock,,Granitpegmatit,,
,42254,Mineral,,Petalit,,
,42254,Ore,,Lithium-Pegmatit,,
40199,,,Quarz,Quarz,Island,Austurland
,40199,Rock,,Basalt s.l.,,
,40199,Mineral,,Chalcedon/Chert Goethit,,
,40199,Mineral,,Quarz,,
42113,,,Akanthit,Akanthit,Mexiko,Hidalgo
,42113,Mineral,,Akanthit,,
,42113,Mineral,,Pyrit,,
,42113,Mineral,,Rhodonit,,
,42113,Mineral,,Quarz,,
,42113,Ore,,Ag-Sulfid-Erz - Gang-Typ,,
41138,,Rock,Impaktbrekzie,,Vereinigte Staaten von Amerika (USA),Missouri
,41138,Mineral,,Quarz,,
,41138,Rock,,Impaktbrekzie,,
36994,,Rock,Granit,,Schweiz,Zürich
,36994,Mineral,,Biotit,,
,36994,Rock,,Granit,,
,36994,Mineral,,Cordierit,,
39615,,,Calcit,Calcit,Schweiz,Bern
,39615,Mineral,,Calcit,,
,39615,Rock,,Kalktuff,,
40782,,,Chalkosin,Chalkosin,Vereinigte Staaten von Amerika (USA),Michigan
,40782,Ore,,Cu-Metall-Erz - Michigan-Typ,,
,40782,Rock,,Basalt s.l.,,
,40782,Mineral,,Chalkosin,,
,40782,Mineral,,Dolomit,,
41317,,,Revoredoit,Revoredoit,Peru,
,41317,Ore,,Pb-Sulfarseniderz - Gang-Typ,,
,41317,Mineral,,Revoredoit,,
16883,,Rock,Impaktbrekzie - Suevit,,Deutschland,Bayern
,16883,Mineral,,Coesit,,
,16883,Mineral,,Stishovit,,
,16883,Rock,,Impaktbrekzie - Suevit,,
40543,,,Kupfer,Kupfer,Vereinigte Staaten von Amerika (USA),Michigan
,40543,Ore,,Cu-Metall-Erz - Michigan-Typ,,
,40543,Mineral,,Albit,,
,40543,Mineral,,Kupfer,,
,40543,Rock,,Basalt s.l.,,
,40543,Mineral,,Calcit,,
34558,,,Quarz,Quarz,Schweiz,Uri
,34558,Rock,,Granit,,
,34558,Mineral,,Apatit,,
,34558,Mineral,,Quarz,,
,34558,Mineral,,Chlorit,,
34347,,,Pyrit,Pyrit,Schweiz,Uri
,34347,Mineral,,Pyrit,,
,34347,Rock,,noch nicht angegeben,,
,34347,Mineral,,Pyrrhotin,,
42600,,,Galenit,Galenit,Oesterreich,Salzburg
,42600,Mineral,,Galenit,,
,42600,Ore,,"Au-Erz, polymetallisch - Gang-Typ",,
,42600,Mineral,,Chalkopyrit,,
42221,,,Arsenopyrit,Arsenopyrit,Schweden,Uppsala län
,42221,Rock,,Marmor s.l.,,
,42221,Ore,,Sulfid-Skarn - Skarn-Typ,,
,42221,Mineral,,Arsenopyrit,,
,42221,Mineral,,Calcit,,
42537,,,Fluorit,Fluorit,Deutschland,Bayern
,42537,Ore,,Fluoritgang - Ba-F-Formation,,
,42537,Mineral,,Baryt,,
,42537,Mineral,,Chalcedon/Chert,,
,42537,Mineral,,Fluorit,,
,42537,Mineral,,Quarz,,
,42537,Mineral,,Quarz,,
48118,,Rock,Amphibolit,,Schweiz,Tessin
,48118,Mineral,,Chlorit,,
,48118,Mineral,,Biotit,,
,48118,Mineral,,Granat,,
,48118,Mineral,,Plagioklas,,
,48118,Rock,,Amphibolit,,
,48118,Mineral,,Hornblende,,
,48118,Mineral,,Ilmenit,,
27014,,Ore,Ni-Silikat-Erz,,Schweiz,Graubünden
,27014,Mineral,,Magnesit,,
,27014,Mineral,,Quarz,,
,27014,Mineral,,Garnierit,,
,27014,Ore,,Ni-Silikat-Erz,,
39234,,Ore,Reduktionshof,,Schweiz,Aargau
,39234,Mineral,,Pechblende Rammelsbergit,,
,39234,Ore,,Reduktionshof,,
,39234,Mineral,,Anatas,,
,39234,Mineral,,Covellin,,
,39234,Mineral,,Roscoelith,,
,39234,Mineral,,Uran-Anatas Uraninit,,
53502,,,Dolomit,Dolomit,Schweiz,Bern
,53502,Rock,,Dolomit - stromatolithisch,,
,53502,Mineral,,Pyrit,,
41257,,,Stibnit,Stibnit,Peru,Huancavelica / Wankawelika / Wankawillka
,41257,Ore,,Pb-Cu-Ag-Sb-Bi-As-Sulfiderz - Gang-Typ,,
,41257,Mineral,,Stibnit,,
42450,,,Galenit,Galenit,Slowakei,Banskobystrický (Banskobystricky )
,42450,Mineral,,Galenit,,
,42450,Mineral,,Sphalerit,,
,42450,Ore,,Pb-Zn-Sulfid-Erz - Gang-Typ,,
39726,,Rock,Migmatit s.l.,,Schweiz,Bern
,39726,Mineral,,Granat,,
,39726,Rock,,Migmatit s.l.,,
32411,,Ore,Fe-Erz magnetitisch - Skarn-Typ,,Schweiz,Wallis
,32411,Mineral,,Hornblende,,
,32411,Mineral,,undefiniert,,
,32411,Mineral,,Magnetit,,
,32411,Ore,,Fe-Erz magnetitisch - Skarn-Typ,,
42346,,,Fluorit,Fluorit,Südafrika,Gauteng / Rhawuti
,42346,Mineral,,Apatit,,
,42346,Mineral,,Fluorit,,
,42346,Rock,,Fluorit-Apatit-Pegmatit,,
41081,,,Baryt,Baryt,Vereinigte Staaten von Amerika (USA),Arkansas
,41081,Ore,,"Baryt, massiv - Flysch-Typ",,
,41081,Mineral,,Baryt,,
39142,,Ore,Reduktionshof,,Schweiz,Aargau
,39142,Mineral,,Pechblende Roscoelith,,
,39142,Mineral,,Uraninit,,
,39142,Ore,,Reduktionshof,,
48136,,Rock,Granat-Amphibolit,,Schweiz,Tessin
,48136,Mineral,,Chlorit,,
,48136,Mineral,,Plagioklas,,
,48136,Rock,,Granat-Amphibolit,,
,48136,Mineral,,Granat,,
,48136,Mineral,,Hornblende,,
,48136,Mineral,,Quarz,,
40893,,,Galenit,Galenit,Deutschland,Nordrhein-Westfalen
,40893,Mineral,,Quarz,,
,40893,Mineral,,Galenit,,
,40893,Mineral,,Sphalerit,,
,40893,Ore,,Pb-Zn-Sulfid-Erz - Gang-Typ,,
31422,,Rock,Granodiorit,,Schweiz,Bern
,31422,Mineral,,Muskovit,,
,31422,Mineral,,Ankerit,,
,31422,Mineral,,Chlorit,,
,31422,Mineral,,Rutil,,
,31422,Rock,,Granodiorit,,
13574,,Rock,Serpentinit,,Grossbritannien / Vereinigtes Königreich,England
,13574,Mineral,,Tremolit,,
,13574,Rock,,Serpentinit,,
,13574,Mineral,,Serpentin,,
41652,,,Phlogopit,Phlogopit,Südafrika,Limpopo
,41652,Mineral,,Phlogopit,,
,41652,Rock,,Dunit (plutonisch),,
32043,,Ore,"Fe-Erz, pisolithisch",,Schweiz,Jura
,32043,Mineral,,Limonit,,
,32043,Ore,,"Fe-Erz, pisolithisch",,
,32043,Mineral,,undef. Eisenhydroxid,,
41504,,,Chalkopyrit,Chalkopyrit,Japan,Hyogo / Hyôgo
,41504,Mineral,,Kassiterit,,
,41504,Mineral,,Chalkopyrit,,
,41504,Mineral,,Pyrit,,
,41504,Ore,,Cu-Sn-Erz - Gang-Typ,,
32874,,Ore,Co-Cu-Sulfarseniderz - metamorph,,Schweiz,Wallis
,32874,Ore,,Co-Cu-Sulfarseniderz - metamorph,,
,32874,Mineral,,Nickelin,,
,32874,Mineral,,Nickel-Skutterudit,,
,32874,Mineral,,Chloanthit,,
42516,,,Galenit,Galenit,Deutschland,Niedersachsen
,42516,Ore,,Pb-Zn-Sulfid-Erz - SEDEX,,
,42516,Mineral,,Sphalerit,,
,42516,Mineral,,Galenit,,
29521,,Rock,Kimberlit - allgemein,,"China, Volksrepublik",Liaoning
,29521,Rock,,Kimberlit - allgemein,,
,29521,Mineral,,Quarz,,
40896,,,Sphalerit,Sphalerit,Deutschland,Nordrhein-Westfalen
,40896,Mineral,,Quarz,,
,40896,Ore,,Zn-Sulfid-Erz - Gang-Typ,,
,40896,Mineral,,Sphalerit,,
33296,,,Calcit,Calcit,Schweiz,Bern
,33296,Rock,,Kalkstein,,
,33296,Mineral,,Calcit,,
41827,,Rock,Wehrlit,,Ungarn,
,41827,Mineral,,Orthopyroxen,,
,41827,Mineral,,Olivin allgemein Klinopyroxen,,
,41827,Mineral,,Olivin,,
,41827,Mineral,,Ilmenit,,
,41827,Rock,,Wehrlit,,
39211,,Ore,Reduktionshof,,Vereinigte Staaten von Amerika (USA),Colorado
,39211,Mineral,,Chromphyllit,,
,39211,Mineral,,Roscoelith,,
,39211,Ore,,Reduktionshof,,
42071,,,Pyrargyrit,Pyrargyrit,Mexiko,México (Mexico)
,42071,Ore,,Ag-Sulfid-Erz - Gang-Typ,,
,42071,Mineral,,Pyrargyrit,,
,42071,Mineral,,Chalkopyrit,,
,42071,Mineral,,Akanthit,,
42156,,Rock,Latiandesit,,Spanien,Andalucía (Andalucia)
,42156,Mineral,,undefiniert,,
,42156,Mineral,,Klinopyroxen,,
,42156,Mineral,,Hornblende,,
,42156,Rock,,Latiandesit,,
32053,,Ore,"Fe-Erz, pisolithisch",,Schweiz,Solothurn
,32053,Ore,,"Fe-Erz, pisolithisch",,
,32053,Mineral,,Limonit,,
,32053,Mineral,,undef. Eisenhydroxid,,
40770,,,Kupfer,Kupfer,Vereinigte Staaten von Amerika (USA),Michigan
,40770,Ore,,Cu-Metall-Erz - Michigan-Typ,,
,40770,Mineral,,Epidot,,
,40770,Rock,,Basalt s.l.,,
,40770,Mineral,,Kupfer,,
,40770,Mineral,,Calcit,,
34425,,,Quarz,Quarz,Schweiz,Uri
,34425,Mineral,,Quarz,,
,34425,Mineral,,Chlorit,,
,34425,Rock,,Granit,,
,34425,Mineral,,Titanit,,
,34425,Mineral,,Apatit,,
42270,,,Turmalin,Turmalin,Schweden,Stockholms län
,42270,Ore,,Lithium-Pegmatit,,
,42270,Mineral,,Turmalin,,
,42270,Mineral,,allgemein,,
,42270,Rock,,Granitpegmatit,,
42628,,,Magnetit,Magnetit,Italien,Piemonte
,42628,Mineral,,Magnetit,,
,42628,Ore,,Fe-Erz magnetitisch - Skarn-Typ,,
,42628,Mineral,,undefiniert,,
,42628,Mineral,,Serpentin,,
32269,,Ore,Cu-Sulfid-Erz - Gang-Typ,,Schweiz,Graubünden
,32269,Mineral,,Malachit,,
,32269,Mineral,,Chlorit,,
,32269,Mineral,,Chalkopyrit,,
,32269,Ore,,Cu-Sulfid-Erz - Gang-Typ,,
,32269,Mineral,,Calcit,,
38737,,Rock,SiO2-zementierte tektonische Brekzie,,Schweiz,Wallis
,38737,Mineral,,Chalcedon/Chert,,
,38737,Mineral,,Quarz,,
,38737,Rock,,SiO2-zementierte tektonische Brekzie,,
39413,,,Quarz,Quarz,Schweiz,Bern
,39413,Mineral,,Quarz,,
,39413,Rock,,Kalkstein,,
41026,,,Sphalerit,Sphalerit,Vereinigte Staaten von Amerika (USA),Missouri
,41026,Mineral,,Sphalerit,,
,41026,Ore,,Zn-Sulfid-Erz - MVT,,
40151,,,Quarz,Quarz,Australien,New South Wales
,40151,Rock,,Basalt s.l.,,
,40151,Mineral,,Chalcedon/Chert,,
,40151,Mineral,,Quarz,,
41485,,,Pyrit,Pyrit,Japan,Ehime
,41485,Ore,,Cu-Sulfid-Erz - metamorph,,
,41485,Mineral,,Chalkopyrit,,
,41485,Mineral,,Pyrit,,
32127,,Ore,Fe-Oolith - Allgemein,,Schweiz,Bern
,32127,Mineral,,Hämatit,,
,32127,Ore,,Fe-Oolith - Allgemein,,
,32127,Mineral,,Chamosit,,
33324,,,Orthoklas,Orthoklas,Schweiz,Tessin
,33324,Mineral,,Quarz,,
,33324,Rock,,Granit,,
,33324,Mineral,,Orthoklas,,
,33324,Mineral,,Mineral nicht bestimmt,,
,33324,Mineral,,(s. Objektbem.),,
41208,,,Famatinit,Famatinit,Peru,Junín / Junin / Hunin
,41208,Ore,,Cu-Sulfid-Erz - Gang-Typ,,
,41208,Mineral,,Famatinit,,
,41208,Mineral,,Pyrit,,
39930,,,Calcit,Calcit,Deutschland,Sachsen-Anhalt
,39930,Rock,,Kalkstein,,
,39930,Mineral,,Calcit,,
39261,,Ore,Reduktionshof,,Grossbritannien / Vereinigtes Königreich,England
,39261,Mineral,,Covellin,,
,39261,Mineral,,Domeykit,,
,39261,Mineral,,Coffinit,,
,39261,Mineral,,Carnotit,,
,39261,Mineral,,Safflorit,,
,39261,Mineral,,Montroseit,,
,39261,Mineral,,Uraninit,,
,39261,Mineral,,Roscoelith,,
,39261,Ore,,Reduktionshof,,
37998,,Ore,Schwermineralkonzentrat,,Australien,Victoria
,37998,Mineral,,Quarz,,
,37998,Ore,,Schwermineralkonzentrat,,
42907,,,Phlogopit,Phlogopit,Südafrika,Gauteng / Rhawuti
,42907,Mineral,,Olivin,,
,42907,Mineral,,Olivin allgemein Chromit,,
,42907,Mineral,,Phlogopit,,
,42907,Mineral,,Ilmenit,,
,42907,Rock,,Kimberlit phlogopitführend - allgemein,,
34359,,Rock,Granit,,Schweiz,Uri
,34359,Mineral,,Chlorit,,
,34359,Rock,,Granit,,
31113,,Ore,Cu-Sulfid-Erz - Redbed-Typ,,Vereinigte Staaten von Amerika (USA),Michigan
,31113,Mineral,,Malachit,,
,31113,Mineral,,Bornit,,
,31113,Ore,,Cu-Sulfid-Erz - Redbed-Typ,,
34134,,Rock,Muskovitschiefer,,Schweiz,Uri
,34134,Rock,,Muskovitschiefer,,
,34134,Mineral,,Sericit,,
,34134,Mineral,,Pyrit,,
,34134,Mineral,,Muskovit,,
,34134,Mineral,,Quarz,,
40319,,Ore,Fe-Oolith göthitisch,,Deutschland,Niedersachsen
,40319,Mineral,,Goethit,,
,40319,Ore,,Fe-Oolith göthitisch,,
42553,,,Sphalerit,Sphalerit,Deutschland,Baden-Württemberg
,42553,Mineral,,Markasit,,
,42553,Mineral,,Sphalerit,,
,42553,Ore,,Pb-Zn-Sulfid-Erz - Gang-Typ,,
,42553,Mineral,,Galenit,,
,42553,Mineral,,Quarz,,
42980,,Rock,Sandstein,,Deutschland,Niedersachsen
,42980,Rock,,Sandstein,,
,42980,Mineral,,Alkalifeldspat,,
,42980,Mineral,,Quarz,,
42880,,,Gold,Gold,Simbabwe / Zimbabwe,Midlands
,42880,Mineral,,Gold,,
,42880,Rock,,Chert,,
26966,,Ore,"Au-Erz, telluridisch - Gang-Typ",,Vereinigte Staaten von Amerika (USA),Colorado
,26966,Mineral,,Fluorit,,
,26966,Ore,,"Au-Erz, telluridisch - Gang-Typ",,
,26966,Mineral,,Stibnit,,
,26966,Mineral,,Pyrit,,
,26966,Mineral,,Calaverit,,
,26966,Mineral,,Quarz,,
2830,,Rock,Gips,,Schweiz,Bern
,2830,Rock,,Gips,,
,2830,Mineral,,Gips,,
11447,,,Bornit,Bornit,Schweiz,Glarus
,11447,Ore,,Cu-Sulfid-Erz - Redbed-Typ,,
,11447,Mineral,,Dolomit,,
,11447,Mineral,,Bornit,,
42308,,Rock,Kalkstein,,Schweiz,Graubünden
,42308,Mineral,,Quarz,,
,42308,Rock,,Kalkstein,,
,42308,Mineral,,Calcit,,
32714,,Ore,Co-Cu-Sulfarseniderz - metamorph,,Schweiz,Wallis
,32714,Mineral,,Limonit,,
,32714,Mineral,,Malachit,,
,32714,Ore,,Co-Cu-Sulfarseniderz - metamorph,,
,32714,Mineral,,undef. Eisenhydroxid,,
32734,,Rock,Chlorit-Schiefer,,Schweiz,Wallis
,32734,Mineral,,Sericit,,
,32734,Rock,,Chlorit-Schiefer,,
,32734,Mineral,,Muskovit,,
,32734,Mineral,,Chlorit,,
42105,,,Akanthit,Akanthit,Mexiko,Guerrero
,42105,Mineral,,Pyrit,,
,42105,Mineral,,Akanthit,,
,42105,Ore,,Ag-Sulfid-Erz - Gang-Typ,,
42332,,Rock,Marmor s.l.,,Schweiz,Graubünden
,42332,Mineral,,Muskovit,,
,42332,Mineral,,Chlorit,,
,42332,Mineral,,Calcit,,
,42332,Mineral,,Sericit Quarz,,
,42332,Rock,,Marmor s.l.,,
34413,,,Chlorit,Chlorit,Schweiz,Uri
,34413,Rock,,Granit,,
,34413,Mineral,,Chlorit,,
30965,,Rock,Gneis s.l.,,Schweiz,Bern
,30965,Mineral,,Epidot,,
,30965,Rock,,Gneis s.l.,,
31118,,,Pyrit,Pyrit,Südafrika,
,31118,Mineral,,Pyrit,,
,31118,Mineral,,Muskovit,,
,31118,Mineral,,Quarz,,
,31118,Ore,,Au-U-Konglomerat - Witwatersrand-Typ,,
,31118,Mineral,,Fuchsit,,
39628,,,Calcit,Calcit,Schweiz,Bern
,39628,Mineral,,Calcit,,
,39628,Rock,,Kalktuff,,
40126,,Rock,SiO2-zementierte tektonische Brekzie,,Schweiz,Wallis
,40126,Mineral,,Molybdänit,,
,40126,Rock,,SiO2-zementierte tektonische Brekzie,,
,40126,Mineral,,Pyrit,,
42459,,,Uraninit,Uraninit,Tschechien,Karlovarský (Karlovarsky )
,42459,Ore,,"Co-Ni-Erz, arsenidisch - Co-Ni-Bi-Ag-U-Erzgang",,
,42459,Mineral,,Erythrin,,
,42459,Mineral,,Uraninit,,
35584,,,Hämatit,Hämatit,Schweiz,Uri
,35584,Mineral,,Apatit,,
,35584,Rock,,Gneis s.l.,,
,35584,Mineral,,Hämatit,,
,35584,Mineral,,Orthoklas,,
,35584,Mineral,,Adular Chlorit,,
27754,,,Jadeit,Jadeit,Schweiz,Bern
,27754,Mineral,,Jadeit,,
,27754,Rock,,Omphacitit,,
11499,,,Bornit,Bornit,Schweiz,Glarus
,11499,Ore,,Cu-Sulfid-Erz - Redbed-Typ,,
,11499,Mineral,,Bornit,,
,11499,Mineral,,Dolomit,,
34623,,Rock,Granit,,Schweiz,Uri
,34623,Rock,,Granit,,
,34623,Mineral,,Epidot,,
,34623,Mineral,,Calcit,,
,34623,Mineral,,Chlorit,,
39475,,Rock,Tonschiefer,,Kanada,Ontario
,39475,Mineral,,Chalkopyrit,,
,39475,Mineral,,Sphalerit,,
,39475,Mineral,,Pyrit,,
,39475,Rock,,Tonschiefer,,
39546,,,Quarz,Quarz,Frankreich,Marne
,39546,Mineral,,Chalcedon/Chert,,
,39546,Rock,,Kalktuff,,
,39546,Mineral,,Quarz,,
37670,,Ore,Barytgang - Ba-F-Formation,,Deutschland,Baden-Württemberg
,37670,Mineral,,Baryt,,
,37670,Mineral,,Galenit,,
,37670,Mineral,,Quarz,,
,37670,Mineral,,Fluorit,,
,37670,Ore,,Barytgang - Ba-F-Formation,,
41249,,,Bornit,Bornit,Peru,Lima
,41249,Mineral,,Chalkopyrit,,
,41249,Mineral,,Bornit,,
,41249,Ore,,Cu-Sulfid-Erz - Gang-Typ,,
43219,,,Quarz,Quarz,Schweiz,Bern
,43219,Mineral,,Rauchquarz Goethit,,
,43219,Rock,,Granodiorit,,
,43219,Mineral,,Siderit,,
,43219,Mineral,,Ankerit,,
,43219,Mineral,,Quarz,,
42456,,,Galenit,Galenit,Tschechien,Středočeský (Stredocesky )
,42456,Ore,,Pb-Zn-Sulfid-Erz - Gang-Typ,,
,42456,Mineral,,Galenit,,
11489,,,Bornit,Bornit,Schweiz,Glarus
,11489,Mineral,,Dolomit,,
,11489,Mineral,,Bornit,,
,11489,Ore,,Cu-Sulfid-Erz - Redbed-Typ,,
40211,,,Quarz,Quarz,Island,Austurland
,40211,Mineral,,Chalcedon/Chert Hämatit,,
,40211,Rock,,Basalt s.l.,,
,40211,Mineral,,Quarz,,
42725,,,Pyrit,Pyrit,Südafrika,Gauteng / Rhawuti
,42725,Rock,,Konglomerat,,
,42725,Ore,,Au-U-Konglomerat - Witwatersrand-Typ,,
,42725,Mineral,,Pyrit,,
42619,,,Granat,Granat,_Land unbekannt,
,42619,Mineral,,Granat,,
,42619,Mineral,,Hellglimmer,,
,42619,Mineral,,undefiniert,,
,42619,Mineral,,Hornblende,,
,42619,Rock,,Syenit,,
38742,,Rock,SiO2-zementierte tektonische Brekzie,,Schweiz,Bern
,38742,Mineral,,Quarz,,
,38742,Mineral,,Quarz,,
,38742,Mineral,,Muskovit,,
,38742,Rock,,SiO2-zementierte tektonische Brekzie,,
,38742,Mineral,,Chalcedon/Chert Pyrit,,
31454,,,Allanit-(Ce),Allanit-(Ce),Schweiz,Bern
,31454,Mineral,,Allanit-(Ce),,
,31454,Rock,,Granodiorit,,
,31454,Mineral,,Titanit,,
41014,,,Sphalerit,Sphalerit,Vereinigte Staaten von Amerika (USA),Missouri
,41014,Mineral,,Sphalerit,,
,41014,Mineral,,Dolomit,,
,41014,Ore,,Zn-Sulfid-Erz - MVT,,
31184,,Ore,Pb-Sulfid-Erz - metamorph,,Schweiz,Wallis
,31184,Mineral,,Quarz,,
,31184,Mineral,,Sphalerit,,
,31184,Mineral,,Galenit,,
,31184,Ore,,Pb-Sulfid-Erz - metamorph,,
42497,,,Powellit/Scheelit,Powellit/Scheelit,Deutschland,Sachsen
,42497,Mineral,,Mischkristall Pyrit,,
,42497,Mineral,,Powellit/Scheelit,,
,42497,Ore,,Cu-Sulfid-Erz - MVT,,
32436,,Ore,Pb-Sulfid-Erz - Ba-F-Formation,,Schweiz,Wallis
,32436,Ore,,Pb-Sulfid-Erz - Ba-F-Formation,,
,32436,Mineral,,Quarz,,
34472,,,Quarz,Quarz,Schweiz,Uri
,34472,Mineral,,Orthoklas,,
,34472,Mineral,,Apatit,,
,34472,Mineral,,Adular,,
,34472,Rock,,Granit,,
,34472,Mineral,,Quarz,,
,34472,Mineral,,Chlorit,,
43000,,Ore,Fe-Silikat-Oolith,,Schweiz,
,43000,Mineral,,Calcit,,
,43000,Mineral,,Chamosit,,
,43000,Rock,,Eisenoolith,,
,43000,Ore,,Fe-Silikat-Oolith,,
41866,,Rock,Rhyolith,,Slowakei,Banskobystrický (Banskobystricky )
,41866,Rock,,Rhyolith,,
,41866,Mineral,,Sanidin,,
,41866,Mineral,,Biotit,,
34583,,,Hämatit,Hämatit,Schweiz,Uri
,34583,Mineral,,Adular Calcit,,
,34583,Mineral,,Orthoklas,,
,34583,Mineral,,Apatit,,
,34583,Mineral,,Quarz,,
,34583,Mineral,,Chlorit,,
,34583,Mineral,,Hämatit,,
,34583,Rock,,Granit,,
39166,,Ore,Reduktionshof,,Schweiz,Zürich
,39166,Ore,,Reduktionshof,,
,39166,Mineral,,undefiniert,,
,39166,Mineral,,Roscoelith,,
,39166,Mineral,,Nickelin,,
,39166,Mineral,,Silber,,
36075,,Rock,Gneis s.l.,,Schweiz,Uri
,36075,Mineral,,Pyrit,,
,36075,Mineral,,Calcit,,
,36075,Rock,,Gneis s.l.,,
33732,,Rock,Phyllit,,Schweiz,Graubünden
,33732,Mineral,,Quarz,,
,33732,Rock,,Phyllit,,
43096,,,ohne Namen,ohne Namen,Oesterreich,Salzburg
,43096,Mineral,,ohne Namen,,
,43096,Mineral,,(s. Objektbemerkung),,
,43096,Ore,,noch nicht angegeben,,
40983,,,Talk,Talk,Finnland,Norra Karelen / Pohjois-Karjala
,40983,Mineral,,Talk,,
,40983,Rock,,Talkschiefer,,
30284,,Ore,Fe-Silikat-Oolith,,Schweiz,Bern
,30284,Mineral,,Chamosit,,
,30284,Mineral,,Magnetit,,
,30284,Ore,,Fe-Silikat-Oolith,,
34600,,,Chlorit,Chlorit,Schweiz,Uri
,34600,Rock,,Granit,,
,34600,Mineral,,Chlorit,,
29878,,Ore,"Au-Erz, polymetallisch - Gang-Typ",,Schweiz,Tessin
,29878,Mineral,,Pyrit,,
,29878,Ore,,"Au-Erz, polymetallisch - Gang-Typ",,
,29878,Mineral,,Galenit,,
,29878,Mineral,,Sphalerit,,
,29878,Mineral,,Arsenopyrit,,
41484,,,Galenit,Galenit,Japan,Akita
,41484,Mineral,,Pyrit,,
,41484,Ore,,Black ore (Kuroko) - Kuroko-Typ,,
,41484,Mineral,,Baryt,,
,41484,Mineral,,Galenit,,
34787,,,Chlorit,Chlorit,Schweiz,Uri
,34787,Rock,,Granit,,
,34787,Mineral,,Chlorit,,
40754,,,Kupfer,Kupfer,Vereinigte Staaten von Amerika (USA),Michigan
,40754,Ore,,Cu-Metall-Erz - Michigan-Typ,,
,40754,Rock,,Basalt s.l.,,
,40754,Mineral,,Kupfer,,
43111,,,Arsenopyrit,Arsenopyrit,Russland (Russische Föderation),Irkutsk / Irkutskaja / Irkutskaya
,43111,Mineral,,Mineral nicht bestimmt,,
,43111,Ore,,noch nicht angegeben,,
,43111,Mineral,,(s. Objektbem.) Arsenopyrit,,
32517,,Ore,Co-Cu-Sulfarseniderz - metamorph,,Schweiz,Wallis
,32517,Ore,,Co-Cu-Sulfarseniderz - metamorph,,
,32517,Mineral,,Chalkopyrit,,
40988,,,Galenit,Galenit,Schweden,Norrbottens län
,40988,Mineral,,Galenit,,
,40988,Ore,,Pb-Sulfid-Erz - MVT (Sandstein),,
22269,,,Scheelit,Scheelit,Schweiz,Wallis
,22269,Mineral,,Scheelit,,
,22269,Mineral,,Löllingit,,
,22269,Ore,,Au-Fe-As-Skarn - Skarn-Typ,,
41678,,,Chromit,Chromit,Südafrika,Limpopo
,41678,Ore,,Cr-Erz - kontinental mafisch-magmatisch,,
,41678,Mineral,,Chromit,,
,41678,Rock,,Anorthosit,,
39723,,,Baryt,Baryt,Schweiz,Bern
,39723,Mineral,,Baryt,,
,39723,Ore,,Barytgang - Ba-F-Formation,,
40515,,,Magnetit,Magnetit,Schweden,Norrbottens län
,40515,Mineral,,Magnetit,,
,40515,Ore,,Fe-Erz magnetitisch - Kiruna-Typ,,
,40515,Rock,,Granit,,
34612,,Rock,Granit,,Schweiz,Uri
,34612,Rock,,Granit,,
,34612,Mineral,,Laumontit,,
,34612,Mineral,,Chlorit,,
38108,,,Gips,Gips,_Land unbekannt,
,38108,Rock,,Gips,,
,38108,Mineral,,Gips,,
39488,,,Omphacit,Omphacit,Schweiz,
,39488,Mineral,,Omphacit,,
,39488,Rock,,Metagabbro - Eklogitfaziell,,
32691,,Rock,Chlorit-Schiefer,,Schweiz,Wallis
,32691,Rock,,Chlorit-Schiefer,,
,32691,Mineral,,Muskovit,,
,32691,Mineral,,Chlorit,,
2831,,Rock,Gips,,Schweiz,Bern
,2831,Mineral,,Gips,,
,2831,Rock,,Gips,,
33085,,,Roscoelith,Roscoelith,Deutschland,Baden-Württemberg
,33085,Ore,,Reduktionshof,,
,33085,Mineral,,Roscoelith,,
42268,,Ore,Lithium-Pegmatit,,Schweden,Stockholms län
,42268,Rock,,Granitpegmatit,,
,42268,Ore,,Lithium-Pegmatit,,
29315,,,Pyrop,Pyrop,Südafrika,Northern Cape / Noord-Kaap / Mntla-Koloni / Nyakatho-Kapa
,29315,Mineral,,Diopsid,,
,29315,Mineral,,Pyrop,,
,29315,Mineral,,Zirkon,,
,29315,Rock,,"Kimberlit ""basaltisch"" - Schwermineralk.",,
,29315,Mineral,,Ilmenit,,
32171,,Ore,Fe-Erz hämatitisch - SEDEX,,Schweiz,St. Gallen
,32171,Mineral,,Mangan-Oxid/Hydroxid,,
,32171,Mineral,,Hämatit,,
,32171,Ore,,Fe-Erz hämatitisch - SEDEX,,
39077,,Ore,Reduktionshof,,Schweiz,Aargau
,39077,Mineral,,Anatas,,
,39077,Mineral,,Zirkon,,
,39077,Mineral,,Ilmenit,,
,39077,Ore,,Reduktionshof,,
39416,,,Quarz,Quarz,Schweiz,Bern
,39416,Rock,,Kalkstein,,
,39416,Mineral,,Quarz,,
34786,,,Epidot,Epidot,Schweiz,Uri
,34786,Mineral,,Epidot,,
,34786,Mineral,,Titanit,,
,34786,Rock,,Granit,,
31894,,,Eisenkarbonat,Eisenkarbonat,Schweiz,Graubünden
,31894,Mineral,,undef. Eisenhydroxid,,
,31894,Mineral,,Pyrit,,
,31894,Mineral,,Quarz,,
,31894,Mineral,,Limonit,,
,31894,Rock,,Glimmerschiefer,,
,31894,Mineral,,Eisenkarbonat,,
33806,,,Goethit,Goethit,Australien,Tasmania
,33806,Ore,,Fe-Erz limonitisch - Eiserner Hut,,
,33806,Mineral,,Goethit,,
42234,,,Magnetit,Magnetit,Schweden,Uppsala län
,42234,Ore,,Fe-Erz magnetitisch - Skarn-Typ,,
,42234,Mineral,,Magnetit,,
36707,,,Ilmenit,Ilmenit,Schweiz,Uri
,36707,Mineral,,Pyrrhotin,,
,36707,Mineral,,Titanit,,
,36707,Mineral,,Quarz,,
,36707,Rock,,Gneis s.l.,,
,36707,Mineral,,Biotit,,
,36707,Mineral,,Calcit,,
,36707,Mineral,,Chlorit,,
,36707,Mineral,,Pyrit,,
,36707,Mineral,,Ilmenit,,
39174,,Ore,Reduktionshof,,Schweiz,Zürich
,39174,Mineral,,Roscoelith,,
,39174,Mineral,,Pechblende,,
,39174,Mineral,,Uraninit,,
,39174,Ore,,Reduktionshof,,
35314,,Ore,"Au-Erz, pyritisch - Gang-Typ",,Schweiz,Wallis
,35314,Mineral,,Chalkopyrit,,
,35314,Ore,,"Au-Erz, pyritisch - Gang-Typ",,
,35314,Mineral,,Pyrit,,
,35314,Mineral,,Tetraedrit,,
,35314,Mineral,,Gold,,
,35314,Mineral,,Quarz,,
41076,,,Franklinit,Franklinit,Vereinigte Staaten von Amerika (USA),New Jersey
,41076,Mineral,,Zinkit,,
,41076,Ore,,Zn-Fe-Mn-Oxiderz - metamorph,,
,41076,Mineral,,Franklinit,,
,41076,Mineral,,Calcit,,
43238,,,Azurit,Azurit,Peru,Lima
,43238,Ore,,Cu-Oxiderz (inkl. Karbonate etc.) - Oxidationszone,,
,43238,Mineral,,Malachit,,
,43238,Mineral,,Azurit,,
41163,,,Melilith,Melilith,Kanada,Quebec / Québec
,41163,Mineral,,Hauyn,,
,41163,Rock,,Okait,,
,41163,Mineral,,Melilith,,
32564,,Ore,Co-Cu-Sulfarseniderz - metamorph,,Schweiz,Wallis
,32564,Mineral,,Chalkopyrit,,
,32564,Ore,,Co-Cu-Sulfarseniderz - metamorph,,
42442,,,Kaolinit,Kaolinit,Slowakei,Banskobystrický (Banskobystricky )
,42442,Rock,,Kluftletten,,
,42442,Mineral,,Pyrit,,
,42442,Mineral,,Quarz,,
,42442,Mineral,,Kaolinit,,
31896,,,Quarz,Quarz,Schweiz,Graubünden
,31896,Mineral,,Quarz,,
,31896,Rock,,Phyllit,,
33816,,,Goethit,Goethit,Australien,New South Wales
,33816,Mineral,,Goethit,,
,33816,Mineral,,Quarz,,
,33816,Ore,,Fe-Erz limonitisch - Eiserner Hut,,
22859,,,Coesit,Coesit,Vereinigte Staaten von Amerika (USA),Arizona
,22859,Mineral,,Coesit,,
,22859,Rock,,Schockmetamorpher Sandstein,,
42754,,Ore,Au-U-Konglomerat - Witwatersrand-Typ,,Südafrika,Gauteng / Rhawuti
,42754,Ore,,Au-U-Konglomerat - Witwatersrand-Typ,,
,42754,Rock,,Konglomerat,,
39127,,Ore,Reduktionshof,,Schweiz,Aargau
,39127,Mineral,,Uraninit,,
,39127,Mineral,,Pechblende Rammelsbergit,,
,39127,Ore,,Reduktionshof,,
38164,,,Almandin,Almandin,Schweiz,Tessin
,38164,Mineral,,Almandin,,
,38164,Rock,,Glimmerschiefer,,
41854,,,Forsterit,Forsterit,Slowakei,Banskobystrický (Banskobystricky )
,41854,Mineral,,Forsterit,,
,41854,Mineral,,Klinopyroxen,,
,41854,Rock,,Basanit,,
,41854,Mineral,,Plagioklas,,
32430,,Ore,Pb-Sulfid-Erz - Ba-F-Formation,,Schweiz,Wallis
,32430,Mineral,,Fluorit,,
,32430,Ore,,Pb-Sulfid-Erz - Ba-F-Formation,,
34820,,,Anatas,Anatas,Schweiz,Uri
,34820,Mineral,,Calcit,,
,34820,Mineral,,Anatas,,
,34820,Rock,,Granit,,
,34820,Mineral,,Feldspat,,
,34820,Mineral,,Muskovit,,
,34820,Mineral,,Chlorit,,
,34820,Mineral,,Quarz,,
41672,,,Hornblende,Hornblende,Südafrika,
,41672,Mineral,,undefiniert,,
,41672,Mineral,,Hornblende,,
,41672,Rock,,Diorit,,
26981,,Ore,"Fe-Erz, pisolithisch",,Schweiz,Jura
,26981,Ore,,"Fe-Erz, pisolithisch",,
,26981,Mineral,,Kaolinit,,
,26981,Mineral,,Goethit,,
41247,,Ore,Cu-Sulfid-Erz - Gang-Typ,Cu-Sulfid-Erz - Gang-Typ,Peru,Lima
,41247,Mineral,,Tetraedrit,,
,41247,Mineral,,Baryt,,
,41247,Ore,,Cu-Sulfid-Erz - Gang-Typ,,
,41247,Mineral,,Chalkopyrit,,
42276,,,Spodumen,Spodumen,Schweden,Stockholms län
,42276,Mineral,,Spodumen,,
,42276,Ore,,Lithium-Pegmatit,,
,42276,Rock,,Granitpegmatit,,
42539,,,Fluorit,Fluorit,Deutschland,Bayern
,42539,Mineral,,Fluorit,,
,42539,Ore,,Fluoritgang - Ba-F-Formation,,
43270,,,Covellin,Covellin,Peru,Lima
,43270,Mineral,,Markasit,,
,43270,Ore,,Cu-Sulfid-Erz - zementativ,,
,43270,Mineral,,Covellin,,
,43270,Mineral,,Pyrit,,
31111,,Ore,Sulfid-Skarn - Skarn-Typ,,Australien,Tasmania
,31111,Ore,,Sulfid-Skarn - Skarn-Typ,,
,31111,Mineral,,Chalkopyrit,,
,31111,Mineral,,Sphalerit,,
,31111,Mineral,,Pyrrhotin,,
32676,,Ore,Co-Cu-Sulfarseniderz - metamorph,,Schweiz,Wallis
,32676,Mineral,,Sphalerit,,
,32676,Ore,,Co-Cu-Sulfarseniderz - metamorph,,
,32676,Mineral,,Pyrit,,
,32676,Mineral,,Galenit,,
,32676,Mineral,,Fahlerz,,
,32676,Mineral,,Quarz,,
38982,,,Kaolinit,Kaolinit,Deutschland,Niedersachsen
,38982,Rock,,Ton (unverfestigt),,
,38982,Mineral,,Kaolinit,,
43102,,,Mineral nicht bestimmt,Mineral nicht bestimmt,Antarktis,
,43102,Rock,,noch nicht angegeben,,
,43102,Ore,,noch nicht angegeben,,
,43102,Mineral,,(s. Objektbem.),,
,43102,Mineral,,Mineral nicht bestimmt,,
32719,,Ore,Co-Cu-Sulfarseniderz - metamorph,,Schweiz,Wallis
,32719,Ore,,Co-Cu-Sulfarseniderz - metamorph,,
,32719,Mineral,,Nickelhexahydrit,,
,32719,Mineral,,Quarz,,
,32719,Mineral,,Erythrin,,
,32719,Mineral,,Siderit,,
5191,,Rock,Granitpegmatit,,Finnland,
,5191,Mineral,,Feldspat,,
,5191,Rock,,Granitpegmatit,,
,5191,Mineral,,Quarz,,
39165,,Ore,Reduktionshof,,Schweiz,Zürich
,39165,Ore,,Reduktionshof,,
,39165,Mineral,,Anhydrit,,
42261,,,Mikroklin,Mikroklin,Schweden,Stockholms län
,42261,Mineral,,Mikroklin,,
,42261,Ore,,Lithium-Pegmatit,,
,42261,Rock,,Granitpegmatit,,
,42261,Mineral,,Amazonit,,
42724,,Ore,Au-U-Konglomerat - Witwatersrand-Typ,,Südafrika,Gauteng / Rhawuti
,42724,Rock,,Konglomerat,,
,42724,Ore,,Au-U-Konglomerat - Witwatersrand-Typ,,
39251,,Ore,Reduktionshof,,Grossbritannien / Vereinigtes Königreich,England
,39251,Mineral,,Montroseit,,
,39251,Mineral,,Uraninit,,
,39251,Mineral,,Safflorit,,
,39251,Mineral,,Silber,,
,39251,Ore,,Reduktionshof,,
,39251,Mineral,,Covellin,,
,39251,Mineral,,Roscoelith,,
,39251,Mineral,,Domeykit,,
41903,,,Cafarsit,Cafarsit,Schweiz,Wallis
,41903,Mineral,,Cafarsit,,
,41903,Rock,,Muskovit-Biotit-Zweiglimmergneis,,
36247,,,Gips,Gips,Schweiz,Uri
,36247,Mineral,,Gips,,
,36247,Rock,,Gips,,
33488,,,Pyrit,Pyrit,Schweiz,Wallis
,33488,Mineral,,Galenit,,
,33488,Mineral,,Sphalerit,,
,33488,Mineral,,Pyrit,,
,33488,Rock,,noch nicht angegeben,,
41676,,,Chromit,Chromit,Südafrika,Limpopo
,41676,Rock,,Anorthosit,,
,41676,Ore,,Cr-Erz - kontinental mafisch-magmatisch,,
,41676,Mineral,,Chromit,,
42743,,,Fahlerz,Fahlerz,Schweiz,St. Gallen
,42743,Mineral,,Fahlerz,,
,42743,Ore,,noch nicht angegeben,,
,42743,Mineral,,Galenit,,
40403,,,Apatit,Apatit,Schweiz,Tessin
,40403,Mineral,,Biotit,,
,40403,Mineral,,Apatit,,
,40403,Rock,,Biotit-Apatitschiefer,,
29360,,Rock,Websterit (Mantelgestein),,Südafrika,Northern Cape / Noord-Kaap / Mntla-Koloni / Nyakatho-Kapa
,29360,Mineral,,Forsterit,,
,29360,Mineral,,Diopsid,,
,29360,Rock,,Websterit (Mantelgestein),,
,29360,Mineral,,Chromdiopsid Enstatit,,
,29360,Mineral,,Pyrop,,
41185,,,Tetraedrit,Tetraedrit,Peru,
,41185,Mineral,,Galenit,,
,41185,Mineral,,Sphalerit,,
,41185,Ore,,Pb-Zn-Cu-Sulfid-Erz - Gang-Typ,,
,41185,Mineral,,Tetraedrit,,
,41185,Mineral,,Quarz,,
41020,,,Malachit,Malachit,Vereinigte Staaten von Amerika (USA),Missouri
,41020,Mineral,,Malachit,,
,41020,Rock,,Rhyolith,,
43422,,Ore,Fe-Erz magnetitisch - SEDEX,Fe-Erz magnetitisch - SEDEX,Schweiz,St. Gallen
,43422,Mineral,,Hämatit,,
,43422,Mineral,,Magnetit,,
,43422,Ore,,Fe-Erz magnetitisch - SEDEX,,
,43422,Mineral,,Pyrit,,
32121,,Rock,Kalkstein,,Schweiz,Bern
,32121,Rock,,Kalkstein,,
,32121,Mineral,,Calcit,,
42583,,,Stibnit,Stibnit,Oesterreich,Kärnten
,42583,Rock,,Glimmerschiefer,,
,42583,Mineral,,Stibnit,,
,42583,Ore,,Sb-Sulfid-Erz - Gang-Typ,,
32685,,Ore,Co-Cu-Sulfarseniderz - metamorph,,Schweiz,Wallis
,32685,Ore,,Co-Cu-Sulfarseniderz - metamorph,,
,32685,Mineral,,Fahlerz,,
,32685,Mineral,,Pyrit,,
,32685,Mineral,,Chalkopyrit,,
,32685,Mineral,,Quarz,,
39258,,Ore,Reduktionshof,,Grossbritannien / Vereinigtes Königreich,England
,39258,Ore,,Reduktionshof,,
,39258,Mineral,,Roscoelith,,
40550,,,Calcit,Calcit,Vereinigte Staaten von Amerika (USA),Michigan
,40550,Mineral,,Quarz,,
,40550,Mineral,,Calcit,,
,40550,Rock,,Basalt s.l.,,
,40550,Mineral,,Ankerit,,
32077,,Rock,Sand (s.l.),,Schweiz,Bern
,32077,Rock,,Sand (s.l.),,
,32077,Mineral,,Quarz,,
41269,,,Realgar,Realgar,Peru,Huancavelica / Wankawelika / Wankawillka
,41269,Ore,,Pb-Cu-Ag-Sb-Bi-As-Sulfiderz - Gang-Typ,,
,41269,Mineral,,Realgar,,
41099,,,Quarz,Quarz,Schweiz,Uri
,41099,Mineral,,Apatit,,
,41099,Mineral,,Rauchquarz Orthoklas,,
,41099,Mineral,,Adular Albit,,
,41099,Mineral,,Quarz,,
,41099,Rock,,Granit,,
,41099,Mineral,,Epidot,,
41483,,,Sphalerit,Sphalerit,Japan,Akita
,41483,Ore,,Black ore (Kuroko) - Kuroko-Typ,,
,41483,Mineral,,Baryt,,
,41483,Mineral,,Sphalerit,,
,41483,Mineral,,Pyrit,,
42120,,,Pyrargyrit,Pyrargyrit,Mexiko,Guerrero
,42120,Mineral,,Akanthit,,
,42120,Mineral,,Sphalerit,,
,42120,Mineral,,Pyrargyrit,,
,42120,Ore,,Ag-Sulfid-Erz - Gang-Typ,,
,42120,Mineral,,Pyrit,,
41126,,,Markasit,Markasit,Vereinigte Staaten von Amerika (USA),Missouri
,41126,Rock,,Impaktbrekzie,,
,41126,Mineral,,Markasit,,
32085,,Rock,Sand (s.l.),,Schweiz,Bern
,32085,Mineral,,Quarz,,
,32085,Rock,,Sand (s.l.),,
41688,,,Olivin,Olivin,Südafrika,Limpopo
,41688,Ore,,Ni-Cu-PGE-Sulfid-Erz - kontinental mafisch-magmatisch,,
,41688,Rock,,Pyroxenit s.l. (plutonisch),,
,41688,Mineral,,Olivin,,
,41688,Mineral,,Olivin allgemein,,
33623,,Ore,"Mn-Erz, silikatisch - metamorph",,Schweiz,Graubünden
,33623,Ore,,"Mn-Erz, silikatisch - metamorph",,
,33623,Mineral,,Braunit,,
35376,,,Calcit,Calcit,Schweiz,Uri
,35376,Mineral,,Calcit,,
,35376,Mineral,,Chlorit,,
,35376,Rock,,Granit,,
40923,,,Arsenopyrit,Arsenopyrit,Deutschland,Bayern
,40923,Mineral,,Arsenopyrit,,
,40923,Ore,,Sulfid-Erz polymetallisch - metamorph,,
40784,,,Datolith,Datolith,Vereinigte Staaten von Amerika (USA),Michigan
,40784,Mineral,,Quarz,,
,40784,Mineral,,Kupfer,,
,40784,Mineral,,Datolith,,
,40784,Mineral,,Epidot,,
,40784,Ore,,Cu-Metall-Erz - Michigan-Typ,,
41949,,,Grossular,Grossular,Schweiz,Wallis
,41949,Mineral,,Hessonit Diopsid,,
,41949,Rock,,Rodingit (Rhodingit),,
,41949,Mineral,,Grossular,,
,41949,Mineral,,Klinochlor,,
42793,,Ore,Au-U-Konglomerat - Witwatersrand-Typ,,Südafrika,Gauteng / Rhawuti
,42793,Ore,,Au-U-Konglomerat - Witwatersrand-Typ,,
,42793,Rock,,Konglomerat,,
33994,,Rock,Granodiorit,,Schweiz,Bern
,33994,Mineral,,Epidot,,
,33994,Rock,,Granodiorit,,
39209,,Ore,Reduktionshof,,Schweiz,Aargau
,39209,Mineral,,Pt-Au-phase,,
,39209,Mineral,,Clausthalit,,
,39209,Mineral,,Gold,,
,39209,Mineral,,Crookesit,,
,39209,Mineral,,Silber,,
,39209,Mineral,,Berzelianit,,
,39209,Ore,,Reduktionshof,,
32489,,Ore,Co-Cu-Sulfarseniderz - metamorph,,Schweiz,Wallis
,32489,Ore,,Co-Cu-Sulfarseniderz - metamorph,,
,32489,Mineral,,Kobaltit,,
,32489,Mineral,,Nickelin,,
41597,,,Dolomit,Dolomit,Oesterreich,Vorarlberg
,41597,Mineral,,Dolomit,,
,41597,Rock,,Dolomit-Rhythmit,,
42752,,,Pyrit,Pyrit,Südafrika,Gauteng / Rhawuti
,42752,Rock,,Konglomerat,,
,42752,Mineral,,Pyrit,,
,42752,Ore,,Au-U-Konglomerat - Witwatersrand-Typ,,
39616,,,Calcit,Calcit,Schweiz,Bern
,39616,Rock,,Kalktuff,,
,39616,Mineral,,Calcit,,
39467,,Rock,Siltstein,,Kanada,Ontario
,39467,Rock,,Siltstein,,
,39467,Mineral,,Siderit,,
,39467,Mineral,,Pyrit,,
39135,,Ore,Reduktionshof,,Schweiz,Aargau
,39135,Mineral,,Pechblende,,
,39135,Ore,,Reduktionshof,,
,39135,Mineral,,Roscoelith,,
,39135,Mineral,,Rammelsbergit,,
,39135,Mineral,,Uraninit,,
40836,,,Pyrit,Pyrit,Spanien,Andalucía (Andalucia)
,40836,Mineral,,Pyrit,,
,40836,Ore,,"Pyrit, massiv - SEDEX",,
42968,,Rock,Eklogit,,Schweiz,Bern
,42968,Rock,,Eklogit,,
,42968,Mineral,,Muskovit,,
,42968,Mineral,,Granat,,
,42968,Mineral,,Omphacit,,
39060,,Ore,Reduktionshof,,Schweiz,Aargau
,39060,Mineral,,Tennantit,,
,39060,Mineral,,Nickelin,,
,39060,Mineral,,Pechblende,,
,39060,Mineral,,Safflorit,,
,39060,Mineral,,Coffinit,,
,39060,Ore,,Reduktionshof,,
,39060,Mineral,,Chalkopyrit,,
,39060,Mineral,,Maucherit,,
,39060,Mineral,,Rammelsbergit,,
,39060,Mineral,,Uraninit,,
43239,,,Azurit,Azurit,Peru,Lima
,43239,Mineral,,Azurit,,
,43239,Mineral,,undef. Eisenhydroxid,,
,43239,Mineral,,Limonit,,
,43239,Ore,,Cu-Oxiderz (inkl. Karbonate etc.) - Oxidationszone,,
32686,,Ore,Co-Cu-Sulfarseniderz - metamorph,,Schweiz,Wallis
,32686,Ore,,Co-Cu-Sulfarseniderz - metamorph,,
,32686,Mineral,,Fahlerz,,
1119,,,Bismuthinit,Bismuthinit,Schweiz,Wallis
,1119,Mineral,,Bismuthinit,,
,1119,Mineral,,Chalkopyrit,,
,1119,Ore,,Co-Cu-Sulfarseniderz - metamorph,,
41132,,,Markasit,Markasit,Vereinigte Staaten von Amerika (USA),Missouri
,41132,Mineral,,Markasit,,
,41132,Rock,,Impaktbrekzie,,
39169,,Ore,Reduktionshof,,Schweiz,Zürich
,39169,Mineral,,undefiniert,,
,39169,Mineral,,Roscoelith,,
,39169,Mineral,,Silber,,
,39169,Mineral,,Nickelin,,
,39169,Ore,,Reduktionshof,,
34597,,Rock,Granit,,Schweiz,Uri
,34597,Mineral,,Chlorit,,
,34597,Rock,,Granit,,
40189,,Ore,Schwermineralkonzentrat,,Italien,Piemonte
,40189,Mineral,,Magnetit,,
,40189,Ore,,Schwermineralkonzentrat,,
,40189,Mineral,,Almandin,,
41190,,Ore,Pb-Zn-Cu-Sulfid-Erz - Gang-Typ,Pb-Zn-Cu-Sulfid-Erz - Gang-Typ,Peru,
,41190,Ore,,Pb-Zn-Cu-Sulfid-Erz - Gang-Typ,,
,41190,Mineral,,Sphalerit,,
,41190,Mineral,,Quarz,,
,41190,Mineral,,Pyrit,,
31183,,Ore,Pb-Sulfid-Erz - metamorph,,Schweiz,Wallis
,31183,Ore,,Pb-Sulfid-Erz - metamorph,,
,31183,Mineral,,Galenit,,
,31183,Mineral,,Quarz,,
,31183,Mineral,,Sphalerit,,
41016,,,Chalkopyrit,Chalkopyrit,Vereinigte Staaten von Amerika (USA),Missouri
,41016,Mineral,,Chalkopyrit,,
,41016,Mineral,,Goethit,,
,41016,Ore,,Cu-Sulfid-Erz - MVT,,
,41016,Mineral,,Malachit,,
32661,,Ore,Co-Cu-Sulfarseniderz - metamorph,,Schweiz,Wallis
,32661,Mineral,,Sphalerit,,
,32661,Mineral,,Baryt,,
,32661,Ore,,Co-Cu-Sulfarseniderz - metamorph,,
,32661,Mineral,,Galenit,,
41328,,,Revoredoit,Revoredoit,Peru,
,41328,Mineral,,Gratonit,,
,41328,Mineral,,Revoredoit,,
,41328,Mineral,,Realgar,,
,41328,Ore,,Pb-Sulfarseniderz - Gang-Typ,,
,41328,Mineral,,Galenit,,
48128,,Rock,Pyroxenfels,,Schweiz,Tessin
,48128,Mineral,,Plagioklas,,
,48128,Mineral,,undefiniert,,
,48128,Mineral,,Klinopyroxen,,
,48128,Rock,,Pyroxenfels,,
53919,,Ore,Bauxit,Bauxit,Schweiz,Bern
,53919,Ore,,Bauxit,,
,53919,Mineral,,Magnetit,,
41559,,,Chalkopyrit,Chalkopyrit,Iran,Kermān (Kerman)
,41559,Mineral,,Chalkopyrit,,
,41559,Ore,,Cu-Sulfid-Erz - Porphyr-Typ,,
,41559,Mineral,,Pyrit,,
31088,,Ore,Sulfid-Skarn - Skarn-Typ,,Australien,Tasmania
,31088,Mineral,,Chalkopyrit,,
,31088,Ore,,Sulfid-Skarn - Skarn-Typ,,
,31088,Mineral,,Pyrit,,
,31088,Mineral,,Pyrrhotin,,
,31088,Mineral,,Sphalerit,,
32218,,Ore,"Pyriterz, massiv",,Schweiz,Bern
,32218,Ore,,"Pyriterz, massiv",,
,32218,Mineral,,Pyrit,,
41283,,,Enargit,Enargit,Peru,
,41283,Mineral,,Pyrit,,
,41283,Ore,,Cu-Sulfid-Erz - Gang-Typ,,
,41283,Mineral,,Enargit,,
34609,,Rock,Granit,,Schweiz,Uri
,34609,Mineral,,Laumontit,,
,34609,Rock,,Granit,,
,34609,Mineral,,Quarz,,
,34609,Mineral,,Feldspat,,
31024,,Rock,Eklogit (Mantelgestein),,Oesterreich,Niederösterreich
,31024,Rock,,Eklogit (Mantelgestein),,
,31024,Mineral,,Klinopyroxen,,
,31024,Mineral,,Pyrop,,
,31024,Mineral,,Enstatit,,
34463,,,Quarz,Quarz,Schweiz,Uri
,34463,Mineral,,Adular,,
,34463,Mineral,,Chlorit,,
,34463,Mineral,,Orthoklas,,
,34463,Mineral,,Quarz,,
,34463,Rock,,Granit,,
48160,,Rock,Rodingit (Rhodingit),,Schweiz,Wallis
,48160,Rock,,Rodingit (Rhodingit),,
,48160,Mineral,,Granat,,
39492,,,Omphacit,Omphacit,Schweiz,
,39492,Mineral,,Omphacit,,
,39492,Rock,,Metagabbro - Eklogitfaziell,,
40952,,,Dolomit,Dolomit,Oesterreich,Vorarlberg
,40952,Rock,,Dolomit-Rhythmit,,
,40952,Mineral,,Dolomit,,
42560,,,Sphalerit,Sphalerit,Deutschland,Baden-Württemberg
,42560,Mineral,,Pyrit,,
,42560,Mineral,,Sphalerit,,
,42560,Ore,,Zn-Sulfid-Erz - Gang-Typ,,
35318,,Ore,"Au-Erz, pyritisch - Gang-Typ",,Schweiz,Wallis
,35318,Mineral,,Gold,,
,35318,Mineral,,Tetraedrit,,
,35318,Ore,,"Au-Erz, pyritisch - Gang-Typ",,
,35318,Mineral,,Chalkopyrit,,
,35318,Mineral,,Pyrit,,
,35318,Mineral,,Quarz,,
43373,,Ore,Cu-Pb-Sulfiderz - Gang-Typ,Cu-Pb-Sulfiderz - Gang-Typ,Schweiz,Wallis
,43373,Ore,,Cu-Pb-Sulfiderz - Gang-Typ,,
,43373,Mineral,,Galenit,,
39229,,Ore,Reduktionshof,,Vereinigte Staaten von Amerika (USA),Colorado
,39229,Ore,,Reduktionshof,,
,39229,Mineral,,Roscoelith,,
41702,,,Chromit,Chromit,Südafrika,Limpopo
,41702,Ore,,Cr-Erz - kontinental mafisch-magmatisch,,
,41702,Mineral,,Chromit,,
27264,,Ore,"Pb-Sulfid-Erz, Baryt-reich - SEDEX",,Grönland (DK),
,27264,Ore,,"Pb-Sulfid-Erz, Baryt-reich - SEDEX",,
,27264,Mineral,,Baryt,,
,27264,Mineral,,Galenit,,
32677,,Ore,Co-Cu-Sulfarseniderz - metamorph,,Schweiz,Wallis
,32677,Mineral,,Pyrit,,
,32677,Mineral,,Galenit,,
,32677,Ore,,Co-Cu-Sulfarseniderz - metamorph,,
,32677,Mineral,,Sphalerit,,
40765,,,Kupfer,Kupfer,Vereinigte Staaten von Amerika (USA),Michigan
,40765,Ore,,Cu-Metall-Erz - Michigan-Typ,,
,40765,Mineral,,Kupfer,,
,40765,Rock,,Konglomerat,,
42251,,,Magnetit,Magnetit,Norwegen,
,42251,Mineral,,Magnetit,,
,42251,Ore,,Fe-Erz magnetitisch - Skarn-Typ,,
11416,,,Sphalerit,Sphalerit,Schweiz,Wallis
,11416,Mineral,,Sphalerit,,
,11416,Ore,,Pb-Zn-Sulfid-Erz - Gang-Typ,,
42384,,,Cinnabarit,Cinnabarit,Vereinigte Staaten von Amerika (USA),California
,42384,Ore,,Hg-Sulfid-Erz - Gang-Typ,,
,42384,Mineral,,Cinnabarit,,
40848,,,Sphalerit,Sphalerit,Spanien,Cantabria
,40848,Mineral,,Sphalerit,,
,40848,Mineral,,Galenit,,
,40848,Ore,,Zn-Sulfid-Erz - MVT,,
27845,,Ore,Pb-Zn-Sulfid-Erz - SEDEX,,Australien,Queensland
,27845,Mineral,,Sphalerit,,
,27845,Mineral,,Galenit,,
,27845,Mineral,,Quarz,,
,27845,Mineral,,Pyrit,,
,27845,Mineral,,feinkristallin,,
,27845,Ore,,Pb-Zn-Sulfid-Erz - SEDEX,,
41565,,,Malachit,Malachit,Jordanien,
,41565,Mineral,,Malachit,,
,41565,Ore,,Cu-Oxidationserz - MVT (Sandstein),,
33969,,Rock,Granit,,Schweiz,Bern
,33969,Mineral,,Titanit,,
,33969,Mineral,,Biotit,,
,33969,Mineral,,Epidot,,
,33969,Rock,,Granit,,
42250,,,Galenit,Galenit,Schweden,Uppsala län
,42250,Ore,,Pb-Zn-Sulfid-Erz - Skarn-Typ,,
,42250,Mineral,,Galenit,,
,42250,Mineral,,Sphalerit,,
42352,,,Fayalit,Fayalit,Südafrika,North-West / Noordwes / Mntla-Ntshona / Nyakatho-Ntshonalanga
,42352,Rock,,Dunit (plutonisch),,
,42352,Mineral,,Fayalit,,
53928,,Ore,Bauxit,Bauxit,Schweiz,Bern
,53928,Ore,,Bauxit,,
,53928,Mineral,,Kassiterit,,
,53928,Mineral,,Magnetit,,
42605,,Rock,Anhydrit-Gesteine,,Schweiz,
,42605,Mineral,,Dolomit,,
,42605,Mineral,,Anhydrit,,
,42605,Mineral,,Pyrit,,
,42605,Mineral,,Phlogopit,,
,42605,Rock,,Anhydrit-Gesteine,,
36240,,,Calcit,Calcit,Schweiz,Uri
,36240,Mineral,,Calcit,,
,36240,Rock,,noch nicht angegeben,,
32709,,Ore,Co-Cu-Sulfarseniderz - metamorph,,Schweiz,Wallis
,32709,Mineral,,Annabergit,,
,32709,Ore,,Co-Cu-Sulfarseniderz - metamorph,,
,32709,Mineral,,Siderit,,
,32709,Mineral,,Chloanthit Nickelin,,
,32709,Mineral,,Nickel-Skutterudit,,
42210,,,Cerussit,Cerussit,Australien,Queensland
,42210,Mineral,,Cerussit,,
,42210,Ore,,Cu-Sulfid-Erz - SEDEX,,
,42210,Rock,,Talkschiefer,,
41057,,,Hämatit,Hämatit,Vereinigte Staaten von Amerika (USA),Missouri
,41057,Mineral,,Hämatit,,
,41057,Rock,,Rhyolith,,
,41057,Ore,,Fe-Erz magnetitisch - Skarn-Typ,,
,41057,Mineral,,Aktinolith,,
32870,,Ore,Co-Cu-Sulfarseniderz - metamorph,,Schweiz,Wallis
,32870,Ore,,Co-Cu-Sulfarseniderz - metamorph,,
,32870,Mineral,,Chloanthit,,
,32870,Mineral,,Nickel-Skutterudit,,
41155,,,Galenit,Galenit,Kanada,Nova Scotia / Nouvelle-Écosse (Nouvelle-Ecosse)
,41155,Mineral,,Baryt,,
,41155,Ore,,Pb-Zn-Sulfid-Erz - undefiniert,,
,41155,Mineral,,Galenit,,
,41155,Mineral,,Sphalerit,,
41290,,,Pyrit,Pyrit,Peru,
,41290,Mineral,,Pyrit,,
,41290,Ore,,Pyrit-Erz - Gang-Typ,,
39115,,Ore,Reduktionshof,,Schweiz,Aargau
,39115,Ore,,Reduktionshof,,
,39115,Mineral,,Rammelsbergit,,
42933,,,Granat,Granat,Südafrika,Northern Cape / Noord-Kaap / Mntla-Koloni / Nyakatho-Kapa
,42933,Rock,,Kies,,
,42933,Mineral,,Granat,,
42903,,,Phlogopit,Phlogopit,Südafrika,Northern Cape / Noord-Kaap / Mntla-Koloni / Nyakatho-Kapa
,42903,Rock,,Kimberlit phlogopitführend - allgemein,,
,42903,Mineral,,Phlogopit,,
35717,,Rock,Anhydrit,,Schweiz,Bern
,35717,Mineral,,Anhydrit,,
,35717,Rock,,Anhydrit,,
32059,,Ore,Fe-Oolith - Allgemein,,Schweiz,Aargau
,32059,Mineral,,Limonit,,
,32059,Ore,,Fe-Oolith - Allgemein,,
,32059,Mineral,,undef. Eisenhydroxid,,
53929,,Ore,Bauxit,Bauxit,Schweiz,Bern
,53929,Mineral,,Magnetit,,
,53929,Ore,,Bauxit,,
38782,,,Gips,Gips,Deutschland,Thüringen
,38782,Mineral,,Gips,,
,38782,Rock,,Gips,,
40773,,,Kupfer,Kupfer,Vereinigte Staaten von Amerika (USA),Michigan
,40773,Ore,,Cu-Metall-Erz - Michigan-Typ,,
,40773,Mineral,,Prehnit,,
,40773,Rock,,Basalt s.l.,,
,40773,Mineral,,Calcit,,
,40773,Mineral,,Kupfer,,
32618,,Ore,Cu-Sulfid-Erz - Gang-Typ,,Schweiz,Wallis
,32618,Ore,,Cu-Sulfid-Erz - Gang-Typ,,
,32618,Mineral,,Chalkopyrit,,
,32618,Mineral,,Fahlerz,,
,32618,Mineral,,Pyrit,,
4947,,,Goethit,Goethit,Schweiz,Bern
,4947,Mineral,,Goethit,,
,4947,Mineral,,undef. Eisenhydroxid,,
,4947,Mineral,,Limonit,,
,4947,Ore,,"Fe-Erz, pisolithisch",,
32314,,Ore,Mo-Sulfid-Erz - Gang-Typ,,Schweiz,Bern
,32314,Mineral,,Molybdänit,,
,32314,Ore,,Mo-Sulfid-Erz - Gang-Typ,,
42515,,,Chalkopyrit,Chalkopyrit,Deutschland,Niedersachsen
,42515,Ore,,Cu-Sulfid-Erz - SEDEX,,
,42515,Mineral,,Chalkopyrit,,
40494,,,Kupfer,Kupfer,Vereinigte Staaten von Amerika (USA),Michigan
,40494,Mineral,,Calcit,,
,40494,Mineral,,Kupfer,,
,40494,Mineral,,Datolith,,
,40494,Ore,,Cu-Metall-Erz - Michigan-Typ,,
40781,,,Kupfer,Kupfer,Vereinigte Staaten von Amerika (USA),Michigan
,40781,Rock,,Basalt s.l.,,
,40781,Ore,,Cu-Metall-Erz - Michigan-Typ,,
,40781,Mineral,,Calcit,,
,40781,Mineral,,Kupfer,,
,40781,Mineral,,Epidot,,
34078,,,Orthoklas,Orthoklas,Schweiz,Uri
,34078,Mineral,,Adular Albit,,
,34078,Mineral,,Orthoklas,,
,34078,Mineral,,Quarz,,
,34078,Rock,,noch nicht angegeben,,
41063,,,Hämatit,Hämatit,Vereinigte Staaten von Amerika (USA),Missouri
,41063,Rock,,Rhyolith,,
,41063,Mineral,,Epidot,,
,41063,Ore,,Fe-Erz magnetitisch - Skarn-Typ,,
,41063,Mineral,,Hämatit,,
29458,,Ore,Pyrit-Barytocoelestin-Erz - SEDEX,,Schweiz,Bern
,29458,Mineral,,Coelestin,,
,29458,Mineral,,Barytocoelestin Dolomit,,
,29458,Mineral,,Sphalerit,,
,29458,Ore,,Pyrit-Barytocoelestin-Erz - SEDEX,,
,29458,Mineral,,Galenit,,
,29458,Mineral,,Pyrit,,
41907,,,Cervandonit-(Ce),Cervandonit-(Ce),Schweiz,Wallis
,41907,Rock,,Muskovit-Biotit-Zweiglimmergneis,,
,41907,Mineral,,Cervandonit-(Ce),,
32865,,Ore,Co-Cu-Sulfarseniderz - metamorph,,Schweiz,Wallis
,32865,Mineral,,Azurit,,
,32865,Ore,,Co-Cu-Sulfarseniderz - metamorph,,
,32865,Mineral,,Malachit,,
,32865,Mineral,,Chlorit,,
,32865,Mineral,,Calcit,,
,32865,Mineral,,Chalkopyrit,,
40957,,,Sphalerit,Sphalerit,Italien,Sardegna
,40957,Mineral,,Sphalerit,,
,40957,Ore,,Zn-Sulfid-Erz - MVT,,
,40957,Mineral,,Pyrit,,
41948,,,Grossular,Grossular,Schweiz,Wallis
,41948,Rock,,Rodingit (Rhodingit),,
,41948,Mineral,,Grossular,,
,41948,Mineral,,Klinochlor,,
,41948,Mineral,,Hessonit Diopsid,,
7363,,,Halit,Halit,Schweiz,Waadt
,7363,Mineral,,Halit,,
,7363,Rock,,Brekzie (Breccie),,
41582,,Ore,Sn-Seife,Sn-Seife,Malaysia,
,41582,Mineral,,Ilmenit,,
,41582,Ore,,Sn-Seife,,
41129,,,Markasit,Markasit,Vereinigte Staaten von Amerika (USA),Missouri
,41129,Rock,,Impaktbrekzie,,
,41129,Mineral,,Markasit,,
11503,,,Chalkosin,Chalkosin,Schweiz,Glarus
,11503,Ore,,Cu-Sulfid-Erz - Redbed-Typ,,
,11503,Mineral,,Chalkosin,,
32766,,,Aktinolith,Aktinolith,Schweiz,Tessin
,32766,Rock,,Amphibolit,,
,32766,Mineral,,Biotit,,
,32766,Mineral,,Aktinolith,,
42457,,,Galenit,Galenit,Tschechien,Středočeský (Stredocesky )
,42457,Mineral,,Sphalerit,,
,42457,Mineral,,Galenit,,
,42457,Ore,,Pb-Zn-Sulfid-Erz - Gang-Typ,,
31092,,Ore,Scheeliterz - metamorph,,Oesterreich,Salzburg
,31092,Ore,,Scheeliterz - metamorph,,
,31092,Mineral,,Scheelit,,
7637,,,Nickel-Skutterudit,Nickel-Skutterudit,Schweiz,Wallis
,7637,Ore,,Co-Cu-Sulfarseniderz - metamorph,,
,7637,Mineral,,Chloanthit,,
,7637,Mineral,,Nickel-Skutterudit,,
41660,,,Fayalit,Fayalit,Südafrika,Limpopo
,41660,Mineral,,Fayalit,,
,41660,Rock,,Dunit (plutonisch),,
39181,,Ore,Reduktionshof,,Schweiz,Zürich
,39181,Mineral,,Roscoelith,,
,39181,Ore,,Reduktionshof,,
41554,,,Sphalerit,Sphalerit,Iran,"Eşfahān (Esfahan, Isfahan)"
,41554,Ore,,Zn-Sulfid-Erz - MVT,,
,41554,Mineral,,Sphalerit,,
40222,,,Quarz,Quarz,Island,
,40222,Mineral,,Chalcedon/Chert Hämatit,,
,40222,Mineral,,Quarz,,
,40222,Rock,,Lava - allgemein,,
31234,,Ore,Pb-Sulfid-Erz - metamorph,,Schweiz,Wallis
,31234,Ore,,Pb-Sulfid-Erz - metamorph,,
,31234,Mineral,,Pyrit,,
,31234,Mineral,,Galenit,,
,31234,Mineral,,Pyrrhotin,,
40924,,,Falkmanit,Falkmanit,Deutschland,Bayern
,40924,Mineral,,Pyrrhotin,,
,40924,Ore,,Sulfid-Erz polymetallisch - metamorph,,
,40924,Mineral,,Falkmanit,,
40946,,,Scheelit,Scheelit,Oesterreich,Salzburg
,40946,Ore,,Scheeliterz - metamorph,,
,40946,Mineral,,Scheelit,,
36078,,,Quarz,Quarz,Schweiz,Uri
,36078,Mineral,,Calcit,,
,36078,Mineral,,Feldspat,,
,36078,Rock,,Gneis s.l.,,
,36078,Mineral,,Quarz,,
32680,,Ore,Co-Cu-Sulfarseniderz - metamorph,,Schweiz,Wallis
,32680,Mineral,,Quarz,,
,32680,Ore,,Co-Cu-Sulfarseniderz - metamorph,,
,32680,Mineral,,Fahlerz,,
,32680,Mineral,,Galenit,,
39737,,,Kupfer,Kupfer,Schweiz,Aargau
,39737,Rock,,Sandstein,,
,39737,Mineral,,Kupfer,,
40430,,,Galenit,Galenit,Vereinigte Staaten von Amerika (USA),Missouri
,40430,Ore,,Pb-Sulfid-Erz - MVT,,
,40430,Rock,,Dolomit,,
,40430,Mineral,,Galenit,,
38133,,Rock,noch nicht angegeben,,Schweiz,Bern
,38133,Mineral,,Serpentin,,
,38133,Mineral,,Talk,,
,38133,Mineral,,Jadeit,,
,38133,Rock,,noch nicht angegeben,,
,38133,Mineral,,Omphacit,,
41204,,,Galenit,Galenit,Peru,
,41204,Mineral,,Pyrit,,
,41204,Ore,,Pb-Zn-Cu-Sulfid-Erz - Gang-Typ,,
,41204,Mineral,,Galenit,,
33339,,,Granat,Granat,Schweiz,Tessin
,33339,Mineral,,Graftonit,,
,33339,Mineral,,Vivianit,,
,33339,Rock,,Granitpegmatit,,
,33339,Mineral,,allgemein Apatit,,
,33339,Mineral,,Turmalin,,
,33339,Mineral,,Granat,,
41320,,,Revoredoit,Revoredoit,Peru,
,41320,Mineral,,Revoredoit,,
,41320,Ore,,Pb-Sulfarseniderz - Gang-Typ,,
33722,,,Galenit,Galenit,Schweiz,Graubünden
,33722,Mineral,,Galenit,,
,33722,Mineral,,Fahlerz,,
,33722,Rock,,Dolomit,,
,33722,Mineral,,Malachit,,
,33722,Mineral,,Quarz,,
42622,,,Magnetit,Magnetit,Italien,Valle d'Aosta / Val d'Aoste
,42622,Ore,,Fe-Erz magnetitisch - Skarn-Typ,,
,42622,Mineral,,Magnetit,,
35873,,,Quarz,Quarz,Schweiz,Uri
,35873,Mineral,,Laumontit,,
,35873,Mineral,,Quarz,,
,35873,Rock,,Gneis s.l.,,
,35873,Mineral,,Chlorit,,
42130,,,Wolframit,Wolframit,Bolivien,Potosí (Potosi)
,42130,Ore,,Wolframit-Erz - Gang-Typ,,
,42130,Mineral,,Wolframit,,
53554,,Rock,Olivin-Nephelinit,,Deutschland,Baden-Württemberg
,53554,Rock,,Olivin-Nephelinit,,
,53554,Mineral,,Forsterit,,
,53554,Mineral,,Nephelin,,
,53554,Mineral,,Melilith,,
,53554,Mineral,,Leucit,,
,53554,Mineral,,Augit,,
34596,,Rock,Granit,,Schweiz,Uri
,34596,Mineral,,Chlorit,,
,34596,Rock,,Granit,,
,34596,Mineral,,Fluorit,,
42263,,,Turmalin,Turmalin,Schweden,Stockholms län
,42263,Mineral,,Turmalin,,
,42263,Ore,,Lithium-Pegmatit,,
,42263,Rock,,Granitpegmatit,,
,42263,Mineral,,allgemein,,
43246,,,Cuprit,Cuprit,Peru,Lima
,43246,Mineral,,Cuprit,,
,43246,Mineral,,Malachit,,
,43246,Mineral,,Azurit,,
,43246,Ore,,Cu-Oxiderz (inkl. Karbonate etc.) - Oxidationszone,,
38107,,,Gips,Gips,_Land unbekannt,
,38107,Mineral,,Gips,,
,38107,Rock,,Gips,,
32152,,Ore,Fe-Oolith - Allgemein,,Schweiz,Wallis
,32152,Mineral,,Chamosit,,
,32152,Ore,,Fe-Oolith - Allgemein,,
40510,,,Quarz,Quarz,Südafrika,Gauteng / Rhawuti
,40510,Mineral,,Pyrit,,
,40510,Ore,,Au-U-Konglomerat - Witwatersrand-Typ,,
,40510,Mineral,,Quarz,,
42072,,,Chalkopyrit,Chalkopyrit,Mexiko,México (Mexico)
,42072,Mineral,,Chalkopyrit,,
,42072,Ore,,Ag-Sulfid-Erz - Gang-Typ,,
,42072,Mineral,,Pyrit,,
42902,,,Phlogopit,Phlogopit,Südafrika,Northern Cape / Noord-Kaap / Mntla-Koloni / Nyakatho-Kapa
,42902,Mineral,,Phlogopit,,
,42902,Rock,,Kimberlit phlogopitführend - allgemein,,
41556,,,Magnetit,Magnetit,Iran,Yazd
,41556,Mineral,,Magnetit,,
,41556,Ore,,Fe-Erz magnetitisch - Kiruna-Typ,,
40214,,,Quarz,Quarz,Island,Austurland
,40214,Mineral,,Quarz,,
,40214,Rock,,Lava - allgemein,,
,40214,Mineral,,Chalcedon/Chert,,
39152,,Ore,Reduktionshof,,Schweiz,Aargau
,39152,Mineral,,Rammelsbergit,,
,39152,Ore,,Reduktionshof,,
41366,,,Plagioklas,Plagioklas,Peru,Huancavelica / Wankawelika / Wankawillka
,41366,Mineral,,Aktinolith,,
,41366,Mineral,,Epidot,,
,41366,Mineral,,Titanit,,
,41366,Rock,,Amphibolit,,
,41366,Mineral,,Plagioklas,,
42500,,,Galenit,Galenit,Deutschland,Sachsen
,42500,Mineral,,Sphalerit,,
,42500,Mineral,,Pyrargyrit,,
,42500,Mineral,,Quarz,,
,42500,Ore,,Ag-Sulfid-Erz - Gang-Typ,,
,42500,Mineral,,Galenit,,
11485,,,Bornit,Bornit,Schweiz,Glarus
,11485,Mineral,,Bornit,,
,11485,Ore,,Cu-Sulfid-Erz - Redbed-Typ,,
43973,,Rock,Metagabbro,,Schweiz,Freiburg
,43973,Mineral,,Omphacit,,
,43973,Rock,,Metagabbro,,
42118,,,Pyrargyrit,Pyrargyrit,Mexiko,México (Mexico)
,42118,Mineral,,Pyrit,,
,42118,Mineral,,Pyrargyrit,,
,42118,Ore,,Ag-Sulfid-Erz - Gang-Typ,,
,42118,Mineral,,Sphalerit,,
41649,,,Fayalit,Fayalit,Südafrika,Limpopo
,41649,Rock,,Dunit (plutonisch),,
,41649,Mineral,,Fayalit,,
35716,,Rock,Anhydrit,,Schweiz,Bern
,35716,Rock,,Anhydrit,,
,35716,Mineral,,Anhydrit,,
41368,,,Tetraedrit,Tetraedrit,Peru,Huancavelica / Wankawelika / Wankawillka
,41368,Mineral,,Tetraedrit,,
,41368,Mineral,,Pyrit,,
,41368,Ore,,Cu-Sulfid-Erz - Gang-Typ,,
31098,,Ore,Pyriterz massiv - Kuroko-Typ,,Spanien,Andalucía (Andalucia)
,31098,Ore,,Pyriterz massiv - Kuroko-Typ,,
,31098,Mineral,,Pyrit,,
43086,,,Galenit,Galenit,Polen,Dolnośląskie (Dolnoslaskie)
,43086,Mineral,,Galenit,,
,43086,Ore,,Cu-Sulfid-Erz - Kupferschiefer-Typ,,
41499,,,Horobetsuit,Horobetsuit,Japan,Hokkaido / Hokkaidô
,41499,Mineral,,Horobetsuit,,
,41499,Ore,,Bi-Sb-S-Erz - Horobetsu-Typ,,
41127,,,Markasit,Markasit,Vereinigte Staaten von Amerika (USA),Missouri
,41127,Rock,,Impaktbrekzie,,
,41127,Mineral,,Markasit,,
42237,,Ore,Fe-Erz magnetitisch - Skarn-Typ,Fe-Erz magnetitisch - Skarn-Typ,Schweden,Uppsala län
,42237,Ore,,Fe-Erz magnetitisch - Skarn-Typ,,
,42237,Mineral,,Magnetit,,
32383,,Ore,Pb-Zn-Sulfid-Erz - Gang-Typ,,Schweiz,Wallis
,32383,Mineral,,Galenit,,
,32383,Mineral,,Quarz,,
,32383,Ore,,Pb-Zn-Sulfid-Erz - Gang-Typ,,
42749,,,Pyrit,Pyrit,Südafrika,Gauteng / Rhawuti
,42749,Mineral,,Pyrit,,
,42749,Rock,,Konglomerat,,
,42749,Ore,,Au-U-Konglomerat - Witwatersrand-Typ,,
31179,,Rock,Granat-Glimmerschiefer,,Schweiz,Bern
,31179,Mineral,,Granat,,
,31179,Rock,,Granat-Glimmerschiefer,,
33819,,,Goethit,Goethit,Australien,Tasmania
,33819,Ore,,Fe-Erz limonitisch - Eiserner Hut,,
,33819,Mineral,,Goethit,,
35704,,Rock,Glimmerschiefer,,Schweiz,Graubünden
,35704,Rock,,Glimmerschiefer,,
,35704,Mineral,,Quarz,,
,35704,Mineral,,Muskovit,,
,35704,Mineral,,Sericit,,
39922,,,Gips,Gips,Deutschland,Sachsen-Anhalt
,39922,Mineral,,Gips,,
,39922,Rock,,Alabaster,,
40356,,,Chalkopyrit,Chalkopyrit,Vereinigte Staaten von Amerika (USA),Missouri
,40356,Mineral,,Chalkopyrit,,
,40356,Mineral,,Siegenit,,
,40356,Ore,,Cu-Sulfid-Erz - MVT,,
30957,,Ore,Au-U-Konglomerat - Witwatersrand-Typ,,Südafrika,
,30957,Ore,,Au-U-Konglomerat - Witwatersrand-Typ,,
,30957,Rock,,Konglomerat,,
32881,,Ore,Cu-Sulfid-Erz - metamorph,,Schweiz,Wallis
,32881,Mineral,,Chalkopyrit,,
,32881,Mineral,,Quarz,,
,32881,Ore,,Cu-Sulfid-Erz - metamorph,,
,32881,Mineral,,Pyrrhotin,,
32971,,Ore,Co-Cu-Sulfarseniderz - metamorph,,Schweiz,Wallis
,32971,Mineral,,Nickel-Skutterudit,,
,32971,Mineral,,Hämatit,,
,32971,Mineral,,Chloanthit,,
,32971,Mineral,,Erythrin,,
,32971,Ore,,Co-Cu-Sulfarseniderz - metamorph,,
38170,,,Epidot,Epidot,Schweiz,Bern
,38170,Mineral,,Epidot,,
,38170,Rock,,Amphibolit,,
32660,,Ore,Co-Cu-Sulfarseniderz - metamorph,,Schweiz,Wallis
,32660,Mineral,,Fahlerz,,
,32660,Mineral,,Galenit,,
,32660,Ore,,Co-Cu-Sulfarseniderz - metamorph,,
41861,,,Biotit,Biotit,Slowakei,Banskobystrický (Banskobystricky )
,41861,Mineral,,Biotit,,
,41861,Rock,,Pechstein,,
,41861,Mineral,,Sanidin,,
41549,,,Sphalerit,Sphalerit,Polen,Małopolskie
,41549,Mineral,,Galenit,,
,41549,Ore,,Pb-Zn-Sulfid-Erz - MVT,,
,41549,Mineral,,Sphalerit,,
39249,,Ore,Reduktionshof,,Grossbritannien / Vereinigtes Königreich,England
,39249,Ore,,Reduktionshof,,
,39249,Mineral,,Roscoelith,,
40424,,,Dolomit,Dolomit,Vereinigte Staaten von Amerika (USA),Missouri
,40424,Mineral,,Dolomit,,
,40424,Mineral,,Galenit,,
,40424,Mineral,,Siegenit,,
,40424,Mineral,,Chalkopyrit,,
,40424,Ore,,Cu-Pb-Sulfid-Erz - MVT,,
29808,,Ore,Pb-Sulfid-Erz - Gang-Typ,,Schweiz,Bern
,29808,Mineral,,Quarz,,
,29808,Ore,,Pb-Sulfid-Erz - Gang-Typ,,
,29808,Mineral,,Galenit,,
,29808,Mineral,,Sphalerit,,
43437,,,Quarz,Quarz,Dominikanische Republik,
,43437,Mineral,,Quarz,,
,43437,Rock,,Rhyolith,,
32072,,Rock,Sand (s.l.),,Schweiz,Bern
,32072,Mineral,,Quarz,,
,32072,Rock,,Sand (s.l.),,
42253,,,Pyrit,Pyrit,Schweiz,Waadt
,42253,Ore,,Pyrit-Erz - Gang-Typ,,
,42253,Mineral,,Pyrit,,
29358,,Rock,Lherzolith (Mantelgestein),,Südafrika,Northern Cape / Noord-Kaap / Mntla-Koloni / Nyakatho-Kapa
,29358,Mineral,,Chromdiopsid Enstatit,,
,29358,Mineral,,Forsterit,,
,29358,Mineral,,Diopsid,,
,29358,Mineral,,Phlogopit,,
,29358,Rock,,Lherzolith (Mantelgestein),,
42429,,,Sphalerit,Sphalerit,Slowakei,Banskobystrický (Banskobystricky )
,42429,Mineral,,Sphalerit,,
,42429,Ore,,Zn-Sulfid-Erz - Gang-Typ,,
11504,,,Bornit,Bornit,Schweiz,Glarus
,11504,Ore,,Cu-Sulfid-Erz - Redbed-Typ,,
,11504,Mineral,,Bornit,,
41519,,,Pyrrhotin,Pyrrhotin,Australien,Tasmania
,41519,Mineral,,Pyrrhotin,,
,41519,Ore,,Sn-Zn-Cu-Fe-Erz - Skarn-Typ,,
,41519,Mineral,,Kassiterit,,
43093,,,Mineral nicht bestimmt,Mineral nicht bestimmt,Italien,Trentino-Alto Adige / Trentino-Südtirol
,43093,Mineral,,Mineral nicht bestimmt,,
,43093,Mineral,,(s. Objektbem.),,
,43093,Ore,,noch nicht angegeben,,
11440,,,Bornit,Bornit,Schweiz,Glarus
,11440,Ore,,Cu-Sulfid-Erz - Redbed-Typ,,
,11440,Mineral,,Bornit,,
,11440,Mineral,,Dolomit,,
40517,,,Arsenopyrit,Arsenopyrit,Schweden,Västerbottens län (Vasterbottens)
,40517,Mineral,,Arsenopyrit,,
,40517,Mineral,,Pyrit,,
,40517,Ore,,"Pyrit, massiv - SEDEX",,
40432,,,Galenit,Galenit,Vereinigte Staaten von Amerika (USA),Missouri
,40432,Mineral,,Galenit,,
,40432,Mineral,,Dolomit,,
,40432,Mineral,,Chalkopyrit,,
,40432,Ore,,Pb-Sulfid-Erz - MVT,,
39617,,,Calcit,Calcit,Schweiz,Bern
,39617,Rock,,Kalktuff,,
,39617,Mineral,,Calcit,,
42136,,,Stibnit,Stibnit,Bolivien,Oruro
,42136,Mineral,,Pyrit,,
,42136,Mineral,,Stibnit,,
,42136,Ore,,Sb-Sulfid-Erz - Gang-Typ,,
,42136,Mineral,,Akanthit,,
,42136,Mineral,,Arsenopyrit,,
,42136,Mineral,,Stannit,,
41664,,,Magnetit,Magnetit,Südafrika,Limpopo
,41664,Mineral,,Magnetit,,
,41664,Ore,,Fe-Erz magnetitisch - kontinental mafisch-magmatisch,,
40981,,,Pyrit,Pyrit,Finnland,Norra Karelen / Pohjois-Karjala
,40981,Mineral,,Pyrit,,
,40981,Rock,,Quarzit,,
40043,,,Montmorillonit,Montmorillonit,Deutschland,Bayern
,40043,Rock,,Impaktbrekzie - Suevit,,
,40043,Mineral,,Montmorillonit,,
42895,,,Forsterit,Forsterit,Südafrika,Northern Cape / Noord-Kaap / Mntla-Koloni / Nyakatho-Kapa
,42895,Mineral,,Forsterit,,
,42895,Rock,,"Kimberlit ""basaltisch"" - allgemein",,
41465,,,Galenit,Galenit,Japan,Akita
,41465,Ore,,Black ore (Kuroko) - Kuroko-Typ,,
,41465,Mineral,,Chalkopyrit,,
,41465,Mineral,,Baryt,,
,41465,Mineral,,Sphalerit,,
,41465,Mineral,,Galenit,,
,41465,Mineral,,Pyrit,,
34009,,Rock,Granodiorit,,Schweiz,Bern
,34009,Mineral,,Chlorit,,
,34009,Mineral,,Quarz,,
,34009,Rock,,Granodiorit,,
,34009,Mineral,,Orthoklas,,
,34009,Mineral,,Epidot,,
,34009,Mineral,,Adular,,
42729,,,Gold,Gold,Südafrika,Gauteng / Rhawuti
,42729,Rock,,Quarzit,,
,42729,Mineral,,Gold,,
,42729,Ore,,Au-U-Konglomerat - Witwatersrand-Typ,,
48138,,Rock,Granat-Amphibolit,,Schweiz,Tessin
,48138,Rock,,Granat-Amphibolit,,
,48138,Mineral,,Plagioklas,,
,48138,Mineral,,Hornblende,,
,48138,Mineral,,Epidot,,
,48138,Mineral,,Ilmenit,,
,48138,Mineral,,Titanit,,
41323,,,Revoredoit,Revoredoit,Peru,
,41323,Ore,,Pb-Sulfarseniderz - Gang-Typ,,
,41323,Mineral,,Revoredoit,,
41516,,,Galenit,Galenit,Myanmar,
,41516,Ore,,Pb-Sulfid-Erz - MVT,,
,41516,Mineral,,Galenit,,
40826,,,Cinnabarit,Cinnabarit,Spanien,Castilla y León (Castilla y Leon)
,40826,Mineral,,Cinnabarit,,
,40826,Ore,,Hg-Sulfid-Erz - Gang-Typ,,
26864,,,Goethit,Goethit,Schweiz,Schaffhausen
,26864,Mineral,,Siderit,,
,26864,Ore,,"Fe-Erz, pisolithisch",,
,26864,Mineral,,Goethit,,
42141,,,Wolframit,Wolframit,Bolivien,La Paz
,42141,Mineral,,Baryt,,
,42141,Ore,,Wolframit-Erz - Gang-Typ,,
,42141,Mineral,,Wolframit,,
33626,,Ore,"Mn-Erz, silikatisch - metamorph",,Schweiz,Graubünden
,33626,Mineral,,Braunit,,
,33626,Ore,,"Mn-Erz, silikatisch - metamorph",,
33723,,,Topas,Topas,Schweiz,Graubünden
,33723,Mineral,,Topas,,
,33723,Mineral,,Galenit,,
,33723,Mineral,,Quarz,,
,33723,Mineral,,Malachit,,
,33723,Rock,,Dolomit,,
42474,,,Arsenopyrit,Arsenopyrit,Deutschland,Sachsen
,42474,Mineral,,undefiniert,,
,42474,Mineral,,Granat,,
,42474,Ore,,Sulfid-Skarn - Skarn-Typ,,
,42474,Mineral,,Arsenopyrit,,
,42474,Mineral,,Hornblende,,
35699,,Rock,Glimmerschiefer,,Schweiz,Graubünden
,35699,Mineral,,Sericit,,
,35699,Rock,,Glimmerschiefer,,
,35699,Mineral,,Quarz,,
,35699,Mineral,,Muskovit,,
40315,,Ore,Fe-Silikat-Oolith,,Frankreich,Meurthe-et-Moselle
,40315,Mineral,,Chamosit,,
,40315,Ore,,Fe-Silikat-Oolith,,
32437,,Ore,Pb-Sulfid-Erz - Ba-F-Formation,,Schweiz,Wallis
,32437,Mineral,,Fluorit,,
,32437,Mineral,,Galenit,,
,32437,Ore,,Pb-Sulfid-Erz - Ba-F-Formation,,
40963,,,Chalkopyrit,Chalkopyrit,Türkei,
,40963,Ore,,Cu-Sulfid-Erz - Zypern-Typ,,
,40963,Mineral,,Chalkopyrit,,
,40963,Mineral,,Pyrrhotin,,
42137,,,Sphalerit,Sphalerit,Bolivien,Oruro
,42137,Ore,,Zn-Sulfid-Erz - Gang-Typ,,
,42137,Mineral,,Silber,,
,42137,Mineral,,Stibnit,,
,42137,Mineral,,Sphalerit,,
42223,,,Magnetit,Magnetit,Schweden,Uppsala län
,42223,Ore,,Fe-Erz magnetitisch - Skarn-Typ,,
,42223,Mineral,,Magnetit,,
40560,,,Kupfer,Kupfer,Vereinigte Staaten von Amerika (USA),Michigan
,40560,Ore,,Cu-Metall-Erz - Michigan-Typ,,
,40560,Mineral,,Kupfer,,
,40560,Mineral,,Chrysokoll,,
,40560,Rock,,Konglomerat,,
41862,,,Biotit,Biotit,Slowakei,Banskobystrický (Banskobystricky )
,41862,Mineral,,Quarz,,
,41862,Mineral,,Biotit,,
,41862,Mineral,,Sanidin,,
,41862,Rock,,Pechstein,,
40887,,,Galenit,Galenit,Deutschland,Nordrhein-Westfalen
,40887,Mineral,,Galenit,,
,40887,Mineral,,Quarz,,
,40887,Mineral,,Ankerit,,
,40887,Ore,,Pb-Zn-Sulfid-Erz - Gang-Typ,,
,40887,Mineral,,Sphalerit,,
40930,,,Galenit,Galenit,Deutschland,Baden-Württemberg
,40930,Mineral,,Mimetesit,,
,40930,Ore,,Pb-Zn-Sulfid-Erz - MVT,,
,40930,Mineral,,Goethit,,
,40930,Mineral,,Galenit,,
,40930,Mineral,,Cerussit,,
41815,,,Diopsid,Diopsid,Schweiz,Wallis
,41815,Mineral,,Grossular,,
,41815,Mineral,,Diopsid,,
,41815,Rock,,Rodingit (Rhodingit),,
,41815,Mineral,,Klinochlor,,
41305,,,Goethit,Goethit,Peru,
,41305,Mineral,,Goethit,,
,41305,Ore,,Fe-Erz limonitisch - Eiserner Hut,,
39212,,Ore,Reduktionshof,,_Land unbekannt,
,39212,Mineral,,Roscoelith,,
,39212,Ore,,Reduktionshof,,
43085,,,Chalkopyrit,Chalkopyrit,Oesterreich,Salzburg
,43085,Ore,,noch nicht angegeben,,
,43085,Mineral,,Chalkopyrit,,
40940,,,Pyrit,Pyrit,Deutschland,Nordrhein-Westfalen
,40940,Ore,,"Pyrit, massiv - SEDEX",,
,40940,Mineral,,Pyrit,,
42228,,,Magnetit,Magnetit,Schweden,Uppsala län
,42228,Ore,,Fe-Erz magnetitisch - Skarn-Typ,,
,42228,Mineral,,Magnetit,,
41521,,,Kassiterit,Kassiterit,Australien,Tasmania
,41521,Mineral,,Kassiterit,,
,41521,Ore,,Sn-Zn-Cu-Fe-Erz - Skarn-Typ,,
,41521,Mineral,,Sphalerit,,
,41521,Mineral,,Pyrrhotin,,
,41521,Mineral,,Chalkopyrit,,
42556,,,Sphalerit,Sphalerit,Deutschland,Baden-Württemberg
,42556,Mineral,,Quarz,,
,42556,Ore,,Zn-Sulfid-Erz - Gang-Typ,,
,42556,Rock,,tektonische Brekzie,,
,42556,Mineral,,Sphalerit,,
41474,,,Galenit,Galenit,Japan,Akita
,41474,Mineral,,Pyrit,,
,41474,Mineral,,Baryt,,
,41474,Mineral,,Galenit,,
,41474,Ore,,Black ore (Kuroko) - Kuroko-Typ,,
42518,,,Chalkopyrit,Chalkopyrit,Deutschland,Niedersachsen
,42518,Ore,,Cu-Sulfid-Erz - SEDEX,,
,42518,Rock,,Tonschiefer,,
,42518,Mineral,,Chalkopyrit,,
40747,,,Kupfer,Kupfer,Vereinigte Staaten von Amerika (USA),Michigan
,40747,Ore,,Cu-Metall-Erz - Michigan-Typ,,
,40747,Rock,,Konglomerat,,
40555,,,Kupfer,Kupfer,Vereinigte Staaten von Amerika (USA),Michigan
,40555,Ore,,Cu-Metall-Erz - Michigan-Typ,,
,40555,Rock,,Basalt s.l.,,
,40555,Mineral,,Epidot,,
,40555,Mineral,,Kupfer,,
41558,,,Chalkopyrit,Chalkopyrit,Iran,Kermān (Kerman)
,41558,Ore,,Cu-Sulfid-Erz - Porphyr-Typ,,
,41558,Mineral,,Pyrit,,
,41558,Mineral,,Chalkopyrit,,
42093,,,Quarz,Quarz,Mexiko,Michoacán de Ocampo (Michoacan de Ocampo)
,42093,Mineral,,Quarz,,
,42093,Ore,,"Au-Erz, polymetallisch - Gang-Typ",,
33295,,,Pyrit,Pyrit,Schweiz,Bern
,33295,Rock,,Mergelschiefer,,
,33295,Mineral,,Pyrit,,
33336,,,Vivianit,Vivianit,Schweiz,Tessin
,33336,Mineral,,Apatit,,
,33336,Mineral,,Vivianit,,
,33336,Rock,,Granitpegmatit,,
33158,,,Pyrit,Pyrit,Schweiz,Bern
,33158,Mineral,,Mineral nicht bestimmt,,
,33158,Mineral,,(s. Objektbem.) Quarz,,
,33158,Mineral,,Pyrit,,
,33158,Rock,,Sandstein,,
34399,,Rock,Granit,,Schweiz,Uri
,34399,Rock,,Granit,,
,34399,Mineral,,Pyrit,,
39230,,Ore,Reduktionshof,,Vereinigte Staaten von Amerika (USA),Utah
,39230,Ore,,Reduktionshof,,
,39230,Mineral,,Roscoelith,,
38380,,,Goethit,Goethit,Schweiz,Bern
,38380,Ore,,"Fe-Erz, pisolithisch",,
,38380,Mineral,,Goethit,,
40137,,,Sanidin,Sanidin,Deutschland,Nordrhein-Westfalen
,40137,Mineral,,Sanidin,,
,40137,Rock,,Trachyt,,
42574,,,Asbolan,Asbolan,Deutschland,Baden-Württemberg
,42574,Ore,,"Co-Ni-Erz, arsenidisch - Co-Ni-Bi-Ag-U-Erzgang",,
,42574,Mineral,,Asbolan,,
,42574,Mineral,,Baryt,,
40987,,,Galenit,Galenit,Schweden,Norrbottens län
,40987,Mineral,,Galenit,,
,40987,Rock,,Quarzit,,
,40987,Ore,,Pb-Sulfid-Erz - MVT (Sandstein),,
40511,,,Quarz,Quarz,Südafrika,Northern Cape / Noord-Kaap / Mntla-Koloni / Nyakatho-Kapa
,40511,Ore,,Au-U-Konglomerat - Witwatersrand-Typ,,
,40511,Mineral,,Quarz,,
,40511,Mineral,,Pyrit,,
41118,,,Schörl,Schörl,Vereinigte Staaten von Amerika (USA),Missouri
,41118,Mineral,,Muskovit,,
,41118,Mineral,,Quarz,,
,41118,Rock,,Granitpegmatit,,
,41118,Mineral,,Orthoklas,,
,41118,Mineral,,Schörl,,
42735,,,Pyrit,Pyrit,Südafrika,Gauteng / Rhawuti
,42735,Rock,,Konglomerat,,
,42735,Ore,,Au-U-Konglomerat - Witwatersrand-Typ,,
,42735,Mineral,,Pyrit,,
41359,,,Sphalerit,Sphalerit,Peru,Lima
,41359,Ore,,Zn-Sulfid-Erz - Skarn-Typ,,
,41359,Mineral,,Sphalerit,,
,41359,Mineral,,Vesuvian (Vesuvianit),,
32423,,Ore,Fe-Erz magnetitisch - Skarn-Typ,,Schweiz,Wallis
,32423,Ore,,Fe-Erz magnetitisch - Skarn-Typ,,
,32423,Mineral,,Magnetit,,
34613,,,Chlorit,Chlorit,Schweiz,Uri
,34613,Mineral,,Laumontit,,
,34613,Mineral,,Chlorit,,
,34613,Rock,,Granit,,
,34613,Mineral,,Quarz,,
48126,,Rock,Granat-Amphibolit,,Schweiz,Tessin
,48126,Mineral,,Hornblende,,
,48126,Mineral,,Ilmenit,,
,48126,Rock,,Granat-Amphibolit,,
,48126,Mineral,,Granat,,
33335,,,Graftonit,Graftonit,Schweiz,Tessin
,33335,Mineral,,Apatit,,
,33335,Rock,,Granitpegmatit,,
,33335,Mineral,,Graftonit,,
,33335,Mineral,,Heterosit,,
,33335,Mineral,,Vivianit,,
41837,,,Natrolith,Natrolith,Deutschland,Baden-Württemberg
,41837,Rock,,"Asche-Tuff (pyrokl., verfestigt)",,
,41837,Mineral,,Natrolith,,
35463,,,Orthoklas,Orthoklas,Schweiz,Uri
,35463,Mineral,,Adular Stilbit,,
,35463,Mineral,,Apatit,,
,35463,Mineral,,Orthoklas,,
,35463,Rock,,Gneis s.l.,,
,35463,Mineral,,Calcit,,
,35463,Mineral,,Biotit,,
33142,,,Calcit,Calcit,Schweiz,Bern
,33142,Mineral,,Calcit,,
,33142,Rock,,Konglomerat,,
,33142,Mineral,,Quarz,,
34434,,Rock,Granit,,Schweiz,Uri
,34434,Mineral,,Chlorit,,
,34434,Rock,,Granit,,
42521,,,Siderit,Siderit,Deutschland,Rheinland-Pfalz
,42521,Ore,,Fe-Erz sideritisch - Gang-Typ,,
,42521,Mineral,,Quarz,,
,42521,Mineral,,Chalkopyrit,,
,42521,Mineral,,Siderit,,
,42521,Mineral,,Dolomit,,
42509,,Ore,Cu-Sulfid-Erz - Kupferschiefer-Typ,,Deutschland,Sachsen-Anhalt
,42509,Rock,,Tonschiefer,,
,42509,Ore,,Cu-Sulfid-Erz - Kupferschiefer-Typ,,
41151,,,Magnetit,Magnetit,Kanada,Ontario
,41151,Ore,,Fe-Oxid-Erz - Superior-BIF,,
,41151,Mineral,,Magnetit,,
,41151,Mineral,,Quarz,,
38262,,,Augit,Augit,Italien,
,38262,Mineral,,Augit,,
,38262,Rock,,Vulkanit unbestimmt,,
42271,,,Lepidolith,Lepidolith,Schweden,Stockholms län
,42271,Mineral,,Lepidolith,,
,42271,Mineral,,Amazonit,,
,42271,Rock,,Granitpegmatit,,
,42271,Mineral,,Mikroklin,,
,42271,Ore,,Lithium-Pegmatit,,
42505,,Ore,Cu-Sulfid-Erz - Kupferschiefer-Typ,,Deutschland,Sachsen-Anhalt
,42505,Ore,,Cu-Sulfid-Erz - Kupferschiefer-Typ,,
,42505,Rock,,Tonschiefer,,
11796,,Ore,Fe-Erz magnetitisch - Skarn-Typ,,Italien,Piemonte
,11796,Mineral,,Magnetit,,
,11796,Ore,,Fe-Erz magnetitisch - Skarn-Typ,,
27268,,Ore,Pb-Zn-Cu-Sulfid-Erz - Gang-Typ,,Grönland (DK),
,27268,Mineral,,Quarz,,
,27268,Mineral,,Sphalerit,,
,27268,Ore,,Pb-Zn-Cu-Sulfid-Erz - Gang-Typ,,
,27268,Mineral,,Galenit,,
,27268,Mineral,,Chalkopyrit,,
41061,,,Hämatit,Hämatit,Vereinigte Staaten von Amerika (USA),Missouri
,41061,Rock,,Rhyolith,,
,41061,Mineral,,Hämatit,,
,41061,Ore,,Fe-Erz magnetitisch - Skarn-Typ,,
39471,,Rock,Tonschiefer,,Kanada,Ontario
,39471,Rock,,Tonschiefer,,
,39471,Mineral,,Pyrit,,
40128,,Rock,Calcit-Marmor,,Griechenland,Anatoliki Makedonia ke Thraki
,40128,Rock,,Calcit-Marmor,,
,40128,Mineral,,Calcit,,
42108,,Ore,Ag-Sulfid-Erz - Gang-Typ,Ag-Sulfid-Erz - Gang-Typ,Mexiko,México (Mexico)
,42108,Ore,,Ag-Sulfid-Erz - Gang-Typ,,
,42108,Mineral,,Pyrit,,
,42108,Mineral,,Akanthit,,
40384,,,Galenit,Galenit,Vereinigte Staaten von Amerika (USA),Missouri
,40384,Ore,,Pb-Sulfid-Erz - MVT,,
,40384,Mineral,,Galenit,,
32217,,Ore,"Pyriterz, massiv",,Schweiz,Bern
,32217,Ore,,"Pyriterz, massiv",,
,32217,Mineral,,Pyrit,,
35825,,,Chlorit,Chlorit,Schweiz,Uri
,35825,Mineral,,Laumontit,,
,35825,Mineral,,Pyrit,,
,35825,Mineral,,Epidot,,
,35825,Mineral,,Chlorit,,
,35825,Rock,,Gneis s.l.,,
,35825,Mineral,,Quarz,,
,35825,Mineral,,Apatit,,
32132,,Ore,Fe-Oolith - Allgemein,,Schweiz,
,32132,Ore,,Fe-Oolith - Allgemein,,
,32132,Mineral,,Hämatit,,
,32132,Mineral,,Magnetit,,
33340,,,Granat,Granat,Schweiz,Tessin
,33340,Mineral,,Granat,,
,33340,Mineral,,Graftonit,,
,33340,Mineral,,Vivianit,,
,33340,Mineral,,Apatit,,
,33340,Rock,,Granitpegmatit,,
53927,,Ore,Bauxit,Bauxit,Schweiz,Bern
,53927,Mineral,,Kassiterit,,
,53927,Ore,,Bauxit,,
,53927,Mineral,,Magnetit,,
39225,,Ore,Reduktionshof,,Vereinigte Staaten von Amerika (USA),Oklahoma
,39225,Mineral,,Clausthalit,,
,39225,Mineral,,Kerogen,,
,39225,Ore,,Reduktionshof,,
,39225,Mineral,,Coffinit,,
40880,,,Sphalerit,Sphalerit,Deutschland,Nordrhein-Westfalen
,40880,Ore,,Zn-Sulfid-Erz - Gang-Typ,,
,40880,Mineral,,Quarz,,
,40880,Mineral,,Sphalerit,,
41541,,,Sphalerit,Sphalerit,Polen,Małopolskie
,41541,Ore,,Pb-Zn-Sulfid-Erz - MVT,,
,41541,Mineral,,Galenit,,
,41541,Mineral,,Sphalerit,,
40484,,,Albit,Albit,Vereinigte Staaten von Amerika (USA),Michigan
,40484,Mineral,,Albit,,
,40484,Mineral,,Epidot,,
,40484,Rock,,Basalt s.l.,,
,40484,Mineral,,Quarz,,
42147,,,Sphalerit,Sphalerit,Bolivien,Potosí (Potosi)
,42147,Mineral,,Galenit,,
,42147,Mineral,,undefiniert,,
,42147,Ore,,Ag-Sulfid-Erz - Gang-Typ,,
,42147,Mineral,,Silber,,
,42147,Mineral,,Akanthit,,
,42147,Mineral,,Sphalerit,,
35705,,Rock,Glimmerschiefer,,Schweiz,Graubünden
,35705,Mineral,,Sericit,,
,35705,Mineral,,Muskovit,,
,35705,Mineral,,Quarz,,
,35705,Rock,,Glimmerschiefer,,
33319,,,Forsterit,Forsterit,Frankreich,Haute-Loire
,33319,Mineral,,Forsterit,,
,33319,Mineral,,Diopsid,,
,33319,Mineral,,Enstatit,,
,33319,Rock,,Lherzolith (Mantelgestein),,
32261,,Ore,Cu-Sulfid-Erz - Redbed-Typ,,Schweiz,Glarus
,32261,Mineral,,Azurit,,
,32261,Ore,,Cu-Sulfid-Erz - Redbed-Typ,,
,32261,Mineral,,Malachit,,
42498,,,Akanthit,Akanthit,Deutschland,Sachsen
,42498,Mineral,,Pyrargyrit,,
,42498,Ore,,Ag-Sulfid-Erz - Gang-Typ,,
,42498,Mineral,,Akanthit,,
39254,,Ore,Reduktionshof,,Grossbritannien / Vereinigtes Königreich,England
,39254,Mineral,,Roscoelith,,
,39254,Ore,,Reduktionshof,,
40755,,,Kupfer,Kupfer,Vereinigte Staaten von Amerika (USA),Michigan
,40755,Mineral,,Quarz,,
,40755,Mineral,,Albit,,
,40755,Mineral,,Kupfer,,
,40755,Ore,,Cu-Metall-Erz - Michigan-Typ,,
,40755,Mineral,,Epidot,,
41663,,,Forsterit,Forsterit,Südafrika,Limpopo
,41663,Mineral,,Forsterit,,
,41663,Rock,,Gabbro,,
39146,,Ore,Reduktionshof,,Schweiz,Aargau
,39146,Mineral,,Pechblende,,
,39146,Ore,,Reduktionshof,,
,39146,Mineral,,Uraninit,,
32312,,Ore,Mo-Sulfid-Erz - Gang-Typ,,Schweiz,Bern
,32312,Mineral,,Molybdänit,,
,32312,Ore,,Mo-Sulfid-Erz - Gang-Typ,,
42374,,,Pyrit,Pyrit,Rumänien,Alba
,42374,Rock,,Brekzie (Breccie),,
,42374,Mineral,,Pyrit,,
,42374,Ore,,"Au-Erz, pyritisch - Gang-Typ",,
39396,,,Calcit,Calcit,Schweiz,Bern
,39396,Rock,,Calcit-Marmor,,
,39396,Mineral,,Calcit,,
32688,,Rock,Chlorit-Schiefer,,Schweiz,Wallis
,32688,Rock,,Chlorit-Schiefer,,
,32688,Mineral,,Muskovit,,
,32688,Mineral,,Chlorit,,
48139,,Rock,Metagabbro,,Schweiz,Tessin
,48139,Mineral,,Diopsid,,
,48139,Rock,,Metagabbro,,
,48139,Mineral,,Hornblende,,
,48139,Mineral,,Titanit,,
,48139,Mineral,,Epidot,,
,48139,Mineral,,Plagioklas,,
33807,,,Goethit,Goethit,Australien,New South Wales
,33807,Mineral,,Goethit,,
,33807,Mineral,,Azurit,,
,33807,Ore,,Fe-Erz limonitisch - Eiserner Hut,,
35583,,,Hämatit,Hämatit,Schweiz,Uri
,35583,Mineral,,Hämatit,,
,35583,Rock,,Gneis s.l.,,
41112,,,Markasit,Markasit,Vereinigte Staaten von Amerika (USA),Missouri
,41112,Mineral,,Sphalerit,,
,41112,Rock,,Impaktbrekzie,,
,41112,Mineral,,Markasit,,
35311,,Ore,"Au-Erz, pyritisch - Gang-Typ",,Schweiz,Wallis
,35311,Mineral,,Pyrit,,
,35311,Mineral,,Quarz,,
,35311,Ore,,"Au-Erz, pyritisch - Gang-Typ",,
,35311,Mineral,,Chalkopyrit,,
,35311,Mineral,,Gold,,
,35311,Mineral,,Tetraedrit,,
33144,,,Bitumen,Bitumen,Schweiz,Bern
,33144,Rock,,Sandstein,,
,33144,Mineral,,Quarz,,
,33144,Mineral,,Bitumen,,
,33144,Mineral,,Mineral nicht bestimmt,,
,33144,Mineral,,(s. Objektbem.),,
32189,,Rock,Tonschiefer,,Schweiz,Bern
,32189,Rock,,Tonschiefer,,
,32189,Mineral,,Pyrit,,
40148,,,Quarz,Quarz,Australien,New South Wales
,40148,Mineral,,Quarz,,
,40148,Rock,,Basalt s.l.,,
,40148,Mineral,,Chalcedon/Chert,,
41136,,,Markasit,Markasit,Vereinigte Staaten von Amerika (USA),Missouri
,41136,Mineral,,Markasit,,
,41136,Rock,,Impaktbrekzie,,
40005,,Rock,Schockmetamorpher Quarzsand,,Saudi-Arabien,
,40005,Rock,,Schockmetamorpher Quarzsand,,
,40005,Mineral,,Quarz,,
,40005,Mineral,,Orthoklas,,
42289,,,Feldspat,Feldspat,Schweden,Norrbottens län
,42289,Mineral,,Magnetit,,
,42289,Mineral,,Biotit,,
,42289,Mineral,,Feldspat,,
,42289,Ore,,Fe-Erz magnetitisch - Kiruna-Typ,,
,42289,Mineral,,Calcit,,
43105,,,Silber,Silber,Chile,Atacama
,43105,Mineral,,(s. Objektbem.) Silber,,
,43105,Rock,,noch nicht angegeben,,
,43105,Ore,,noch nicht angegeben,,
,43105,Mineral,,undefiniert,,
,43105,Mineral,,Mineral nicht bestimmt,,
40219,,,Quarz,Quarz,Island,
,40219,Mineral,,Quarz,,
,40219,Mineral,,Chalcedon/Chert,,
,40219,Rock,,Lava - allgemein,,
40777,,,Kupfer,Kupfer,Vereinigte Staaten von Amerika (USA),Michigan
,40777,Mineral,,Kupfer,,
,40777,Mineral,,Epidot,,
,40777,Rock,,Basalt s.l.,,
,40777,Ore,,Cu-Metall-Erz - Michigan-Typ,,
,40777,Mineral,,Calcit,,
42380,,,Magnetit,Magnetit,Vereinigte Staaten von Amerika (USA),Utah
,42380,Mineral,,Magnetit,,
,42380,Ore,,Fe-Erz magnetitisch - Skarn-Typ,,
,42380,Mineral,,Apatit,,
39493,,,Omphacit,Omphacit,Schweiz,
,39493,Mineral,,Omphacit,,
,39493,Rock,,Metagabbro - Eklogitfaziell,,
40489,,,Albit,Albit,Vereinigte Staaten von Amerika (USA),Michigan
,40489,Mineral,,Calcit,,
,40489,Mineral,,Epidot,,
,40489,Mineral,,Albit,,
,40489,Rock,,Basalt s.l.,,
41009,,,Sphalerit,Sphalerit,Vereinigte Staaten von Amerika (USA),Missouri
,41009,Mineral,,Sphalerit,,
,41009,Ore,,Zn-Sulfid-Erz - MVT,,
,41009,Mineral,,Markasit,,
37198,,,Calcit,Calcit,Schweiz,Bern
,37198,Mineral,,Quarz,,
,37198,Mineral,,Chlorit,,
,37198,Mineral,,Calcit,,
,37198,Mineral,,Pyrit,,
,37198,Mineral,,Feldspat,,
,37198,Rock,,Granit,,
41293,,,Gratonit,Gratonit,Peru,
,41293,Ore,,Pb-Sulfarseniderz - Gang-Typ,,
,41293,Mineral,,Pyrit,,
,41293,Mineral,,Gratonit,,
42642,,,Ilvait,Ilvait,Italien,Toscana
,42642,Mineral,,Ilvait,,
,42642,Rock,,Pyroxenfels,,
36249,,,Gips,Gips,Schweiz,Uri
,36249,Mineral,,Anhydrit,,
,36249,Mineral,,Gips,,
,36249,Rock,,Gips,,
42876,,,Chromit,Chromit,Simbabwe / Zimbabwe,Midlands
,42876,Mineral,,Chromit,,
,42876,Ore,,Cr-Erz - kontinental mafisch-magmatisch,,
,42876,Mineral,,Spinell,,
,42876,Mineral,,Picotit,,
42748,,,Pyrit,Pyrit,Südafrika,Gauteng / Rhawuti
,42748,Rock,,Konglomerat,,
,42748,Ore,,Au-U-Konglomerat - Witwatersrand-Typ,,
,42748,Mineral,,Pyrit,,
48119,,Rock,Olivinfels,,Schweiz,Tessin
,48119,Mineral,,Olivin,,
,48119,Rock,,Olivinfels,,
,48119,Mineral,,Tremolit,,
,48119,Mineral,,Chlorit,,
,48119,Mineral,,Talk,,
,48119,Mineral,,Olivin allgemein Orthopyroxen,,
42129,,,Wolframit,Wolframit,Bolivien,Potosí (Potosi)
,42129,Ore,,Wolframit-Erz - Gang-Typ,,
,42129,Mineral,,Wolframit,,
33822,,,Quarz,Quarz,Australien,Queensland
,33822,Mineral,,Quarz,,
,33822,Mineral,,Pyromorphit,,
,33822,Mineral,,Goethit,,
,33822,Ore,,Fe-Erz limonitisch - Eiserner Hut,,
39141,,Ore,Reduktionshof,,Schweiz,Aargau
,39141,Mineral,,Pechblende Roscoelith,,
,39141,Ore,,Reduktionshof,,
,39141,Mineral,,Uraninit,,
53931,,Ore,Bauxit,Bauxit,Schweiz,Bern
,53931,Ore,,Bauxit,,
,53931,Mineral,,Magnetit,,
42333,,Rock,Grünschiefer,,Schweiz,Graubünden
,42333,Mineral,,Chlorit,,
,42333,Mineral,,Epidot,,
,42333,Mineral,,Albit,,
,42333,Mineral,,Amphibol,,
,42333,Rock,,Grünschiefer,,
41252,,,Bornit,Bornit,Peru,Lima
,41252,Ore,,Cu-Sulfid-Erz - Gang-Typ,,
,41252,Mineral,,Bornit,,
,41252,Mineral,,Chalkopyrit,,
8439,,Rock,Serpentinit,,Deutschland,Sachsen
,8439,Mineral,,undefiniert,,
,8439,Mineral,,Serpentin,,
,8439,Rock,,Serpentinit,,
40324,,Ore,"Fe-Erz, pisolithisch",,Schweiz,Bern
,40324,Ore,,"Fe-Erz, pisolithisch",,
,40324,Mineral,,Chamosit,,
,40324,Mineral,,Hämatit,,
34522,,,Fluorit,Fluorit,Schweiz,Uri
,34522,Mineral,,Chlorit,,
,34522,Rock,,Granit,,
,34522,Mineral,,Fluorit,,
,34522,Mineral,,Quarz,,
42557,,,Sphalerit,Sphalerit,Deutschland,Baden-Württemberg
,42557,Mineral,,Quarz,,
,42557,Rock,,tektonische Brekzie,,
,42557,Mineral,,Sphalerit,,
,42557,Mineral,,Dolomit,,
,42557,Ore,,Pb-Zn-Sulfid-Erz - Gang-Typ,,
,42557,Mineral,,Galenit,,
40964,,,Chalkopyrit,Chalkopyrit,Türkei,
,40964,Ore,,Cu-Sulfid-Erz - Zypern-Typ,,
,40964,Mineral,,Magnetit,,
,40964,Mineral,,Chalkopyrit,,
,40964,Mineral,,Pyrit,,
31085,,Ore,Black ore (Kuroko) - Kuroko-Typ,,Japan,Akita
,31085,Mineral,,Chalkopyrit,,
,31085,Mineral,,Sphalerit,,
,31085,Mineral,,Tetraedrit,,
,31085,Mineral,,Pyrit,,
,31085,Ore,,Black ore (Kuroko) - Kuroko-Typ,,
6734,,,Hausmannit,Hausmannit,Schweiz,St. Gallen
,6734,Ore,,Fe-Erz hämatitisch - SEDEX,,
,6734,Mineral,,Hausmannit,,
41114,,,Markasit,Markasit,Vereinigte Staaten von Amerika (USA),Missouri
,41114,Mineral,,Markasit,,
,41114,Rock,,Impaktbrekzie,,
38779,,Ore,Cu-Sulfid-Erz - Kupferschiefer-Typ,,Deutschland,Thüringen
,38779,Ore,,Cu-Sulfid-Erz - Kupferschiefer-Typ,,
,38779,Rock,,Mergelschiefer,,
38168,,,Hornblende,Hornblende,Schweiz,Tessin
,38168,Mineral,,undefiniert,,
,38168,Mineral,,Hornblende,,
,38168,Rock,,Granat-Hornblende-Garbenschiefer,,
41152,,,Kyanit,Kyanit,Kanada,Ontario
,41152,Rock,,Gneis s.l.,,
,41152,Mineral,,Kyanit,,
,41152,Mineral,,Biotit,,
40829,,,Goethit,Goethit,Spanien,Galicia
,40829,Ore,,Fe-Erz limonitisch - Eiserner Hut,,
,40829,Mineral,,Goethit,,
42573,,,Fluorit,Fluorit,Deutschland,Baden-Württemberg
,42573,Mineral,,Baryt,,
,42573,Mineral,,Fluorit,,
,42573,Ore,,Barytgang - Ba-F-Formation,,
,42573,Mineral,,Asbolan,,
32158,,Ore,Fe-Erz hämatitisch - SEDEX,,Schweiz,St. Gallen
,32158,Ore,,Fe-Erz hämatitisch - SEDEX,,
,32158,Mineral,,Hämatit,,
,32158,Mineral,,Magnetit,,
41583,,Ore,Sn-Seife,Sn-Seife,Malaysia,
,41583,Mineral,,Kassiterit,,
,41583,Ore,,Sn-Seife,,
39075,,Ore,Reduktionshof,,Schweiz,Aargau
,39075,Ore,,Reduktionshof,,
,39075,Mineral,,Roscoelith,,
11511,,Rock,Gips,,Schweiz,Tessin
,11511,Rock,,Gips,,
,11511,Mineral,,Gips,,
42904,,,Phlogopit,Phlogopit,Südafrika,Northern Cape / Noord-Kaap / Mntla-Koloni / Nyakatho-Kapa
,42904,Mineral,,Olivin allgemein,,
,42904,Mineral,,Phlogopit,,
,42904,Rock,,Kimberlit phlogopitführend - allgemein,,
,42904,Mineral,,Olivin,,
,42904,Mineral,,Ilmenit,,
42415,,,Limonit,Limonit,Frankreich,Moselle
,42415,Mineral,,undef. Eisenhydroxid,,
,42415,Mineral,,Limonit,,
,42415,Rock,,Eisenoolith,,
,42415,Ore,,Fe-Oolith - Allgemein,,
40311,,Ore,Fe-Oolith hämatitisch,,Spanien,Castilla y León (Castilla y Leon)
,40311,Mineral,,Hämatit,,
,40311,Ore,,Fe-Oolith hämatitisch,,
41024,,,Galenit,Galenit,Vereinigte Staaten von Amerika (USA),Missouri
,41024,Ore,,Pb-Sulfid-Erz - MVT,,
,41024,Rock,,Sandstein,,
,41024,Mineral,,Galenit,,
39083,,Ore,Reduktionshof,,Schweiz,Aargau
,39083,Mineral,,Rammelsbergit,,
,39083,Ore,,Reduktionshof,,
,39083,Mineral,,Roscoelith,,
38699,,Rock,SiO2-zementierte tektonische Brekzie,,Schweiz,
,38699,Mineral,,Quarz,,
,38699,Rock,,SiO2-zementierte tektonische Brekzie,,
36153,,,Calcit,Calcit,Schweiz,Bern
,36153,Mineral,,Calcit,,
,36153,Rock,,Kies,,
32157,,Ore,Fe-Erz hämatitisch - SEDEX,,Schweiz,St. Gallen
,32157,Mineral,,Magnetit,,
,32157,Mineral,,Pyrit,,
,32157,Mineral,,Hämatit,,
,32157,Ore,,Fe-Erz hämatitisch - SEDEX,,
32704,,Ore,Co-Cu-Sulfarseniderz - metamorph,,Schweiz,Wallis
,32704,Mineral,,Chloanthit Siderit,,
,32704,Ore,,Co-Cu-Sulfarseniderz - metamorph,,
,32704,Mineral,,Nickel-Skutterudit,,
,32704,Mineral,,Annabergit,,
39618,,,Calcit,Calcit,Schweiz,Bern
,39618,Mineral,,Calcit,,
,39618,Rock,,Kalktuff,,
33139,,,Bitumen,Bitumen,Schweiz,Bern
,33139,Rock,,Siltstein,,
,33139,Mineral,,Quarz,,
,33139,Mineral,,Bitumen,,
42109,,,Akanthit,Akanthit,Mexiko,México (Mexico)
,42109,Ore,,Ag-Sulfid-Erz - Gang-Typ,,
,42109,Mineral,,Pyrit,,
,42109,Mineral,,Akanthit,,
31409,,,Schröckingerit,Schröckingerit,Schweiz,Bern
,31409,Mineral,,Schröckingerit,,
,31409,Rock,,Granitisches Gestein,,
42367,,,Stibnit,Stibnit,Südafrika,Limpopo
,42367,Mineral,,Stibnit,,
,42367,Ore,,Sb-Sulfid-Erz - Gang-Typ,,
40790,,,Kupfer,Kupfer,Vereinigte Staaten von Amerika (USA),Michigan
,40790,Rock,,Konglomerat,,
,40790,Mineral,,Kupfer,,
,40790,Ore,,Cu-Metall-Erz - Michigan-Typ,,
39099,,Ore,Reduktionshof,,Schweiz,Aargau
,39099,Mineral,,Nickelin,,
,39099,Ore,,Reduktionshof,,
,39099,Mineral,,Rammelsbergit,,
30450,,Ore,Zn-Sulfid-Erz - Gang-Typ,,Kanada,Ontario
,30450,Mineral,,Sphalerit,,
,30450,Mineral,,Pyrit,,
,30450,Ore,,Zn-Sulfid-Erz - Gang-Typ,,
38598,,,Montmorillonit,Montmorillonit,Vereinigte Staaten von Amerika (USA),Florida
,38598,Rock,,Bentonit,,
,38598,Mineral,,Montmorillonit,,
34468,,,Quarz,Quarz,Schweiz,Uri
,34468,Mineral,,Chlorit,,
,34468,Mineral,,Quarz,,
,34468,Mineral,,Adular,,
,34468,Mineral,,Orthoklas,,
,34468,Rock,,Granit,,
41330,,,Revoredoit,Revoredoit,Peru,
,41330,Mineral,,Revoredoit,,
,41330,Ore,,Pb-Sulfarseniderz - Gang-Typ,,
42391,,,Apatit,Apatit,Marokko,Béni Mellal-Khénifra (Beni Mellal-Khenifra)
,42391,Rock,,Kalkstein,,
,42391,Ore,,Phosphorit marin,,
,42391,Mineral,,Phosphorit,,
,42391,Mineral,,Apatit,,
32319,,Ore,Mo-Sulfid-Erz - Gang-Typ,,Schweiz,Bern
,32319,Ore,,Mo-Sulfid-Erz - Gang-Typ,,
,32319,Mineral,,Molybdänit,,
34436,,Rock,Granit,,Schweiz,Uri
,34436,Mineral,,Quarz,,
,34436,Mineral,,Chlorit,,
,34436,Rock,,Granit,,
,34436,Mineral,,Epidot,,
32495,,Ore,Co-Cu-Sulfarseniderz - metamorph,,Schweiz,Wallis
,32495,Ore,,Co-Cu-Sulfarseniderz - metamorph,,
,32495,Mineral,,Quarz,,
,32495,Mineral,,Arsenopyrit,,
41326,,,Realgar,Realgar,Peru,
,41326,Mineral,,Gratonit,,
,41326,Ore,,Pb-Sulfarseniderz - Gang-Typ,,
,41326,Mineral,,Revoredoit,,
,41326,Mineral,,Realgar,,
40974,,,Chalkopyrit,Chalkopyrit,Finnland,
,40974,Ore,,Cu-Sulfid-Erz - metamorph,,
,40974,Mineral,,Chalkopyrit,,
,40974,Mineral,,Pyrrhotin,,
33141,,,Calcit,Calcit,Schweiz,Bern
,33141,Mineral,,Calcit,,
,33141,Mineral,,Quarz,,
,33141,Rock,,Sandstein,,
42086,,,Silber,Silber,Mexiko,México (Mexico)
,42086,Mineral,,Sphalerit,,
,42086,Mineral,,Galenit,,
,42086,Mineral,,Silber,,
,42086,Mineral,,Pyrargyrit,,
,42086,Ore,,Ag-Sulfid-Erz - Gang-Typ,,
35320,,Ore,"Au-Erz, pyritisch - Gang-Typ",,Schweiz,Wallis
,35320,Mineral,,Gold,,
,35320,Mineral,,Tetraedrit,,
,35320,Ore,,"Au-Erz, pyritisch - Gang-Typ",,
,35320,Mineral,,Pyrit,,
,35320,Mineral,,Chalkopyrit,,
,35320,Mineral,,Quarz,,
30219,,,Korund,Korund,Südafrika,Northern Cape / Noord-Kaap / Mntla-Koloni / Nyakatho-Kapa
,30219,Rock,,Korund-Eklogit,,
,30219,Mineral,,Rubin Grossular,,
,30219,Mineral,,Korund,,
32124,,Ore,Fe-Oolith - Allgemein,,Schweiz,Bern
,32124,Mineral,,Goethit,,
,32124,Mineral,,Chamosit,,
,32124,Mineral,,Magnetit,,
,32124,Ore,,Fe-Oolith - Allgemein,,
34626,,Rock,Granit,,Schweiz,Uri
,34626,Mineral,,Chlorit,,
,34626,Mineral,,Calcit,,
,34626,Rock,,Granit,,
40580,,,Cerussit,Cerussit,Peru,
,40580,Ore,,"Pb-Sulfid-Erz - Gang-Typ, Oxidationszone",,
,40580,Mineral,,Cerussit,,
,40580,Mineral,,Goethit,,
41299,,,Sphalerit,Sphalerit,Peru,
,41299,Ore,,Zn-Sulfid-Erz - Gang-Typ,,
,41299,Mineral,,Sphalerit,,
42536,,,Baryt,Baryt,Deutschland,Bayern
,42536,Ore,,Fluoritgang - Ba-F-Formation,,
,42536,Mineral,,Baryt,,
41053,,,Magnetit,Magnetit,Vereinigte Staaten von Amerika (USA),Missouri
,41053,Mineral,,Hämatit,,
,41053,Ore,,Fe-Erz magnetitisch - Skarn-Typ,,
,41053,Mineral,,Epidot,,
,41053,Mineral,,Magnetit,,
31083,,,Cuprit,Cuprit,Peru,Lima
,31083,Ore,,Cu-Oxiderz (inkl. Karbonate etc.) - Oxidationszone,,
,31083,Mineral,,Cuprit,,
,31083,Mineral,,Malachit,,
,31083,Mineral,,Azurit,,
,31083,Mineral,,Kupfer,,
38978,,Rock,Tonschiefer,,Deutschland,Niedersachsen
,38978,Rock,,Tonschiefer,,
,38978,Mineral,,Pyrit,,
32049,,,"Fe-Erz, pisolithisch",,Schweiz,
,32049,Ore,,"Fe-Erz, pisolithisch",,
,32049,Mineral,,Limonit,,
,32049,Mineral,,undef. Eisenhydroxid,,
32614,,Ore,Cu-Sulfid-Erz - Gang-Typ,,Schweiz,Wallis
,32614,Mineral,,Chalkopyrit,,
,32614,Mineral,,Fahlerz,,
,32614,Ore,,Cu-Sulfid-Erz - Gang-Typ,,
40351,,,Chalkopyrit,Chalkopyrit,Vereinigte Staaten von Amerika (USA),Missouri
,40351,Ore,,Cu-Sulfid-Erz - MVT,,
,40351,Mineral,,Chalkopyrit,,
39236,,,Clausthalit,Clausthalit,Schweiz,Aargau
,39236,Mineral,,Pechblende Clausthalit,,
,39236,Mineral,,Uraninit,,
,39236,Mineral,,Roscoelith,,
,39236,Mineral,,Covellin,,
,39236,Ore,,Reduktionshof,,
40185,,Rock,SiO2-zementierte tektonische Brekzie,,Schweiz,Wallis
,40185,Mineral,,Pyrit,,
,40185,Mineral,,Molybdänit,,
,40185,Rock,,SiO2-zementierte tektonische Brekzie,,
29347,,Rock,Olivin-Websterit,,Südafrika,Gauteng / Rhawuti
,29347,Mineral,,Diopsid,,
,29347,Rock,,Olivin-Websterit,,
,29347,Mineral,,Granat,,
39204,,,Calcit,Calcit,Schweiz,Aargau
,39204,Mineral,,Calcit,,
,39204,Ore,,Reduktionshof,,
40935,,,Sphalerit,Sphalerit,Deutschland,Baden-Württemberg
,40935,Ore,,Pb-Zn-Sulfid-Erz - MVT,,
,40935,Mineral,,Calcit,,
,40935,Mineral,,Sphalerit,,
32398,,Ore,Pb-Sulfid-Erz - Gang-Typ,,Schweiz,Wallis
,32398,Ore,,Pb-Sulfid-Erz - Gang-Typ,,
,32398,Mineral,,Galenit,,
48131,,Rock,Amphibolit,,Schweiz,Tessin
,48131,Mineral,,Hornblende,,
,48131,Rock,,Amphibolit,,
,48131,Mineral,,Zoisit,,
,48131,Mineral,,Plagioklas,,
,48131,Mineral,,Ilmenit,,
42204,,,Chalkopyrit,Chalkopyrit,Australien,Queensland
,42204,Mineral,,Chalkopyrit,,
,42204,Ore,,Cu-Sulfid-Erz - SEDEX,,
8441,,Rock,Serpentinit,,Schweiz,Wallis
,8441,Mineral,,Serpentin,,
,8441,Rock,,Serpentinit,,
,8441,Mineral,,Magnetit,,
36414,,,Ankerit,Ankerit,Schweiz,Uri
,36414,Mineral,,Sagenit Ilmenit,,
,36414,Mineral,,Rutil,,
,36414,Mineral,,Pyrit,,
,36414,Rock,,Gneis s.l.,,
,36414,Mineral,,Ankerit,,
,36414,Mineral,,Rutil,,
41295,,,Gratonit,Gratonit,Peru,
,41295,Mineral,,Gratonit,,
,41295,Mineral,,Pyrit,,
,41295,Ore,,Pb-Sulfarseniderz - Gang-Typ,,
41150,,,Magnetit,Magnetit,Kanada,Ontario
,41150,Mineral,,Quarz,,
,41150,Mineral,,Magnetit,,
,41150,Ore,,Fe-Oxid-Erz - Superior-BIF,,
41119,,,Muskovit,Muskovit,Vereinigte Staaten von Amerika (USA),Missouri
,41119,Rock,,Granitpegmatit,,
,41119,Mineral,,Muskovit,,
,41119,Mineral,,Quarz,,
,41119,Mineral,,Orthoklas,,
42106,,,Galenit,Galenit,Mexiko,
,42106,Mineral,,Pyrit,,
,42106,Ore,,Ag-Sulfid-Erz - Gang-Typ,,
,42106,Mineral,,Chalkopyrit,,
,42106,Mineral,,Galenit,,
32611,,Ore,Cu-Sulfid-Erz - Gang-Typ,,Schweiz,Wallis
,32611,Mineral,,Chalkopyrit,,
,32611,Mineral,,Fahlerz,,
,32611,Mineral,,Pyrit,,
,32611,Ore,,Cu-Sulfid-Erz - Gang-Typ,,
30167,,,Jadeit,Jadeit,Schweiz,Bern
,30167,Rock,,Jadeitite,,
,30167,Mineral,,Jadeit,,
43251,,,Cuprit,Cuprit,Peru,Lima
,43251,Mineral,,Azurit,,
,43251,Mineral,,Cuprit,,
,43251,Mineral,,Kupfer,,
,43251,Mineral,,Malachit,,
,43251,Ore,,Cu-Oxiderz (inkl. Karbonate etc.) - Oxidationszone,,
,43251,Mineral,,Limonit,,
,43251,Mineral,,undef. Eisenhydroxid,,
40899,,,Galenit,Galenit,Deutschland,Nordrhein-Westfalen
,40899,Mineral,,Quarz,,
,40899,Mineral,,Galenit,,
,40899,Mineral,,Pyrit,,
,40899,Mineral,,Sphalerit,,
,40899,Ore,,Pb-Zn-Sulfid-Erz - Gang-Typ,,
41447,,,Magnetit,Magnetit,Chile,
,41447,Mineral,,Magnetit,,
,41447,Ore,,Fe-Oxid-Erz extrusiv,,
,41447,Mineral,,Apatit,,
32609,,Ore,Cu-Sulfid-Erz - Gang-Typ,,Schweiz,Wallis
,32609,Mineral,,Quarz,,
,32609,Mineral,,Chalkopyrit,,
,32609,Mineral,,Siderit,,
,32609,Ore,,Cu-Sulfid-Erz - Gang-Typ,,
,32609,Mineral,,Fahlerz,,
38743,,Rock,Granit,,Schweiz,Bern
,38743,Rock,,Granit,,
,38743,Mineral,,Ankerit,,
32214,,Rock,Tonschiefer,,Schweiz,Bern
,32214,Rock,,Tonschiefer,,
,32214,Mineral,,Pyrit,,
42733,,Ore,Au-U-Konglomerat - Witwatersrand-Typ,,Südafrika,Gauteng / Rhawuti
,42733,Rock,,Konglomerat,,
,42733,Ore,,Au-U-Konglomerat - Witwatersrand-Typ,,
41072,,,Sphalerit,Sphalerit,Vereinigte Staaten von Amerika (USA),Colorado
,41072,Mineral,,Pyrit,,
,41072,Mineral,,Sphalerit,,
,41072,Ore,,Zn-Sulfid-Erz - Karbonatverdrängung,,
39074,,Ore,Reduktionshof,,Schweiz,Aargau
,39074,Mineral,,Altait,,
,39074,Mineral,,Maucherit,,
,39074,Ore,,Reduktionshof,,
,39074,Mineral,,Clausthalit,,
,39074,Mineral,,Coffinit,,
,39074,Mineral,,Chalkosin,,
41373,,,Hübnerit,Hübnerit,Peru,Ancash / Ankashu / Anqash
,41373,Mineral,,Hübnerit,,
,41373,Ore,,Wolframit-Erz - Gang-Typ,,
11483,,,Bornit,Bornit,Schweiz,Glarus
,11483,Mineral,,Malachit,,
,11483,Ore,,Cu-Sulfid-Erz - Redbed-Typ,,
,11483,Mineral,,Bornit,,
10939,,Ore,Fe-Erz limonitisch - Raseneisenerz,,Deutschland,Sachsen
,10939,Ore,,Fe-Erz limonitisch - Raseneisenerz,,
,10939,Mineral,,undef. Eisenhydroxid,,
,10939,Mineral,,Limonit,,
42186,,Rock,Tephrit,,Deutschland,Baden-Württemberg
,42186,Mineral,,Olivin,,
,42186,Rock,,Tephrit,,
,42186,Mineral,,Olivin allgemein,,
,42186,Mineral,,Augit,,
42554,,,Markasit,Markasit,Deutschland,Baden-Württemberg
,42554,Mineral,,Markasit,,
,42554,Ore,,Zn-Sulfid-Erz - Gang-Typ,,
,42554,Mineral,,Sphalerit,,
33964,,Rock,Granit,,Schweiz,Bern
,33964,Mineral,,Calcit,,
,33964,Mineral,,Allanit-(Ce),,
,33964,Rock,,Granit,,
43088,,,Mineral nicht bestimmt,Mineral nicht bestimmt,Vereinigte Staaten von Amerika (USA),Missouri
,43088,Mineral,,(s. Objektbem.),,
,43088,Mineral,,Mineral nicht bestimmt,,
,43088,Ore,,noch nicht angegeben,,
34433,,,Quarz,Quarz,Schweiz,Uri
,34433,Mineral,,Quarz,,
,34433,Mineral,,Adular Chlorit,,
,34433,Mineral,,Titanit,,
,34433,Rock,,Granit,,
,34433,Mineral,,Epidot,,
,34433,Mineral,,Orthoklas,,
,34433,Mineral,,Bavenit,,
42236,,,Magnetit,Magnetit,Schweden,Uppsala län
,42236,Mineral,,Magnetit,,
,42236,Ore,,Fe-Erz magnetitisch - Skarn-Typ,,
40312,,Ore,Fe-Oolith hämatitisch,,Spanien,
,40312,Mineral,,Hämatit,,
,40312,Ore,,Fe-Oolith hämatitisch,,
29811,,Ore,Zn-Sulfid-Erz - metamorph,,Schweiz,Uri
,29811,Mineral,,Quarz,,
,29811,Ore,,Zn-Sulfid-Erz - metamorph,,
,29811,Mineral,,Ankerit,,
,29811,Mineral,,Sphalerit,,
,29811,Mineral,,Pyrrhotin,,
,29811,Mineral,,Chalkopyrit,,
42202,,,Tenorit,Tenorit,Australien,Queensland
,42202,Mineral,,Tenorit,,
,42202,Rock,,Dolomitmergel,,
,42202,Mineral,,Malachit,,
,42202,Ore,,Cu-Sulfid-Erz - SEDEX,,
39490,,,Omphacit,Omphacit,Schweiz,
,39490,Mineral,,Omphacit,,
,39490,Rock,,Metagabbro - Eklogitfaziell,,
42627,,,Magnetit,Magnetit,Italien,Piemonte
,42627,Mineral,,Pyrit,,
,42627,Mineral,,Magnetit,,
,42627,Ore,,Fe-Erz magnetitisch - Skarn-Typ,,
,42627,Mineral,,undefiniert,,
,42627,Mineral,,Serpentin,,
,42627,Mineral,,Pyrrhotin,,
41197,,,Tetraedrit,Tetraedrit,Peru,
,41197,Mineral,,Chalkopyrit,,
,41197,Mineral,,Quarz,,
,41197,Ore,,Pb-Zn-Cu-Sulfid-Erz - Gang-Typ,,
,41197,Mineral,,Tetraedrit,,
,41197,Mineral,,Galenit,,
41332,,,Revoredoit,Revoredoit,Peru,
,41332,Mineral,,Revoredoit,,
,41332,Ore,,Pb-Sulfarseniderz - Gang-Typ,,
29400,,Rock,Kimberlit phlogopitführend - allgemein,,Südafrika,Northern Cape / Noord-Kaap / Mntla-Koloni / Nyakatho-Kapa
,29400,Mineral,,Forsterit,,
,29400,Mineral,,Phlogopit,,
,29400,Rock,,Kimberlit phlogopitführend - allgemein,,
,29400,Mineral,,Pyrop,,
,29400,Mineral,,Calcit,,
39894,,,Serpentin,Serpentin,Deutschland,Sachsen
,39894,Mineral,,undefiniert,,
,39894,Rock,,Serpentinit,,
,39894,Mineral,,Serpentin,,
40834,,,Pyrit,Pyrit,Spanien,Andalucía (Andalucia)
,40834,Mineral,,Tetraedrit,,
,40834,Mineral,,Sphalerit,,
,40834,Ore,,"Pyrit, massiv - SEDEX",,
,40834,Mineral,,Pyrit,,
,40834,Mineral,,Galenit,,
,40834,Mineral,,Chalkopyrit,,
41008,,,Sphalerit,Sphalerit,Vereinigte Staaten von Amerika (USA),Missouri
,41008,Mineral,,Markasit,,
,41008,Ore,,Zn-Sulfid-Erz - MVT,,
,41008,Mineral,,Sphalerit,,
34169,,Rock,noch nicht angegeben,,Schweiz,Uri
,34169,Mineral,,Mineral nicht bestimmt,,
,34169,Rock,,noch nicht angegeben,,
,34169,Mineral,,(s. Objektbem.),,
31456,,,Rutil,Rutil,Schweiz,Bern
,31456,Rock,,Granodiorit,,
,31456,Mineral,,Monazit-(Ce),,
,31456,Mineral,,Rutil,,
40762,,,Kupfer,Kupfer,Vereinigte Staaten von Amerika (USA),Michigan
,40762,Mineral,,Kupfer,,
,40762,Rock,,Basalt s.l.,,
,40762,Mineral,,Calcit,,
,40762,Ore,,Cu-Metall-Erz - Michigan-Typ,,
40833,,,Pyrit,Pyrit,Spanien,Andalucía (Andalucia)
,40833,Mineral,,Chalkopyrit,,
,40833,Mineral,,Arsenopyrit,,
,40833,Mineral,,Pyrit,,
,40833,Mineral,,Sphalerit,,
,40833,Ore,,"Pyrit, massiv - SEDEX",,
41581,,,Zirkon,Zirkon,Malaysia,
,41581,Mineral,,Monazit-(Ce),,
,41581,Mineral,,Zirkon,,
,41581,Ore,,Sn-Seife,,
42478,,,Quarz,Quarz,Deutschland,Sachsen
,42478,Mineral,,Quarz,,
,42478,Ore,,Pb-Zn-Sulfid-Erz - Gang-Typ,,
,42478,Mineral,,Sphalerit,,
,42478,Mineral,,Galenit,,
40928,,,Chalkopyrit,Chalkopyrit,Deutschland,Bayern
,40928,Mineral,,Chalkopyrit,,
,40928,Mineral,,Quarz,,
,40928,Ore,,Cu-Sulfid-Erz - Gang-Typ,,
,40928,Mineral,,Pyrit,,
42424,,,Quarz,Quarz,Slowakei,Banskobystrický (Banskobystricky )
,42424,Rock,,tektonische Brekzie,,
,42424,Mineral,,Eisenkiesel,,
,42424,Mineral,,Quarz,,
32654,,Ore,Co-Cu-Sulfarseniderz - metamorph,,Schweiz,Wallis
,32654,Mineral,,Baryt,,
,32654,Mineral,,Galenit,,
,32654,Ore,,Co-Cu-Sulfarseniderz - metamorph,,
,32654,Mineral,,Fahlerz,,
41437,,,Chalkopyrit,Chalkopyrit,Peru,Moquegua / Moqwegwa / Muqiwa
,41437,Mineral,,Chalkopyrit,,
,41437,Ore,,Cu-Sulfid-Erz - Porphyr-Typ,,
42383,,,Quecksilber,Quecksilber,Vereinigte Staaten von Amerika (USA),California
,42383,Mineral,,Cinnabarit,,
,42383,Mineral,,Quecksilber,,
,42383,Ore,,Hg-Sulfid-Erz - Gang-Typ,,
42058,,,Sphalerit,Sphalerit,Mexiko,México (Mexico)
,42058,Mineral,,Galenit,,
,42058,Mineral,,Sphalerit,,
,42058,Mineral,,Akanthit,,
,42058,Ore,,Ag-Sulfid-Erz - Gang-Typ,,
41357,,,Galenit,Galenit,Peru,Lima
,41357,Mineral,,Galenit,,
,41357,Ore,,Pb-Sulfid-Erz - Gang-Typ,,
,41357,Mineral,,Quarz,,
42463,,,Sphalerit,Sphalerit,Tschechien,Středočeský (Stredocesky )
,42463,Ore,,Zn-Sulfid-Erz - Gang-Typ,,
,42463,Mineral,,Bournonit,,
,42463,Mineral,,Sphalerit,,
48130,,Rock,Eklogit,,Schweiz,Tessin
,48130,Mineral,,Kyanit,,
,48130,Mineral,,Granat,,
,48130,Rock,,Eklogit,,
,48130,Mineral,,Omphacit,,
,48130,Mineral,,Zoisit,,
32054,,Ore,Fe-Oolith - Allgemein,,Schweiz,Solothurn
,32054,Mineral,,undef. Eisenhydroxid,,
,32054,Mineral,,Limonit,,
,32054,Ore,,Fe-Oolith - Allgemein,,
6955,,,Fahlerz,Fahlerz,Schweiz,Wallis
,6955,Mineral,,Quarz,,
,6955,Mineral,,Dolomit,,
,6955,Mineral,,Fahlerz,,
,6955,Ore,,Co-Cu-Sulfarseniderz - metamorph,,
,6955,Mineral,,Chalkopyrit,,
39250,,Ore,Reduktionshof,,Grossbritannien / Vereinigtes Königreich,England
,39250,Mineral,,Roscoelith,,
,39250,Ore,,Reduktionshof,,
41306,,,Revoredoit,Revoredoit,Peru,
,41306,Mineral,,Revoredoit,,
,41306,Ore,,Pb-Sulfarseniderz - Gang-Typ,,
43257,,,Limonit,Limonit,Peru,Lima
,43257,Mineral,,undef. Eisenhydroxid Malachit,,
,43257,Mineral,,Azurit,,
,43257,Ore,,Cu-Oxiderz (inkl. Karbonate etc.) - Oxidationszone,,
,43257,Mineral,,Limonit,,
42069,,,Silber,Silber,Mexiko,México (Mexico)
,42069,Mineral,,Akanthit,,
,42069,Ore,,Ag-Sulfid-Erz - Gang-Typ,,
,42069,Mineral,,Silber,,
35983,,,Chlorit,Chlorit,Schweiz,Uri
,35983,Mineral,,Apatit,,
,35983,Mineral,,Calcit,,
,35983,Mineral,,Chlorit,,
,35983,Rock,,Gneis s.l.,,
29376,,,Diopsid,Diopsid,Vereinigte Staaten von Amerika (USA),Colorado
,29376,Rock,,Kimberlit phlogopitführend - allgemein,,
,29376,Mineral,,Chromdiopsid,,
,29376,Mineral,,Diopsid,,
33498,,,Baryt,Baryt,Schweiz,Wallis
,33498,Mineral,,Phlogopit,,
,33498,Mineral,,Dolomit,,
,33498,Mineral,,Baryt,,
,33498,Rock,,Dolomit,,
41333,,,Revoredoit,Revoredoit,Peru,
,41333,Mineral,,Revoredoit,,
,41333,Ore,,Pb-Sulfarseniderz - Gang-Typ,,
32005,,Ore,"Fe-Erz, pisolithisch",,Schweiz,Jura
,32005,Ore,,"Fe-Erz, pisolithisch",,
,32005,Mineral,,undef. Eisenhydroxid,,
,32005,Mineral,,Limonit,,
31116,,Ore,Fe-Oxid-Erz extrusiv,,Chile,
,31116,Mineral,,Magnetit,,
,31116,Mineral,,Hämatit,,
,31116,Ore,,Fe-Oxid-Erz extrusiv,,
41358,,,Sphalerit,Sphalerit,Peru,Lima
,41358,Mineral,,Sphalerit,,
,41358,Mineral,,Chalkopyrit,,
,41358,Ore,,Zn-Sulfid-Erz - Skarn-Typ,,
,41358,Mineral,,Vesuvian (Vesuvianit),,
6947,,,Bismuthinit,Bismuthinit,Schweiz,Wallis
,6947,Ore,,Co-Cu-Sulfarseniderz - metamorph,,
,6947,Mineral,,Pyrit,,
,6947,Mineral,,Chalkopyrit,,
,6947,Mineral,,Bismuthinit,,
40142,,,Quarz,Quarz,Australien,New South Wales
,40142,Rock,,Basalt s.l.,,
,40142,Mineral,,Quarz,,
,40142,Mineral,,Chalcedon/Chert,,
40961,,,Cinnabarit,Cinnabarit,Slowenien,
,40961,Mineral,,Cinnabarit,,
,40961,Ore,,Hg-Sulfiderz - hydrothermal,,
32137,,Ore,Fe-Oolith - Allgemein,,Schweiz,
,32137,Mineral,,Hämatit,,
,32137,Ore,,Fe-Oolith - Allgemein,,
40956,,,Sphalerit,Sphalerit,Italien,Sardegna
,40956,Mineral,,Sphalerit,,
,40956,Ore,,Zn-Sulfid-Erz - MVT,,
,40956,Mineral,,Pyrit,,
40152,,,Quarz,Quarz,Australien,New South Wales
,40152,Rock,,Basalt s.l.,,
,40152,Mineral,,Quarz,,
,40152,Mineral,,Chalcedon/Chert,,
29355,,,Pyrop,Pyrop,Südafrika,Free State / Vrystaat / Freyistata / Fuleyisitata
,29355,Mineral,,Ilmenit,,
,29355,Mineral,,Forsterit,,
,29355,Mineral,,Pyrop,,
,29355,Mineral,,Diopsid,,
,29355,Rock,,"Kimberlit ""basaltisch"" - allgemein",,
34781,,,Muskovit,Muskovit,Schweiz,Uri
,34781,Mineral,,Muskovit,,
,34781,Mineral,,Calcit,,
,34781,Mineral,,Epidot,,
,34781,Mineral,,Chlorit,,
,34781,Mineral,,Titanit,,
,34781,Rock,,Granit,,
41287,,,Pyrit,Pyrit,Peru,
,41287,Mineral,,Pyrit,,
,41287,Ore,,Pyrit-Erz - Gang-Typ,,
11446,,,Bornit,Bornit,Schweiz,Glarus
,11446,Mineral,,Bornit,,
,11446,Ore,,Cu-Sulfid-Erz - Redbed-Typ,,
41286,,,Enargit,Enargit,Peru,
,41286,Ore,,Cu-Sulfid-Erz - Gang-Typ,,
,41286,Mineral,,Enargit,,
43376,,Ore,Fe-Erz hämatitisch - metamorph,Fe-Erz hämatitisch - metamorph,Schweiz,Graubünden
,43376,Mineral,,Siderit,,
,43376,Ore,,Fe-Erz hämatitisch - metamorph,,
,43376,Mineral,,Hämatit,,
43865,,Ore,noch nicht angegeben,noch nicht angegeben,Schweiz,Graubünden
,43865,Mineral,,Magnetit,,
,43865,Mineral,,Hämatit,,
,43865,Ore,,noch nicht angegeben,,
41145,,,Gibbsit,Gibbsit,Frankreich,Var
,41145,Mineral,,Hämatit,,
,41145,Ore,,Bauxit,,
,41145,Mineral,,Gibbsit,,
41143,,,Sphalerit,Sphalerit,Vereinigte Staaten von Amerika (USA),Illinois
,41143,Ore,,Zn-Sulfid-Erz - MVT,,
,41143,Mineral,,Sphalerit,,
,41143,Mineral,,Bitumen,,
,41143,Mineral,,Fluorit,,
31108,,Ore,Ni-Cu-Sulfid-Erz - komatiitisch,,Australien,Western Australia
,31108,Mineral,,Chalkopyrit,,
,31108,Mineral,,Pyrrhotin,,
,31108,Ore,,Ni-Cu-Sulfid-Erz - komatiitisch,,
,31108,Mineral,,Pentlandit,,
38388,,,Cinnabarit,Cinnabarit,Deutschland,Rheinland-Pfalz
,38388,Ore,,Hg-Sulfid-Erz - Gang-Typ,,
,38388,Mineral,,Calcit,,
,38388,Mineral,,Cinnabarit,,
,38388,Mineral,,Pyrit,,
35312,,Ore,"Au-Erz, pyritisch - Gang-Typ",,Schweiz,Wallis
,35312,Ore,,"Au-Erz, pyritisch - Gang-Typ",,
,35312,Mineral,,Tetraedrit,,
,35312,Mineral,,Pyrit,,
,35312,Mineral,,Quarz,,
,35312,Mineral,,Chalkopyrit,,
,35312,Mineral,,Gold,,
32435,,Ore,Pb-Sulfid-Erz - Ba-F-Formation,,Schweiz,Wallis
,32435,Mineral,,Galenit,,
,32435,Ore,,Pb-Sulfid-Erz - Ba-F-Formation,,
,32435,Mineral,,Calcit,,
,32435,Mineral,,Quarz,,
,32435,Mineral,,Sphalerit,,
,32435,Mineral,,Fluorit,,
42325,,Rock,Metabasalt,,Schweiz,Graubünden
,42325,Mineral,,Albit,,
,42325,Mineral,,Quarz,,
,42325,Mineral,,Epidot,,
,42325,Rock,,Metabasalt,,
,42325,Mineral,,Calcit,,
,42325,Mineral,,Chlorit,,
32518,,Ore,Co-Cu-Sulfarseniderz - metamorph,,Schweiz,Wallis
,32518,Mineral,,Azurit,,
,32518,Mineral,,Malachit,,
,32518,Ore,,Co-Cu-Sulfarseniderz - metamorph,,
,32518,Mineral,,Chalkopyrit,,
,32518,Mineral,,Bornit,,
39253,,Ore,Reduktionshof,,Grossbritannien / Vereinigtes Königreich,England
,39253,Ore,,Reduktionshof,,
,39253,Mineral,,Roscoelith,,
42912,,Rock,Kimberlit - allgemein,,Südafrika,Gauteng / Rhawuti
,42912,Mineral,,Ilmenit,,
,42912,Rock,,Kimberlit - allgemein,,
,42912,Mineral,,Phlogopit,,
34390,,,Quarz,Quarz,Schweiz,Uri
,34390,Rock,,Granit,,
,34390,Mineral,,Quarz,,
,34390,Mineral,,Chlorit,,
,34390,Mineral,,Calcit,,
,34390,Mineral,,Muskovit,,
39789,,,Eisen,Eisen,Deutschland,Hessen
,39789,Mineral,,Eisen,,
,39789,Rock,,Basalt s.l.,,
41270,,,Realgar,Realgar,Peru,Huancavelica / Wankawelika / Wankawillka
,41270,Mineral,,Realgar,,
,41270,Ore,,Pb-Cu-Ag-Sb-Bi-As-Sulfiderz - Gang-Typ,,
41858,,Rock,Rhyolith,,Slowakei,Banskobystrický (Banskobystricky )
,41858,Mineral,,Sanidin,,
,41858,Mineral,,Quarz,,
,41858,Rock,,Rhyolith,,
,41858,Mineral,,Biotit,,
41244,,,Chalkopyrit,Chalkopyrit,Peru,Lima
,41244,Ore,,Cu-Sulfid-Erz - Gang-Typ,,
,41244,Mineral,,Chalkopyrit,,
42148,,,Sphalerit,Sphalerit,Bolivien,Potosí (Potosi)
,42148,Ore,,Ag-Sulfid-Erz - Gang-Typ,,
,42148,Mineral,,Sphalerit,,
,42148,Mineral,,Galenit,,
,42148,Mineral,,Silber,,
,42148,Mineral,,Akanthit,,
,42148,Mineral,,Pyrargyrit,,
26964,,Ore,"Au-Erz, pyritisch - Gang-Typ",,Vereinigte Staaten von Amerika (USA),Colorado
,26964,Ore,,"Au-Erz, pyritisch - Gang-Typ",,
,26964,Mineral,,Pyrit,,
,26964,Mineral,,Quarz,,
41821,,,Magnetit,Magnetit,Rumänien,
,41821,Ore,,Fe-Erz magnetitisch - Skarn-Typ,,
,41821,Mineral,,Magnetit,,
,41821,Mineral,,Granat,,
,41821,Mineral,,Calcit,,
,41821,Mineral,,Diopsid,,
,41821,Rock,,Kalksilikatfels,,
48115,,Rock,Peridotit (metamorph),,Italien,Piemonte
,48115,Rock,,Peridotit (metamorph),,
,48115,Mineral,,Serpentin,,
,48115,Mineral,,Tremolit,,
,48115,Mineral,,Talk,,
40353,,,Pyrit,Pyrit,Vereinigte Staaten von Amerika (USA),Missouri
,40353,Mineral,,Chalkopyrit,,
,40353,Mineral,,Dolomit,,
,40353,Mineral,,Pyrit,,
,40353,Ore,,Cu-Sulfid-Erz - MVT,,
36720,,Rock,Gneis s.l.,,Schweiz,Uri
,36720,Mineral,,Calcit,,
,36720,Rock,,Gneis s.l.,,
31478,,,Zirkon,Zirkon,Schweiz,Bern
,31478,Mineral,,Anatas,,
,31478,Rock,,Granit,,
,31478,Mineral,,Brookit,,
,31478,Mineral,,Zirkon,,
43254,,,Limonit,Limonit,Peru,Lima
,43254,Mineral,,Cuprit,,
,43254,Ore,,Cu-Oxiderz (inkl. Karbonate etc.) - Oxidationszone,,
,43254,Mineral,,undef. Eisenhydroxid,,
,43254,Mineral,,Limonit,,
40507,,,Riebeckit,Riebeckit,Südafrika,Northern Cape / Noord-Kaap / Mntla-Koloni / Nyakatho-Kapa
,40507,Mineral,,Quarz,,
,40507,Ore,,Asbest krokydolithisch - Superior-BIF,,
,40507,Mineral,,Riebeckit,,
13575,,,Lizardit,Lizardit,Grossbritannien / Vereinigtes Königreich,England
,13575,Mineral,,Lizardit,,
,13575,Mineral,,Serpentin,,
,13575,Rock,,Serpentinit,,
35319,,Ore,"Au-Erz, pyritisch - Gang-Typ",,Schweiz,Wallis
,35319,Ore,,"Au-Erz, pyritisch - Gang-Typ",,
,35319,Mineral,,Tetraedrit,,
,35319,Mineral,,Chalkopyrit,,
,35319,Mineral,,Gold,,
,35319,Mineral,,Pyrit,,
,35319,Mineral,,Quarz,,
2668,,Rock,Anhydrit,,Schweiz,Waadt
,2668,Mineral,,(s. Objektbemerkung),,
,2668,Rock,,Anhydrit,,
,2668,Mineral,,ohne Namen,,
,2668,Mineral,,Anhydrit,,
41282,,,Enargit,Enargit,Peru,
,41282,Ore,,Cu-Sulfid-Erz - Gang-Typ,,
,41282,Mineral,,Pyrit,,
,41282,Mineral,,Enargit,,
7044,,,Fahlerz,Fahlerz,Schweiz,Wallis
,7044,Mineral,,Fahlerz,,
,7044,Ore,,Cu-Sulfid-Erz - Gang-Typ,,
32313,,Ore,Mo-Sulfid-Erz - Gang-Typ,,Schweiz,Bern
,32313,Ore,,Mo-Sulfid-Erz - Gang-Typ,,
,32313,Mineral,,Molybdänit,,
37667,,Ore,Cu-Sulfid-Erz - Gang-Typ,,Deutschland,Sachsen
,37667,Mineral,,Pyrit,,
,37667,Mineral,,Dolomit,,
,37667,Mineral,,Hämatit,,
,37667,Mineral,,Chalkopyrit,,
,37667,Ore,,Cu-Sulfid-Erz - Gang-Typ,,
,37667,Mineral,,Tetraedrit,,
43258,,,Limonit,Limonit,Peru,Lima
,43258,Mineral,,undef. Eisenhydroxid Malachit,,
,43258,Ore,,Cu-Oxiderz (inkl. Karbonate etc.) - Oxidationszone,,
,43258,Mineral,,Limonit,,
,43258,Mineral,,Azurit,,
39671,,,Quarz,Quarz,Schweiz,Bern
,39671,Rock,,Chert,,
,39671,Mineral,,Quarz,,
,39671,Mineral,,feinkristallin,,
27844,,Ore,Fe-Erz limonitisch - Eiserner Hut,,Schweiz,Wallis
,27844,Mineral,,Lepidokrokit,,
,27844,Mineral,,Goethit,,
,27844,Ore,,Fe-Erz limonitisch - Eiserner Hut,,
42449,,,Sphalerit,Sphalerit,Slowakei,Banskobystrický (Banskobystricky )
,42449,Ore,,Zn-Sulfid-Erz - Gang-Typ,,
,42449,Mineral,,Sphalerit,,
41454,,,Chalkosin,Chalkosin,_Land unbekannt,
,41454,Mineral,,Chalkosin,,
,41454,Ore,,Cu-Sulfid-Erz - zementativ,,
33818,,,Goethit,Goethit,Australien,Tasmania
,33818,Ore,,Fe-Erz limonitisch - Eiserner Hut,,
,33818,Mineral,,Goethit,,
,33818,Mineral,,Krokoit,,
40425,,,Galenit,Galenit,Vereinigte Staaten von Amerika (USA),Missouri
,40425,Rock,,Granit,,
,40425,Ore,,Pb-Sulfid-Erz - MVT,,
,40425,Mineral,,Galenit,,
32511,,Ore,Co-Cu-Sulfarseniderz - metamorph,,Schweiz,Wallis
,32511,Ore,,Co-Cu-Sulfarseniderz - metamorph,,
,32511,Mineral,,Fahlerz,,
40499,,,Epidot,Epidot,Vereinigte Staaten von Amerika (USA),Michigan
,40499,Mineral,,Quarz,,
,40499,Mineral,,Albit,,
,40499,Mineral,,Kupfer,,
,40499,Rock,,Basalt s.l.,,
,40499,Mineral,,Epidot,,
,40499,Ore,,Cu-Metall-Erz - Michigan-Typ,,
41822,,,Hornblende,Hornblende,Schweiz,Wallis
,41822,Ore,,Fe-Erz magnetitisch - metamorph,,
,41822,Mineral,,Hornblende,,
,41822,Mineral,,Magnetit,,
,41822,Rock,,Gneis s.l.,,
,41822,Mineral,,Dolomit,,
,41822,Mineral,,Calcit,,
42582,,,Stibnit,Stibnit,Oesterreich,Kärnten
,42582,Mineral,,Stibnit,,
,42582,Ore,,Sb-Sulfid-Erz - Gang-Typ,,
42504,,Ore,Cu-Sulfid-Erz - Kupferschiefer-Typ,,Deutschland,Sachsen-Anhalt
,42504,Rock,,Tonschiefer,,
,42504,Ore,,Cu-Sulfid-Erz - Kupferschiefer-Typ,,
34717,,,Chlorit,Chlorit,Schweiz,Uri
,34717,Rock,,Granit,,
,34717,Mineral,,Chlorit,,
32390,,Ore,Pb-Zn-Sulfid-Erz - Gang-Typ,,Schweiz,Wallis
,32390,Ore,,Pb-Zn-Sulfid-Erz - Gang-Typ,,
,32390,Mineral,,Sphalerit,,
35304,,Rock,Kalkstein - bituminös,,Schweiz,Neuenburg
,35304,Rock,,Kalkstein - bituminös,,
,35304,Mineral,,Bitumen,,
,35304,Mineral,,Calcit,,
40944,,,Scheelit,Scheelit,Oesterreich,Salzburg
,40944,Ore,,Scheeliterz - metamorph,,
,40944,Mineral,,Scheelit,,
41369,,,Enargit,Enargit,Peru,
,41369,Mineral,,Tetraedrit,,
,41369,Mineral,,Enargit,,
,41369,Mineral,,Bismuthinit,,
,41369,Ore,,Cu-Bi-Sulfiderz - Gang-Typ,,
41493,,,Sphalerit,Sphalerit,Japan,Gifu / Gihu
,41493,Mineral,,Quarz,,
,41493,Ore,,Zn-Sulfid-Erz - Skarn-Typ,,
,41493,Mineral,,Sphalerit,,
,41493,Mineral,,Pyrit,,
41671,,,Forsterit,Forsterit,Südafrika,
,41671,Mineral,,Forsterit,,
,41671,Rock,,Diorit,,
40389,,,Chalkopyrit,Chalkopyrit,Vereinigte Staaten von Amerika (USA),Missouri
,40389,Mineral,,Chalkopyrit,,
,40389,Ore,,Cu-Sulfid-Erz - MVT,,
29456,,Ore,Pb-Zn-Sulfid-Erz - SEDEX,,Schweiz,Bern
,29456,Mineral,,Calcit,,
,29456,Mineral,,Galenit,,
,29456,Mineral,,Pyrit,,
,29456,Ore,,Pb-Zn-Sulfid-Erz - SEDEX,,
,29456,Mineral,,Sphalerit,,
48132,,Rock,Amphibolit,,Schweiz,Tessin
,48132,Mineral,,Hornblende,,
,48132,Mineral,,Plagioklas,,
,48132,Mineral,,undefiniert,,
,48132,Rock,,Amphibolit,,
35315,,Ore,"Au-Erz, pyritisch - Gang-Typ",,Schweiz,Wallis
,35315,Mineral,,Tetraedrit,,
,35315,Mineral,,Pyrit,,
,35315,Mineral,,Chalkopyrit,,
,35315,Mineral,,Quarz,,
,35315,Ore,,"Au-Erz, pyritisch - Gang-Typ",,
,35315,Mineral,,Gold,,
40916,,,Pyrit,Pyrit,Deutschland,Bayern
,40916,Ore,,Sulfid-Erz polymetallisch - metamorph,,
,40916,Mineral,,Quarz,,
,40916,Mineral,,Pyrit,,
40978,,,Sphalerit,Sphalerit,Finnland,
,40978,Mineral,,Sphalerit,,
,40978,Ore,,Zn-Sulfid-Erz - metamorph,,
26982,,Ore,"Fe-Erz, pisolithisch",,Schweiz,Jura
,26982,Ore,,"Fe-Erz, pisolithisch",,
,26982,Mineral,,Goethit,,
,26982,Mineral,,Kaolinit,,
42835,,,Oligoklas,Oligoklas,Südafrika,Gauteng / Rhawuti
,42835,Rock,,Basalt s.l.,,
,42835,Mineral,,Oligoklas,,
22201,,,Serpentin,Serpentin,Italien,Lombardia
,22201,Mineral,,Serpentin,,
,22201,Mineral,,undefiniert,,
,22201,Rock,,Serpentinit,,
32002,,Ore,"Fe-Erz, pisolithisch",,Schweiz,Jura
,32002,Mineral,,Limonit,,
,32002,Ore,,"Fe-Erz, pisolithisch",,
,32002,Mineral,,undef. Eisenhydroxid,,
41001,,,Galenit,Galenit,Irland,Leinster / Laighin
,41001,Mineral,,Galenit,,
,41001,Mineral,,Pyrit,,
,41001,Ore,,Pb-Zn-Sulfid-Erz - SEDEX,,
,41001,Mineral,,Sphalerit,,
32075,,Rock,Sand (s.l.),,Schweiz,Jura
,32075,Mineral,,Quarz,,
,32075,Rock,,Sand (s.l.),,
39154,,Ore,Reduktionshof,,Schweiz,Aargau
,39154,Mineral,,Uraninit,,
,39154,Mineral,,Pechblende Roscoelith,,
,39154,Ore,,Reduktionshof,,
42483,,,Galenit,Galenit,Deutschland,Sachsen
,42483,Ore,,Pb-Zn-Sulfid-Erz - Gang-Typ,,
,42483,Mineral,,Sphalerit,,
,42483,Mineral,,Galenit,,
40576,,,Gips,Gips,Peru,Pasco / Pasqu
,40576,Rock,,Kohle (unbestimmt),,
,40576,Mineral,,Gips,,
,40576,Ore,,V-Erz Mina Ragra Typ,,
,40576,Mineral,,Schwefel,,
41275,,,Sphalerit,Sphalerit,Peru,Junín / Junin / Hunin
,41275,Ore,,Pb-Zn-Sulfid-Erz - Gang-Typ,,
,41275,Mineral,,Galenit,,
,41275,Mineral,,Sphalerit,,
,41275,Mineral,,Baryt,,
42629,,,Hämatit,Hämatit,Italien,Piemonte
,42629,Mineral,,Pyrit,,
,42629,Ore,,Fe-Erz magnetitisch - Skarn-Typ,,
,42629,Mineral,,Hämatit,,
40604,,,Glaukophan,Glaukophan,Schweiz,Wallis
,40604,Rock,,Metabasalt,,
,40604,Mineral,,Glaukophan,,
29384,,Rock,"Glimmerit, Amphibol-reich (Mantelgestein)",,Südafrika,Gauteng / Rhawuti
,29384,Mineral,,Kalium-Richterit,,
,29384,Mineral,,Richterit,,
,29384,Mineral,,Phlogopit,,
,29384,Rock,,"Glimmerit, Amphibol-reich (Mantelgestein)",,
35338,,Rock,Impaktbrekzie - Suevit,,Schweden,Gävleborgs län (Gavleborgs)
,35338,Rock,,Impaktbrekzie - Suevit,,
,35338,Mineral,,Heulandit,,
34441,,,Apophyllit,Apophyllit,Schweiz,Uri
,34441,Mineral,,Laumontit,,
,34441,Mineral,,Chlorit,,
,34441,Mineral,,Quarz,,
,34441,Mineral,,Apophyllit,,
,34441,Rock,,Granit,,
,34441,Mineral,,Apatit,,
19488,,,Erythrin,Erythrin,Schweiz,Wallis
,19488,Ore,,Co-Cu-Sulfarseniderz - metamorph,,
,19488,Mineral,,Erythrin,,
34774,,,Quarz,Quarz,Schweiz,Uri
,34774,Mineral,,Quarz,,
,34774,Rock,,Granit,,
43062,,,Hämatit,Hämatit,Saudi-Arabien,
,43062,Rock,,Sandstein,,
,43062,Mineral,,Hämatit,,
42179,,,Galenit,Galenit,Chile,
,42179,Mineral,,Galenit,,
,42179,Ore,,Ag-Sulfid-Erz - Gang-Typ,,
29807,,Ore,Zn-Sulfid-Erz - metamorph,,Schweiz,Uri
,29807,Mineral,,Chalkopyrit,,
,29807,Mineral,,Pyrrhotin,,
,29807,Ore,,Zn-Sulfid-Erz - metamorph,,
,29807,Mineral,,Sphalerit,,
,29807,Mineral,,Pyrit,,
34377,,,Epidot,Epidot,Schweiz,Uri
,34377,Mineral,,Epidot,,
,34377,Mineral,,Chlorit,,
,34377,Rock,,Granit,,
,34377,Mineral,,Pyrit,,
33976,,Rock,Granit,,Schweiz,Bern
,33976,Rock,,Granit,,
,33976,Mineral,,Epidot,,
,33976,Mineral,,Biotit,,
34599,,,Orthoklas,Orthoklas,Schweiz,Uri
,34599,Mineral,,Calcit,,
,34599,Mineral,,Adular Quarz,,
,34599,Rock,,Granit,,
,34599,Mineral,,Chlorit,,
,34599,Mineral,,Orthoklas,,
,34599,Mineral,,Fluorit,,
32733,,Rock,Amphibolit,,Schweiz,Wallis
,32733,Mineral,,Biotit,,
,32733,Rock,,Amphibolit,,
,32733,Mineral,,Hornblende,,
41441,,,Chalkopyrit,Chalkopyrit,Peru,Moquegua / Moqwegwa / Muqiwa
,41441,Ore,,Cu-Sulfid-Erz - Porphyr-Typ,,
,41441,Mineral,,Chalkopyrit,,
38075,,,Azurit,Azurit,Schweiz,Waadt
,38075,Mineral,,Azurit,,
,38075,Mineral,,Malachit,,
,38075,Rock,,Konglomerat,,
,38075,Mineral,,Chalkopyrit,,
39699,,,Brookit,Brookit,Schweiz,Glarus
,39699,Mineral,,Brookit,,
,39699,Mineral,,Albit,,
,39699,Rock,,Sandstein,,
,39699,Mineral,,Anatas,,
37991,,Rock,Biotit-Pegmatit,,Schweiz,Wallis
,37991,Rock,,Biotit-Pegmatit,,
,37991,Mineral,,Biotit,,
52637,,,Cristobalit,Cristobalit,Vereinigte Staaten von Amerika (USA),California
,52637,Mineral,,Cristobalit,,
,52637,Mineral,,Fayalit,,
,52637,Rock,,Obsidian,,
42342,,Rock,Serpentinit,,Schweiz,Graubünden
,42342,Mineral,,Talk,,
,42342,Rock,,Serpentinit,,
,42342,Mineral,,Chlorit,,
,42342,Mineral,,Lizardit,,
,42342,Mineral,,Calcit,,
39228,,Ore,Reduktionshof,,Vereinigte Staaten von Amerika (USA),Colorado
,39228,Mineral,,Roscoelith,,
,39228,Ore,,Reduktionshof,,
42563,,,Sphalerit,Sphalerit,Deutschland,Baden-Württemberg
,42563,Mineral,,Sphalerit,,
,42563,Ore,,Pb-Zn-Sulfid-Erz - Gang-Typ,,
,42563,Mineral,,Baryt,,
,42563,Mineral,,Galenit,,
,42563,Mineral,,Quarz,,
41833,,Rock,Alkalifeldspat-Granit,,Italien,Lombardia
,41833,Mineral,,Biotit,,
,41833,Rock,,Alkalifeldspat-Granit,,
,41833,Mineral,,Plagioklas,,
,41833,Mineral,,Quarz,,
,41833,Mineral,,Alkalifeldspat,,
42436,,,Fahlerz,Fahlerz,Slowakei,Banskobystrický (Banskobystricky )
,42436,Ore,,Pb-Zn-Sulfid-Erz - Gang-Typ,,
,42436,Mineral,,Fahlerz,,
32504,,Ore,Co-Cu-Sulfarseniderz - metamorph,,Schweiz,Wallis
,32504,Mineral,,Erythrin,,
,32504,Ore,,Co-Cu-Sulfarseniderz - metamorph,,
,32504,Mineral,,Kobaltit,,
32515,,Ore,Co-Cu-Sulfarseniderz - metamorph,,Schweiz,Wallis
,32515,Mineral,,Malachit,,
,32515,Mineral,,Quarz,,
,32515,Ore,,Co-Cu-Sulfarseniderz - metamorph,,
41464,,,Galenit,Galenit,Japan,Akita
,41464,Mineral,,Baryt,,
,41464,Mineral,,Sphalerit,,
,41464,Ore,,Black ore (Kuroko) - Kuroko-Typ,,
,41464,Mineral,,Galenit,,
,41464,Mineral,,Pyrit,,
39163,,Ore,Reduktionshof,,Schweiz,Zürich
,39163,Ore,,Reduktionshof,,
,39163,Mineral,,Roscoelith,,
36084,,,Pyrit,Pyrit,Schweiz,Uri
,36084,Mineral,,Calcit,,
,36084,Mineral,,Pyrit,,
,36084,Rock,,Gneis s.l.,,
40969,,,Pyrit,Pyrit,Finnland,
,40969,Ore,,Cu-Sulfid-Erz - metamorph,,
,40969,Mineral,,Pyrit,,
,40969,Mineral,,Chalkopyrit,,
40562,,,Chalkosin,Chalkosin,Vereinigte Staaten von Amerika (USA),Michigan
,40562,Ore,,Cu-Sulfid-Erz - Redbed-Typ,,
,40562,Rock,,Sandstein,,
,40562,Mineral,,Chalkosin,,
34586,,Rock,Granit,,Schweiz,Uri
,34586,Mineral,,Muskovit,,
,34586,Mineral,,Chlorit,,
,34586,Mineral,,Ankerit,,
,34586,Mineral,,Ilmenit,,
,34586,Rock,,Granit,,
,34586,Mineral,,Anatas,,
31999,,Ore,"Fe-Erz, pisolithisch",,Schweiz,Jura
,31999,Ore,,"Fe-Erz, pisolithisch",,
,31999,Mineral,,Limonit,,
,31999,Mineral,,undef. Eisenhydroxid,,
41450,,,Magnetit,Magnetit,Chile,
,41450,Mineral,,Apatit,,
,41450,Mineral,,Magnetit,,
,41450,Ore,,Fe-Oxid-Erz extrusiv,,
42208,,,Kupfer,Kupfer,Australien,Queensland
,42208,Ore,,Cu-Sulfid-Erz - SEDEX,,
,42208,Mineral,,Kupfer,,
36285,,Rock,Gneis s.l.,,Schweiz,Uri
,36285,Mineral,,Rutil,,
,36285,Mineral,,Quarz,,
,36285,Rock,,Gneis s.l.,,
,36285,Mineral,,Muskovit,,
41156,,,Galenit,Galenit,Kanada,Nova Scotia / Nouvelle-Écosse (Nouvelle-Ecosse)
,41156,Mineral,,Baryt,,
,41156,Mineral,,Galenit,,
,41156,Mineral,,Sphalerit,,
,41156,Mineral,,Chalkopyrit,,
,41156,Ore,,Pb-Zn-Sulfid-Erz - undefiniert,,
48114,,Rock,Tremolit-Fels,,Italien,Piemonte
,48114,Mineral,,Olivin,,
,48114,Mineral,,Olivin allgemein Magnetit,,
,48114,Rock,,Tremolit-Fels,,
34010,,Rock,Granodiorit,,Schweiz,Bern
,34010,Mineral,,Adular,,
,34010,Mineral,,Epidot,,
,34010,Rock,,Granodiorit,,
,34010,Mineral,,Orthoklas,,
,34010,Mineral,,Quarz,,
,34010,Mineral,,Chlorit,,
42067,,,Pyrargyrit,Pyrargyrit,Mexiko,México (Mexico)
,42067,Ore,,Ag-Sulfid-Erz - Gang-Typ,,
,42067,Mineral,,Pyrargyrit,,
32270,,Ore,Cu-Sulfid-Erz - Gang-Typ,,Schweiz,Graubünden
,32270,Mineral,,Chlorit,,
,32270,Mineral,,Hämatit,,
,32270,Mineral,,Malachit,,
,32270,Mineral,,Calcit,,
,32270,Ore,,Cu-Sulfid-Erz - Gang-Typ,,
,32270,Mineral,,Chalkopyrit,,
40908,,Ore,Pb-Sulfid-Erz - MVT (Sandstein),Pb-Sulfid-Erz - MVT (Sandstein),Deutschland,Nordrhein-Westfalen
,40908,Mineral,,Galenit,,
,40908,Ore,,Pb-Sulfid-Erz - MVT (Sandstein),,
7638,,,Braunit,Braunit,Schweiz,Graubünden
,7638,Mineral,,Braunit,,
,7638,Ore,,"Mn-Erz, silikatisch - metamorph",,
42378,,,Chalkopyrit,Chalkopyrit,Kuba,
,42378,Mineral,,Malachit,,
,42378,Ore,,Cu-Sulfid-Erz - Gang-Typ,,
,42378,Mineral,,Chalkopyrit,,
32606,,Ore,Co-Cu-Sulfarseniderz - metamorph,,Schweiz,Wallis
,32606,Ore,,Co-Cu-Sulfarseniderz - metamorph,,
,32606,Mineral,,Chalkopyrit,,
,32606,Mineral,,Fahlerz,,
32731,,Rock,Chlorit-Schiefer,,Schweiz,Wallis
,32731,Rock,,Chlorit-Schiefer,,
,32731,Mineral,,Muskovit,,
,32731,Mineral,,Sericit Chlorit,,
30220,,,Gibbsit,Gibbsit,Frankreich,Bouches-du-Rhône (Bouche-du-Rhone)
,30220,Mineral,,Gibbsit,,
,30220,Mineral,,Hämatit,,
,30220,Ore,,Bauxit,,
,30220,Mineral,,Calcit,,
33317,,,Forsterit,Forsterit,Frankreich,Ariège (Ariege)
,33317,Mineral,,Forsterit,,
,33317,Rock,,Lherzolith (Mantelgestein),,
,33317,Mineral,,Enstatit,,
,33317,Mineral,,Diopsid,,
31106,,Ore,Au-U-Konglomerat - Witwatersrand-Typ,,Südafrika,
,31106,Ore,,Au-U-Konglomerat - Witwatersrand-Typ,,
,31106,Mineral,,Uraninit,,
,31106,Mineral,,Thucholith,,
41497,,,Epidot,Epidot,Japan,Gifu / Gihu
,41497,Rock,,Skarn,,
,41497,Mineral,,Epidot,,
,41497,Mineral,,Hedenbergit,,
40141,,,Quarz,Quarz,Australien,New South Wales
,40141,Mineral,,Chalcedon/Chert,,
,40141,Mineral,,Quarz,,
,40141,Rock,,Basalt s.l.,,
41051,,,Hämatit,Hämatit,Vereinigte Staaten von Amerika (USA),Missouri
,41051,Ore,,Fe-Erz magnetitisch - Skarn-Typ,,
,41051,Mineral,,Hämatit,,
,41051,Rock,,Rhyolith,,
41023,,,Galenit,Galenit,Vereinigte Staaten von Amerika (USA),Missouri
,41023,Rock,,Sandstein,,
,41023,Mineral,,Galenit,,
,41023,Ore,,Pb-Sulfid-Erz - MVT,,
32262,,Ore,U-Cu-Erz - Redbed-Typ,,Schweiz,Glarus
,32262,Ore,,U-Cu-Erz - Redbed-Typ,,
,32262,Mineral,,Goethit,,
39216,,,Xenotim-(Y),Xenotim-(Y),Vereinigte Staaten von Amerika (USA),Colorado
,39216,Ore,,Reduktionshof,,
,39216,Mineral,,Xenotim-(Y),,
,39216,Mineral,,Roscoelith,,
41823,,Rock,Granit,,Schweiz,Graubünden
,41823,Rock,,Granit,,
,41823,Mineral,,Biotit,,
,41823,Mineral,,Feldspat,,
,41823,Mineral,,Quarz,,
42755,,Ore,Au-U-Konglomerat - Witwatersrand-Typ,,Südafrika,Gauteng / Rhawuti
,42755,Ore,,Au-U-Konglomerat - Witwatersrand-Typ,,
,42755,Rock,,Konglomerat,,
32268,,Ore,Cu-Sulfid-Erz - Gang-Typ,,Schweiz,Graubünden
,32268,Mineral,,Chlorit,,
,32268,Mineral,,Chalkopyrit,,
,32268,Mineral,,Calcit,,
,32268,Mineral,,Malachit,,
,32268,Mineral,,Hämatit,,
,32268,Ore,,Cu-Sulfid-Erz - Gang-Typ,,
32388,,Ore,Pb-Zn-Sulfid-Erz - Gang-Typ,,Schweiz,Wallis
,32388,Mineral,,Sphalerit,,
,32388,Ore,,Pb-Zn-Sulfid-Erz - Gang-Typ,,
,32388,Mineral,,Galenit,,
43080,,,ohne Namen,ohne Namen,Deutschland,Sachsen
,43080,Mineral,,ohne Namen,,
,43080,Ore,,noch nicht angegeben,,
,43080,Mineral,,(s. Objektbemerkung),,
40970,,,Tennantit,Tennantit,Finnland,
,40970,Ore,,Cu-Sulfid-Erz - metamorph,,
,40970,Mineral,,Tennantit,,
,40970,Mineral,,Pyrit,,
,40970,Mineral,,Chalkopyrit,,
40879,,,Sphalerit,Sphalerit,Deutschland,Nordrhein-Westfalen
,40879,Mineral,,Quarz,,
,40879,Mineral,,Sphalerit,,
,40879,Ore,,Zn-Sulfid-Erz - Gang-Typ,,
39415,,,Calcit,Calcit,Schweiz,Bern
,39415,Mineral,,Calcit,,
,39415,Rock,,Kalkstein,,
32565,,Ore,Co-Cu-Sulfarseniderz - metamorph,,Schweiz,Wallis
,32565,Mineral,,Chalkopyrit,,
,32565,Ore,,Co-Cu-Sulfarseniderz - metamorph,,
41196,,,Tetraedrit,Tetraedrit,Peru,
,41196,Mineral,,Tetraedrit,,
,41196,Mineral,,Chalkopyrit,,
,41196,Ore,,Pb-Zn-Cu-Sulfid-Erz - Gang-Typ,,
,41196,Mineral,,Calcit,,
,41196,Mineral,,Pyrit,,
38693,,Rock,SiO2-zementierte tektonische Brekzie,,Schweiz,
,38693,Rock,,SiO2-zementierte tektonische Brekzie,,
,38693,Mineral,,Adular,,
,38693,Mineral,,Orthoklas,,
32613,,Ore,Cu-Sulfid-Erz - Gang-Typ,,Schweiz,Wallis
,32613,Mineral,,Chalkopyrit,,
,32613,Mineral,,Fahlerz,,
,32613,Mineral,,Quarz,,
,32613,Mineral,,Siderit,,
,32613,Ore,,Cu-Sulfid-Erz - Gang-Typ,,
40843,,,Goethit,Goethit,Spanien,Andalucía (Andalucia)
,40843,Mineral,,Goethit,,
,40843,Ore,,Fe-Erz limonitisch - Eiserner Hut,,
43108,,,Mineral nicht bestimmt,Mineral nicht bestimmt,"China, Volksrepublik",Zhejiang
,43108,Rock,,noch nicht angegeben,,
,43108,Mineral,,Mineral nicht bestimmt,,
,43108,Ore,,noch nicht angegeben,,
,43108,Mineral,,(s. Objektbem.),,
6751,,,Bornit,Bornit,Schweiz,Glarus
,6751,Ore,,Cu-Sulfid-Erz - Redbed-Typ,,
,6751,Mineral,,Bornit,,
43090,,Ore,noch nicht angegeben,noch nicht angegeben,Peru,Cusco (Cuzco) / Kusku / Qusqu
,43090,Mineral,,Gold,,
,43090,Mineral,,Pyrit,,
,43090,Mineral,,Almandin,,
,43090,Mineral,,Ilmenit,,
,43090,Mineral,,Hämatit,,
,43090,Mineral,,Magnetit,,
,43090,Ore,,noch nicht angegeben,,
35728,,Rock,Tonschiefer,,Schweiz,Bern
,35728,Mineral,,Dolomit,,
,35728,Rock,,Tonschiefer,,
41017,,,Chalkopyrit,Chalkopyrit,Vereinigte Staaten von Amerika (USA),Missouri
,41017,Ore,,Cu-Sulfid-Erz - MVT,,
,41017,Mineral,,Chalkopyrit,,
41531,,,Chalkopyrit,Chalkopyrit,Haiti,
,41531,Mineral,,Malachit,,
,41531,Ore,,Cu-Sulfid-Erz - Gang-Typ,,
,41531,Mineral,,Chalkopyrit,,
,41531,Mineral,,Calcit,,
33591,,Ore,"Mn-Erz, silikatisch - metamorph",,Schweiz,Graubünden
,33591,Ore,,"Mn-Erz, silikatisch - metamorph",,
,33591,Mineral,,Tinzenit,,
32716,,Ore,Co-Cu-Sulfarseniderz - metamorph,,Schweiz,Wallis
,32716,Mineral,,undef. Eisenhydroxid Quarz,,
,32716,Mineral,,Limonit,,
,32716,Ore,,Co-Cu-Sulfarseniderz - metamorph,,
,32716,Mineral,,Malachit,,
33594,,Ore,"Mn-Erz, silikatisch - metamorph",,Schweiz,Graubünden
,33594,Ore,,"Mn-Erz, silikatisch - metamorph",,
,33594,Mineral,,Sursassit,,
40565,,Ore,V-Erz Mina Ragra Typ,,Peru,Pasco / Pasqu
,40565,Ore,,V-Erz Mina Ragra Typ,,
,40565,Rock,,Schieferton,,
14176,,,Molybdänit,Molybdänit,Schweiz,Wallis
,14176,Mineral,,Molybdänit,,
,14176,Mineral,,Ferrimolybdit,,
,14176,Ore,,Mo-Sulfid-Erz - Gang-Typ,,
39069,,Ore,Reduktionshof,,Schweiz,Aargau
,39069,Mineral,,Rammelsbergit,,
,39069,Mineral,,Nickelin,,
,39069,Ore,,Reduktionshof,,
,39069,Mineral,,Digenit,,
,39069,Mineral,,Pechblende,,
,39069,Mineral,,Uraninit,,
32715,,Ore,Co-Cu-Sulfarseniderz - metamorph,,Schweiz,Wallis
,32715,Ore,,Co-Cu-Sulfarseniderz - metamorph,,
,32715,Mineral,,Malachit,,
40933,,,Sphalerit,Sphalerit,Deutschland,Baden-Württemberg
,40933,Mineral,,Jordanit,,
,40933,Ore,,Pb-Zn-Sulfid-Erz - MVT,,
,40933,Mineral,,Sphalerit,,
,40933,Mineral,,Galenit,,
33602,,,Graphit,Graphit,Russland (Russische Föderation),
,33602,Rock,,Quarzitischer Gneis,,
,33602,Mineral,,Diamant,,
,33602,Mineral,,Graphit,,
,33602,Mineral,,Quarz,,
40758,,,Kupfer,Kupfer,Vereinigte Staaten von Amerika (USA),Michigan
,40758,Rock,,Konglomerat,,
,40758,Mineral,,Kupfer,,
,40758,Ore,,Cu-Metall-Erz - Michigan-Typ,,
29407,,Rock,Phlogopit-Pyroxenit (Mantelgestein),,Südafrika,Gauteng / Rhawuti
,29407,Mineral,,Phlogopit,,
,29407,Rock,,Phlogopit-Pyroxenit (Mantelgestein),,
,29407,Mineral,,Augit,,
,29407,Mineral,,Ilmenit,,
37775,,Rock,Bentonit,,Schweiz,Thurgau
,37775,Mineral,,Quarz,,
,37775,Rock,,Bentonit,,
53932,,Ore,Bauxit,Bauxit,Schweiz,Bern
,53932,Mineral,,Goethit,,
,53932,Mineral,,Quarz,,
,53932,Ore,,Bauxit,,
31423,,Rock,Granodiorit,,Schweiz,Bern
,31423,Mineral,,Rutil,,
,31423,Mineral,,Ankerit,,
,31423,Mineral,,Muskovit,,
,31423,Rock,,Granodiorit,,
,31423,Mineral,,Chlorit,,
39110,,Ore,Reduktionshof,,Schweiz,Aargau
,39110,Mineral,,Rammelsbergit,,
,39110,Ore,,Reduktionshof,,
32689,,Ore,Co-Cu-Sulfarseniderz - metamorph,,Schweiz,Wallis
,32689,Ore,,Co-Cu-Sulfarseniderz - metamorph,,
,32689,Mineral,,Quarz,,
,32689,Mineral,,Fahlerz,,
29359,,Rock,Lherzolith (Mantelgestein),,Südafrika,Northern Cape / Noord-Kaap / Mntla-Koloni / Nyakatho-Kapa
,29359,Rock,,Lherzolith (Mantelgestein),,
,29359,Mineral,,Phlogopit,,
,29359,Mineral,,Forsterit,,
,29359,Mineral,,Diopsid,,
,29359,Mineral,,Chromdiopsid Enstatit,,
33622,,Ore,"Mn-Erz, silikatisch - metamorph",,Schweiz,Graubünden
,33622,Mineral,,Braunit,,
,33622,Ore,,"Mn-Erz, silikatisch - metamorph",,
39223,,Ore,Reduktionshof,,Oman,Shamāl ash Sharqīyah (Shamal ash Sharqiyah)
,39223,Ore,,Reduktionshof,,
,39223,Mineral,,Roscoelith,,
34828,,,Laumontit,Laumontit,Schweiz,Uri
,34828,Mineral,,Hellglimmer,,
,34828,Mineral,,Laumontit,,
,34828,Rock,,Granit,,
,34828,Mineral,,Orthoklas,,
,34828,Mineral,,Epidot,,
32159,,Ore,Fe-Erz hämatitisch - SEDEX,,Schweiz,St. Gallen
,32159,Mineral,,Hämatit,,
,32159,Ore,,Fe-Erz hämatitisch - SEDEX,,
43077,,,ohne Namen,ohne Namen,_keinem Land zugeordnet,
,43077,Ore,,noch nicht angegeben,,
,43077,Mineral,,ohne Namen,,
,43077,Mineral,,(s. Objektbemerkung),,
40936,,,Sphalerit,Sphalerit,Deutschland,Baden-Württemberg
,40936,Mineral,,Jordanit,,
,40936,Ore,,Pb-Zn-Sulfid-Erz - MVT,,
,40936,Mineral,,Sphalerit,,
42128,,,Wolframit,Wolframit,Bolivien,Potosí (Potosi)
,42128,Ore,,Wolframit-Erz - Gang-Typ,,
,42128,Mineral,,Wolframit,,
41860,,Rock,Rhyolith,,Slowakei,Banskobystrický (Banskobystricky )
,41860,Rock,,Rhyolith,,
,41860,Mineral,,Biotit,,
,41860,Mineral,,Sanidin,,
,41860,Mineral,,Quarz,,
35719,,Rock,Anhydrit,,Schweiz,Bern
,35719,Mineral,,Anhydrit,,
,35719,Rock,,Anhydrit,,
41268,,,Realgar,Realgar,Peru,Huancavelica / Wankawelika / Wankawillka
,41268,Mineral,,Realgar,,
,41268,Ore,,Pb-Cu-Ag-Sb-Bi-As-Sulfiderz - Gang-Typ,,
42462,,,Galenit,Galenit,Tschechien,Středočeský (Stredocesky )
,42462,Ore,,Pb-Sulfid-Erz - Gang-Typ,,
,42462,Mineral,,Galenit,,
36002,,,Pyrit,Pyrit,Schweiz,Uri
,36002,Rock,,Gneis s.l.,,
,36002,Mineral,,Pyrit,,
40785,,,Kupfer,Kupfer,Vereinigte Staaten von Amerika (USA),Michigan
,40785,Mineral,,Epidot,,
,40785,Ore,,Cu-Metall-Erz - Michigan-Typ,,
,40785,Mineral,,Kupfer,,
,40785,Mineral,,Quarz,,
,40785,Rock,,Basalt s.l.,,
2055,,,Goethit,Goethit,Schweiz,Bern
,2055,Ore,,Fe-Oolith - Allgemein,,
,2055,Mineral,,Goethit,,
,2055,Mineral,,Magnetit,,
,2055,Mineral,,Chamosit,,
32720,,Ore,Co-Cu-Sulfarseniderz - metamorph,,Schweiz,Wallis
,32720,Mineral,,Skutterudit,,
,32720,Ore,,Co-Cu-Sulfarseniderz - metamorph,,
,32720,Mineral,,Rammelsbergit,,
,32720,Mineral,,Siderit,,
32393,,Ore,Pb-Zn-Sulfid-Erz - Gang-Typ,,Schweiz,Wallis
,32393,Mineral,,Sphalerit,,
,32393,Ore,,Pb-Zn-Sulfid-Erz - Gang-Typ,,
,32393,Mineral,,Galenit,,
40756,,,Kupfer,Kupfer,Vereinigte Staaten von Amerika (USA),Michigan
,40756,Rock,,Basalt s.l.,,
,40756,Mineral,,Epidot,,
,40756,Ore,,Cu-Metall-Erz - Michigan-Typ,,
,40756,Mineral,,Quarz,,
,40756,Mineral,,Kupfer,,
33590,,Ore,"Mn-Erz, silikatisch - metamorph",,Schweiz,Graubünden
,33590,Mineral,,Braunit,,
,33590,Ore,,"Mn-Erz, silikatisch - metamorph",,
42559,,,Sphalerit,Sphalerit,Deutschland,Baden-Württemberg
,42559,Mineral,,Quarz,,
,42559,Mineral,,Sphalerit,,
,42559,Rock,,tektonische Brekzie,,
,42559,Mineral,,Baryt,,
,42559,Mineral,,Dolomit,,
,42559,Mineral,,Calcit,,
,42559,Ore,,Pb-Zn-Sulfid-Erz - Gang-Typ,,
,42559,Mineral,,Galenit,,
34432,,,Quarz,Quarz,Schweiz,Uri
,34432,Mineral,,Quarz,,
,34432,Mineral,,Adular Chlorit,,
,34432,Mineral,,Titanit,,
,34432,Rock,,Granit,,
,34432,Mineral,,Epidot,,
,34432,Mineral,,Orthoklas,,
40130,,Rock,Calcit-Marmor,,Griechenland,
,40130,Mineral,,Calcit,,
,40130,Rock,,Calcit-Marmor,,
41178,,,Galenit,Galenit,Vereinigte Staaten von Amerika (USA),Missouri
,41178,Mineral,,Galenit,,
,41178,Ore,,Pb-Sulfid-Erz - MVT,,
,41178,Rock,,Granit,,
42314,,Rock,Serpentinit,,Schweiz,Graubünden
,42314,Mineral,,Calcit,,
,42314,Mineral,,Aktinolith,,
,42314,Rock,,Serpentinit,,
,42314,Mineral,,Magnetit,,
,42314,Mineral,,Antigorit,,
40558,,,Chlorit,Chlorit,Vereinigte Staaten von Amerika (USA),Michigan
,40558,Mineral,,Chlorit,,
,40558,Mineral,,Epidot,,
,40558,Rock,,Basalt s.l.,,
41567,,,Bornit,Bornit,Marokko,
,41567,Ore,,Cu-Sulfid-Erz - Redbed-Typ,,
,41567,Mineral,,Bornit,,
43032,,Rock,Glimmerschiefer,,Schweiz,Tessin
,43032,Mineral,,Biotit,,
,43032,Mineral,,Plagioklas,,
,43032,Rock,,Glimmerschiefer,,
,43032,Mineral,,undefiniert,,
,43032,Mineral,,Quarz,,
,43032,Mineral,,Muskovit,,
34818,,,Ankerit,Ankerit,Schweiz,Uri
,34818,Rock,,Granit,,
,34818,Mineral,,Pyrit,,
,34818,Mineral,,Ankerit,,
,34818,Mineral,,Quarz,,
31449,,Rock,Granodiorit,,Schweiz,Bern
,31449,Mineral,,Hellglimmer,,
,31449,Mineral,,Apatit,,
,31449,Rock,,Granodiorit,,
,31449,Mineral,,Quarz,,
,31449,Mineral,,Rutil,,
,31449,Mineral,,Eisenkarbonat,,
33151,,,Bitumen,Bitumen,Schweiz,Bern
,33151,Mineral,,Calcit,,
,33151,Mineral,,Quarz,,
,33151,Rock,,Sandstein,,
,33151,Mineral,,Bitumen,,
32708,,Ore,Co-Cu-Sulfarseniderz - metamorph,,Schweiz,Wallis
,32708,Ore,,Co-Cu-Sulfarseniderz - metamorph,,
,32708,Mineral,,Siderit,,
,32708,Mineral,,Chloanthit Nickelin,,
,32708,Mineral,,Nickel-Skutterudit,,
42461,,,Galenit,Galenit,Tschechien,Středočeský (Stredocesky )
,42461,Mineral,,Galenit,,
,42461,Mineral,,Sphalerit,,
,42461,Ore,,Pb-Zn-Sulfid-Erz - Gang-Typ,,
40455,,,Galenit,Galenit,_Land unbekannt,
,40455,Ore,,noch nicht angegeben,,
,40455,Mineral,,Sphalerit,,
,40455,Mineral,,Galenit,,
42178,,,Galenit,Galenit,Chile,
,42178,Ore,,Ag-Sulfid-Erz - Gang-Typ,,
,42178,Mineral,,Galenit,,
41186,,,Tetraedrit,Tetraedrit,Peru,
,41186,Mineral,,Quarz,,
,41186,Ore,,Pb-Zn-Cu-Sulfid-Erz - Gang-Typ,,
,41186,Mineral,,Tetraedrit,,
,41186,Mineral,,Sphalerit,,
42744,,,Pyrit,Pyrit,Südafrika,Gauteng / Rhawuti
,42744,Ore,,Au-U-Konglomerat - Witwatersrand-Typ,,
,42744,Rock,,Konglomerat,,
,42744,Mineral,,Pyrit,,
30169,,,Jadeit,Jadeit,Schweiz,Bern
,30169,Rock,,Jadeitite,,
,30169,Mineral,,Jadeit,,
40473,,,Sphalerit,Sphalerit,Vereinigte Staaten von Amerika (USA),Illinois
,40473,Mineral,,Quarz,,
,40473,Mineral,,Galenit,,
,40473,Ore,,Zn-Sulfid-Erz - MVT,,
,40473,Mineral,,Sphalerit,,
,40473,Mineral,,Bitumen,,
53655,,,Quarz,Quarz,Schweiz,Bern
,53655,Mineral,,Calcit,,
,53655,Rock,,Kalkstein - kieselig,,
,53655,Mineral,,Dolomit,,
,53655,Mineral,,Quarz,,
,53655,Mineral,,Bitumen,,
,53655,Mineral,,Strontianit,,
,53655,Mineral,,Pyrit,,
41553,,,Galenit,Galenit,Iran,"Eşfahān (Esfahan, Isfahan)"
,41553,Mineral,,Ankerit,,
,41553,Ore,,Pb-Sulfid-Erz - Gang-Typ,,
,41553,Mineral,,Galenit,,
33813,,,Goethit,Goethit,Australien,South Australia
,33813,Mineral,,Cuprit,,
,33813,Ore,,Fe-Erz limonitisch - Eiserner Hut,,
,33813,Mineral,,Quarz,,
,33813,Mineral,,Libethenit,,
,33813,Mineral,,Goethit,,
31076,,Ore,Fe-Erz sideritisch - Toneisenstein,,Grossbritannien / Vereinigtes Königreich,England
,31076,Mineral,,Siderit,,
,31076,Ore,,Fe-Erz sideritisch - Toneisenstein,,
,31076,Mineral,,Sphalerit,,
,31076,Mineral,,Ankerit,,
35811,,,Titanit,Titanit,Schweiz,Uri
,35811,Mineral,,Quarz,,
,35811,Rock,,Gneis s.l.,,
,35811,Mineral,,Chlorit,,
,35811,Mineral,,Calcit,,
,35811,Mineral,,Titanit,,
40973,,,Pyrit,Pyrit,Finnland,
,40973,Mineral,,Chalkopyrit,,
,40973,Ore,,Cu-Sulfid-Erz - metamorph,,
,40973,Mineral,,Pyrit,,
40177,,,Analcim,Analcim,Australien,New South Wales
,40177,Mineral,,Natrolith,,
,40177,Mineral,,Analcim,,
,40177,Rock,,Basalt s.l.,,
39064,,Ore,Reduktionshof,,Schweiz,Aargau
,39064,Ore,,Reduktionshof,,
,39064,Mineral,,Roscoelith,,
42568,,,Baryt,Baryt,Deutschland,Baden-Württemberg
,42568,Mineral,,Baryt,,
,42568,Ore,,Barytgang - Ba-F-Formation,,
41650,,,Fayalit,Fayalit,Südafrika,Limpopo
,41650,Mineral,,Fayalit,,
,41650,Ore,,PGE-Erz - kontinental mafisch-magmatisch,,
,41650,Rock,,Dunit (plutonisch),,
41622,,,Kassiterit,Kassiterit,Südafrika,Limpopo
,41622,Mineral,,Kassiterit,,
,41622,Ore,,"Sn-Erz, oxidisch - Gang-Typ allgemein",,
,41622,Rock,,Granit,,
40850,,,Sphalerit,Sphalerit,Spanien,Cantabria
,40850,Mineral,,Galenit,,
,40850,Ore,,Zn-Sulfid-Erz - MVT,,
,40850,Mineral,,Sphalerit,,
33338,,,Granat,Granat,Schweiz,Tessin
,33338,Rock,,Granitpegmatit,,
,33338,Mineral,,Vivianit,,
,33338,Mineral,,allgemein Apatit,,
,33338,Mineral,,Turmalin,,
,33338,Mineral,,Granat,,
41832,,Rock,Alkalifeldspat-Granit,,Deutschland,Baden-Württemberg
,41832,Mineral,,Quarz,,
,41832,Mineral,,Alkalifeldspat,,
,41832,Mineral,,Plagioklas,,
,41832,Mineral,,Biotit,,
,41832,Rock,,Alkalifeldspat-Granit,,
41175,,,Galenit,Galenit,Vereinigte Staaten von Amerika (USA),Missouri
,41175,Mineral,,Pyrit,,
,41175,Mineral,,Galenit,,
,41175,Ore,,Pb-Sulfid-Erz - MVT,,
40828,,,Chalkopyrit,Chalkopyrit,Spanien,Galicia
,40828,Mineral,,Chalkopyrit,,
,40828,Ore,,Cu-Sulfid-Erz - metamorph,,
,40828,Mineral,,Pyrrhotin,,
42437,,,Galenit,Galenit,Slowakei,Banskobystrický (Banskobystricky )
,42437,Ore,,Pb-Zn-Sulfid-Erz - Gang-Typ,,
,42437,Mineral,,Galenit,,
,42437,Mineral,,Sphalerit,,
42741,,,Pyrit,Pyrit,Südafrika,Gauteng / Rhawuti
,42741,Rock,,Konglomerat,,
,42741,Ore,,Au-U-Konglomerat - Witwatersrand-Typ,,
,42741,Mineral,,Pyrit,,
42377,,,Galenit,Galenit,Kuba,
,42377,Mineral,,Galenit,,
,42377,Ore,,Pb-Zn-Sulfid-Erz - Gang-Typ,,
40157,,,Quarz,Quarz,Australien,New South Wales
,40157,Mineral,,Quarz,,
,40157,Mineral,,Chalcedon/Chert,,
,40157,Rock,,Basalt s.l.,,
40506,,,Riebeckit,Riebeckit,Südafrika,Northern Cape / Noord-Kaap / Mntla-Koloni / Nyakatho-Kapa
,40506,Mineral,,Riebeckit,,
,40506,Ore,,Asbest krokydolithisch - Superior-BIF,,
,40506,Mineral,,Quarz,,
34592,,Rock,Granit,,Schweiz,Uri
,34592,Mineral,,Quarz,,
,34592,Rock,,Granit,,
,34592,Mineral,,Ankerit,,
42732,,Ore,Au-U-Konglomerat - Witwatersrand-Typ,,Südafrika,Gauteng / Rhawuti
,42732,Ore,,Au-U-Konglomerat - Witwatersrand-Typ,,
,42732,Rock,,Konglomerat,,
42091,,,Stephanit,Stephanit,Mexiko,México (Mexico)
,42091,Mineral,,Stephanit,,
,42091,Mineral,,Pyrargyrit,,
,42091,Ore,,"Au-Erz, polymetallisch - Gang-Typ",,
11443,,,Chalkopyrit,Chalkopyrit,Schweiz,Glarus
,11443,Ore,,Cu-Sulfid-Erz - Redbed-Typ,,
,11443,Mineral,,Bornit,,
,11443,Mineral,,Chalkopyrit,,
34132,,,Chalkopyrit,Chalkopyrit,Schweiz,Uri
,34132,Ore,,noch nicht angegeben,,
,34132,Mineral,,Sphalerit,,
,34132,Mineral,,Chalkopyrit,,
,34132,Mineral,,Pyrrhotin,,
,34132,Mineral,,Pyrit,,
35703,,Rock,Glimmerschiefer,,Schweiz,Graubünden
,35703,Mineral,,Muskovit,,
,35703,Mineral,,Sericit,,
,35703,Mineral,,Quarz,,
,35703,Rock,,Glimmerschiefer,,
42546,,Rock,Eklogit,,Schweiz,Tessin
,42546,Rock,,Eklogit,,
,42546,Mineral,,Granat,,
,42546,Mineral,,Omphacit,,
42695,,,Pyrit,Pyrit,Italien,Toscana
,42695,Mineral,,Pyrit,,
,42695,Rock,,Phyllit,,
37783,,Rock,Pyroxenit s.l. (plutonisch),,Deutschland,Baden-Württemberg
,37783,Mineral,,Magnetit,,
,37783,Rock,,Pyroxenit s.l. (plutonisch),,
,37783,Mineral,,Pyroxen,,
,37783,Mineral,,Apatit,,
29397,,Rock,Kimberlit phlogopitführend - allgemein,,Südafrika,Northern Cape / Noord-Kaap / Mntla-Koloni / Nyakatho-Kapa
,29397,Rock,,Kimberlit phlogopitführend - allgemein,,
,29397,Mineral,,Pyrop,,
,29397,Mineral,,Calcit,,
,29397,Mineral,,Phlogopit,,
41147,,,Magnetit,Magnetit,Kanada,Ontario
,41147,Mineral,,Magnetit,,
,41147,Mineral,,Quarz,,
,41147,Ore,,Fe-Oxid-Erz - Superior-BIF,,
43135,,Ore,"Fe-Erz, pisolithisch","Fe-Erz, pisolithisch",Schweiz,Solothurn
,43135,Mineral,,Limonit,,
,43135,Ore,,"Fe-Erz, pisolithisch",,
,43135,Mineral,,undef. Eisenhydroxid,,
42631,,,Magnetit,Magnetit,Italien,Toscana
,42631,Mineral,,Magnetit,,
,42631,Ore,,Fe-Erz magnetitisch - Skarn-Typ,,
39202,,Ore,Reduktionshof,,Schweiz,Aargau
,39202,Ore,,Reduktionshof,,
,39202,Mineral,,Roscoelith,,
42597,,,Arsenopyrit,Arsenopyrit,Oesterreich,Salzburg
,42597,Ore,,"Au-Erz, polymetallisch - Gang-Typ",,
,42597,Mineral,,Arsenopyrit,,
11506,,,Bornit,Bornit,Schweiz,Glarus
,11506,Ore,,Cu-Sulfid-Erz - Redbed-Typ,,
,11506,Mineral,,Dolomit,,
,11506,Mineral,,Bornit,,
32752,,,Kyanit,Kyanit,Schweiz,Tessin
,32752,Rock,,Biotit-Schiefer,,
,32752,Mineral,,Biotit,,
,32752,Mineral,,Andalusit,,
,32752,Mineral,,Kyanit,,
42496,,,Kassiterit,Kassiterit,Deutschland,Sachsen
,42496,Ore,,"Sn-Erz, oxidisch - Gang-Typ allgemein",,
,42496,Mineral,,Kassiterit,,
39149,,Ore,Reduktionshof,,Schweiz,Aargau
,39149,Mineral,,Uraninit,,
,39149,Mineral,,Pechblende,,
,39149,Ore,,Reduktionshof,,
11487,,,Hämatit,Hämatit,Schweiz,Glarus
,11487,Mineral,,Hämatit,,
,11487,Ore,,Fe-Oolith hämatitisch,,
40837,,,Cinnabarit,Cinnabarit,Spanien,Castilla-La Mancha
,40837,Mineral,,Cinnabarit,,
,40837,Ore,,Hg-Sulfid-Erz - Gang-Typ,,
29720,,Rock,Eklogit,,"China, Volksrepublik",Anhui
,29720,Mineral,,Diamant,,
,29720,Mineral,,Omphacit,,
,29720,Rock,,Eklogit,,
,29720,Mineral,,Grossular,,
,29720,Mineral,,Coesit,,
,29720,Mineral,,Albit,,
,29720,Mineral,,Quarz,,
35720,,Rock,Anhydrit,,Schweiz,Bern
,35720,Mineral,,Dolomit,,
,35720,Rock,,Anhydrit,,
,35720,Mineral,,Anhydrit,,
35331,,Rock,Impaktbrekzie - Suevit,,Schweden,Gävleborgs län (Gavleborgs)
,35331,Rock,,Impaktbrekzie - Suevit,,
,35331,Mineral,,Heulandit,,
35381,,,Pyrit,Pyrit,Schweiz,Uri
,35381,Mineral,,Biotit,,
,35381,Rock,,Granit,,
,35381,Mineral,,Quarz,,
,35381,Mineral,,Pyrit,,
53656,,,Quarz,Quarz,Schweiz,Bern
,53656,Mineral,,Strontianit,,
,53656,Mineral,,Bitumen,,
,53656,Mineral,,Pyrit,,
,53656,Mineral,,Quarz,,
,53656,Rock,,Kalkstein - kieselig,,
,53656,Mineral,,Calcit,,
,53656,Mineral,,Dolomit,,
31112,,Ore,Pb-Sulfid-Erz - MVT,,Vereinigte Staaten von Amerika (USA),Missouri
,31112,Mineral,,Dolomit,,
,31112,Mineral,,Sphalerit,,
,31112,Ore,,Pb-Sulfid-Erz - MVT,,
,31112,Mineral,,Galenit,,
32666,,Ore,Co-Cu-Sulfarseniderz - metamorph,,Schweiz,Wallis
,32666,Ore,,Co-Cu-Sulfarseniderz - metamorph,,
,32666,Mineral,,Quarz,,
,32666,Mineral,,Galenit,,
34474,,,Quarz,Quarz,Schweiz,Uri
,34474,Rock,,Granit,,
,34474,Mineral,,Chlorit,,
,34474,Mineral,,Quarz,,
42572,,,Limonit,Limonit,Deutschland,Baden-Württemberg
,42572,Mineral,,Limonit,,
,42572,Mineral,,undef. Eisenhydroxid,,
,42572,Ore,,Fe-Erz limonitisch - Raseneisenerz,,
43076,,,ohne Namen,ohne Namen,_keinem Land zugeordnet,
,43076,Mineral,,(s. Objektbemerkung),,
,43076,Ore,,noch nicht angegeben,,
,43076,Mineral,,ohne Namen,,
41066,,,Sphalerit,Sphalerit,Vereinigte Staaten von Amerika (USA),Pennsylvania
,41066,Rock,,Kalkstein,,
,41066,Mineral,,Sphalerit,,
,41066,Ore,,Zn-Sulfid-Erz - MVT,,
,41066,Mineral,,Pyrit,,
41548,,,Sphalerit,Sphalerit,Polen,Małopolskie
,41548,Ore,,Pb-Zn-Sulfid-Erz - MVT,,
,41548,Mineral,,Galenit,,
,41548,Mineral,,Sphalerit,,
32086,,Ore,Fe-Oolith - Allgemein,,Schweiz,Bern
,32086,Ore,,Fe-Oolith - Allgemein,,
,32086,Mineral,,Hämatit,,
,32086,Mineral,,Magnetit,,
31090,,Ore,Fe-Oxid-Erz - Superior-BIF,,Kanada,Ontario
,31090,Mineral,,Magnetit,,
,31090,Mineral,,Hämatit,,
,31090,Mineral,,Siderit,,
,31090,Ore,,Fe-Oxid-Erz - Superior-BIF,,
,31090,Mineral,,Quarz,,
38169,,,Epidot,Epidot,Schweiz,Bern
,38169,Rock,,Amphibolit,,
,38169,Mineral,,Epidot,,
42969,,Rock,Tephrit,,Deutschland,Baden-Württemberg
,42969,Mineral,,Plagioklas,,
,42969,Mineral,,undefiniert,,
,42969,Rock,,Tephrit,,
,42969,Mineral,,Augit,,
,42969,Mineral,,Leucit,,
41153,,,Baryt,Baryt,Kanada,Nova Scotia / Nouvelle-Écosse (Nouvelle-Ecosse)
,41153,Ore,,Baryt-Erz - undefiniert,,
,41153,Mineral,,Baryt,,
38379,,,Goethit,Goethit,Schweiz,Bern
,38379,Ore,,"Fe-Erz, pisolithisch",,
,38379,Mineral,,Goethit,,
37632,,Ore,Cr-Erz - kontinental mafisch-magmatisch,,Südafrika,
,37632,Ore,,Cr-Erz - kontinental mafisch-magmatisch,,
,37632,Mineral,,Chromit,,
33604,,,Silikat-Glas,Silikat-Glas,Russland (Russische Föderation),Krasnoyarsk / Krasnojarskij / Krasnoyarskiy
,33604,Mineral,,Silikat-Glas,,
,33604,Mineral,,Graphit,,
,33604,Mineral,,Diamant,,
,33604,Rock,,Biotit-Granat-Gneis,,
34989,,Rock,Alkaligestein s.l.,,Kanada,Quebec / Québec
,34989,Rock,,Alkaligestein s.l.,,
,34989,Mineral,,Eudialyt,,
40971,,,Pyrrhotin,Pyrrhotin,Finnland,
,40971,Ore,,Cu-Sulfid-Erz - metamorph,,
,40971,Mineral,,Pyrrhotin,,
39623,,,Calcit,Calcit,Schweiz,Graubünden
,39623,Rock,,Kalktuff,,
,39623,Mineral,,Calcit,,
35334,,Rock,Impaktbrekzie - Suevit,,Schweden,Gävleborgs län (Gavleborgs)
,35334,Mineral,,Heulandit,,
,35334,Rock,,Impaktbrekzie - Suevit,,
39569,,,Calcit,Calcit,Schweiz,Solothurn
,39569,Rock,,Kalkstein,,
,39569,Mineral,,Calcit,,
41318,,,Gratonit,Gratonit,Peru,
,41318,Mineral,,Revoredoit,,
,41318,Ore,,Pb-Sulfarseniderz - Gang-Typ,,
,41318,Mineral,,Gratonit,,
32974,,Ore,Co-Cu-Sulfarseniderz - metamorph,,Schweiz,Wallis
,32974,Mineral,,Nickel-Skutterudit,,
,32974,Ore,,Co-Cu-Sulfarseniderz - metamorph,,
,32974,Mineral,,Chloanthit,,
11805,,Ore,Pb-Zn-Cu-Sulfid-Erz - Gang-Typ,,Rumänien,
,11805,Mineral,,Galenit,,
,11805,Mineral,,Chalkopyrit,,
,11805,Ore,,Pb-Zn-Cu-Sulfid-Erz - Gang-Typ,,
40950,,,Siderit,Siderit,Oesterreich,Kärnten
,40950,Ore,,Fe-Karbonaterz - hydrothermal,,
,40950,Mineral,,Siderit,,
42177,,,Galenit,Galenit,Chile,
,42177,Mineral,,Galenit,,
,42177,Ore,,Ag-Sulfid-Erz - Gang-Typ,,
11492,,,Bornit,Bornit,Schweiz,Glarus
,11492,Ore,,Cu-Sulfid-Erz - Redbed-Typ,,
,11492,Mineral,,Bornit,,
42564,,,Galenit,Galenit,Deutschland,Baden-Württemberg
,42564,Mineral,,Quarz,,
,42564,Mineral,,Baryt,,
,42564,Mineral,,Markasit,,
,42564,Ore,,Pb-Sulfid-Erz - Gang-Typ,,
,42564,Mineral,,Galenit,,
,42564,Rock,,tektonische Brekzie,,
42421,,,Galenit,Galenit,Slowakei,Banskobystrický (Banskobystricky )
,42421,Mineral,,Chalkopyrit,,
,42421,Ore,,Ag-Sulfid-Erz - Gang-Typ,,
,42421,Mineral,,Quarz,,
,42421,Mineral,,Galenit,,
,42421,Mineral,,Sphalerit,,
42453,,,Stibnit,Stibnit,Slowakei,Žilinský (Zilinsky )
,42453,Ore,,Sb-Sulfid-Erz - Gang-Typ,,
,42453,Mineral,,Stibnit,,
40480,,,Kupfer,Kupfer,Vereinigte Staaten von Amerika (USA),Michigan
,40480,Rock,,Basalt s.l.,,
,40480,Mineral,,Kupfer,,
,40480,Ore,,Cu-Metall-Erz - Michigan-Typ,,
42647,,,Magnetit,Magnetit,Italien,Toscana
,42647,Ore,,Fe-Erz magnetitisch - Skarn-Typ,,
,42647,Mineral,,Magnetit,,
41626,,,Kassiterit,Kassiterit,Südafrika,Limpopo
,41626,Mineral,,Kassiterit,,
,41626,Rock,,Granit,,
,41626,Ore,,"Sn-Erz, oxidisch - Gang-Typ allgemein",,
41828,,Rock,Muskovit-Biotit-Zweiglimmergneis,,Tschechien,
,41828,Mineral,,Muskovit,,
,41828,Rock,,Muskovit-Biotit-Zweiglimmergneis,,
,41828,Mineral,,Quarz,,
,41828,Mineral,,Biotit,,
,41828,Mineral,,Feldspat,,
40976,,,Chalkopyrit,Chalkopyrit,Finnland,
,40976,Mineral,,Chalkopyrit,,
,40976,Ore,,Cu-Sulfid-Erz - metamorph,,
,40976,Mineral,,Pyrrhotin,,
475,,,Nickel-Skutterudit,Nickel-Skutterudit,Schweiz,Wallis
,475,Mineral,,Nickel-Skutterudit,,
,475,Ore,,Co-Cu-Sulfarseniderz - metamorph,,
,475,Mineral,,Chloanthit,,
2066,,,Goethit,Goethit,Schweiz,Aargau
,2066,Mineral,,Goethit,,
,2066,Ore,,"Fe-Erz, pisolithisch",,
41684,,,Chromit,Chromit,Südafrika,Limpopo
,41684,Ore,,Cr-Erz - kontinental mafisch-magmatisch,,
,41684,Mineral,,Chromit,,
,41684,Rock,,Anorthosit,,
42538,,,Fluorit,Fluorit,Deutschland,Bayern
,42538,Rock,,Granit,,
,42538,Ore,,Fluoritgang - Ba-F-Formation,,
,42538,Mineral,,Fluorit,,
,42538,Mineral,,Quarz,,
41159,,,Monticellit,Monticellit,Kanada,Quebec / Québec
,41159,Rock,,Karbonatit s.l.,,
,41159,Mineral,,Monticellit,,
,41159,Mineral,,Calcit,,
41082,,,Baryt,Baryt,Vereinigte Staaten von Amerika (USA),Arkansas
,41082,Mineral,,Baryt,,
,41082,Ore,,"Baryt, massiv - Flysch-Typ",,
42003,,,Dolomit,Dolomit,Griechenland,
,42003,Rock,,Dolomit-Marmor,,
,42003,Mineral,,Dolomit,,
41335,,,Revoredoit,Revoredoit,Peru,
,41335,Ore,,Pb-Sulfarseniderz - Gang-Typ,,
,41335,Mineral,,Revoredoit,,
34400,,Rock,Granit,,Schweiz,Uri
,34400,Mineral,,Chlorit,,
,34400,Rock,,Granit,,
41253,,,Chalkopyrit,Chalkopyrit,Peru,Lima
,41253,Mineral,,Chalkopyrit,,
,41253,Ore,,Cu-Sulfid-Erz - Gang-Typ,,
41121,,,Schörl,Schörl,Vereinigte Staaten von Amerika (USA),Missouri
,41121,Rock,,Granitpegmatit,,
,41121,Mineral,,Muskovit,,
,41121,Mineral,,Schörl,,
,41121,Mineral,,Orthoklas,,
,41121,Mineral,,Quarz,,
41250,,Ore,Cu-Sulfid-Erz - Gang-Typ,Cu-Sulfid-Erz - Gang-Typ,Peru,Lima
,41250,Mineral,,Chalkopyrit,,
,41250,Ore,,Cu-Sulfid-Erz - Gang-Typ,,
,41250,Mineral,,Tetraedrit,,
42104,,,Silber,Silber,Mexiko,Hidalgo
,42104,Mineral,,Silber,,
,42104,Mineral,,Akanthit,,
,42104,Mineral,,Chalkopyrit,,
,42104,Mineral,,Pyrit,,
,42104,Ore,,Ag-Sulfid-Erz - Gang-Typ,,
41693,,Ore,Ni-Cu-PGE-Sulfid-Erz - kontinental mafisch-magmatisch,,Südafrika,Limpopo
,41693,Ore,,Ni-Cu-PGE-Sulfid-Erz - kontinental mafisch-magmatisch,,
,41693,Rock,,Pyroxenit s.l. (plutonisch),,
43260,,,Enargit,Enargit,Peru,Lima
,43260,Ore,,Cu-Sulfid-Erz - undefiniert,,
,43260,Mineral,,Enargit,,
,43260,Mineral,,Pyrit,,
39112,,Ore,Reduktionshof,,Schweiz,Aargau
,39112,Mineral,,Uraninit,,
,39112,Mineral,,Pechblende Roscoelith,,
,39112,Ore,,Reduktionshof,,
,39112,Mineral,,Rammelsbergit,,
41700,,,Chromit,Chromit,Südafrika,North-West / Noordwes / Mntla-Ntshona / Nyakatho-Ntshonalanga
,41700,Rock,,Pyroxenit s.l. (plutonisch),,
,41700,Mineral,,Chromit,,
,41700,Ore,,Cr-Erz - kontinental mafisch-magmatisch,,
32441,,Ore,Au-Fe-As-Skarn - Skarn-Typ,,Schweiz,Wallis
,32441,Ore,,Au-Fe-As-Skarn - Skarn-Typ,,
,32441,Mineral,,Pyrit,,
,32441,Mineral,,Sphalerit,,
,32441,Mineral,,Galenit,,
,32441,Mineral,,Baryt,,
40570,,Ore,V-Erz Mina Ragra Typ,,Peru,Pasco / Pasqu
,40570,Ore,,V-Erz Mina Ragra Typ,,
,40570,Rock,,Schieferton,,
40776,,,Epidot,Epidot,Vereinigte Staaten von Amerika (USA),Michigan
,40776,Mineral,,Epidot,,
,40776,Rock,,Basalt s.l.,,
34795,,,Calcit,Calcit,Schweiz,Uri
,34795,Mineral,,Calcit,,
,34795,Mineral,,Quarz,,
,34795,Rock,,Granit,,
,34795,Mineral,,Chlorit,,
,34795,Mineral,,Muskovit,,
42392,,Ore,Phosphorit marin,,Marokko,Béni Mellal-Khénifra (Beni Mellal-Khenifra)
,42392,Rock,,Sand - Karbonatisch,,
,42392,Ore,,Phosphorit marin,,
41148,,,Magnetit,Magnetit,Kanada,Ontario
,41148,Mineral,,Magnetit,,
,41148,Ore,,Fe-Oxid-Erz - Superior-BIF,,
,41148,Mineral,,Quarz,,
34773,,Rock,Granit,,Schweiz,Uri
,34773,Mineral,,Quarz,,
,34773,Rock,,Granit,,
48164,,Rock,Rodingit (Rhodingit),,Schweiz,Wallis
,48164,Rock,,Rodingit (Rhodingit),,
,48164,Mineral,,Granat,,
43841,,Ore,"Au-Erz, polymetallisch - Gang-Typ","Au-Erz, polymetallisch - Gang-Typ",Schweiz,Tessin
,43841,Mineral,,Gold,,
,43841,Ore,,"Au-Erz, polymetallisch - Gang-Typ",,
,43841,Mineral,,Sphalerit,,
,43841,Mineral,,Pyrit,,
,43841,Mineral,,Arsenopyrit,,
,43841,Mineral,,Galenit,,
39155,,Ore,Reduktionshof,,Schweiz,Aargau
,39155,Ore,,Reduktionshof,,
,39155,Mineral,,Roscoelith,,
34167,,Rock,noch nicht angegeben,,Schweiz,Uri
,34167,Rock,,noch nicht angegeben,,
,34167,Mineral,,(s. Objektbem.),,
,34167,Mineral,,Mineral nicht bestimmt,,
53926,,Ore,Bauxit,Bauxit,Schweiz,Bern
,53926,Ore,,Bauxit,,
,53926,Mineral,,Kassiterit,,
,53926,Mineral,,Magnetit,,
32505,,Ore,Co-Cu-Sulfarseniderz - metamorph,,Schweiz,Wallis
,32505,Mineral,,Pyrit,,
,32505,Mineral,,Erythrin,,
,32505,Ore,,Co-Cu-Sulfarseniderz - metamorph,,
,32505,Mineral,,Kobaltit,,
31696,,Rock,noch nicht angegeben,,Schweiz,Wallis
,31696,Rock,,noch nicht angegeben,,
,31696,Mineral,,Chlorit,,
42359,,,Olivin,Olivin,Südafrika,Limpopo
,42359,Mineral,,undefiniert,,
,42359,Mineral,,Magnetit,,
,42359,Mineral,,Olivin allgemein Apatit,,
,42359,Rock,,Apatit-Magnetitit,,
,42359,Mineral,,Olivin,,
,42359,Mineral,,Pyroxen,,
40927,,,Chalkopyrit,Chalkopyrit,Deutschland,Bayern
,40927,Ore,,Cu-Sulfid-Erz - Gang-Typ,,
,40927,Mineral,,Pyrit,,
,40927,Mineral,,Chalkopyrit,,
,40927,Mineral,,Quarz,,
40331,,Rock,Nephelinsyenit,,Grönland (DK),
,40331,Mineral,,Arfvedsonit,,
,40331,Rock,,Nephelinsyenit,,
,40331,Mineral,,Eudialyt,,
,40331,Mineral,,Alkalifeldspat,,
,40331,Mineral,,Nephelin,,
41198,,,Tetraedrit,Tetraedrit,Peru,
,41198,Mineral,,Tetraedrit,,
,41198,Mineral,,Galenit,,
,41198,Mineral,,Chalkopyrit,,
,41198,Mineral,,Quarz,,
,41198,Ore,,Pb-Zn-Cu-Sulfid-Erz - Gang-Typ,,
42530,,,Baryt,Baryt,Deutschland,Bayern
,42530,Ore,,Barytgang - Ba-F-Formation,,
,42530,Mineral,,Fluorit,,
,42530,Mineral,,Baryt,,
42065,,,Pyrargyrit,Pyrargyrit,Mexiko,México (Mexico)
,42065,Mineral,,Pyrargyrit,,
,42065,Ore,,Ag-Sulfid-Erz - Gang-Typ,,
,42065,Mineral,,Calcit,,
,42065,Mineral,,Pyrit,,
34593,,Rock,Granit,,Schweiz,Uri
,34593,Rock,,Granit,,
,34593,Mineral,,Chlorit,,
,34593,Mineral,,Ankerit,,
39076,,Ore,Reduktionshof,,Schweiz,Aargau
,39076,Mineral,,Roscoelith,,
,39076,Ore,,Reduktionshof,,
41526,,,Pentlandit,Pentlandit,Australien,Western Australia
,41526,Mineral,,Pyrrhotin,,
,41526,Ore,,Ni-Cu-Sulfid-Erz - komatiitisch,,
,41526,Mineral,,Chalkopyrit,,
,41526,Mineral,,Pentlandit,,
42267,,,Petalit,Petalit,Schweden,Stockholms län
,42267,Mineral,,Petalit,,
,42267,Rock,,Granitpegmatit,,
,42267,Ore,,Lithium-Pegmatit,,
41853,,,Forsterit,Forsterit,Slowakei,Banskobystrický (Banskobystricky )
,41853,Mineral,,Nephelin,,
,41853,Mineral,,Plagioklas,,
,41853,Mineral,,Olivin,,
,41853,Mineral,,Olivin allgemein Klinopyroxen,,
,41853,Mineral,,Forsterit,,
,41853,Rock,,Basanit,,
42425,,,Quarz,Quarz,Slowakei,Banskobystrický (Banskobystricky )
,42425,Mineral,,Galenit,,
,42425,Ore,,Pb-Sulfid-Erz - Gang-Typ,,
,42425,Mineral,,Quarz,,
40965,,,Marialit,Marialit,Türkei,Malatya
,40965,Mineral,,Marialit,,
,40965,Mineral,,Diopsid,,
,40965,Mineral,,Pyrit,,
,40965,Rock,,"Skapolithfels, kontaktmetamorph",,
,40965,Mineral,,Magnetit,,
41140,,Rock,Impaktbrekzie,,Vereinigte Staaten von Amerika (USA),Missouri
,41140,Mineral,,Quarz,,
,41140,Rock,,Impaktbrekzie,,
34403,,Rock,Granit,,Schweiz,Uri
,34403,Mineral,,Titanit,,
,34403,Mineral,,Quarz,,
,34403,Rock,,Granit,,
,34403,Mineral,,Chlorit,,
,34403,Mineral,,Calcit,,
41078,,,Franklinit,Franklinit,Vereinigte Staaten von Amerika (USA),New Jersey
,41078,Mineral,,Franklinit,,
,41078,Mineral,,Willemit,,
,41078,Ore,,Zn-Fe-Mn-Oxiderz - metamorph,,
6926,,,Sphalerit,Sphalerit,Schweiz,Wallis
,6926,Mineral,,Sphalerit,,
,6926,Ore,,Pb-Zn-Sulfid-Erz - Gang-Typ,,
,6926,Mineral,,Galenit,,
42608,,,Pyrit,Pyrit,Italien,Valle d'Aosta / Val d'Aoste
,42608,Ore,,Cu-Sulfid-Erz - metamorph,,
,42608,Mineral,,Magnetit,,
,42608,Mineral,,Chalkopyrit,,
,42608,Mineral,,Pyrit,,
40518,,,Arsenopyrit,Arsenopyrit,Schweden,Västerbottens län (Vasterbottens)
,40518,Ore,,"Pyrit, massiv - SEDEX",,
,40518,Mineral,,Apatit,,
,40518,Mineral,,Arsenopyrit,,
,40518,Mineral,,Pyrit,,
41479,,,Galenit,Galenit,Japan,Akita
,41479,Ore,,Black ore (Kuroko) - Kuroko-Typ,,
,41479,Mineral,,Galenit,,
,41479,Mineral,,Pyrit,,
,41479,Mineral,,Baryt,,
40012,,Rock,Schockmetamorpher Quarzsand,,Saudi-Arabien,
,40012,Mineral,,Coesit,,
,40012,Mineral,,Quarz,,
,40012,Mineral,,Cristobalit,,
,40012,Rock,,Schockmetamorpher Quarzsand,,
41542,,,Sphalerit,Sphalerit,Polen,Małopolskie
,41542,Ore,,Pb-Zn-Sulfid-Erz - MVT,,
,41542,Mineral,,Sphalerit,,
,41542,Mineral,,Aragonit,,
,41542,Mineral,,Galenit,,
41588,,,Ilmenit,Ilmenit,Malaysia,
,41588,Ore,,Sn-Seife,,
,41588,Mineral,,Ilmenit,,
43065,,,Baryt,Baryt,Südafrika,Free State / Vrystaat / Freyistata / Fuleyisitata
,43065,Mineral,,Baryt,,
,43065,Rock,,Bentonit,,
28286,,,Pyrit,Pyrit,Schweiz,Graubünden
,28286,Mineral,,Arsenopyrit,,
,28286,Mineral,,Sphalerit,,
,28286,Ore,,Zn-Sulfid-Erz - metamorph,,
,28286,Mineral,,Pyrit,,
,28286,Mineral,,Pyrrhotin,,
,28286,Mineral,,Galenit,,
40761,,,Kupfer,Kupfer,Vereinigte Staaten von Amerika (USA),Michigan
,40761,Mineral,,Kupfer,,
,40761,Mineral,,Calcit,,
,40761,Mineral,,Albit,,
,40761,Mineral,,Quarz,,
,40761,Rock,,Basalt s.l.,,
,40761,Ore,,Cu-Metall-Erz - Michigan-Typ,,
37851,,,Titanit,Titanit,Schweiz,Uri
,37851,Mineral,,Titanit,,
,37851,Mineral,,Calcit,,
,37851,Rock,,Biotit-Schiefer,,
,37851,Mineral,,Biotit,,
,37851,Mineral,,Quarz,,
,37851,Mineral,,Pyrit,,
42375,,,Pyrit,Pyrit,Rumänien,Hunedoara
,42375,Ore,,"Au-Erz, pyritisch - Gang-Typ",,
,42375,Mineral,,Quarz,,
,42375,Mineral,,Pyrit,,
,42375,Mineral,,Ankerit,,
34712,,,Quarz,Quarz,Schweiz,Uri
,34712,Mineral,,Chlorit,,
,34712,Mineral,,Epidot,,
,34712,Rock,,Granit,,
,34712,Mineral,,Quarz,,
,34712,Mineral,,Apatit,,
32780,,,Hornblende,Hornblende,Schweiz,Tessin
,32780,Mineral,,Quarz,,
,32780,Mineral,,Granat,,
,32780,Rock,,Glimmerschiefer,,
,32780,Mineral,,Hornblende,,
39681,,Rock,Konglomerat,,Schweiz,Bern
,39681,Mineral,,Calcit,,
,39681,Rock,,Konglomerat,,
7041,,,Galenit,Galenit,Schweiz,Wallis
,7041,Mineral,,Galenit,,
,7041,Ore,,Pb-Sulfid-Erz - Ba-F-Formation,,
40014,,Rock,Schockmetamorpher Quarzsand,,Saudi-Arabien,
,40014,Mineral,,Quarz,,
,40014,Mineral,,Calcit,,
,40014,Rock,,Schockmetamorpher Quarzsand,,
42388,,,Cerussit,Cerussit,Türkei,Balıkesir (Balikesir)
,42388,Ore,,"Pb-Erz Sekundärmineralien - Skarn-Typ, Oxidationszone",,
,42388,Mineral,,Cerussit,,
,42388,Mineral,,Galenit,,
42957,,,Pyrit,Pyrit,Schweiz,Graubünden
,42957,Mineral,,Arsenopyrit,,
,42957,Ore,,Pyrit-Erz - metamorph,,
,42957,Mineral,,Pyrit,,
40114,,,Tephroit,Tephroit,Schweiz,Graubünden
,40114,Mineral,,Kupfer,,
,40114,Mineral,,Rhodochrosit,,
,40114,Rock,,Radiolarit,,
,40114,Mineral,,Quarz,,
,40114,Mineral,,Tephroit,,
,40114,Mineral,,Chalkosin,,
41265,,,Freibergit,Freibergit,Peru,Huancavelica / Wankawelika / Wankawillka
,41265,Mineral,,Freibergit,,
,41265,Mineral,,Baryt,,
,41265,Mineral,,Bournonit,,
,41265,Mineral,,Galenit,,
,41265,Ore,,Pb-Cu-Ag-Sb-Bi-As-Sulfiderz - Gang-Typ,,
41502,,,Rhodonit,Rhodonit,Japan,Nagano
,41502,Mineral,,Hausmannit,,
,41502,Mineral,,Rhodonit,,
,41502,Ore,,"Mn-Erz, silikatisch - metamorph",,
,41502,Mineral,,Rhodochrosit,,
42336,,Rock,Serpentinit,,Schweiz,Graubünden
,42336,Mineral,,Lizardit,,
,42336,Mineral,,Magnetit,,
,42336,Rock,,Serpentinit,,
,42336,Mineral,,Chrysotil,,
39614,,,Calcit,Calcit,Schweiz,Bern
,39614,Mineral,,Calcit,,
,39614,Rock,,Kalktuff,,
38599,,,Montmorillonit,Montmorillonit,Vereinigte Staaten von Amerika (USA),Florida
,38599,Mineral,,Montmorillonit,,
,38599,Rock,,Bentonit,,
39711,,Rock,Eklogit,,Frankreich,Loire-Atlantique
,39711,Mineral,,Omphacit,,
,39711,Mineral,,Grossular,,
,39711,Rock,,Eklogit,,
42874,,,Chromit,Chromit,Simbabwe / Zimbabwe,Midlands
,42874,Mineral,,Picotit,,
,42874,Mineral,,Spinell,,
,42874,Ore,,Cr-Erz - kontinental mafisch-magmatisch,,
,42874,Mineral,,Chromit,,
43095,,,ohne Namen,ohne Namen,Oesterreich,Salzburg
,43095,Mineral,,ohne Namen,,
,43095,Ore,,noch nicht angegeben,,
,43095,Mineral,,(s. Objektbemerkung),,
32424,,Ore,Fe-Erz magnetitisch - Skarn-Typ,,Schweiz,Wallis
,32424,Ore,,Fe-Erz magnetitisch - Skarn-Typ,,
,32424,Mineral,,Magnetit,,
33603,,,Graphit,Graphit,Russland (Russische Föderation),Krasnoyarsk / Krasnojarskij / Krasnoyarskiy
,33603,Mineral,,Quarz,,
,33603,Mineral,,Graphit,,
,33603,Mineral,,undefiniert,,
,33603,Mineral,,Plagioklas,,
,33603,Mineral,,Diamant,,
,33603,Rock,,Granitpegmatit,,
,33603,Mineral,,Mikroklin,,
33291,,,Calcit,Calcit,Schweiz,Bern
,33291,Mineral,,Calcit,,
,33291,Rock,,Kalkstein,,
43079,,,ohne Namen,ohne Namen,Deutschland,Niedersachsen
,43079,Mineral,,ohne Namen,,
,43079,Mineral,,(s. Objektbemerkung),,
,43079,Ore,,noch nicht angegeben,,
35725,,Rock,Anhydrit,,Schweiz,Bern
,35725,Mineral,,Anhydrit,,
,35725,Rock,,Anhydrit,,
33805,,,Goethit,Goethit,Australien,Northern Territory
,33805,Mineral,,Goethit,,
,33805,Ore,,Fe-Erz limonitisch - Eiserner Hut,,
,33805,Mineral,,Mimetesit,,
,33805,Mineral,,Plumbojarosit,,
,33805,Mineral,,Duftit,,
,33805,Mineral,,Coronadit,,
31397,,,Orthoklas,Orthoklas,Schweiz,Bern
,31397,Mineral,,Adular Quarz,,
,31397,Mineral,,Orthoklas,,
,31397,Rock,,Granodiorit,,
,31397,Mineral,,Rauchquarz,,
40516,,,Magnetit,Magnetit,Schweden,Jönköpings län (Jonkopings)
,40516,Ore,,Fe-V-Erz magnetitisch - kontinental mafisch-magmatisch,,
,40516,Mineral,,Magnetit,,
42239,,,Magnetit,Magnetit,Schweden,Uppsala län
,42239,Ore,,Fe-Erz magnetitisch - Skarn-Typ,,
,42239,Mineral,,Magnetit,,
42307,,Rock,Serpentinit,,Schweiz,Graubünden
,42307,Mineral,,Lizardit,,
,42307,Mineral,,Diopsid,,
,42307,Mineral,,Chrysotil,,
,42307,Mineral,,Talk,,
,42307,Rock,,Serpentinit,,
,42307,Mineral,,Grossular,,
,42307,Mineral,,Vesuvian (Vesuvianit),,
43415,,,Turmalin,Turmalin,Schweiz,Bern
,43415,Rock,,Granitpegmatit - Lithium-Pegmatit,,
,43415,Mineral,,allgemein Lepidolith,,
,43415,Mineral,,Kassiterit,,
,43415,Mineral,,Turmalin,,
42426,,,Galenit,Galenit,Slowakei,Banskobystrický (Banskobystricky )
,42426,Mineral,,Ankerit,,
,42426,Ore,,Ag-Sulfid-Erz - Gang-Typ,,
,42426,Mineral,,Sphalerit,,
,42426,Mineral,,Pyrit,,
,42426,Mineral,,Galenit,,
30544,,Ore,Cu-Zn-Sulfiderz - metamorph,,Schweiz,Wallis
,30544,Mineral,,Sphalerit,,
,30544,Mineral,,Molybdänit,,
,30544,Ore,,Cu-Zn-Sulfiderz - metamorph,,
,30544,Mineral,,Galenit,,
,30544,Mineral,,Pyrit,,
,30544,Mineral,,Chalkopyrit,,
32740,,Rock,Chlorit-Schiefer,,Schweiz,Wallis
,32740,Rock,,Chlorit-Schiefer,,
,32740,Mineral,,Arsenopyrit,,
,32740,Mineral,,Chlorit,,
6927,,,Sphalerit,Sphalerit,Schweiz,Wallis
,6927,Mineral,,Sphalerit,,
,6927,Mineral,,Quarz,,
,6927,Ore,,Pb-Zn-Sulfid-Erz - Gang-Typ,,
,6927,Mineral,,Galenit,,
38419,,,Omphacit,Omphacit,Schweiz,Bern
,38419,Rock,,Eklogit (Mantelgestein),,
,38419,Mineral,,Omphacit,,
32883,,Ore,Co-Cu-Sulfarseniderz - metamorph,,Schweiz,Wallis
,32883,Mineral,,Smaltin Kobaltit,,
,32883,Mineral,,Skutterudit,,
,32883,Ore,,Co-Cu-Sulfarseniderz - metamorph,,
32052,,Ore,"Fe-Erz, pisolithisch",,Schweiz,Jura
,32052,Mineral,,Limonit,,
,32052,Mineral,,undef. Eisenhydroxid Goethit,,
,32052,Ore,,"Fe-Erz, pisolithisch",,
41214,,,Tetraedrit,Tetraedrit,Peru,Junín / Junin / Hunin
,41214,Ore,,Cu-Sulfid-Erz - Gang-Typ,,
,41214,Mineral,,Tetraedrit,,
,41214,Mineral,,Pyrit,,
32389,,Ore,Pb-Zn-Sulfid-Erz - Gang-Typ,,Schweiz,Wallis
,32389,Ore,,Pb-Zn-Sulfid-Erz - Gang-Typ,,
,32389,Mineral,,Sphalerit,,
42133,,,Sphalerit,Sphalerit,Bolivien,Potosí (Potosi)
,42133,Ore,,Zn-Sulfid-Erz - Gang-Typ,,
,42133,Mineral,,Sphalerit,,
27003,,Ore,Fe-Oolith göthitisch,,Schweiz,Aargau
,27003,Mineral,,undef. Eisenhydroxid Goethit,,
,27003,Ore,,Fe-Oolith göthitisch,,
,27003,Mineral,,Limonit,,
39622,,,Calcit,Calcit,_Land unbekannt,
,39622,Mineral,,Calcit,,
,39622,Rock,,Kalktuff,,
42663,,,Pyrit,Pyrit,Italien,Piemonte
,42663,Mineral,,Sphalerit,,
,42663,Mineral,,Galenit,,
,42663,Mineral,,Arsenopyrit,,
,42663,Ore,,"Au-Erz, polymetallisch - Gang-Typ",,
,42663,Mineral,,Pyrit,,
32091,,Ore,Fe-Oolith - Allgemein,,Schweiz,Bern
,32091,Mineral,,Magnetit,,
,32091,Mineral,,Hämatit,,
,32091,Ore,,Fe-Oolith - Allgemein,,
42309,,Rock,Serpentinit,,Schweiz,Graubünden
,42309,Mineral,,Aktinolith,,
,42309,Rock,,Serpentinit,,
,42309,Mineral,,Magnetit,,
,42309,Mineral,,Antigorit,,
36043,,Rock,Gneis s.l.,,Schweiz,Uri
,36043,Rock,,Gneis s.l.,,
,36043,Mineral,,Pyrit,,
41478,,,Galenit,Galenit,Japan,Akita
,41478,Mineral,,Galenit,,
,41478,Mineral,,Baryt,,
,41478,Ore,,Black ore (Kuroko) - Kuroko-Typ,,
,41478,Mineral,,Pyrit,,
42281,,,Magnetit,Magnetit,Schweden,Norrbottens län
,42281,Ore,,Fe-Erz magnetitisch - Kiruna-Typ,,
,42281,Mineral,,Magnetit,,
31484,,,Hämatit,Hämatit,Schweiz,Uri
,31484,Mineral,,Hämatit,,
,31484,Rock,,Granit,,
34569,,,Hämatit,Hämatit,Schweiz,Uri
,34569,Rock,,Granit,,
,34569,Mineral,,Adular Titanit,,
,34569,Mineral,,Calcit,,
,34569,Mineral,,Apatit,,
,34569,Mineral,,Orthoklas,,
,34569,Mineral,,Chlorit,,
,34569,Mineral,,Hämatit,,
27820,,Ore,"Sn-Erz, oxidisch - Gang-Typ Greisen",,Deutschland,Baden-Württemberg
,27820,Ore,,"Sn-Erz, oxidisch - Gang-Typ Greisen",,
,27820,Mineral,,Arsenopyrit,,
,27820,Mineral,,Kassiterit,,
33331,,,Turmalin,Turmalin,Schweiz,Tessin
,33331,Mineral,,Apatit,,
,33331,Mineral,,Vivianit,,
,33331,Mineral,,Graftonit,,
,33331,Mineral,,Turmalin,,
,33331,Mineral,,allgemein Muskovit,,
,33331,Rock,,Granitpegmatit,,
40986,,,Galenit,Galenit,Schweden,Norrbottens län
,40986,Ore,,Pb-Sulfid-Erz - MVT (Sandstein),,
,40986,Rock,,Quarzit,,
,40986,Mineral,,Galenit,,
41262,,,Bournonit,Bournonit,Peru,Huancavelica / Wankawelika / Wankawillka
,41262,Mineral,,Bournonit,,
,41262,Ore,,Pb-Cu-Ag-Sb-Bi-As-Sulfiderz - Gang-Typ,,
42242,,,Magnetit,Magnetit,Schweden,Uppsala län
,42242,Ore,,Fe-Erz magnetitisch - Skarn-Typ,,
,42242,Mineral,,Magnetit,,
42606,,,Pyrit,Pyrit,Italien,Valle d'Aosta / Val d'Aoste
,42606,Mineral,,Pyrit,,
,42606,Rock,,Chlorit-Schiefer,,
,42606,Mineral,,Granat,,
42699,,,Galenit,Galenit,Italien,Piemonte
,42699,Mineral,,Sphalerit,,
,42699,Mineral,,Galenit,,
,42699,Ore,,"Au-Erz, polymetallisch - Gang-Typ",,
42288,,,Hornblende,Hornblende,Schweden,Norrbottens län
,42288,Mineral,,Stilbit,,
,42288,Mineral,,Hornblende,,
,42288,Rock,,Leptinit (Leptit),,
40753,,,Kupfer,Kupfer,Vereinigte Staaten von Amerika (USA),Michigan
,40753,Rock,,Basalt s.l.,,
,40753,Mineral,,Kupfer,,
,40753,Ore,,Cu-Metall-Erz - Michigan-Typ,,
41440,,,Chalkopyrit,Chalkopyrit,Peru,Moquegua / Moqwegwa / Muqiwa
,41440,Mineral,,Chalkopyrit,,
,41440,Ore,,Cu-Sulfid-Erz - Porphyr-Typ,,
42577,,,Chalkopyrit,Chalkopyrit,Deutschland,Baden-Württemberg
,42577,Mineral,,Galenit,,
,42577,Mineral,,Baryt,,
,42577,Rock,,Gneis s.l.,,
,42577,Mineral,,Calcit,,
,42577,Ore,,Cu-Pb-Sulfiderz - Gang-Typ,,
,42577,Mineral,,Chalkopyrit,,
48142,,Rock,Amphibolit,,Schweiz,Tessin
,48142,Mineral,,Plagioklas,,
,48142,Mineral,,Biotit,,
,48142,Rock,,Amphibolit,,
,48142,Mineral,,Quarz,,
,48142,Mineral,,Hornblende,,
,48142,Mineral,,Ilmenit,,
39180,,Ore,Reduktionshof,,Schweiz,Zürich
,39180,Mineral,,Roscoelith,,
,39180,Ore,,Reduktionshof,,
,39180,Mineral,,Pechblende,,
,39180,Mineral,,Uraninit,,
39669,,,Limonit,Limonit,Schweiz,Solothurn
,39669,Mineral,,undef. Eisenhydroxid,,
,39669,Mineral,,Limonit,,
,39669,Rock,,Kalkstein,,
41864,,,Biotit,Biotit,Slowakei,Banskobystrický (Banskobystricky )
,41864,Mineral,,Sanidin,,
,41864,Rock,,Pechstein,,
,41864,Mineral,,Biotit,,
40844,,,Goethit,Goethit,Spanien,Andalucía (Andalucia)
,40844,Mineral,,Goethit,,
,40844,Ore,,Fe-Erz limonitisch - Eiserner Hut,,
42775,,,Muskovit,Muskovit,Südafrika,Gauteng / Rhawuti
,42775,Mineral,,Muskovit,,
,42775,Rock,,Quarzit,,
,42775,Mineral,,Sericit,,
42479,,,Quarz,Quarz,Deutschland,Sachsen
,42479,Ore,,Pb-Sulfid-Erz - Ba-F-Formation,,
,42479,Mineral,,Galenit,,
,42479,Mineral,,Fluorit,,
,42479,Mineral,,Quarz,,
42379,,,Ilmenit,Ilmenit,Kanada,
,42379,Ore,,Ti-Fe-Erz Ilmenit - anorthositisch,,
,42379,Mineral,,Apatit,,
,42379,Mineral,,Pyroxen,,
,42379,Rock,,Anorthosit,,
,42379,Mineral,,Pyrrhotin,,
,42379,Mineral,,Ilmenit,,
,42379,Mineral,,undefiniert,,
39549,,,Quarz,Quarz,Schweiz,Aargau
,39549,Mineral,,Chalcedon/Chert,,
,39549,Rock,,Chert,,
,39549,Mineral,,Quarz,,
42512,,,Galenit,Galenit,Deutschland,Niedersachsen
,42512,Ore,,Pb-Zn-Sulfid-Erz - Gang-Typ,,
,42512,Mineral,,Galenit,,
,42512,Mineral,,Sphalerit,,
,42512,Mineral,,Quarz,,
,42512,Rock,,tektonische Brekzie,,
30166,,,Jadeit,Jadeit,Schweiz,Bern
,30166,Rock,,Jadeitite,,
,30166,Mineral,,Jadeit,,
40385,,,Galenit,Galenit,Vereinigte Staaten von Amerika (USA),Missouri
,40385,Ore,,Pb-Sulfid-Erz - MVT,,
,40385,Mineral,,Galenit,,
41224,,,Tetraedrit,Tetraedrit,Peru,Junín / Junin / Hunin
,41224,Ore,,Cu-Sulfid-Erz - Gang-Typ,,
,41224,Mineral,,Tetraedrit,,
,41224,Mineral,,Chalkopyrit,,
,41224,Mineral,,Pyrit,,
40922,,,Falkmanit,Falkmanit,Deutschland,Bayern
,40922,Mineral,,Pyrrhotin,,
,40922,Ore,,Sulfid-Erz polymetallisch - metamorph,,
,40922,Mineral,,Falkmanit,,
,40922,Mineral,,Chalkopyrit,,
39098,,Ore,Reduktionshof,,Schweiz,Aargau
,39098,Mineral,,Rammelsbergit,,
,39098,Ore,,Reduktionshof,,
32616,,Ore,Cu-Sulfid-Erz - Gang-Typ,,Schweiz,Wallis
,32616,Ore,,Cu-Sulfid-Erz - Gang-Typ,,
,32616,Mineral,,Chalkopyrit,,
11505,,,Bornit,Bornit,Schweiz,Glarus
,11505,Mineral,,Bornit,,
,11505,Mineral,,Dolomit,,
,11505,Ore,,Cu-Sulfid-Erz - Redbed-Typ,,
43106,,,Mineral nicht bestimmt,Mineral nicht bestimmt,Irland,
,43106,Mineral,,(s. Objektbem.),,
,43106,Ore,,noch nicht angegeben,,
,43106,Mineral,,Mineral nicht bestimmt,,
42552,,,Markasit,Markasit,Deutschland,Baden-Württemberg
,42552,Ore,,Pb-Zn-Sulfid-Erz - Gang-Typ,,
,42552,Mineral,,Galenit,,
,42552,Mineral,,Markasit,,
,42552,Mineral,,Sphalerit,,
40846,,,Sphalerit,Sphalerit,Spanien,Cantabria
,40846,Ore,,Zn-Sulfid-Erz - MVT,,
,40846,Mineral,,Galenit,,
,40846,Mineral,,Sphalerit,,
36010,,,Apatit,Apatit,Schweiz,Uri
,36010,Mineral,,Quarz,,
,36010,Mineral,,Apatit,,
,36010,Mineral,,Chlorit,,
,36010,Mineral,,Calcit,,
,36010,Rock,,Gneis s.l.,,
41547,,,Sphalerit,Sphalerit,Polen,Małopolskie
,41547,Ore,,Pb-Zn-Sulfid-Erz - MVT,,
,41547,Mineral,,Sphalerit,,
,41547,Mineral,,Galenit,,
39156,,Ore,Reduktionshof,,Schweiz,Aargau
,39156,Mineral,,Apatit,,
,39156,Ore,,Reduktionshof,,
31110,,Ore,Zn-Sulfid-Erz - MVT,,Peru,
,31110,Mineral,,Sphalerit,,
,31110,Mineral,,Galenit,,
,31110,Ore,,Zn-Sulfid-Erz - MVT,,
,31110,Mineral,,Dolomit,,
42356,,,Fluorit,Fluorit,Südafrika,North-West / Noordwes / Mntla-Ntshona / Nyakatho-Ntshonalanga
,42356,Mineral,,Aegirin,,
,42356,Mineral,,Aegirin-Augit,,
,42356,Rock,,Fluorit-Apatit-Aegirinaugit-Gestein,,
,42356,Mineral,,Apatit,,
,42356,Mineral,,Fluorit,,
41210,,,Pyrit,Pyrit,Peru,Junín / Junin / Hunin
,41210,Mineral,,Pyrit,,
,41210,Ore,,Cu-Sulfid-Erz - Gang-Typ,,
,41210,Mineral,,Tetraedrit,,
53553,,Ore,"Au-Erz, polymetallisch - Gang-Typ","Au-Erz, polymetallisch - Gang-Typ",Deutschland,Baden-Württemberg
,53553,Ore,,"Au-Erz, polymetallisch - Gang-Typ",,
,53553,Mineral,,Galenit,,
,53553,Mineral,,Sphalerit,,
,53553,Mineral,,Pyrit,,
,53553,Mineral,,Arsen,,
,53553,Mineral,,Calcit,,
39257,,Ore,Reduktionshof,,Grossbritannien / Vereinigtes Königreich,England
,39257,Ore,,Reduktionshof,,
,39257,Mineral,,Roscoelith,,
40225,,,Magnetit,Magnetit,Schweiz,Graubünden
,40225,Mineral,,Chalkopyrit,,
,40225,Mineral,,Pyrit,,
,40225,Mineral,,Chalkosin,,
,40225,Mineral,,Bornit,,
,40225,Mineral,,Malachit,,
,40225,Mineral,,Magnetit,,
,40225,Ore,,noch nicht angegeben,,
,40225,Mineral,,Covellin,,
39097,,Ore,Reduktionshof,,Schweiz,Aargau
,39097,Mineral,,Rammelsbergit,,
,39097,Ore,,Reduktionshof,,
43866,,Ore,noch nicht angegeben,noch nicht angegeben,Schweiz,Graubünden
,43866,Ore,,noch nicht angegeben,,
,43866,Mineral,,Hämatit,,
53906,,,Klinoptilolit,Klinoptilolit,Deutschland,Bayern
,53906,Mineral,,Smektit,,
,53906,Rock,,"Asche-Tuff (pyrokl., verfestigt)",,
,53906,Mineral,,s.l.,,
,53906,Mineral,,Heulandit,,
6944,,,Malachit,Malachit,Schweiz,Wallis
,6944,Mineral,,Malachit,,
,6944,Mineral,,Bornit,,
,6944,Ore,,Co-Cu-Sulfarseniderz - metamorph,,
,6944,Mineral,,Chalkosin,,
32047,,Rock,Kalkstein,,Schweiz,Neuenburg
,32047,Mineral,,undef. Eisenhydroxid,,
,32047,Rock,,Kalkstein,,
,32047,Mineral,,Limonit,,
42460,,,Arsenopyrit,Arsenopyrit,Tschechien,Ústecký (Ustecky )
,42460,Mineral,,Kassiterit,,
,42460,Ore,,"Sn-Erz, oxidisch - Gang-Typ allgemein",,
,42460,Mineral,,Quarz,,
,42460,Mineral,,Arsenopyrit,,
40818,,,Chalkopyrit,Chalkopyrit,Spanien,Galicia
,40818,Mineral,,Chalkopyrit,,
,40818,Ore,,Cu-Sulfid-Erz - metamorph,,
,40818,Mineral,,Pyrrhotin,,
35391,,,Titanit,Titanit,Schweiz,Uri
,35391,Mineral,,Adular,,
,35391,Rock,,Granit,,
,35391,Mineral,,Orthoklas,,
,35391,Mineral,,Titanit,,
,35391,Mineral,,Quarz,,
41817,,,Malachit,Malachit,Deutschland,Schleswig-Holstein
,41817,Rock,,Sandstein,,
,41817,Mineral,,Malachit,,
,41817,Mineral,,Quarz,,
,41817,Ore,,Reduktionshof,,
40827,,,Chalkopyrit,Chalkopyrit,Spanien,Galicia
,40827,Ore,,Cu-Sulfid-Erz - metamorph,,
,40827,Mineral,,Pyrrhotin,,
,40827,Mineral,,Chalkopyrit,,
42543,,,Hämatit,Hämatit,Deutschland,Nordrhein-Westfalen
,42543,Mineral,,Hämatit,,
,42543,Ore,,Fe-Oolith hämatitisch,,
32415,,Ore,Fe-Erz magnetitisch - Skarn-Typ,,Schweiz,Wallis
,32415,Ore,,Fe-Erz magnetitisch - Skarn-Typ,,
,32415,Mineral,,Magnetit,,
22202,,,Serpentin,Serpentin,Schweiz,Wallis
,22202,Mineral,,undefiniert,,
,22202,Mineral,,Serpentin,,
,22202,Rock,,Serpentinit,,
42522,,,Siderit,Siderit,Deutschland,Rheinland-Pfalz
,42522,Mineral,,undef. Eisenhydroxid,,
,42522,Mineral,,Limonit,,
,42522,Mineral,,Siderit,,
,42522,Ore,,Fe-Erz sideritisch oxidiert - Gang-Typ,,
29383,,Rock,SiO2-zementierte tektonische Brekzie,,Schweiz,Bern
,29383,Mineral,,Pyrit,,
,29383,Mineral,,Adular,,
,29383,Mineral,,Uraninit,,
,29383,Mineral,,Quarz,,
,29383,Rock,,SiO2-zementierte tektonische Brekzie,,
,29383,Mineral,,Orthoklas,,
41618,,,Quarz,Quarz,Südafrika,Limpopo
,41618,Mineral,,Quarz,,
,41618,Mineral,,Mikroklin,,
,41618,Rock,,Granit,,
41248,,Ore,Cu-Sulfid-Erz - Gang-Typ,Cu-Sulfid-Erz - Gang-Typ,Peru,Lima
,41248,Mineral,,Chalkopyrit,,
,41248,Ore,,Cu-Sulfid-Erz - Gang-Typ,,
,41248,Mineral,,Bornit,,
40522,,Ore,Fe-Oolith göthitisch,,Schweiz,Aargau
,40522,Rock,,Eisenoolith,,
,40522,Ore,,Fe-Oolith göthitisch,,
42310,,Rock,Dolomit,,Schweiz,Graubünden
,42310,Rock,,Dolomit,,
,42310,Mineral,,Dolomit,,
,42310,Mineral,,Calcit,,
42323,,Rock,Serpentinit,,Schweiz,Graubünden
,42323,Mineral,,Magnetit,,
,42323,Mineral,,Chrysotil,,
,42323,Mineral,,Lizardit,,
,42323,Mineral,,Klinopyroxen,,
,42323,Rock,,Serpentinit,,
42363,,,Feldspat,Feldspat,Südafrika,Limpopo
,42363,Mineral,,Feldspat,,
,42363,Mineral,,Biotit,,
,42363,Mineral,,Apatit,,
,42363,Rock,,Apatit-Magnetitit,,
33601,,,Graphit,Graphit,Russland (Russische Föderation),Krasnoyarsk / Krasnojarskij / Krasnoyarskiy
,33601,Mineral,,Mikroklin,,
,33601,Mineral,,Quarz,,
,33601,Mineral,,Plagioklas,,
,33601,Mineral,,undefiniert,,
,33601,Rock,,Granitpegmatit,,
,33601,Mineral,,Graphit,,
33465,,,Sphalerit,Sphalerit,Schweiz,Wallis
,33465,Mineral,,Galenit,,
,33465,Mineral,,Sphalerit,,
,33465,Rock,,Dolomit,,
,33465,Mineral,,Dolomit,,
31316,,Rock,noch nicht angegeben,,Schweiz,Graubünden
,31316,Mineral,,Quarz,,
,31316,Rock,,noch nicht angegeben,,
35369,,,Stilbit,Stilbit,Schweiz,Uri
,35369,Mineral,,Calcit,,
,35369,Rock,,noch nicht angegeben,,
,35369,Mineral,,Stilbit,,
27013,,Ore,Cu-Sulfid-Erz - SEDEX,,Marokko,
,27013,Mineral,,Bornit,,
,27013,Ore,,Cu-Sulfid-Erz - SEDEX,,
,27013,Mineral,,Chalkopyrit,,
,27013,Mineral,,Malachit,,
42566,,,Pyrrhotin,Pyrrhotin,Deutschland,Baden-Württemberg
,42566,Ore,,Ni-Cu-Sulfid-Erz,,
,42566,Mineral,,Pyrrhotin,,
41528,,,Pentlandit,Pentlandit,Australien,Western Australia
,41528,Ore,,Ni-Cu-Sulfid-Erz - komatiitisch,,
,41528,Mineral,,Pentlandit,,
,41528,Mineral,,Chalkopyrit,,
,41528,Mineral,,Pyrrhotin,,
32074,,Rock,Sand (s.l.),,Schweiz,Bern
,32074,Rock,,Sand (s.l.),,
,32074,Mineral,,Quarz,,
34475,,Rock,Granit,,Schweiz,Uri
,34475,Rock,,Granit,,
,34475,Mineral,,Quarz,,
,34475,Mineral,,Chlorit,,
,34475,Mineral,,Apophyllit,,
,34475,Mineral,,undefiniert,,
42524,,,Chalkopyrit,Chalkopyrit,Deutschland,Rheinland-Pfalz
,42524,Mineral,,Galenit,,
,42524,Ore,,Cu-Pb-Sulfiderz - Gang-Typ,,
,42524,Mineral,,Chalkopyrit,,
31099,,Ore,Zn-Sulfid-Erz - Ba-F-Formation,,Deutschland,Baden-Württemberg
,31099,Ore,,Zn-Sulfid-Erz - Ba-F-Formation,,
,31099,Mineral,,Galenit,,
,31099,Mineral,,Baryt,,
,31099,Mineral,,Quarz,,
,31099,Mineral,,Fluorit,,
,31099,Mineral,,Sphalerit,,
41496,,,Hedenbergit,Hedenbergit,Japan,Gifu / Gihu
,41496,Rock,,Skarn,,
,41496,Mineral,,Hedenbergit,,
36323,,Rock,Chlorit-Schiefer,,Schweiz,Uri
,36323,Rock,,Chlorit-Schiefer,,
,36323,Mineral,,Quarz,,
,36323,Mineral,,Magnetit,,
37029,,,Dolomit,Dolomit,Grossbritannien / Vereinigtes Königreich,Scotland
,37029,Mineral,,Dolomit,,
,37029,Rock,,Dolomit-Marmor,,
43244,,,Azurit,Azurit,Peru,Lima
,43244,Mineral,,Azurit,,
,43244,Mineral,,undef. Eisenhydroxid,,
,43244,Mineral,,Limonit,,
,43244,Ore,,Cu-Oxiderz (inkl. Karbonate etc.) - Oxidationszone,,
,43244,Mineral,,Malachit,,
42090,,,Chalkopyrit,Chalkopyrit,Mexiko,
,42090,Ore,,Ag-Sulfid-Erz - Gang-Typ,,
,42090,Mineral,,Akanthit,,
,42090,Mineral,,Chalkopyrit,,
,42090,Mineral,,Pyrit,,
35321,,Ore,"Au-Erz, pyritisch - Gang-Typ",,Schweiz,Wallis
,35321,Mineral,,Gold,,
,35321,Mineral,,Pyrit,,
,35321,Mineral,,Chalkopyrit,,
,35321,Ore,,"Au-Erz, pyritisch - Gang-Typ",,
,35321,Mineral,,Tetraedrit,,
,35321,Mineral,,Quarz,,
32044,,Ore,"Fe-Erz, pisolithisch",,Schweiz,Jura
,32044,Mineral,,Limonit,,
,32044,Mineral,,undef. Eisenhydroxid,,
,32044,Ore,,"Fe-Erz, pisolithisch",,
42746,,,Pyrit,Pyrit,Südafrika,Gauteng / Rhawuti
,42746,Mineral,,Pyrit,,
,42746,Ore,,Au-U-Konglomerat - Witwatersrand-Typ,,
,42746,Rock,,Konglomerat,,
41666,,,Magnetit,Magnetit,Südafrika,Gauteng / Rhawuti
,41666,Mineral,,Titanomagnetit,,
,41666,Mineral,,Magnetit,,
,41666,Rock,,Norit,,
,41666,Mineral,,Ilmenit,,
,41666,Ore,,Fe-Erz magnetitisch - kontinental mafisch-magmatisch,,
41577,,,Sphalerit,Sphalerit,"China, Volksrepublik",Liaoning
,41577,Mineral,,Pyrit,,
,41577,Ore,,Zn-Sulfid-Erz - metamorph,,
,41577,Mineral,,Sphalerit,,
34360,,,Quarz,Quarz,Schweiz,Uri
,34360,Mineral,,Chlorit,,
,34360,Rock,,Granit,,
,34360,Mineral,,Quarz,,
41525,,,Pentlandit,Pentlandit,Australien,Western Australia
,41525,Ore,,Ni-Cu-Sulfid-Erz - komatiitisch,,
,41525,Mineral,,Chalkopyrit,,
,41525,Mineral,,Pentlandit,,
,41525,Mineral,,Pyrrhotin,,
42334,,Rock,Serpentinit,,Schweiz,Graubünden
,42334,Mineral,,Antigorit,,
,42334,Mineral,,Brucit,,
,42334,Mineral,,Magnetit,,
,42334,Mineral,,Dolomit,,
,42334,Mineral,,Klinopyroxen,,
,42334,Rock,,Serpentinit,,
42458,,,Sphalerit,Sphalerit,Tschechien,Středočeský (Stredocesky )
,42458,Mineral,,Sphalerit,,
,42458,Ore,,Zn-Sulfid-Erz - Gang-Typ,,
,42458,Mineral,,Quarz,,
39548,,,Quarz,Quarz,Schweiz,Aargau
,39548,Mineral,,Quarz,,
,39548,Rock,,Kalkstein,,
,39548,Mineral,,Chalcedon/Chert,,
39474,,Rock,Tonschiefer,,Kanada,Ontario
,39474,Rock,,Tonschiefer,,
,39474,Mineral,,Pyrit,,
,39474,Mineral,,Graphit,,
841,,,Chalkopyrit,Chalkopyrit,Schweiz,Wallis
,841,Ore,,Co-Cu-Sulfarseniderz - metamorph,,
,841,Mineral,,Chalkopyrit,,
,841,Mineral,,Quarz,,
,841,Mineral,,Malachit,,
41435,,,Chalkopyrit,Chalkopyrit,Peru,Moquegua / Moqwegwa / Muqiwa
,41435,Ore,,Cu-Sulfid-Erz - Porphyr-Typ,,
,41435,Mineral,,Chalkopyrit,,
34130,,,Biotit,Biotit,Schweiz,Uri
,34130,Mineral,,Amphibol,,
,34130,Rock,,Biotit-Schiefer,,
,34130,Mineral,,Biotit,,
,34130,Mineral,,undefiniert,,
43268,,,Covellin,Covellin,Peru,Lima
,43268,Mineral,,Covellin,,
,43268,Ore,,Cu-Sulfid-Erz - zementativ,,
40929,,,Galenit,Galenit,Deutschland,Baden-Württemberg
,40929,Mineral,,Galenit,,
,40929,Ore,,Pb-Zn-Sulfid-Erz - MVT,,
,40929,Mineral,,Goethit,,
,40929,Mineral,,Cerussit,,
36015,,Rock,Gneis s.l.,,Schweiz,Uri
,36015,Rock,,Gneis s.l.,,
,36015,Mineral,,Pyrit,,
42083,,,Sphalerit,Sphalerit,Mexiko,México (Mexico)
,42083,Ore,,Ag-Sulfid-Erz - Gang-Typ,,
,42083,Mineral,,Sphalerit,,
,42083,Mineral,,Galenit,,
43872,,Rock,Hornblende-Gneis,,Schweiz,Bern
,43872,Mineral,,Muskovit,,
,43872,Mineral,,Hornblende,,
,43872,Rock,,Hornblende-Gneis,,
,43872,Mineral,,Sericit Quarz,,
,43872,Mineral,,Epidot,,
32063,,Ore,"Fe-Erz, lateritisch",,Schweiz,Schaffhausen
,32063,Mineral,,undef. Eisenhydroxid,,
,32063,Ore,,"Fe-Erz, lateritisch",,
,32063,Mineral,,Limonit,,
,32063,Mineral,,Goethit,,
41545,,,Sphalerit,Sphalerit,Polen,Małopolskie
,41545,Mineral,,Sphalerit,,
,41545,Ore,,Pb-Zn-Sulfid-Erz - MVT,,
,41545,Mineral,,Galenit,,
32493,,Ore,Fe-Erz hämatitisch - metamorph,,Schweiz,Wallis
,32493,Ore,,Fe-Erz hämatitisch - metamorph,,
,32493,Mineral,,Albit,,
,32493,Mineral,,Pyrit,,
,32493,Mineral,,Hämatit,,
40160,,,Quarz,Quarz,Australien,New South Wales
,40160,Mineral,,Chalcedon/Chert Calcit,,
,40160,Mineral,,Quarz,,
,40160,Rock,,Basalt s.l.,,
42174,,,Chlorargyrit,Chlorargyrit,Chile,
,42174,Mineral,,Chlorargyrit,,
,42174,Ore,,Polymetallisches Erz,,
42351,,,Fayalit,Fayalit,Südafrika,North-West / Noordwes / Mntla-Ntshona / Nyakatho-Ntshonalanga
,42351,Mineral,,Fayalit,,
,42351,Rock,,Dunit (plutonisch),,
11495,,,Bornit,Bornit,Schweiz,Glarus
,11495,Mineral,,Dolomit,,
,11495,Mineral,,Bornit,,
,11495,Ore,,Cu-Sulfid-Erz - Redbed-Typ,,
31181,,Rock,Konglomerat,,Schweiz,Bern
,31181,Rock,,Konglomerat,,
,31181,Mineral,,Calcit,,
34388,,,Calcit,Calcit,Schweiz,Uri
,34388,Mineral,,Muskovit,,
,34388,Mineral,,Chlorit,,
,34388,Mineral,,Quarz,,
,34388,Mineral,,Calcit,,
,34388,Rock,,Granit,,
42737,,,Pyrit,Pyrit,Südafrika,Gauteng / Rhawuti
,42737,Ore,,Au-U-Konglomerat - Witwatersrand-Typ,,
,42737,Rock,,Konglomerat,,
,42737,Mineral,,Pyrit,,
50015,,Rock,Impaktbrekzie - Suevit,,Deutschland,Bayern
,50015,Mineral,,Hämatit,,
,50015,Rock,,Impaktbrekzie - Suevit,,
33625,,Ore,"Mn-Erz, silikatisch - metamorph",,Schweiz,Graubünden
,33625,Mineral,,Braunit,,
,33625,Ore,,"Mn-Erz, silikatisch - metamorph",,
41205,,,Galenit,Galenit,Peru,
,41205,Mineral,,Pyrit,,
,41205,Mineral,,Galenit,,
,41205,Ore,,Pb-Zn-Cu-Sulfid-Erz - Gang-Typ,,
40387,,,Siegenit,Siegenit,Vereinigte Staaten von Amerika (USA),Missouri
,40387,Mineral,,Galenit,,
,40387,Mineral,,Chalkopyrit,,
,40387,Mineral,,Siegenit,,
,40387,Ore,,Ni-Cu-Sulfid-Erz - MVT,,
,40387,Mineral,,Pyrit,,
31086,,,Pyrit,Pyrit,Deutschland,Nordrhein-Westfalen
,31086,Ore,,"Pyrit, massiv - SEDEX",,
,31086,Mineral,,Pyrit,,
40914,,,Pyrit,Pyrit,Deutschland,Bayern
,40914,Mineral,,Quarz,,
,40914,Ore,,Sulfid-Erz polymetallisch - metamorph,,
,40914,Mineral,,Pyrit,,
32067,,Rock,Sand (s.l.),,Schweiz,Bern
,32067,Rock,,Sand (s.l.),,
,32067,Mineral,,Quarz,,
39489,,,Omphacit,Omphacit,Schweiz,
,39489,Mineral,,Omphacit,,
,39489,Rock,,Metagabbro - Eklogitfaziell,,
41297,,,Vivianit,Vivianit,Peru,
,41297,Mineral,,Vivianit,,
,41297,Mineral,,Siderit,,
,41297,Mineral,,Sphalerit,,
,41297,Ore,,Zn-Sulfid-Erz - Gang-Typ,,
40567,,Ore,V-Erz Mina Ragra Typ,,Peru,Pasco / Pasqu
,40567,Ore,,V-Erz Mina Ragra Typ,,
,40567,Rock,,Schieferton,,
38623,,,Halit,Halit,Deutschland,Thüringen
,38623,Mineral,,Halit,,
,38623,Rock,,Sandstein,,
41324,,,Revoredoit,Revoredoit,Peru,
,41324,Mineral,,Revoredoit,,
,41324,Ore,,Pb-Sulfarseniderz - Gang-Typ,,
34424,,,Quarz,Quarz,Schweiz,Uri
,34424,Mineral,,Titanit,,
,34424,Mineral,,Apatit,,
,34424,Mineral,,Quarz,,
,34424,Mineral,,Chlorit,,
,34424,Rock,,Granit,,
42527,,,Chalkopyrit,Chalkopyrit,Deutschland,Rheinland-Pfalz
,42527,Ore,,Cu-Pb-Sulfiderz - Gang-Typ,,
,42527,Mineral,,Siderit,,
,42527,Mineral,,Fahlerz,,
,42527,Mineral,,Galenit,,
,42527,Mineral,,Chalkopyrit,,
11501,,,Bornit,Bornit,Schweiz,Glarus
,11501,Mineral,,Bornit,,
,11501,Ore,,Cu-Sulfid-Erz - Redbed-Typ,,
,11501,Mineral,,Dolomit,,
48111,,Rock,Granat-Amphibolit,,Schweiz,Tessin
,48111,Mineral,,Hornblende,,
,48111,Mineral,,Plagioklas,,
,48111,Mineral,,undefiniert,,
,48111,Rock,,Granat-Amphibolit,,
,48111,Mineral,,Granat,,
32213,,Ore,"Pyriterz, massiv",,Schweiz,Bern
,32213,Mineral,,Pyrit,,
,32213,Ore,,"Pyriterz, massiv",,
,32213,Mineral,,Chalkopyrit,,
,32213,Mineral,,Calcit,,
32422,,Ore,Fe-Erz magnetitisch - Skarn-Typ,,Schweiz,Wallis
,32422,Mineral,,Pyrit,,
,32422,Ore,,Fe-Erz magnetitisch - Skarn-Typ,,
,32422,Mineral,,Magnetit,,
40508,,,Riebeckit,Riebeckit,Südafrika,Northern Cape / Noord-Kaap / Mntla-Koloni / Nyakatho-Kapa
,40508,Mineral,,Riebeckit,,
,40508,Mineral,,Quarz,,
,40508,Ore,,Asbest krokydolithisch - Superior-BIF,,
41130,,,Markasit,Markasit,Vereinigte Staaten von Amerika (USA),Missouri
,41130,Mineral,,Markasit,,
,41130,Rock,,Impaktbrekzie,,
43267,,,Covellin,Covellin,Peru,Lima
,43267,Mineral,,Covellin,,
,43267,Ore,,Cu-Sulfid-Erz - zementativ,,
39078,,Ore,Reduktionshof,,Schweiz,Aargau
,39078,Mineral,,Ramsdellit,,
,39078,Mineral,,Rammelsbergit,,
,39078,Mineral,,Uran-Anatas,,
,39078,Mineral,,Anatas,,
,39078,Mineral,,Dolomit,,
,39078,Mineral,,Anatas,,
,39078,Mineral,,Nickelin,,
,39078,Ore,,Reduktionshof,,
,39078,Mineral,,Chalkosin,,
,39078,Mineral,,Coffinit,,
33595,,Ore,"Mn-Erz, silikatisch - metamorph",,Schweiz,Graubünden
,33595,Mineral,,Braunit,,
,33595,Ore,,"Mn-Erz, silikatisch - metamorph",,
42364,,,Apatit,Apatit,Südafrika,Limpopo
,42364,Mineral,,Apatit,,
,42364,Rock,,Apatit-Magnetitit,,
,42364,Mineral,,Diopsid,,
27012,,Ore,Pb-Sulfid-Erz - MVT (Sandstein),,Marokko,
,27012,Mineral,,Galenit,,
,27012,Ore,,Pb-Sulfid-Erz - MVT (Sandstein),,
34606,,Rock,Granit,,Schweiz,Uri
,34606,Mineral,,Laumontit,,
,34606,Rock,,Granit,,
,34606,Mineral,,Epidot,,
41620,,,Fluorit,Fluorit,Südafrika,Limpopo
,41620,Mineral,,Fluorit,,
,41620,Rock,,Granit,,
53633,,,Talk,Talk,Schweiz,Wallis
,53633,Mineral,,Magnesit,,
,53633,Rock,,Serpentinit,,
,53633,Mineral,,Talk,,
39061,,Ore,Reduktionshof,,Schweiz,Aargau
,39061,Mineral,,Roscoelith,,
,39061,Ore,,Reduktionshof,,
43107,,,Kupfer,Kupfer,Russland (Russische Föderation),Kemerovo / Kemerovskaja / Kemerovskaya
,43107,Mineral,,Kupfer,,
,43107,Ore,,Cu-Metall-Erz - Michigan-Typ,,
32219,,Ore,"Pyriterz, massiv",,Schweiz,Bern
,32219,Mineral,,Pyrit,,
,32219,Ore,,"Pyriterz, massiv",,
32976,,Ore,Co-Cu-Sulfarseniderz - metamorph,,Schweiz,Wallis
,32976,Mineral,,Nickel-Skutterudit,,
,32976,Ore,,Co-Cu-Sulfarseniderz - metamorph,,
,32976,Mineral,,Chloanthit Siderit,,
41084,,,Baryt,Baryt,Vereinigte Staaten von Amerika (USA),Arkansas
,41084,Ore,,"Baryt, massiv - Flysch-Typ",,
,41084,Mineral,,Baryt,,
32656,,Ore,Co-Cu-Sulfarseniderz - metamorph,,Schweiz,Wallis
,32656,Mineral,,Galenit,,
,32656,Ore,,Co-Cu-Sulfarseniderz - metamorph,,
,32656,Mineral,,Pyrit,,
,32656,Mineral,,Fahlerz,,
41365,,,Tetraedrit,Tetraedrit,Peru,Junín / Junin / Hunin
,41365,Ore,,Cu-Pb-Sulfiderz - Gang-Typ,,
,41365,Mineral,,Baryt,,
,41365,Mineral,,Tetraedrit,,
42507,,Ore,Cu-Sulfid-Erz - Kupferschiefer-Typ,,Deutschland,Sachsen-Anhalt
,42507,Ore,,Cu-Sulfid-Erz - Kupferschiefer-Typ,,
,42507,Rock,,Tonschiefer,,
40948,,,Chalkopyrit,Chalkopyrit,Oesterreich,Salzburg
,40948,Mineral,,Chalkopyrit,,
,40948,Ore,,Cu-Sulfid-Erz - Gang-Typ,,
32655,,Ore,Co-Cu-Sulfarseniderz - metamorph,,Schweiz,Wallis
,32655,Mineral,,Chalkopyrit,,
,32655,Ore,,Co-Cu-Sulfarseniderz - metamorph,,
,32655,Mineral,,Ankerit,,
,32655,Mineral,,Fahlerz,,
32669,,Ore,Co-Cu-Sulfarseniderz - metamorph,,Schweiz,Wallis
,32669,Mineral,,Quarz,,
,32669,Mineral,,Galenit,,
,32669,Mineral,,Pyrit,,
,32669,Ore,,Co-Cu-Sulfarseniderz - metamorph,,
32184,,Ore,"Fe-Erz, pisolithisch",,Schweiz,Schaffhausen
,32184,Ore,,"Fe-Erz, pisolithisch",,
,32184,Mineral,,Siderit,,
39613,,,Calcit,Calcit,Schweiz,Graubünden
,39613,Rock,,Kalktuff,,
,39613,Mineral,,Calcit,,
39563,,,Limonit,Limonit,_Land unbekannt,
,39563,Mineral,,undef. Eisenhydroxid,,
,39563,Mineral,,Limonit,,
,39563,Rock,,Konglomerat,,
34585,,,Hämatit,Hämatit,Schweiz,Uri
,34585,Mineral,,Apatit,,
,34585,Mineral,,Chlorit,,
,34585,Rock,,Granit,,
,34585,Mineral,,Calcit,,
,34585,Mineral,,Hämatit,,
39625,,,Calcit,Calcit,Schweiz,Bern
,39625,Mineral,,Calcit,,
,39625,Rock,,Konglomerat,,
36522,,Rock,noch nicht angegeben,,Schweiz,Uri
,36522,Mineral,,Ankerit,,
,36522,Rock,,noch nicht angegeben,,
36718,,,Calcit,Calcit,Schweiz,Uri
,36718,Rock,,Gneis s.l.,,
,36718,Mineral,,Calcit,,
6744,,,Bornit,Bornit,Schweiz,Glarus
,6744,Mineral,,Malachit,,
,6744,Ore,,Cu-Sulfid-Erz - Redbed-Typ,,
,6744,Mineral,,Bornit,,
30464,,Rock,Lherzolith (Mantelgestein),,Mongolei,
,30464,Rock,,Lherzolith (Mantelgestein),,
,30464,Mineral,,Forsterit,,
41481,,,Chalkopyrit,Chalkopyrit,Japan,Akita
,41481,Ore,,Yellow ore (Oko) - Kuroko-Typ,,
,41481,Mineral,,Chalkopyrit,,
32384,,Ore,Pb-Zn-Sulfid-Erz - Gang-Typ,,Schweiz,Wallis
,32384,Mineral,,Galenit,,
,32384,Ore,,Pb-Zn-Sulfid-Erz - Gang-Typ,,
43265,,,Chalkosin,Chalkosin,Peru,Lima
,43265,Mineral,,Pyrit,,
,43265,Ore,,Cu-Sulfid-Erz - zementativ,,
,43265,Mineral,,Chalkopyrit,,
,43265,Mineral,,Chalkosin,,
35326,,Rock,Impaktbrekzie - Suevit,,Schweden,Gävleborgs län (Gavleborgs)
,35326,Rock,,Impaktbrekzie - Suevit,,
,35326,Mineral,,Heulandit,,
42376,,,Galenit,Galenit,Rumänien,Maramureș (Maramures)
,42376,Mineral,,Chalkopyrit,,
,42376,Ore,,Cu-Pb-Sulfiderz - Gang-Typ,,
,42376,Mineral,,Pyrit,,
,42376,Mineral,,Galenit,,
31410,,,Schröckingerit,Schröckingerit,Schweiz,Bern
,31410,Rock,,Granodiorit,,
,31410,Mineral,,Schröckingerit,,
43243,,,Chrysokoll,Chrysokoll,Peru,Lima
,43243,Ore,,Cu-Oxiderz (inkl. Karbonate etc.) - Oxidationszone,,
,43243,Mineral,,Chrysokoll,,
42549,,Rock,Granat-Amphibolit,,Schweiz,Tessin
,42549,Mineral,,Zoisit,,
,42549,Mineral,,Hornblende,,
,42549,Rock,,Granat-Amphibolit,,
,42549,Mineral,,Diopsid,,
,42549,Mineral,,Granat,,
2679,,,Fluorit,Fluorit,Schweiz,Wallis
,2679,Ore,,Pb-Sulfid-Erz - Ba-F-Formation,,
,2679,Mineral,,Fluorit,,
32087,,Ore,Fe-Oolith - Allgemein,,Schweiz,Bern
,32087,Ore,,Fe-Oolith - Allgemein,,
,32087,Mineral,,Magnetit,,
6929,,,Galenit,Galenit,Schweiz,Wallis
,6929,Ore,,Pb-Zn-Sulfid-Erz - Gang-Typ,,
,6929,Mineral,,Sphalerit,,
,6929,Mineral,,Galenit,,
,6929,Mineral,,Quarz,,
43236,,,Azurit,Azurit,Peru,Lima
,43236,Mineral,,Azurit,,
,43236,Mineral,,Malachit,,
,43236,Ore,,Cu-Oxiderz (inkl. Karbonate etc.) - Oxidationszone,,
40552,,,Kupfer,Kupfer,Vereinigte Staaten von Amerika (USA),Michigan
,40552,Rock,,Basalt s.l.,,
,40552,Ore,,Cu-Metall-Erz - Michigan-Typ,,
,40552,Mineral,,Kupfer,,
,40552,Mineral,,Prehnit,,
43061,,Ore,Cr-Erz - kontinental mafisch-magmatisch,,Südafrika,
,43061,Ore,,Cr-Erz - kontinental mafisch-magmatisch,,
,43061,Mineral,,Chromit,,
42739,,,Pyrit,Pyrit,Südafrika,Gauteng / Rhawuti
,42739,Rock,,Konglomerat,,
,42739,Mineral,,Pyrit,,
,42739,Ore,,Au-U-Konglomerat - Witwatersrand-Typ,,
41271,,,Galenit,Galenit,Peru,Huancavelica / Wankawelika / Wankawillka
,41271,Mineral,,Sphalerit,,
,41271,Mineral,,Chalkopyrit,,
,41271,Mineral,,Galenit,,
,41271,Ore,,Pb-Cu-Ag-Sb-Bi-As-Sulfiderz - Gang-Typ,,
34166,,,Pyrit,Pyrit,Schweiz,Uri
,34166,Mineral,,Pyrit,,
,34166,Rock,,noch nicht angegeben,,
32061,,Ore,"Fe-Erz, pisolithisch",,Schweiz,Solothurn
,32061,Ore,,"Fe-Erz, pisolithisch",,
,32061,Mineral,,Limonit,,
,32061,Mineral,,undef. Eisenhydroxid Kaolinit,,
42389,,,Smithsonit,Smithsonit,Türkei,Balıkesir (Balikesir)
,42389,Mineral,,Hemimorphit,,
,42389,Ore,,"Zn-Erz Sekundärmineralien - Skarn-Typ, Oxidationszone",,
,42389,Mineral,,Smithsonit,,
32391,,Ore,Pb-Zn-Sulfid-Erz - Gang-Typ,,Schweiz,Wallis
,32391,Ore,,Pb-Zn-Sulfid-Erz - Gang-Typ,,
,32391,Mineral,,Galenit,,
,32391,Mineral,,Sphalerit,,
42609,,,Pyrit,Pyrit,Italien,Valle d'Aosta / Val d'Aoste
,42609,Mineral,,Granat,,
,42609,Ore,,Pyrit-Erz - metamorph,,
,42609,Mineral,,Glaukophan,,
,42609,Mineral,,Pyrit,,
,42609,Mineral,,Quarz,,
39145,,Ore,Reduktionshof,,Schweiz,Aargau
,39145,Mineral,,Rammelsbergit,,
,39145,Mineral,,Nickelin,,
,39145,Mineral,,Uraninit,,
,39145,Mineral,,Pechblende Roscoelith,,
,39145,Ore,,Reduktionshof,,
40787,,,Kupfer,Kupfer,Vereinigte Staaten von Amerika (USA),Michigan
,40787,Ore,,Cu-Metall-Erz - Michigan-Typ,,
,40787,Mineral,,Epidot,,
,40787,Mineral,,Kupfer,,
,40787,Mineral,,Calcit,,
,40787,Rock,,Basalt s.l.,,
41460,,,Chalkosin,Chalkosin,Argentinien,Salta
,41460,Mineral,,Chalkosin,,
,41460,Mineral,,Cuprit,,
,41460,Mineral,,Malachit,,
,41460,Ore,,Cu-Sulfid-Erz - Redbed-Typ,,
42306,,Rock,Radiolarit,,Schweiz,Graubünden
,42306,Mineral,,Hämatit,,
,42306,Rock,,Radiolarit,,
,42306,Mineral,,Chlorit,,
,42306,Mineral,,Quarz,,
48158,,Rock,Rodingit (Rhodingit),,Schweiz,Wallis
,48158,Mineral,,Chlorit,,
,48158,Mineral,,Grossular,,
,48158,Mineral,,Anorthit,,
,48158,Rock,,Rodingit (Rhodingit),,
32106,,Rock,Kalkstein,,Schweiz,Bern
,32106,Rock,,Kalkstein,,
,32106,Mineral,,Pyrit,,
40766,,,Kupfer,Kupfer,Vereinigte Staaten von Amerika (USA),Michigan
,40766,Mineral,,Kupfer,,
,40766,Rock,,Konglomerat,,
,40766,Ore,,Cu-Metall-Erz - Michigan-Typ,,
40876,,,Sphalerit,Sphalerit,Deutschland,Nordrhein-Westfalen
,40876,Mineral,,Sphalerit,,
,40876,Ore,,Zn-Sulfid-Erz - Gang-Typ,,
,40876,Mineral,,Quarz,,
42324,,Rock,Rodingit (Rhodingit),,Schweiz,Graubünden
,42324,Rock,,Rodingit (Rhodingit),,
,42324,Mineral,,Vesuvian (Vesuvianit),,
,42324,Mineral,,Grossular,,
32772,,,Quarz,Quarz,Schweiz,Tessin
,32772,Rock,,Glimmerschiefer,,
,32772,Mineral,,Chlorit,,
,32772,Mineral,,Pyrit,,
,32772,Mineral,,Epidot,,
,32772,Mineral,,Quarz,,
43417,,,Kassiterit,Kassiterit,Schweiz,Bern
,43417,Mineral,,Kassiterit,,
,43417,Rock,,Granitpegmatit - Lithium-Pegmatit,,
42173,,,Chlorargyrit,Chlorargyrit,Chile,
,42173,Mineral,,Chlorargyrit,,
,42173,Ore,,Polymetallisches Erz,,
40797,,,Chalkosin,Chalkosin,Vereinigte Staaten von Amerika (USA),Michigan
,40797,Ore,,Cu-Sulfid-Erz - Redbed-Typ,,
,40797,Mineral,,Chalkosin,,
42387,,Ore,Pb-Zn-Sulfid-Erz - Skarn-Typ,Pb-Zn-Sulfid-Erz - Skarn-Typ,Türkei,Balıkesir (Balikesir)
,42387,Mineral,,Chalkopyrit,,
,42387,Mineral,,Sphalerit,,
,42387,Mineral,,Galenit,,
,42387,Mineral,,Fahlerz,,
,42387,Ore,,Pb-Zn-Sulfid-Erz - Skarn-Typ,,
34768,,,Quarz,Quarz,Schweiz,Uri
,34768,Rock,,Granit,,
,34768,Mineral,,Quarz,,
39521,,Ore,Pb-Zn-Sulfid-Erz - Gang-Typ,,Schweiz,Wallis
,39521,Ore,,Pb-Zn-Sulfid-Erz - Gang-Typ,,
,39521,Mineral,,Sphalerit,,
42382,,,Bornit,Bornit,Vereinigte Staaten von Amerika (USA),Oregon
,42382,Ore,,Cu-Sulfid-Erz - Gang-Typ,,
,42382,Mineral,,Bornit,,
,42382,Mineral,,Malachit,,
40894,,,Galenit,Galenit,Deutschland,Nordrhein-Westfalen
,40894,Mineral,,Chalkopyrit,,
,40894,Mineral,,Quarz,,
,40894,Mineral,,Galenit,,
,40894,Mineral,,Sphalerit,,
,40894,Ore,,Pb-Zn-Sulfid-Erz - Gang-Typ,,
41683,,,Chromit,Chromit,Südafrika,Limpopo
,41683,Ore,,Cr-Erz - kontinental mafisch-magmatisch,,
,41683,Mineral,,Chromit,,
38969,,Rock,Chert,,Deutschland,Thüringen
,38969,Mineral,,Quarz,,
,38969,Rock,,Chert,,
,38969,Mineral,,Chalcedon/Chert,,
42589,,,Sphalerit,Sphalerit,Italien,Friuli Venezia Giulia
,42589,Ore,,Pb-Zn-Sulfid-Erz - Gang-Typ,,
,42589,Mineral,,Sphalerit,,
,42589,Mineral,,Galenit,,
32499,,Ore,Co-Cu-Sulfarseniderz - metamorph,,Schweiz,Wallis
,32499,Mineral,,Arsenopyrit,,
,32499,Mineral,,Fahlerz,,
,32499,Ore,,Co-Cu-Sulfarseniderz - metamorph,,
41334,,,Revoredoit,Revoredoit,Peru,
,41334,Mineral,,Revoredoit,,
,41334,Mineral,,Gratonit,,
,41334,Ore,,Pb-Sulfarseniderz - Gang-Typ,,
40426,,,Galenit,Galenit,Vereinigte Staaten von Amerika (USA),Missouri
,40426,Mineral,,Galenit,,
,40426,Ore,,Pb-Sulfid-Erz - MVT,,
38376,,,Goethit,Goethit,Schweiz,Aargau
,38376,Ore,,"Fe-Erz, pisolithisch",,
,38376,Mineral,,Goethit,,
35721,,Rock,Anhydrit,,Schweiz,Bern
,35721,Mineral,,Dolomit,,
,35721,Mineral,,Anhydrit,,
,35721,Rock,,Anhydrit,,
42598,,,Sphalerit,Sphalerit,Oesterreich,Salzburg
,42598,Ore,,"Au-Erz, polymetallisch - Gang-Typ",,
,42598,Mineral,,Sphalerit,,
32079,,Rock,Sand (s.l.),,Schweiz,Schaffhausen
,32079,Rock,,Sand (s.l.),,
,32079,Mineral,,Quarz,,
39217,,Ore,Reduktionshof,,Vereinigte Staaten von Amerika (USA),Utah
,39217,Ore,,Reduktionshof,,
,39217,Mineral,,Roscoelith,,
6936,,,Galenit,Galenit,Schweiz,Wallis
,6936,Mineral,,Galenit,,
,6936,Ore,,Pb-Zn-Sulfid-Erz - Gang-Typ,,
34728,,,Calcit,Calcit,Schweiz,Uri
,34728,Rock,,Granit,,
,34728,Mineral,,Chlorit,,
,34728,Mineral,,Quarz,,
,34728,Mineral,,Biotit,,
,34728,Mineral,,Calcit,,
32672,,Ore,Co-Cu-Sulfarseniderz - metamorph,,Schweiz,Wallis
,32672,Mineral,,Chalkopyrit,,
,32672,Mineral,,Quarz,,
,32672,Mineral,,Galenit,,
,32672,Ore,,Co-Cu-Sulfarseniderz - metamorph,,
30170,,,Jadeit,Jadeit,Schweiz,Bern
,30170,Rock,,Jadeitite,,
,30170,Mineral,,Jadeit,,
42901,,,Enstatit,Enstatit,Südafrika,Northern Cape / Noord-Kaap / Mntla-Koloni / Nyakatho-Kapa
,42901,Mineral,,Diopsid,,
,42901,Mineral,,Enstatit,,
,42901,Rock,,Pyroxenit s.l. (plutonisch),,
,42901,Mineral,,Chromdiopsid,,
41117,,,Schörl,Schörl,Vereinigte Staaten von Amerika (USA),Missouri
,41117,Mineral,,Orthoklas,,
,41117,Mineral,,Schörl,,
,41117,Rock,,Granitpegmatit,,
,41117,Mineral,,Quarz,,
,41117,Mineral,,Muskovit,,
36376,,Rock,Chlorit-Schiefer,,Schweiz,Uri
,36376,Mineral,,Quarz,,
,36376,Rock,,Chlorit-Schiefer,,
42641,,,Augit,Augit,Italien,Toscana
,42641,Rock,,Pyroxenfels,,
,42641,Mineral,,Augit,,
8450,,Rock,Serpentinit,,Schweiz,Uri
,8450,Mineral,,Serpentin,,
,8450,Rock,,Serpentinit,,
,8450,Mineral,,undefiniert,,
42662,,,Pyrit,Pyrit,Italien,Piemonte
,42662,Mineral,,Pyrit,,
,42662,Mineral,,Quarz,,
,42662,Ore,,"Au-Erz, pyritisch - Gang-Typ",,
41812,,,Markasit,Markasit,Schweiz,Schaffhausen
,41812,Mineral,,Markasit,,
,41812,Rock,,Kalkstein,,
39624,,,Calcit,Calcit,Schweiz,
,39624,Rock,,Konglomerat,,
,39624,Mineral,,Quarz,,
,39624,Mineral,,Calcit,,
40821,,,Galenit,Galenit,Spanien,Andalucía (Andalucia)
,40821,Ore,,Pb-Sulfid-Erz - MVT,,
,40821,Mineral,,Galenit,,
40388,,,Galenit,Galenit,Vereinigte Staaten von Amerika (USA),Missouri
,40388,Mineral,,Dolomit,,
,40388,Mineral,,Pyrit,,
,40388,Ore,,Pb-Sulfid-Erz - MVT,,
,40388,Mineral,,Galenit,,
35722,,Rock,Anhydrit,,Schweiz,Bern
,35722,Mineral,,Anhydrit,,
,35722,Mineral,,Dolomit,,
,35722,Rock,,Anhydrit,,
41180,,Ore,Fe-Oolith - Allgemein,Fe-Oolith - Allgemein,Frankreich,
,41180,Mineral,,Limonit,,
,41180,Mineral,,undef. Eisenhydroxid,,
,41180,Ore,,Fe-Oolith - Allgemein,,
42455,,,Stibnit,Stibnit,Tschechien,Středočeský (Stredocesky )
,42455,Mineral,,Antimon,,
,42455,Mineral,,Stibnit,,
,42455,Ore,,Sb-Sulfid-Erz - Gang-Typ,,
36197,,Rock,Gneis s.l.,,Schweiz,Uri
,36197,Mineral,,Orthoklas,,
,36197,Rock,,Gneis s.l.,,
,36197,Mineral,,Adular,,
43056,,,Chalkopyrit,Chalkopyrit,Schweiz,Wallis
,43056,Ore,,Cu-Sulfid-Erz - Gang-Typ,,
,43056,Mineral,,Chalkopyrit,,
,43056,Mineral,,Quarz,,
33820,,,Goethit,Goethit,Australien,New South Wales
,33820,Mineral,,Quarz,,
,33820,Mineral,,Goethit,,
,33820,Ore,,Fe-Erz limonitisch - Eiserner Hut,,
29721,,Rock,Eklogit,,"China, Volksrepublik",Anhui
,29721,Mineral,,Omphacit,,
,29721,Mineral,,Grossular,,
,29721,Rock,,Eklogit,,
32700,,Ore,Co-Cu-Sulfarseniderz - metamorph,,Schweiz,Wallis
,32700,Ore,,Co-Cu-Sulfarseniderz - metamorph,,
,32700,Mineral,,Erythrin,,
,32700,Mineral,,Annabergit,,
39108,,Ore,Reduktionshof,,Schweiz,Aargau
,39108,Mineral,,Rammelsbergit,,
,39108,Ore,,Reduktionshof,,
40571,,,Gips,Gips,Peru,Pasco / Pasqu
,40571,Rock,,Schieferton,,
,40571,Mineral,,Gips,,
,40571,Ore,,V-Erz Mina Ragra Typ,,
35322,,Ore,"Au-Erz, pyritisch - Gang-Typ",,Schweiz,Wallis
,35322,Mineral,,Pyrit,,
,35322,Mineral,,Chalkopyrit,,
,35322,Ore,,"Au-Erz, pyritisch - Gang-Typ",,
,35322,Mineral,,Tetraedrit,,
,35322,Mineral,,Gold,,
,35322,Mineral,,Quarz,,
42115,,,Pyrargyrit,Pyrargyrit,Mexiko,Durango
,42115,Mineral,,Pyrargyrit,,
,42115,Ore,,Ag-Sulfid-Erz - Gang-Typ,,
42917,,,Olivin,Olivin,Südafrika,Northern Cape / Noord-Kaap / Mntla-Koloni / Nyakatho-Kapa
,42917,Mineral,,Diopsid,,
,42917,Mineral,,Olivin allgemein Enstatit,,
,42917,Rock,,Harzburgit (plutonisch),,
,42917,Mineral,,Olivin,,
40310,,Ore,Fe-Oolith hämatitisch,,Tschechien,Středočeský (Stredocesky )
,40310,Ore,,Fe-Oolith hämatitisch,,
,40310,Mineral,,Hämatit,,
34406,,,Pyrit,Pyrit,Schweiz,Uri
,34406,Mineral,,Quarz,,
,34406,Mineral,,Pyrit,,
,34406,Rock,,Granit,,
42302,,Rock,Metagabbro,,Schweiz,Graubünden
,42302,Mineral,,Quarz,,
,42302,Mineral,,Chlorit,,
,42302,Mineral,,Pumpellyit,,
,42302,Rock,,Metagabbro,,
,42302,Mineral,,Albit,,
,42302,Mineral,,Aktinolith,,
,42302,Mineral,,Diopsid,,
,42302,Mineral,,Magnetit,,
7453,,,Talk,Talk,Schweiz,Wallis
,7453,Rock,,noch nicht angegeben,,
,7453,Mineral,,Talk,,
42294,,Rock,Metabasalt,,Schweiz,Graubünden
,42294,Mineral,,Pumpellyit,,
,42294,Mineral,,Chlorit,,
,42294,Rock,,Metabasalt,,
,42294,Mineral,,Albit,,
,42294,Mineral,,Titanit,,
,42294,Mineral,,Quarz,,
42477,,,Galenit,Galenit,Deutschland,Sachsen
,42477,Mineral,,Quarz,,
,42477,Mineral,,Galenit,,
,42477,Ore,,Pb-Zn-Sulfid-Erz - Gang-Typ,,
41590,,Ore,Sn-Seife,Sn-Seife,Malaysia,
,41590,Ore,,Sn-Seife,,
,41590,Mineral,,Kassiterit,,
39255,,Ore,Reduktionshof,,Grossbritannien / Vereinigtes Königreich,England
,39255,Mineral,,Uraninit,,
,39255,Mineral,,Domeykit,,
,39255,Mineral,,Silber,,
,39255,Ore,,Reduktionshof,,
,39255,Mineral,,Digenit,,
,39255,Mineral,,Safflorit,,
,39255,Mineral,,Roscoelith,,
,39255,Mineral,,Covellin,,
,39255,Mineral,,Montroseit,,
42205,,,Chalkopyrit,Chalkopyrit,Australien,Queensland
,42205,Mineral,,Chalkopyrit,,
,42205,Ore,,Cu-Sulfid-Erz - SEDEX,,
42343,,Rock,Metahyloklastit,,Schweiz,Graubünden
,42343,Mineral,,Calcit,,
,42343,Mineral,,Chlorit,,
,42343,Mineral,,Pumpellyit,,
,42343,Mineral,,Hämatit,,
,42343,Mineral,,Albit,,
,42343,Rock,,Metahyloklastit,,
31403,,,Schröckingerit,Schröckingerit,Schweiz,Bern
,31403,Mineral,,Schröckingerit,,
,31403,Rock,,Granit,,
39252,,Ore,Reduktionshof,,Grossbritannien / Vereinigtes Königreich,England
,39252,Mineral,,Roscoelith,,
,39252,Ore,,Reduktionshof,,
42265,,,Lepidolith,Lepidolith,Schweden,Stockholms län
,42265,Mineral,,Lepidolith,,
,42265,Rock,,Granitpegmatit,,
,42265,Ore,,Lithium-Pegmatit,,
32428,,Ore,Fluoritgang - Ba-F-Formation,,Schweiz,Wallis
,32428,Ore,,Fluoritgang - Ba-F-Formation,,
,32428,Mineral,,Fluorit,,
40884,,,Sphalerit,Sphalerit,Deutschland,Nordrhein-Westfalen
,40884,Ore,,Zn-Sulfid-Erz - Gang-Typ,,
,40884,Mineral,,Quarz,,
,40884,Mineral,,Pyrit,,
,40884,Mineral,,Sphalerit,,
,40884,Mineral,,Ankerit,,
31089,,Ore,Pb-Sulfid-Erz - MVT (Sandstein),,Deutschland,Nordrhein-Westfalen
,31089,Mineral,,Galenit,,
,31089,Ore,,Pb-Sulfid-Erz - MVT (Sandstein),,
48112,,Rock,Amphibolit,,Italien,Piemonte
,48112,Mineral,,Plagioklas,,
,48112,Rock,,Amphibolit,,
,48112,Mineral,,Hornblende,,
,48112,Mineral,,undefiniert,,
37027,,,Wollastonit,Wollastonit,Grossbritannien / Vereinigtes Königreich,Scotland
,37027,Mineral,,Wollastonit,,
,37027,Mineral,,Dolomit,,
,37027,Rock,,Dolomit-Marmor,,
42240,,,Magnetit,Magnetit,Schweden,Uppsala län
,42240,Ore,,Fe-Erz magnetitisch - Skarn-Typ,,
,42240,Mineral,,Magnetit,,
43259,,,Limonit,Limonit,Peru,Lima
,43259,Mineral,,Limonit,,
,43259,Mineral,,undef. Eisenhydroxid Malachit,,
,43259,Mineral,,Azurit,,
,43259,Ore,,Cu-Oxiderz (inkl. Karbonate etc.) - Oxidationszone,,
39487,,,Omphacit,Omphacit,Schweiz,
,39487,Mineral,,Omphacit,,
,39487,Rock,,Metagabbro - Eklogitfaziell,,
42092,,,Akanthit,Akanthit,Mexiko,Michoacán de Ocampo (Michoacan de Ocampo)
,42092,Mineral,,Quarz,,
,42092,Mineral,,Akanthit,,
,42092,Mineral,,Pyrit,,
,42092,Ore,,"Au-Erz, polymetallisch - Gang-Typ",,
39355,,,Quarz,Quarz,Aegypten,
,39355,Mineral,,Quarz,,
,39355,Mineral,,feinkristallin,,
,39355,Rock,,noch nicht angegeben,,
41059,,,Hämatit,Hämatit,Vereinigte Staaten von Amerika (USA),Missouri
,41059,Mineral,,Andradit,,
,41059,Mineral,,Magnetit,,
,41059,Ore,,Fe-Erz magnetitisch - Skarn-Typ,,
,41059,Mineral,,Quarz,,
,41059,Mineral,,Hämatit,,
41120,,,Muskovit,Muskovit,Vereinigte Staaten von Amerika (USA),Missouri
,41120,Rock,,Granitpegmatit,,
,41120,Mineral,,Muskovit,,
,41120,Mineral,,Quarz,,
,41120,Mineral,,Orthoklas,,
40500,,,Kupfer,Kupfer,Vereinigte Staaten von Amerika (USA),Michigan
,40500,Mineral,,Epidot,,
,40500,Ore,,Cu-Metall-Erz - Michigan-Typ,,
,40500,Mineral,,Quarz,,
,40500,Mineral,,Kupfer,,
42398,,Ore,Phosphorit marin,,Marokko,
,42398,Rock,,Sand - Karbonatisch,,
,42398,Ore,,Phosphorit marin,,
31417,,,Schröckingerit,Schröckingerit,Schweiz,Bern
,31417,Mineral,,Schröckingerit,,
,31417,Rock,,noch nicht angegeben,,
42519,,,Chalkopyrit,Chalkopyrit,Deutschland,Niedersachsen
,42519,Mineral,,Chalkopyrit,,
,42519,Ore,,Cu-Pb-Zn-Sulfiderz - SEDEX,,
,42519,Mineral,,Galenit,,
,42519,Mineral,,Pyrit,,
42532,,,Quarz,Quarz,Deutschland,Bayern
,42532,Ore,,Fluoritgang - Ba-F-Formation,,
,42532,Mineral,,Quarz,,
,42532,Mineral,,Fluorit,,
40752,,,Kupfer,Kupfer,Vereinigte Staaten von Amerika (USA),Michigan
,40752,Mineral,,Epidot,,
,40752,Mineral,,Kupfer,,
,40752,Ore,,Cu-Metall-Erz - Michigan-Typ,,
,40752,Mineral,,Quarz,,
39073,,Ore,Reduktionshof,,Schweiz,Aargau
,39073,Mineral,,Rammelsbergit,,
,39073,Ore,,Reduktionshof,,
,39073,Mineral,,Roscoelith,,
42266,,,Mikroklin,Mikroklin,Schweden,Stockholms län
,42266,Ore,,Lithium-Pegmatit,,
,42266,Mineral,,Amazonit,,
,42266,Mineral,,Mikroklin,,
,42266,Rock,,Granitpegmatit,,
40216,,,Quarz,Quarz,Island,Austurland
,40216,Mineral,,Quarz,,
,40216,Rock,,Lava - allgemein,,
,40216,Mineral,,Chalcedon/Chert,,
41843,,,Titanit,Titanit,Italien,Piemonte
,41843,Mineral,,undefiniert,,
,41843,Mineral,,Klinopyroxen,,
,41843,Mineral,,Titanit,,
,41843,Rock,,Hornblendit,,
,41843,Mineral,,Hornblende,,
40359,,,Pyrit,Pyrit,Vereinigte Staaten von Amerika (USA),Missouri
,40359,Ore,,Ni-Cu-Sulfid-Erz - MVT,,
,40359,Mineral,,Chalkopyrit,,
,40359,Mineral,,Pyrit,,
,40359,Mineral,,Siegenit,,
53808,,Rock,Impaktglas,,Russland (Russische Föderation),Chukotka / Chukotskiy / Čukotskij (Cukotskij )
,53808,Mineral,,Stishovit,,
,53808,Rock,,Impaktglas,,
32396,,Ore,Pb-Zn-Sulfid-Erz - Gang-Typ,,Schweiz,Wallis
,32396,Mineral,,Sphalerit,,
,32396,Mineral,,Galenit,,
,32396,Ore,,Pb-Zn-Sulfid-Erz - Gang-Typ,,
43084,,,ohne Namen,ohne Namen,_keinem Land zugeordnet,
,43084,Ore,,noch nicht angegeben,,
,43084,Mineral,,ohne Namen,,
,43084,Mineral,,(s. Objektbemerkung),,
31081,,,Covellin,Covellin,Peru,Lima
,31081,Mineral,,Enargit,,
,31081,Mineral,,Pyrit,,
,31081,Ore,,Cu-Sulfid-Erz - zementativ,,
,31081,Mineral,,Covellin,,
43138,,Ore,"Fe-Erz, pisolithisch","Fe-Erz, pisolithisch",Schweiz,Solothurn
,43138,Mineral,,undef. Eisenhydroxid,,
,43138,Mineral,,Limonit,,
,43138,Ore,,"Fe-Erz, pisolithisch",,
36457,,Rock,Gneis s.l.,,Schweiz,Uri
,36457,Rock,,Gneis s.l.,,
,36457,Mineral,,Biotit,,
40775,,,Kupfer,Kupfer,Vereinigte Staaten von Amerika (USA),Michigan
,40775,Rock,,Basalt s.l.,,
,40775,Mineral,,Kupfer,,
,40775,Ore,,Cu-Metall-Erz - Michigan-Typ,,
7043,,,Chalkopyrit,Chalkopyrit,Schweiz,Wallis
,7043,Mineral,,Fahlerz,,
,7043,Ore,,Cu-Sulfid-Erz - Gang-Typ,,
,7043,Mineral,,Malachit,,
,7043,Mineral,,Chalkopyrit,,
40017,,Rock,Sand (s.l.),,Saudi-Arabien,
,40017,Rock,,Sand (s.l.),,
,40017,Mineral,,Quarz,,
,40017,Mineral,,Orthoklas,,
32753,,,Aktinolith,Aktinolith,Schweiz,Tessin
,32753,Mineral,,Biotit,,
,32753,Rock,,Amphibolit,,
,32753,Mineral,,Aktinolith,,
31765,,,Granat,Granat,Schweiz,Tessin
,31765,Rock,,Aplit,,
,31765,Mineral,,Granat,,
34414,,,Chlorit,Chlorit,Schweiz,Uri
,34414,Mineral,,Chlorit,,
,34414,Rock,,Granit,,
33337,,,Andalusit,Andalusit,Schweiz,Tessin
,33337,Rock,,Granitpegmatit,,
,33337,Mineral,,Turmalin,,
,33337,Mineral,,2M Phlogopit,,
,33337,Mineral,,Andalusit,,
,33337,Mineral,,Sillimanit,,
,33337,Mineral,,allgemein Muskovit,,
43864,,Ore,noch nicht angegeben,noch nicht angegeben,Schweiz,Graubünden
,43864,Mineral,,Sphalerit,,
,43864,Ore,,noch nicht angegeben,,
,43864,Mineral,,Galenit,,
42570,,,Azurit,Azurit,Deutschland,Baden-Württemberg
,42570,Rock,,Sandstein,,
,42570,Mineral,,Malachit,,
,42570,Ore,,Cu-Erz Sekundärmineralien - Gang-Typ,,
,42570,Mineral,,Azurit,,
40831,,,Pyrit,Pyrit,Spanien,Andalucía (Andalucia)
,40831,Mineral,,Chalkopyrit,,
,40831,Mineral,,Galenit,,
,40831,Ore,,"Pyrit, massiv - SEDEX",,
,40831,Mineral,,Sphalerit,,
,40831,Mineral,,Pyrit,,
42319,,Rock,Calcit-Marmor,,Schweiz,Graubünden
,42319,Rock,,Calcit-Marmor,,
,42319,Mineral,,Calcit,,
42414,,,Sphalerit,Sphalerit,Bosnien-Herzegowina,Federacija Bosne i Hercegovine
,42414,Ore,,Zn-Sulfid-Erz - Gang-Typ,,
,42414,Mineral,,Sphalerit,,
,42414,Mineral,,Eisenkarbonat,,
39476,,Rock,Tonschiefer,,Kanada,Ontario
,39476,Mineral,,Chalkopyrit,,
,39476,Mineral,,Sphalerit,,
,39476,Mineral,,Pyrit,,
,39476,Rock,,Tonschiefer,,
40898,,,Galenit,Galenit,Deutschland,Nordrhein-Westfalen
,40898,Mineral,,Quarz,,
,40898,Mineral,,Chalkopyrit,,
,40898,Mineral,,Galenit,,
,40898,Mineral,,Sphalerit,,
,40898,Ore,,Pb-Zn-Sulfid-Erz - Gang-Typ,,
41469,,,Chalkopyrit,Chalkopyrit,Japan,Akita
,41469,Mineral,,Chalkopyrit,,
,41469,Ore,,Yellow ore (Oko) - Kuroko-Typ,,
,41469,Mineral,,Pyrit,,
42569,,,Limonit,Limonit,Deutschland,Baden-Württemberg
,42569,Mineral,,Limonit,,
,42569,Rock,,Sandstein,,
,42569,Ore,,Fe-Erz limonitisch - Raseneisenerz,,
,42569,Mineral,,undef. Eisenhydroxid,,
41512,,,Sphalerit,Sphalerit,"China, Volksrepublik",Guangdong
,41512,Mineral,,Arsenopyrit,,
,41512,Mineral,,Dolomit,,
,41512,Mineral,,Pyrit,,
,41512,Mineral,,Sphalerit,,
,41512,Mineral,,Quarz,,
,41512,Ore,,Zn-Sulfid-Erz - Gang-Typ,,
39206,,Ore,Reduktionshof,,Schweiz,Aargau
,39206,Ore,,Reduktionshof,,
,39206,Mineral,,Uraninit,,
,39206,Mineral,,Roscoelith,,
,39206,Mineral,,Rammelsbergit,,
37779,,Rock,Pyroxenit s.l. (Mantelgestein),,Deutschland,Baden-Württemberg
,37779,Mineral,,Titanit,,
,37779,Mineral,,Augit,,
,37779,Rock,,Pyroxenit s.l. (Mantelgestein),,
41938,,Rock,Eklogit,,Tschechien,Jihočeský (Jihocesky )
,41938,Rock,,Eklogit,,
,41938,Mineral,,undefiniert,,
,41938,Mineral,,Granat,,
,41938,Mineral,,Plagioklas,,
,41938,Mineral,,Amphibol,,
,41938,Mineral,,Klinopyroxen,,
40835,,,Pyrit,Pyrit,Spanien,Andalucía (Andalucia)
,40835,Mineral,,Schwazit Chalkopyrit,,
,40835,Mineral,,Pyrit,,
,40835,Mineral,,Sphalerit,,
,40835,Mineral,,Galenit,,
,40835,Ore,,"Pyrit, massiv - SEDEX",,
,40835,Mineral,,Tetraedrit,,
40888,,,Sphalerit,Sphalerit,Deutschland,Nordrhein-Westfalen
,40888,Ore,,Zn-Sulfid-Erz - Gang-Typ,,
,40888,Mineral,,Ankerit,,
,40888,Mineral,,Sphalerit,,
,40888,Mineral,,Quarz,,
43109,,,Mineral nicht bestimmt,Mineral nicht bestimmt,Türkei,Antalya
,43109,Rock,,noch nicht angegeben,,
,43109,Mineral,,(s. Objektbem.),,
,43109,Mineral,,Mineral nicht bestimmt,,
,43109,Ore,,noch nicht angegeben,,
40423,,,Chalkopyrit,Chalkopyrit,Vereinigte Staaten von Amerika (USA),Missouri
,40423,Mineral,,Chalkopyrit,,
,40423,Mineral,,Galenit,,
,40423,Ore,,Cu-Pb-Sulfid-Erz - MVT,,
40954,,,Dolomit,Dolomit,Oesterreich,Vorarlberg
,40954,Rock,,Dolomit-Rhythmit,,
,40954,Mineral,,Dolomit,,
40931,,,Galenit,Galenit,Deutschland,Baden-Württemberg
,40931,Mineral,,Galenit,,
,40931,Ore,,Pb-Zn-Sulfid-Erz - MVT,,
,40931,Mineral,,Mimetesit,,
,40931,Mineral,,Goethit,,
,40931,Mineral,,Cerussit,,
42146,,,Kassiterit,Kassiterit,Bolivien,Potosí (Potosi)
,42146,Ore,,Sn-Wolframit-Erz - Gang-Typ,,
,42146,Mineral,,Kassiterit,,
33493,,,Quarz,Quarz,Schweiz,Wallis
,33493,Rock,,Quarzit,,
,33493,Mineral,,Quarz,,
32540,,,Chlorit,Chlorit,Schweiz,Graubünden
,32540,Mineral,,Chlorit,,
,32540,Rock,,Kluftlehm,,
40603,,Rock,Granat-Hornblende-Garbenschiefer,,Schweiz,Tessin
,40603,Rock,,Granat-Hornblende-Garbenschiefer,,
,40603,Mineral,,undefiniert,,
,40603,Mineral,,Hornblende,,
,40603,Mineral,,Granat,,
40018,,Rock,Sand (s.l.),,Saudi-Arabien,
,40018,Mineral,,Quarz,,
,40018,Rock,,Sand (s.l.),,
,40018,Mineral,,Orthoklas,,
39153,,Ore,Reduktionshof,,Schweiz,Aargau
,39153,Mineral,,undefiniert,,
,39153,Ore,,Reduktionshof,,
,39153,Mineral,,Roscoelith,,
,39153,Mineral,,Silber,,
41070,,Ore,Zn-Sulfid-Erz - Karbonatverdrängung,Zn-Sulfid-Erz - Karbonatverdrängung,Vereinigte Staaten von Amerika (USA),Colorado
,41070,Mineral,,Pyrit,,
,41070,Mineral,,Sphalerit,,
,41070,Ore,,Zn-Sulfid-Erz - Karbonatverdrängung,,
43203,,Rock,"Asche-Tuff (pyrokl., verfestigt)",,Frankreich,Corse-du-Sud
,43203,Rock,,"Asche-Tuff (pyrokl., verfestigt)",,
,43203,Mineral,,Biotit,,
,43203,Mineral,,Sanidin,,
32973,,Ore,Co-Cu-Sulfarseniderz - metamorph,,Schweiz,Wallis
,32973,Ore,,Co-Cu-Sulfarseniderz - metamorph,,
,32973,Mineral,,Annabergit,,
,32973,Mineral,,Chloanthit Nickelin,,
,32973,Mineral,,Nickel-Skutterudit,,
42169,,,Chlorargyrit,Chlorargyrit,Chile,
,42169,Ore,,Polymetallisches Erz,,
,42169,Mineral,,Chlorargyrit,,
42066,,,Pyrargyrit,Pyrargyrit,Mexiko,México (Mexico)
,42066,Mineral,,Pyrargyrit,,
,42066,Rock,,Basalt s.l.,,
,42066,Ore,,Ag-Sulfid-Erz - Gang-Typ,,
41819,,,Granat,Granat,Rumänien,
,41819,Mineral,,Granat,,
,41819,Mineral,,Calcit,,
,41819,Mineral,,Diopsid,,
,41819,Rock,,Kalksilikatfels,,
36154,,Rock,Marmor s.l.,,Griechenland,Attiki
,36154,Rock,,Marmor s.l.,,
,36154,Mineral,,Calcit,,
39070,,Ore,Reduktionshof,,Schweiz,Aargau
,39070,Ore,,Reduktionshof,,
,39070,Mineral,,Roscoelith,,
31725,,,Hämatit,Hämatit,Schweiz,Wallis
,31725,Mineral,,Hämatit,,
,31725,Rock,,noch nicht angegeben,,
,31725,Mineral,,Eisenrose Rutil,,
,31725,Mineral,,Muskovit,,
40851,,,Galenit,Galenit,Spanien,Cantabria
,40851,Ore,,Pb-Sulfid-Erz - MVT,,
,40851,Mineral,,Galenit,,
38137,,,Talk,Talk,Schweiz,Uri
,38137,Mineral,,Dolomit,,
,38137,Rock,,Talkschiefer,,
,38137,Mineral,,Talk,,
,38137,Mineral,,Magnesit,,
,38137,Mineral,,undefiniert,,
,38137,Mineral,,Serpentin,,
32397,,Ore,Pb-Sulfid-Erz - Gang-Typ,,Schweiz,Wallis
,32397,Mineral,,Galenit,,
,32397,Ore,,Pb-Sulfid-Erz - Gang-Typ,,
42132,,,Sphalerit,Sphalerit,Bolivien,Potosí (Potosi)
,42132,Mineral,,Sphalerit,,
,42132,Ore,,Zn-Sulfid-Erz - Gang-Typ,,
34567,,,Quarz,Quarz,Schweiz,Uri
,34567,Mineral,,Titanit,,
,34567,Mineral,,Quarz,,
,34567,Mineral,,Chlorit,,
,34567,Rock,,Granit,,
,34567,Mineral,,Apatit,,
,34567,Mineral,,Hämatit,,
40830,,,Chalkopyrit,Chalkopyrit,Spanien,Galicia
,40830,Mineral,,Pyrrhotin,,
,40830,Ore,,Cu-Sulfid-Erz - metamorph,,
,40830,Mineral,,Chalkopyrit,,
42293,,,Magnetit,Magnetit,Schweden,Norrbottens län
,42293,Ore,,Fe-Erz magnetitisch - Kiruna-Typ,,
,42293,Mineral,,Magnetit,,
38525,,Rock,Schieferton,,Schweiz,Bern
,38525,Rock,,Schieferton,,
,38525,Mineral,,Pyrit,,
39912,,,Limonit,Limonit,Deutschland,Thüringen
,39912,Mineral,,Limonit,,
,39912,Mineral,,undef. Eisenhydroxid,,
,39912,Ore,,Fe-Erz limonitisch - Eiserner Hut,,
34450,,,Chlorit,Chlorit,Schweiz,Uri
,34450,Rock,,Granit,,
,34450,Mineral,,Chlorit,,
41670,,,Magnetit,Magnetit,Südafrika,Limpopo
,41670,Mineral,,Magnetit,,
,41670,Ore,,Fe-Erz magnetitisch - kontinental mafisch-magmatisch,,
,41670,Rock,,Gabbro,,
29835,,Ore,"Au-Erz, polymetallisch - Gang-Typ",,Schweiz,Tessin
,29835,Mineral,,Sphalerit,,
,29835,Ore,,"Au-Erz, polymetallisch - Gang-Typ",,
,29835,Mineral,,Arsenopyrit,,
,29835,Mineral,,Galenit,,
,29835,Mineral,,Pyrit,,
34589,,Rock,Granit,,Schweiz,Uri
,34589,Rock,,Granit,,
,34589,Mineral,,Ankerit,,
,34589,Mineral,,Quarz,,
,34589,Mineral,,Chlorit,,
6937,,,Sphalerit,Sphalerit,Schweiz,Wallis
,6937,Ore,,Pb-Zn-Sulfid-Erz - Gang-Typ,,
,6937,Mineral,,Sphalerit,,
39208,,Ore,Reduktionshof,,Schweiz,Aargau
,39208,Mineral,,Clausthalit,,
,39208,Mineral,,Uraninit,,
,39208,Ore,,Reduktionshof,,
,39208,Mineral,,Roscoelith,,
,39208,Mineral,,Covellin,,
34625,,Rock,Granit,,Schweiz,Uri
,34625,Mineral,,Chlorit,,
,34625,Mineral,,Calcit,,
,34625,Rock,,Granit,,
41367,,,Chalkopyrit,Chalkopyrit,Peru,Huancavelica / Wankawelika / Wankawillka
,41367,Mineral,,Tetraedrit,,
,41367,Mineral,,Pyrit,,
,41367,Mineral,,Chalkopyrit,,
,41367,Ore,,Cu-Sulfid-Erz - Gang-Typ,,
31475,,,Chlorit,Chlorit,Schweiz,
,31475,Mineral,,Chlorit,,
,31475,Rock,,Granit,,
28278,,Ore,Fe-Erz magnetitisch - metamorph,,Schweiz,Wallis
,28278,Mineral,,Magnetit,,
,28278,Mineral,,Malachit,,
,28278,Ore,,Fe-Erz magnetitisch - metamorph,,
40958,,,Sphalerit,Sphalerit,Italien,Sardegna
,40958,Mineral,,Sphalerit,,
,40958,Mineral,,Pyrit,,
,40958,Ore,,Zn-Sulfid-Erz - MVT,,
31103,,Ore,Au-U-Konglomerat - Witwatersrand-Typ,,Südafrika,
,31103,Mineral,,Quarz,,
,31103,Ore,,Au-U-Konglomerat - Witwatersrand-Typ,,
,31103,Mineral,,Pyrit,,
30282,,,Hämatit,Hämatit,Schweiz,St. Gallen
,30282,Mineral,,Hämatit,,
,30282,Ore,,Fe-Erz hämatitisch - SEDEX,,
32126,,Rock,Kalkstein,,Schweiz,Bern
,32126,Mineral,,Calcit,,
,32126,Rock,,Kalkstein,,
40548,,,Kupfer,Kupfer,Vereinigte Staaten von Amerika (USA),Michigan
,40548,Ore,,Cu-Metall-Erz - Michigan-Typ,,
,40548,Mineral,,Epidot,,
,40548,Rock,,Basalt s.l.,,
,40548,Mineral,,Kupfer,,
26513,,Rock,Granit,,Grönland (DK),
,26513,Rock,,Granit,,
,26513,Mineral,,Muskovit,,
,26513,Mineral,,Kaolinit,,
,26513,Mineral,,Siderit,,
,26513,Mineral,,Fluorit,,
37994,,Ore,Schwermineralkonzentrat,,Australien,Victoria
,37994,Mineral,,Ilmenit,,
,37994,Ore,,Schwermineralkonzentrat,,
32491,,Ore,Co-Cu-Sulfarseniderz - metamorph,,Schweiz,Wallis
,32491,Ore,,Co-Cu-Sulfarseniderz - metamorph,,
,32491,Mineral,,Fahlerz,,
,32491,Mineral,,Galenit,,
41340,,,Revoredoit,Revoredoit,Peru,
,41340,Mineral,,Revoredoit,,
,41340,Ore,,Pb-Sulfarseniderz - Gang-Typ,,
41472,,,Galenit,Galenit,Japan,Akita
,41472,Mineral,,Sphalerit,,
,41472,Mineral,,Bornit,,
,41472,Ore,,Black ore (Kuroko) - Kuroko-Typ,,
,41472,Mineral,,Baryt,,
,41472,Mineral,,Pyrit,,
,41472,Mineral,,Galenit,,
34357,,,Feldspat,Feldspat,Schweiz,Uri
,34357,Rock,,Granit,,
,34357,Mineral,,Feldspat,,
,34357,Mineral,,Quarz,,
32711,,Ore,Cu-Sulfid-Erz - Gang-Typ,,Schweiz,Wallis
,32711,Mineral,,Quarz,,
,32711,Mineral,,Fahlerz,,
,32711,Mineral,,Siderit,,
,32711,Mineral,,Chalkopyrit,,
,32711,Ore,,Cu-Sulfid-Erz - Gang-Typ,,
39262,,Ore,Reduktionshof,,Grönland (DK),
,39262,Mineral,,Roscoelith,,
,39262,Ore,,Reduktionshof,,
42381,,,Magnetit,Magnetit,Vereinigte Staaten von Amerika (USA),Utah
,42381,Ore,,Fe-Erz magnetitisch - Skarn-Typ,,
,42381,Mineral,,Apatit,,
,42381,Mineral,,Magnetit,,
42070,,Ore,"Au-Erz, polymetallisch - Gang-Typ","Au-Erz, polymetallisch - Gang-Typ",Mexiko,México (Mexico)
,42070,Ore,,"Au-Erz, polymetallisch - Gang-Typ",,
,42070,Mineral,,Silber,,
,42070,Mineral,,undefiniert,,
42125,,,Coelestin,Coelestin,Schweiz,Jura
,42125,Mineral,,Baryt,,
,42125,Mineral,,Coelestin,,
,42125,Rock,,Tonstein,,
2058,,,Limonit,Limonit,Schweiz,Bern
,2058,Ore,,Fe-Oolith - Allgemein,,
,2058,Mineral,,Limonit,,
,2058,Mineral,,undef. Eisenhydroxid,,
38718,,Rock,SiO2-zementierte tektonische Brekzie,,Schweiz,Bern
,38718,Mineral,,Quarz,,
,38718,Rock,,SiO2-zementierte tektonische Brekzie,,
40939,,,Pyrit,Pyrit,Deutschland,Nordrhein-Westfalen
,40939,Mineral,,Pyrit,,
,40939,Ore,,"Pyrit, dispers - SEDEX",,
43137,,Ore,"Fe-Erz, pisolithisch","Fe-Erz, pisolithisch",Schweiz,Solothurn
,43137,Ore,,"Fe-Erz, pisolithisch",,
,43137,Mineral,,undef. Eisenhydroxid,,
,43137,Mineral,,Limonit,,
31764,,,Beryll,Beryll,Schweiz,Tessin
,31764,Mineral,,Limonit,,
,31764,Mineral,,allgemein,,
,31764,Mineral,,Beryll,,
,31764,Mineral,,Glimmer,,
,31764,Mineral,,undef. Eisenhydroxid Quarz,,
,31764,Rock,,Aplit,,
27824,,Ore,"Pb-Sulfid-Erz, Baryt-reich - SEDEX",,Grönland (DK),
,27824,Mineral,,Galenit,,
,27824,Mineral,,Baryt,,
,27824,Ore,,"Pb-Sulfid-Erz, Baryt-reich - SEDEX",,
36018,,,Pyrit,Pyrit,Schweiz,Uri
,36018,Mineral,,Pyrit,,
,36018,Rock,,Gneis s.l.,,
6040,,Ore,noch nicht angegeben,,Mexiko,México (Mexico)
,6040,Mineral,,Stephanit,,
,6040,Ore,,noch nicht angegeben,,
,6040,Mineral,,Pyrargyrit,,
39189,,Ore,Reduktionshof,,Deutschland,Bayern
,39189,Ore,,Reduktionshof,,
,39189,Mineral,,Arsen,,
,39189,Mineral,,Uraninit,,
35358,,,Laumontit,Laumontit,Schweiz,Uri
,35358,Mineral,,Laumontit,,
,35358,Mineral,,Limonit,,
,35358,Rock,,Granit,,
,35358,Mineral,,undef. Eisenhydroxid,,
32506,,Ore,Co-Cu-Sulfarseniderz - metamorph,,Schweiz,Wallis
,32506,Mineral,,Erythrin,,
,32506,Ore,,Co-Cu-Sulfarseniderz - metamorph,,
43369,,Ore,Ni-Cu-Sulfid-Erz,Ni-Cu-Sulfid-Erz,Kanada,Saskatchewan
,43369,Mineral,,Pentlandit,,
,43369,Ore,,Ni-Cu-Sulfid-Erz,,
,43369,Mineral,,Pyrrhotin,,
42918,,,Enstatit,Enstatit,Südafrika,Northern Cape / Noord-Kaap / Mntla-Koloni / Nyakatho-Kapa
,42918,Mineral,,Bronzit Olivin,,
,42918,Rock,,Olivin-Orthopyroxenit,,
,42918,Mineral,,Olivin allgemein,,
,42918,Mineral,,Enstatit,,
41665,,,Magnetit,Magnetit,Südafrika,Gauteng / Rhawuti
,41665,Mineral,,Magnetit,,
,41665,Ore,,Fe-Erz magnetitisch - kontinental mafisch-magmatisch,,
,41665,Rock,,Norit,,
,41665,Mineral,,Titanomagnetit,,
39237,,Ore,Reduktionshof,,Schweiz,Aargau
,39237,Ore,,Reduktionshof,,
,39237,Mineral,,Roscoelith,,
,39237,Mineral,,Rammelsbergit,,
2063,,,Goethit,Goethit,Schweiz,Aargau
,2063,Ore,,"Fe-Erz, pisolithisch",,
,2063,Mineral,,Goethit,,
39133,,Ore,Reduktionshof,,Schweiz,Aargau
,39133,Ore,,Reduktionshof,,
,39133,Mineral,,Rammelsbergit,,
,39133,Mineral,,Nickelin,,
32513,,Ore,Co-Cu-Sulfarseniderz - metamorph,,Schweiz,Wallis
,32513,Ore,,Co-Cu-Sulfarseniderz - metamorph,,
,32513,Mineral,,Azurit,,
,32513,Mineral,,Malachit,,
40145,,,Quarz,Quarz,Australien,New South Wales
,40145,Rock,,Basalt s.l.,,
,40145,Mineral,,Chalcedon/Chert,,
,40145,Mineral,,Quarz,,
48140,,Rock,Granat-Amphibolit,,Schweiz,Tessin
,48140,Rock,,Granat-Amphibolit,,
,48140,Mineral,,Hornblende,,
,48140,Mineral,,Chlorit,,
,48140,Mineral,,Ilmenit,,
,48140,Mineral,,Granat,,
40498,,,Epidot,Epidot,Vereinigte Staaten von Amerika (USA),Michigan
,40498,Mineral,,Epidot,,
,40498,Mineral,,Albit,,
,40498,Mineral,,Quarz,,
,40498,Rock,,Basalt s.l.,,
31311,,Rock,Phyllit,,Schweiz,Graubünden
,31311,Mineral,,Pyrit,,
,31311,Rock,,Phyllit,,
40883,,,Sphalerit,Sphalerit,Deutschland,Nordrhein-Westfalen
,40883,Mineral,,Sphalerit,,
,40883,Mineral,,Quarz,,
,40883,Ore,,Zn-Sulfid-Erz - Gang-Typ,,
,40883,Mineral,,Ankerit,,
,40883,Mineral,,Pyrit,,
32212,,Ore,"Pyriterz, massiv",,Schweiz,Bern
,32212,Ore,,"Pyriterz, massiv",,
,32212,Mineral,,Pyrit,,
32563,,Ore,Co-Cu-Sulfarseniderz - metamorph,,Schweiz,Wallis
,32563,Mineral,,Erythrin,,
,32563,Ore,,Co-Cu-Sulfarseniderz - metamorph,,
30221,,,Gibbsit,Gibbsit,Frankreich,Bouches-du-Rhône (Bouche-du-Rhone)
,30221,Mineral,,Calcit,,
,30221,Mineral,,Hämatit,,
,30221,Mineral,,Gibbsit,,
,30221,Ore,,Bauxit,,
40492,,,Kupfer,Kupfer,Vereinigte Staaten von Amerika (USA),Michigan
,40492,Mineral,,Kupfer,,
,40492,Mineral,,Epidot,,
,40492,Rock,,Basalt s.l.,,
,40492,Ore,,Cu-Metall-Erz - Michigan-Typ,,
,40492,Mineral,,Quarz,,
42736,,,Pyrit,Pyrit,Südafrika,Gauteng / Rhawuti
,42736,Ore,,Au-U-Konglomerat - Witwatersrand-Typ,,
,42736,Rock,,Konglomerat,,
,42736,Mineral,,Pyrit,,
35337,,Rock,Impaktbrekzie - Suevit,,Schweden,Gävleborgs län (Gavleborgs)
,35337,Rock,,Impaktbrekzie - Suevit,,
,35337,Mineral,,Heulandit,,
33330,,,Turmalin,Turmalin,Schweiz,Tessin
,33330,Mineral,,Vivianit,,
,33330,Mineral,,Apatit,,
,33330,Mineral,,Turmalin,,
,33330,Mineral,,allgemein Muskovit,,
,33330,Mineral,,Graftonit,,
,33330,Rock,,Granitpegmatit,,
34386,,,Calcit,Calcit,Schweiz,Uri
,34386,Mineral,,Apatit,,
,34386,Rock,,Granit,,
,34386,Mineral,,Muskovit,,
,34386,Mineral,,Chlorit,,
,34386,Mineral,,Calcit,,
43249,,,Kupfer,Kupfer,Peru,Lima
,43249,Mineral,,Kupfer,,
,43249,Mineral,,undef. Eisenhydroxid,,
,43249,Ore,,Cu-Oxiderz (inkl. Karbonate etc.) - Oxidationszone,,
,43249,Mineral,,Azurit,,
,43249,Mineral,,Cuprit,,
,43249,Mineral,,Malachit,,
,43249,Mineral,,Limonit,,
32816,,Rock,Granat-Hornblende-Garbenschiefer,,Schweiz,Tessin
,32816,Rock,,Granat-Hornblende-Garbenschiefer,,
,32816,Mineral,,Hornblende,,
,32816,Mineral,,Almandin,,
,32816,Mineral,,undefiniert,,
43247,,,Cuprit,Cuprit,Peru,Lima
,43247,Mineral,,Azurit,,
,43247,Mineral,,Malachit,,
,43247,Ore,,Cu-Oxiderz (inkl. Karbonate etc.) - Oxidationszone,,
,43247,Mineral,,Cuprit,,
42184,,Rock,Vulkanische Brekzie - Gangbrekzie,,Deutschland,Baden-Württemberg
,42184,Mineral,,Calcit,,
,42184,Rock,,Vulkanische Brekzie - Gangbrekzie,,
854,,,Bornit,Bornit,Schweiz,Wallis
,854,Mineral,,Bornit,,
,854,Ore,,Co-Cu-Sulfarseniderz - metamorph,,
,854,Mineral,,Chalkosin,,
,854,Mineral,,Malachit,,
,854,Mineral,,Quarz,,
39226,,Ore,Reduktionshof,,Vereinigte Staaten von Amerika (USA),Oklahoma
,39226,Ore,,Reduktionshof,,
,39226,Mineral,,Clausthalit,,
,39226,Mineral,,Kerogen,,
,39226,Mineral,,Coffinit,,
53550,,Rock,Chert,,Australien,Western Australia
,53550,Rock,,Chert,,
,53550,Mineral,,Quarz,,
42510,,,Chalkopyrit,Chalkopyrit,Deutschland,Niedersachsen
,42510,Mineral,,Chalkopyrit,,
,42510,Mineral,,Galenit,,
,42510,Mineral,,Calcit,,
,42510,Mineral,,Sphalerit,,
,42510,Ore,,Pb-Zn-Sulfid-Erz - Gang-Typ,,
41209,,,Famatinit,Famatinit,Peru,Junín / Junin / Hunin
,41209,Ore,,Cu-Sulfid-Erz - Gang-Typ,,
,41209,Mineral,,Pyrit,,
,41209,Mineral,,Famatinit,,
42116,,,Silber,Silber,Mexiko,México (Mexico)
,42116,Mineral,,Galenit,,
,42116,Mineral,,Silber,,
,42116,Mineral,,Pyrit,,
,42116,Mineral,,Sphalerit,,
,42116,Ore,,Ag-Sulfid-Erz - Gang-Typ,,
42875,,,Chromit,Chromit,Simbabwe / Zimbabwe,Midlands
,42875,Mineral,,Chromit,,
,42875,Ore,,Cr-Erz - kontinental mafisch-magmatisch,,
9894,,,Goethit,Goethit,Schweiz,Bern
,9894,Ore,,"Fe-Erz, pisolithisch",,
,9894,Mineral,,undef. Eisenhydroxid,,
,9894,Mineral,,Goethit,,
,9894,Mineral,,Limonit,,
43097,,Ore,noch nicht angegeben,noch nicht angegeben,Oesterreich,Salzburg
,43097,Mineral,,ohne Namen,,
,43097,Mineral,,(s. Objektbemerkung),,
,43097,Ore,,noch nicht angegeben,,
39390,,,Quarz,Quarz,Schweiz,Bern
,39390,Rock,,noch nicht angegeben,,
,39390,Mineral,,Chalcedon/Chert,,
,39390,Mineral,,Quarz,,
39177,,Ore,Reduktionshof,,Schweiz,Zürich
,39177,Mineral,,Pechblende Rammelsbergit,,
,39177,Ore,,Reduktionshof,,
,39177,Mineral,,Uraninit,,
,39177,Mineral,,Roscoelith,,
43229,,,Lepidolith,Lepidolith,Schweiz,Bern
,43229,Mineral,,Lepidolith,,
,43229,Rock,,Granitpegmatit - Lithium-Pegmatit,,
39673,,,Quarz,Quarz,Schweiz,Bern
,39673,Mineral,,undef. Eisenhydroxid,,
,39673,Mineral,,Quarz,,
,39673,Rock,,Chert,,
,39673,Mineral,,Chalcedon/Chert Limonit,,
40885,,,Sphalerit,Sphalerit,Deutschland,Nordrhein-Westfalen
,40885,Mineral,,Ankerit,,
,40885,Mineral,,Sphalerit,,
,40885,Mineral,,Quarz,,
,40885,Ore,,Zn-Sulfid-Erz - Gang-Typ,,
32409,,Ore,Fe-Erz magnetitisch - Skarn-Typ,,Schweiz,Wallis
,32409,Mineral,,undefiniert,,
,32409,Mineral,,Magnetit,,
,32409,Ore,,Fe-Erz magnetitisch - Skarn-Typ,,
,32409,Mineral,,Hornblende,,
41552,,,Sphalerit,Sphalerit,Iran,Fārs (Fars)
,41552,Mineral,,Sphalerit,,
,41552,Ore,,Pb-Zn-Sulfid-Erz - MVT,,
,41552,Mineral,,Galenit,,
29375,,,Pyrop,Pyrop,Vereinigte Staaten von Amerika (USA),Colorado
,29375,Mineral,,Phlogopit,,
,29375,Mineral,,Calcit,,
,29375,Mineral,,Pyrop,,
,29375,Rock,,Kimberlit phlogopitführend - allgemein,,
40321,,Ore,Fe-Oolith göthitisch,Fe-Oolith göthitisch,Frankreich,Haute-Marne
,40321,Mineral,,Goethit,,
,40321,Ore,,Fe-Oolith göthitisch,,
29413,,Rock,"Kimberlit ""basaltisch"" - tuffitisch",,Vereinigte Staaten von Amerika (USA),Michigan
,29413,Mineral,,Pyrop,,
,29413,Mineral,,Ilmenit,,
,29413,Rock,,"Kimberlit ""basaltisch"" - tuffitisch",,
40520,,,Arsenopyrit,Arsenopyrit,Schweden,Västerbottens län (Vasterbottens)
,40520,Mineral,,Pyrit,,
,40520,Ore,,"Pyrit, massiv - SEDEX",,
,40520,Mineral,,Arsenopyrit,,
40926,,,Malachit,Malachit,Deutschland,Bayern
,40926,Ore,,Cu-Sulfid-Erz - Gang-Typ,,
,40926,Mineral,,Malachit,,
1357,,,Hämatit,Hämatit,Schweiz,St. Gallen
,1357,Ore,,Fe-Erz hämatitisch - SEDEX,,
,1357,Mineral,,Hämatit,,
28277,,Ore,Fe-Erz hämatitisch - SEDEX,,Schweiz,St. Gallen
,28277,Mineral,,Pyrit,,
,28277,Ore,,Fe-Erz hämatitisch - SEDEX,,
,28277,Mineral,,Magnetit,,
,28277,Mineral,,Hämatit,,
48161,,Rock,Rodingit (Rhodingit),,Schweiz,Wallis
,48161,Mineral,,Aktinolith,,
,48161,Rock,,Rodingit (Rhodingit),,
,48161,Mineral,,Chlorit,,
,48161,Mineral,,Granat,,
6399,,,Chlorit,Chlorit,Schweiz,Uri
,6399,Rock,,noch nicht angegeben,,
,6399,Mineral,,Chlorit,,
32099,,Ore,Fe-Oolith - Allgemein,,Schweiz,Bern
,32099,Mineral,,Magnetit,,
,32099,Ore,,Fe-Oolith - Allgemein,,
42061,,Ore,Ag-Sulfid-Erz - Gang-Typ,Ag-Sulfid-Erz - Gang-Typ,Mexiko,Guerrero
,42061,Ore,,Ag-Sulfid-Erz - Gang-Typ,,
,42061,Mineral,,Polybasit,,
,42061,Mineral,,Pyrargyrit,,
32081,,Rock,Sand (s.l.),,Schweiz,Schaffhausen
,32081,Mineral,,Quarz,,
,32081,Rock,,Sand (s.l.),,
28145,,Ore,Cu-Ag-Pb-Zn-Sulfid-Erz - Gang-Typ,,Vereinigte Staaten von Amerika (USA),Colorado
,28145,Ore,,Cu-Ag-Pb-Zn-Sulfid-Erz - Gang-Typ,,
,28145,Mineral,,Bornit,,
,28145,Mineral,,Pyrit,,
,28145,Mineral,,Quarz,,
,28145,Mineral,,Rhodochrosit,,
,28145,Mineral,,Tetraedrit,,
,28145,Mineral,,Galenit,,
,28145,Mineral,,Sphalerit,,
40513,,,Stibnit,Stibnit,Südafrika,Limpopo
,40513,Mineral,,Stibnit,,
,40513,Ore,,Sb-Sulfid-Erz - Gang-Typ,,
,40513,Mineral,,Quarz,,
41292,,,Gratonit,Gratonit,Peru,
,41292,Ore,,Pb-Sulfarseniderz - Gang-Typ,,
,41292,Mineral,,Gratonit,,
,41292,Mineral,,Pyrit,,
35651,,,Quarz,Quarz,Schweiz,Uri
,35651,Mineral,,Orthoklas,,
,35651,Mineral,,Adular,,
,35651,Mineral,,Quarz,,
,35651,Rock,,Gneis s.l.,,
48143,,Rock,Eklogit,,Schweiz,Tessin
,48143,Mineral,,Omphacit,,
,48143,Mineral,,Zoisit,,
,48143,Mineral,,Kyanit,,
,48143,Mineral,,Granat,,
,48143,Rock,,Eklogit,,
,48143,Mineral,,Rutil,,
42327,,Rock,Metahyloklastit,,Schweiz,Graubünden
,42327,Mineral,,Pumpellyit,,
,42327,Mineral,,Chlorit,,
,42327,Rock,,Metahyloklastit,,
,42327,Mineral,,Quarz,,
,42327,Mineral,,Calcit,,
,42327,Mineral,,Epidot,,
,42327,Mineral,,Albit,,
35992,,,Laumontit,Laumontit,Schweiz,Uri
,35992,Mineral,,Laumontit,,
,35992,Rock,,Gneis s.l.,,
40129,,Rock,Calcit-Marmor,,Griechenland,
,40129,Rock,,Calcit-Marmor,,
,40129,Mineral,,Calcit,,
36494,,Rock,Kimberlit phlogopitführend - allgemein,,Oman,Janūb ash Sharqīyah (Janub ash Sharqiyah)
,36494,Mineral,,Ilmenit,,
,36494,Rock,,Kimberlit phlogopitführend - allgemein,,
,36494,Mineral,,Phlogopit,,
32122,,Rock,Hornfels,,Schweiz,Bern
,32122,Rock,,Hornfels,,
,32122,Mineral,,Quarz,,
9323,,Rock,Anhydrit,,Schweiz,Wallis
,9323,Mineral,,Anhydrit,,
,9323,Rock,,Anhydrit,,
41830,,Rock,Geyserit / Kieselsinter,,Ungarn,
,41830,Rock,,Geyserit / Kieselsinter,,
,41830,Mineral,,Calcit,,
,41830,Mineral,,Opal,,
39160,,Ore,Reduktionshof,,Schweiz,Zürich
,39160,Mineral,,undefiniert,,
,39160,Mineral,,Silber,,
,39160,Ore,,Reduktionshof,,
,39160,Mineral,,Wismut,,
,39160,Mineral,,Clausthalit,,
,39160,Mineral,,Roscoelith,,
35707,,Rock,Glimmerschiefer,,Schweiz,Graubünden
,35707,Mineral,,Sericit,,
,35707,Mineral,,Quarz,,
,35707,Rock,,Glimmerschiefer,,
,35707,Mineral,,Muskovit,,
42026,,,Goethit,Goethit,Schweiz,Luzern
,42026,Mineral,,Goethit,,
,42026,Rock,,Sandstein,,
41142,,Rock,Impaktbrekzie,,Vereinigte Staaten von Amerika (USA),Missouri
,41142,Rock,,Impaktbrekzie,,
,41142,Mineral,,Markasit,,
41868,,Rock,Pechstein,,Slowakei,Banskobystrický (Banskobystricky )
,41868,Mineral,,Biotit,,
,41868,Mineral,,Sanidin,,
,41868,Rock,,Pechstein,,
40544,,,Kupfer,Kupfer,Vereinigte Staaten von Amerika (USA),Michigan
,40544,Ore,,Cu-Metall-Erz - Michigan-Typ,,
,40544,Mineral,,Epidot,,
,40544,Mineral,,Kupfer,,
,40544,Rock,,Basalt s.l.,,
41378,,,Chalkopyrit,Chalkopyrit,Peru,
,41378,Mineral,,Quarz,,
,41378,Mineral,,Pyrit,,
,41378,Mineral,,Turmalin,,
,41378,Mineral,,allgemein,,
,41378,Ore,,Pb-Zn-Cu-Sulfid-Erz - Gang-Typ,,
,41378,Mineral,,Chalkopyrit,,
41629,,,Enstatit,Enstatit,Südafrika,Gauteng / Rhawuti
,41629,Mineral,,Bronzit,,
,41629,Mineral,,Enstatit,,
,41629,Rock,,Norit,,
32380,,Ore,Pb-Zn-Sulfid-Erz - Gang-Typ,,Schweiz,Wallis
,32380,Mineral,,Galenit,,
,32380,Ore,,Pb-Zn-Sulfid-Erz - Gang-Typ,,
42345,,Rock,Ophicarbonat,,Schweiz,Graubünden
,42345,Mineral,,Calcit,,
,42345,Rock,,Ophicarbonat,,
,42345,Mineral,,Magnetit,,
,42345,Mineral,,Serpentin,,
32224,,Ore,Cu-Sulfid-Erz - Redbed-Typ,,Schweiz,Glarus
,32224,Mineral,,Bornit,,
,32224,Ore,,Cu-Sulfid-Erz - Redbed-Typ,,
,32224,Mineral,,Chalkosin,,
39299,,,Calcit,Calcit,Schweiz,Bern
,39299,Rock,,Tonschiefer,,
,39299,Mineral,,Calcit,,
39210,,Ore,Reduktionshof,,Vereinigte Staaten von Amerika (USA),Colorado
,39210,Ore,,Reduktionshof,,
,39210,Mineral,,Roscoelith,,
39062,,Ore,Reduktionshof,,Schweiz,Aargau
,39062,Mineral,,Pechblende,,
,39062,Mineral,,Uraninit,,
,39062,Mineral,,Nickelin,,
,39062,Ore,,Reduktionshof,,
,39062,Mineral,,Rammelsbergit,,
,39062,Mineral,,Digenit,,
42452,,,Quarz,Quarz,Slowakei,Banskobystrický (Banskobystricky )
,42452,Mineral,,Quarz,,
,42452,Mineral,,Chalkopyrit,,
,42452,Mineral,,Eisenkiesel Galenit,,
,42452,Ore,,Ag-Sulfid-Erz - Gang-Typ,,
38127,,,Serpentin,Serpentin,_Land unbekannt,
,38127,Mineral,,Serpentin,,
,38127,Mineral,,undefiniert,,
,38127,Rock,,Serpentinit,,
32727,,Ore,Co-Cu-Sulfarseniderz - metamorph,,Schweiz,Wallis
,32727,Mineral,,Quarz,,
,32727,Mineral,,Chalkopyrit,,
,32727,Ore,,Co-Cu-Sulfarseniderz - metamorph,,
,32727,Mineral,,Fahlerz,,
,32727,Mineral,,Pyrit,,
,32727,Mineral,,Siderit,,
41627,,,Kassiterit,Kassiterit,Südafrika,Limpopo
,41627,Ore,,"Sn-Erz, oxidisch - Gang-Typ allgemein",,
,41627,Mineral,,Kassiterit,,
32412,,Ore,Fe-Erz magnetitisch - Skarn-Typ,,Schweiz,Wallis
,32412,Ore,,Fe-Erz magnetitisch - Skarn-Typ,,
,32412,Mineral,,Magnetit,,
48135,,Rock,Biotit-Granat-Gneis,,Schweiz,Tessin
,48135,Mineral,,Biotit,,
,48135,Mineral,,Chlorit,,
,48135,Rock,,Biotit-Granat-Gneis,,
,48135,Mineral,,Plagioklas,,
,48135,Mineral,,Granat,,
11537,,,Quarz,Quarz,Südafrika,
,11537,Mineral,,Quarz,,
,11537,Rock,,Kies mit Chertkomponenten,,
30274,,,Chalkopyrit,Chalkopyrit,Schweiz,Wallis
,30274,Mineral,,Idait,,
,30274,Ore,,Co-Cu-Sulfarseniderz - metamorph,,
,30274,Mineral,,Covellin,,
,30274,Mineral,,Bornit,,
,30274,Mineral,,Chalkopyrit,,
,30274,Mineral,,Galenit,,
,30274,Mineral,,Malachit,,
41176,,,Galenit,Galenit,Vereinigte Staaten von Amerika (USA),Missouri
,41176,Mineral,,Galenit,,
,41176,Rock,,Granit,,
,41176,Ore,,Pb-Sulfid-Erz - MVT,,
34404,,,Chlorit,Chlorit,Schweiz,Uri
,34404,Mineral,,Quarz,,
,34404,Mineral,,Chlorit,,
,34404,Mineral,,Titanit,,
,34404,Rock,,Granit,,
39063,,Ore,Reduktionshof,,Schweiz,Aargau
,39063,Mineral,,Roscoelith,,
,39063,Ore,,Reduktionshof,,
40564,,,Montmorillonit,Montmorillonit,Schweiz,Thurgau
,40564,Rock,,Bentonit,,
,40564,Mineral,,Montmorillonit,,
31084,,Ore,Au-Ag-Erz epithermal - Gang-Typ,,Vereinigte Staaten von Amerika (USA),Washington
,31084,Ore,,Au-Ag-Erz epithermal - Gang-Typ,,
,31084,Mineral,,Quarz,,
41052,,,Hämatit,Hämatit,Vereinigte Staaten von Amerika (USA),Missouri
,41052,Mineral,,Hämatit,,
,41052,Mineral,,Aktinolith,,
,41052,Ore,,Fe-Erz magnetitisch - Skarn-Typ,,
42599,,,Galenit,Galenit,Oesterreich,Salzburg
,42599,Mineral,,Galenit,,
,42599,Ore,,"Au-Erz, polymetallisch - Gang-Typ",,
40318,,Ore,Fe-Oolith göthitisch,,Deutschland,Niedersachsen
,40318,Mineral,,Goethit,,
,40318,Ore,,Fe-Oolith göthitisch,,
11500,,,Bornit,Bornit,Schweiz,Glarus
,11500,Ore,,Cu-Sulfid-Erz - Redbed-Typ,,
,11500,Mineral,,Bornit,,
39478,,Rock,Siltstein,,Kanada,Ontario
,39478,Mineral,,Siderit,,
,39478,Rock,,Siltstein,,
,39478,Mineral,,Pyrit,,
40774,,,Kupfer,Kupfer,Vereinigte Staaten von Amerika (USA),Michigan
,40774,Ore,,Cu-Metall-Erz - Michigan-Typ,,
,40774,Mineral,,Kupfer,,
,40774,Rock,,Konglomerat,,
29837,,,Sphalerit,Sphalerit,Schweiz,Bern
,29837,Mineral,,Sphalerit,,
,29837,Ore,,noch nicht angegeben,,
,29837,Mineral,,Quarz,,
,29837,Mineral,,Pyrit,,
19489,,,Molybdänit,Molybdänit,Schweiz,Bern
,19489,Ore,,Mo-Sulfid-Erz - Gang-Typ,,
,19489,Mineral,,Molybdänit,,
35757,,,Pyrit,Pyrit,Schweiz,Uri
,35757,Mineral,,Laumontit,,
,35757,Mineral,,Pyrit,,
,35757,Rock,,Gneis s.l.,,
,35757,Mineral,,Epidot,,
,35757,Mineral,,Chlorit,,
39106,,Ore,Reduktionshof,,Schweiz,Aargau
,39106,Ore,,Reduktionshof,,
,39106,Mineral,,Rammelsbergit,,
39238,,Ore,Reduktionshof,,Schweiz,Aargau
,39238,Ore,,Reduktionshof,,
,39238,Mineral,,Roscoelith,,
,39238,Mineral,,Rammelsbergit,,
,39238,Mineral,,Calcit,,
32225,,Ore,Cu-Sulfid-Erz - Redbed-Typ,,Schweiz,Glarus
,32225,Mineral,,Bornit,,
,32225,Ore,,Cu-Sulfid-Erz - Redbed-Typ,,
42227,,,Magnetit,Magnetit,Schweden,Uppsala län
,42227,Ore,,Fe-Erz magnetitisch - Skarn-Typ,,
,42227,Mineral,,Magnetit,,
39495,,Ore,Schwermineralkonzentrat,,Schweiz,Wallis
,39495,Mineral,,Almandin,,
,39495,Ore,,Schwermineralkonzentrat,,
,39495,Mineral,,Magnetit,,
,39495,Mineral,,Gold,,
,39495,Mineral,,Pyrit,,
42613,,,Piemontit,Piemontit,Italien,Valle d'Aosta / Val d'Aoste
,42613,Mineral,,Piemontit,,
,42613,Mineral,,Quarz,,
,42613,Ore,,"Mn-Erz, silikatisch - metamorph",,
30165,,,Jadeit,Jadeit,Schweiz,Bern
,30165,Mineral,,Jadeit,,
,30165,Rock,,Jadeitite,,
39473,,Rock,Tonschiefer,,Kanada,Ontario
,39473,Rock,,Tonschiefer,,
,39473,Mineral,,Chalkopyrit,,
,39473,Mineral,,Pyrit,,
,39473,Mineral,,Graphit,,
,39473,Mineral,,Sphalerit,,
,39473,Mineral,,Pyrrhotin,,
42581,,,Stibnit,Stibnit,Oesterreich,Kärnten
,42581,Rock,,Glimmerschiefer,,
,42581,Mineral,,Stibnit,,
,42581,Ore,,Sb-Sulfid-Erz - Gang-Typ,,
41336,,,Revoredoit,Revoredoit,Peru,
,41336,Ore,,Pb-Sulfarseniderz - Gang-Typ,,
,41336,Mineral,,Gratonit,,
,41336,Mineral,,Revoredoit,,
40912,,,Pyrit,Pyrit,Deutschland,Bayern
,40912,Mineral,,Pyrrhotin,,
,40912,Mineral,,Pyrit,,
,40912,Ore,,Sulfid-Erz polymetallisch - metamorph,,
,40912,Mineral,,Falkmanit,,
,40912,Mineral,,Sphalerit,,
40824,,,Goethit,Goethit,Spanien,Galicia
,40824,Mineral,,Goethit,,
,40824,Ore,,Fe-Erz limonitisch - Eiserner Hut,,
9101,,Rock,Kalkstein,,Oesterreich,Kärnten
,9101,Mineral,,Calcit,,
,9101,Rock,,Kalkstein,,
42131,,,Sphalerit,Sphalerit,Bolivien,Potosí (Potosi)
,42131,Ore,,Zn-Sulfid-Erz - Gang-Typ,,
,42131,Mineral,,Sphalerit,,
32064,,Ore,"Fe-Erz, pisolithisch",,Schweiz,Schaffhausen
,32064,Ore,,"Fe-Erz, pisolithisch",,
,32064,Mineral,,Goethit,,
,32064,Mineral,,Hämatit,,
40925,,,Malachit,Malachit,Deutschland,Bayern
,40925,Mineral,,Malachit,,
,40925,Ore,,Cu-Sulfid-Erz - Gang-Typ,,
31109,,Ore,Zn-Sulfid-Erz - metamorph,,Schweden,
,31109,Mineral,,Pyrit,,
,31109,Mineral,,Sphalerit,,
,31109,Ore,,Zn-Sulfid-Erz - metamorph,,
48163,,Rock,Rodingit (Rhodingit),,Schweiz,Wallis
,48163,Rock,,Rodingit (Rhodingit),,
,48163,Mineral,,Quarz,,
,48163,Mineral,,Muskovit,,
,48163,Mineral,,Piemontit,,
42441,,Ore,Ag-Sulfid-Erz - Gang-Typ,,Slowakei,Banskobystrický (Banskobystricky )
,42441,Rock,,Kluftletten,,
,42441,Ore,,Ag-Sulfid-Erz - Gang-Typ,,
36449,,Rock,Chlorit-Schiefer,,Schweiz,Uri
,36449,Rock,,Chlorit-Schiefer,,
,36449,Mineral,,Quarz,,
32431,,Ore,Pb-Sulfid-Erz - Ba-F-Formation,,Schweiz,Wallis
,32431,Ore,,Pb-Sulfid-Erz - Ba-F-Formation,,
,32431,Mineral,,Baryt,,
,32431,Mineral,,Galenit,,
42064,,,Pyrargyrit,Pyrargyrit,Mexiko,México (Mexico)
,42064,Ore,,Ag-Sulfid-Erz - Gang-Typ,,
,42064,Mineral,,Pyrargyrit,,
32093,,Ore,Fe-Oolith - Allgemein,,Schweiz,Bern
,32093,Mineral,,Magnetit,,
,32093,Ore,,Fe-Oolith - Allgemein,,
35723,,Rock,Anhydrit,,Schweiz,Bern
,35723,Mineral,,Anhydrit,,
,35723,Rock,,Anhydrit,,
36039,,Rock,Gneis s.l.,,Schweiz,Uri
,36039,Rock,,Gneis s.l.,,
,36039,Mineral,,Titanit,,
,36039,Mineral,,Pyrit,,
,36039,Mineral,,Chlorit,,
40955,,,Sphalerit,Sphalerit,Italien,Sardegna
,40955,Ore,,Zn-Sulfid-Erz - MVT,,
,40955,Mineral,,Pyrit,,
,40955,Mineral,,Sphalerit,,
32718,,Ore,Co-Cu-Sulfarseniderz - metamorph,,Schweiz,Wallis
,32718,Mineral,,Pyrit,,
,32718,Mineral,,Chalkopyrit,,
,32718,Ore,,Co-Cu-Sulfarseniderz - metamorph,,
40932,,,Sphalerit,Sphalerit,Deutschland,Baden-Württemberg
,40932,Mineral,,Pyrit,,
,40932,Mineral,,Galenit,,
,40932,Ore,,Pb-Zn-Sulfid-Erz - MVT,,
,40932,Mineral,,Baryt,,
,40932,Mineral,,Sphalerit,,
36011,,Rock,Gneis s.l.,,Schweiz,Uri
,36011,Mineral,,Quarz,,
,36011,Rock,,Gneis s.l.,,
8446,,Rock,Serpentinit,,Kanada,Newfoundland and Labrador / Terre-Neuve-et-Labrador
,8446,Mineral,,undefiniert,,
,8446,Mineral,,Serpentin,,
,8446,Rock,,Serpentinit,,
39227,,Ore,Reduktionshof,,Vereinigte Staaten von Amerika (USA),Oklahoma
,39227,Mineral,,Kerogen,,
,39227,Ore,,Reduktionshof,,
,39227,Mineral,,Clausthalit,,
,39227,Mineral,,Coffinit,,
42747,,,Pyrit,Pyrit,Südafrika,Gauteng / Rhawuti
,42747,Ore,,Au-U-Konglomerat - Witwatersrand-Typ,,
,42747,Rock,,Konglomerat,,
,42747,Mineral,,Pyrit,,
34985,,Rock,Nephelinsyenit,,Kanada,Ontario
,34985,Rock,,Nephelinsyenit,,
,34985,Mineral,,Sodalith,,
6954,,,Fahlerz,Fahlerz,Schweiz,Wallis
,6954,Mineral,,Chalkopyrit,,
,6954,Ore,,Co-Cu-Sulfarseniderz - metamorph,,
,6954,Mineral,,Fahlerz,,
41294,,,Gratonit,Gratonit,Peru,
,41294,Mineral,,Pyrit,,
,41294,Ore,,Pb-Sulfarseniderz - Gang-Typ,,
,41294,Mineral,,Gratonit,,
27011,,Ore,"Co-Ni-Erz, arsenidisch - Co-Ni-Bi-Ag-U-Erzgang",,Marokko,
,27011,Mineral,,Skutterudit,,
,27011,Mineral,,Calcit,,
,27011,Ore,,"Co-Ni-Erz, arsenidisch - Co-Ni-Bi-Ag-U-Erzgang",,
,27011,Mineral,,Erythrin,,
42226,,,Magnetit,Magnetit,Schweden,Uppsala län
,42226,Mineral,,Magnetit,,
,42226,Ore,,Fe-Erz magnetitisch - Skarn-Typ,,
41280,,,Enargit,Enargit,Peru,
,41280,Mineral,,Pyrit,,
,41280,Mineral,,Enargit,,
,41280,Ore,,Cu-Sulfid-Erz - Gang-Typ,,
41585,,,Ilmenit,Ilmenit,Malaysia,
,41585,Ore,,Sn-Seife,,
,41585,Mineral,,Ilmenit,,
41557,,,Chalkopyrit,Chalkopyrit,Iran,Kermān (Kerman)
,41557,Ore,,Cu-Sulfid-Erz - Porphyr-Typ,,
,41557,Mineral,,Chalkopyrit,,
,41557,Mineral,,Chalkosin,,
31007,,Rock,Brekzie (Breccie),,Schweiz,Bern
,31007,Mineral,,Calcit,,
,31007,Rock,,Brekzie (Breccie),,
42472,,,Quarz,Quarz,Deutschland,Sachsen
,42472,Mineral,,Fluorit,,
,42472,Ore,,Pb-Sulfid-Erz - Ba-F-Formation,,
,42472,Mineral,,Pyrostilpnit,,
,42472,Mineral,,Quarz,,
,42472,Mineral,,Galenit,,
41091,,,Calcit,Calcit,Oman,Z̧ufār / Dhofar (Zufar)
,41091,Mineral,,Calcit,,
,41091,Mineral,,Chalcedon/Chert,,
,41091,Rock,,Kalkstein,,
,41091,Mineral,,Quarz,,
41546,,,Sphalerit,Sphalerit,Polen,Małopolskie
,41546,Mineral,,Sphalerit,,
,41546,Ore,,Pb-Zn-Sulfid-Erz - MVT,,
,41546,Mineral,,Galenit,,
40474,,Ore,Pb-Sulfid-Erz - MVT,Pb-Sulfid-Erz - MVT,Vereinigte Staaten von Amerika (USA),Illinois
,40474,Mineral,,Bitumen,,
,40474,Mineral,,Galenit,,
,40474,Ore,,Pb-Sulfid-Erz - MVT,,
,40474,Mineral,,Sphalerit,,
,40474,Mineral,,Fluorit,,
41312,,,Revoredoit,Revoredoit,Peru,
,41312,Ore,,Pb-Sulfarseniderz - Gang-Typ,,
,41312,Mineral,,Revoredoit,,
41844,,Rock,Chiastolith-Schiefer,,Spanien,Andalucía (Andalucia)
,41844,Mineral,,Kyanit,,
,41844,Rock,,Chiastolith-Schiefer,,
,41844,Mineral,,Biotit,,
,41844,Mineral,,Andalusit,,
,41844,Mineral,,Granat,,
32146,,Ore,Fe-Oolith - Allgemein,,Schweiz,Uri
,32146,Ore,,Fe-Oolith - Allgemein,,
,32146,Mineral,,Magnetit,,
,32146,Mineral,,Hämatit,,
42295,,Rock,Serpentinit,,Schweiz,Graubünden
,42295,Mineral,,Chrysotil,,
,42295,Rock,,Serpentinit,,
,42295,Mineral,,Lizardit,,
42877,,,Chromit,Chromit,Simbabwe / Zimbabwe,Midlands
,42877,Mineral,,Chromit,,
,42877,Ore,,Cr-Erz - kontinental mafisch-magmatisch,,
42555,,,Sphalerit,Sphalerit,Deutschland,Baden-Württemberg
,42555,Ore,,Pb-Zn-Sulfid-Erz - Gang-Typ,,
,42555,Rock,,tektonische Brekzie,,
,42555,Mineral,,Sphalerit,,
,42555,Mineral,,Galenit,,
,42555,Mineral,,Calcit,,
,42555,Mineral,,Quarz,,
,42555,Mineral,,Dolomit,,
38130,,,Talk,Talk,Italien,Lombardia
,38130,Rock,,Talkschiefer,,
,38130,Mineral,,Talk,,
35357,,Rock,Granit,,Schweiz,Uri
,35357,Rock,,Granit,,
,35357,Mineral,,undef. Eisenhydroxid Pyrit,,
,35357,Mineral,,Limonit,,
41374,,,Nickelin,Nickelin,Peru,
,41374,Ore,,Ni-Arseniderz - Gang-Typ,,
,41374,Mineral,,Nickelin,,
40561,,,Kupfer,Kupfer,Vereinigte Staaten von Amerika (USA),Michigan
,40561,Mineral,,Quarz,,
,40561,Mineral,,Kupfer,,
,40561,Mineral,,Cuprit,,
,40561,Ore,,Cu-Metall-Erz - Michigan-Typ,,
,40561,Mineral,,Datolith,,
36576,,Rock,Gneis s.l.,,Schweiz,Uri
,36576,Rock,,Gneis s.l.,,
,36576,Mineral,,Biotit,,
37639,,Ore,"Pyriterz, massiv",,Schweiz,Tessin
,37639,Ore,,"Pyriterz, massiv",,
,37639,Mineral,,Chalkopyrit,,
,37639,Mineral,,Sphalerit,,
31210,,Rock,Granat-Lherzolith,,Norwegen,
,31210,Mineral,,Diopsid,,
,31210,Rock,,Granat-Lherzolith,,
,31210,Mineral,,Chromdiopsid Pyrop,,
,31210,Mineral,,Enstatit,,
41313,,,Revoredoit,Revoredoit,Peru,
,41313,Ore,,Pb-Sulfarseniderz - Gang-Typ,,
,41313,Mineral,,Revoredoit,,
32498,,Ore,Co-Cu-Sulfarseniderz - metamorph,,Schweiz,Wallis
,32498,Ore,,Co-Cu-Sulfarseniderz - metamorph,,
,32498,Mineral,,Baryt,,
,32498,Mineral,,Galenit,,
42328,,Rock,Metahyloklastit,,Schweiz,Graubünden
,42328,Mineral,,Albit,,
,42328,Mineral,,Pumpellyit,,
,42328,Mineral,,Chlorit,,
,42328,Rock,,Metahyloklastit,,
,42328,Mineral,,Quarz,,
32873,,Ore,Co-Cu-Sulfarseniderz - metamorph,,Schweiz,Wallis
,32873,Ore,,Co-Cu-Sulfarseniderz - metamorph,,
,32873,Mineral,,Nickelin,,
40997,,,Galenit,Galenit,Irland,Leinster / Laighin
,40997,Ore,,Pb-Zn-Sulfid-Erz - SEDEX,,
,40997,Mineral,,Sphalerit,,
,40997,Mineral,,Pyrit,,
,40997,Mineral,,Galenit,,
36152,,,Calcit,Calcit,Schweiz,Bern
,36152,Mineral,,Calcit,,
,36152,Rock,,Kies,,
40767,,,Kupfer,Kupfer,Vereinigte Staaten von Amerika (USA),Michigan
,40767,Mineral,,Prehnit,,
,40767,Rock,,Basalt s.l.,,
,40767,Mineral,,Albit,,
,40767,Ore,,Cu-Metall-Erz - Michigan-Typ,,
,40767,Mineral,,Kupfer,,
36241,,,Quarz,Quarz,Schweiz,Uri
,36241,Rock,,noch nicht angegeben,,
,36241,Mineral,,Quarz,,
,36241,Mineral,,Pyrit,,
,36241,Mineral,,Karbonat,,
41551,,,Sphalerit,Sphalerit,Polen,Małopolskie
,41551,Ore,,Zn-Sulfid-Erz - MVT,,
,41551,Mineral,,Sphalerit,,
39121,,Ore,Reduktionshof,,Schweiz,Aargau
,39121,Ore,,Reduktionshof,,
,39121,Mineral,,Chalkopyrit,,
,39121,Mineral,,Rammelsbergit,,
,39121,Mineral,,Tennantit,,
41160,,,Phlogopit,Phlogopit,Kanada,Quebec / Québec
,41160,Mineral,,Phlogopit,,
,41160,Rock,,Ijolith,,
37631,,Ore,Cr-Erz - kontinental mafisch-magmatisch,,Südafrika,
,37631,Mineral,,Chromit,,
,37631,Ore,,Cr-Erz - kontinental mafisch-magmatisch,,
32070,,Rock,Sand (s.l.),,Schweiz,Bern
,32070,Rock,,Sand (s.l.),,
,32070,Mineral,,Quarz,,
43261,,,Galenit,Galenit,Peru,Lima
,43261,Mineral,,Sphalerit,,
,43261,Ore,,Pb-Zn-Sulfid-Erz - undefiniert,,
,43261,Mineral,,Pyrit,,
,43261,Mineral,,Galenit,,
,43261,Mineral,,Enargit,,
,43261,Mineral,,Cerussit,,
42185,,Rock,Tephrit,,Deutschland,Baden-Württemberg
,42185,Mineral,,Olivin allgemein,,
,42185,Mineral,,Augit,,
,42185,Rock,,Tephrit,,
,42185,Mineral,,Olivin,,
33023,,Rock,Granat-Hornblende-Garbenschiefer,,Schweiz,Tessin
,33023,Mineral,,Almandin,,
,33023,Rock,,Granat-Hornblende-Garbenschiefer,,
,33023,Mineral,,Hornblende,,
41364,,,Tetraedrit,Tetraedrit,Peru,Huancavelica / Wankawelika / Wankawillka
,41364,Mineral,,Galenit,,
,41364,Ore,,Cu-Pb-Sulfiderz - Gang-Typ,,
,41364,Mineral,,Tetraedrit,,
39161,,Ore,Reduktionshof,,Schweiz,Zürich
,39161,Mineral,,Nickelin,,
,39161,Mineral,,Rammelsbergit,,
,39161,Ore,,Reduktionshof,,
,39161,Mineral,,Safflorit,,
34287,,,Aktinolith,Aktinolith,Schweiz,Uri
,34287,Rock,,noch nicht angegeben,,
,34287,Mineral,,Adular Quarz,,
,34287,Mineral,,Orthoklas,,
,34287,Mineral,,Amiant Albit,,
,34287,Mineral,,Aktinolith,,
43413,,,Montebrasit,Montebrasit,Schweiz,Bern
,43413,Mineral,,Lepidolith,,
,43413,Rock,,Granitpegmatit - Lithium-Pegmatit,,
,43413,Mineral,,Montebrasit,,
42175,,,Bornit,Bornit,Chile,
,42175,Mineral,,Bornit,,
,42175,Ore,,Cu-Sulfid-Erz - Gang-Typ,,
,42175,Mineral,,Covellin,,
32494,,Ore,Co-Cu-Sulfarseniderz - metamorph,,Schweiz,Wallis
,32494,Mineral,,Chalkopyrit,,
,32494,Ore,,Co-Cu-Sulfarseniderz - metamorph,,
42059,,,Sphalerit,Sphalerit,Mexiko,México (Mexico)
,42059,Ore,,Ag-Sulfid-Erz - Gang-Typ,,
,42059,Mineral,,Calcit,,
,42059,Mineral,,Pyrargyrit,,
,42059,Mineral,,Sphalerit,,
41281,,,Enargit,Enargit,Peru,
,41281,Ore,,Cu-Sulfid-Erz - Gang-Typ,,
,41281,Mineral,,Pyrit,,
,41281,Mineral,,Enargit,,
34644,,Rock,Granit,,Schweiz,Uri
,34644,Mineral,,Chlorit,,
,34644,Rock,,Granit,,
,34644,Mineral,,Quarz,,
37183,,,Calcit,Calcit,Schweiz,Bern
,37183,Mineral,,Pyrit,,
,37183,Mineral,,Quarz,,
,37183,Mineral,,Calcit,,
,37183,Rock,,Sandstein,,
6736,,,Hämatit,Hämatit,Schweiz,St. Gallen
,6736,Ore,,Fe-Erz hämatitisch - SEDEX,,
,6736,Mineral,,Hämatit,,
40354,,,Chalkopyrit,Chalkopyrit,Vereinigte Staaten von Amerika (USA),Missouri
,40354,Ore,,Cu-Sulfid-Erz - MVT,,
,40354,Mineral,,Siegenit,,
,40354,Mineral,,Chalkopyrit,,
40502,,,Riebeckit,Riebeckit,Südafrika,Northern Cape / Noord-Kaap / Mntla-Koloni / Nyakatho-Kapa
,40502,Mineral,,Quarz,,
,40502,Mineral,,Riebeckit,,
,40502,Ore,,Asbest krokydolithisch - Superior-BIF,,
34799,,,Calcit,Calcit,Schweiz,Uri
,34799,Mineral,,Muskovit,,
,34799,Mineral,,Chlorit,,
,34799,Mineral,,Quarz,,
,34799,Rock,,Granit,,
,34799,Mineral,,Titanit,,
,34799,Mineral,,Calcit,,
48117,,Rock,"Plagioklas-Aktinolithfels (""Nephrit"")",,Schweiz,Tessin
,48117,Mineral,,Ilmenit,,
,48117,Rock,,"Plagioklas-Aktinolithfels (""Nephrit"")",,
,48117,Mineral,,Plagioklas,,
,48117,Mineral,,Aktinolith,,
,48117,Mineral,,Pyrit,,
32381,,Ore,Pb-Zn-Sulfid-Erz - Gang-Typ,,Schweiz,Wallis
,32381,Mineral,,Sphalerit,,
,32381,Ore,,Pb-Zn-Sulfid-Erz - Gang-Typ,,
40363,,,Chalkopyrit,Chalkopyrit,Vereinigte Staaten von Amerika (USA),Missouri
,40363,Mineral,,Chalkopyrit,,
,40363,Ore,,Cu-Sulfid-Erz - MVT,,
37192,,,Calcit,Calcit,Schweiz,Bern
,37192,Mineral,,Pyrit,,
,37192,Rock,,Kalkstein,,
,37192,Mineral,,Calcit,,
32492,,Ore,Co-Cu-Sulfarseniderz - metamorph,,Schweiz,Wallis
,32492,Ore,,Co-Cu-Sulfarseniderz - metamorph,,
,32492,Mineral,,Fahlerz,,
40897,,,Galenit,Galenit,Deutschland,Nordrhein-Westfalen
,40897,Mineral,,Quarz,,
,40897,Mineral,,Sphalerit,,
,40897,Mineral,,Galenit,,
,40897,Ore,,Pb-Zn-Sulfid-Erz - Gang-Typ,,
40911,,,Chalkopyrit,Chalkopyrit,Deutschland,Bayern
,40911,Ore,,Sulfid-Erz polymetallisch - metamorph,,
,40911,Mineral,,Chalkopyrit,,
42873,,,Serpentin,Serpentin,Simbabwe / Zimbabwe,Midlands
,42873,Mineral,,Serpentin,,
,42873,Mineral,,Talk,,
,42873,Rock,,Talkschiefer,,
32139,,Ore,Fe-Oolith - Allgemein,,Schweiz,
,32139,Mineral,,Hämatit,,
,32139,Ore,,Fe-Oolith - Allgemein,,
,32139,Mineral,,Chamosit,,
11441,,,Bornit,Bornit,Schweiz,Glarus
,11441,Ore,,Cu-Sulfid-Erz - Redbed-Typ,,
,11441,Mineral,,Chalkopyrit,,
,11441,Mineral,,Bornit,,
32703,,Ore,Co-Cu-Sulfarseniderz - metamorph,,Schweiz,Wallis
,32703,Ore,,Co-Cu-Sulfarseniderz - metamorph,,
,32703,Mineral,,Nickelin,,
,32703,Mineral,,Annabergit,,
33546,,,Bornit,Bornit,Schweiz,Glarus
,33546,Ore,,Cu-Sulfid-Erz - Redbed-Typ,,
,33546,Mineral,,Bornit,,
41058,,,Hämatit,Hämatit,Vereinigte Staaten von Amerika (USA),Missouri
,41058,Ore,,Fe-Erz magnetitisch - Skarn-Typ,,
,41058,Mineral,,Hämatit,,
,41058,Mineral,,Aktinolith,,
,41058,Mineral,,Quarz,,
42514,,,Pyrit,Pyrit,Deutschland,Niedersachsen
,42514,Ore,,"Pyrit, massiv - SEDEX",,
,42514,Mineral,,Pyrit,,
32414,,Ore,Fe-Erz magnetitisch - Skarn-Typ,,Schweiz,Wallis
,32414,Ore,,Fe-Erz magnetitisch - Skarn-Typ,,
,32414,Mineral,,Malachit,,
,32414,Mineral,,Chalkopyrit,,
42331,,Rock,Kalkschiefer,,Schweiz,Graubünden
,42331,Mineral,,Chlorit,,
,42331,Mineral,,Sericit,,
,42331,Rock,,Kalkschiefer,,
,42331,Mineral,,Calcit,,
,42331,Mineral,,Muskovit,,
,42331,Mineral,,Quarz,,
30453,,Ore,Ni-Cu-Sulfid-Erz - kontinental mafisch-magmatisch,,Kanada,Ontario
,30453,Mineral,,Pentlandit,,
,30453,Mineral,,Pyrrhotin,,
,30453,Mineral,,Chalkopyrit,,
,30453,Ore,,Ni-Cu-Sulfid-Erz - kontinental mafisch-magmatisch,,
40845,,,Sphalerit,Sphalerit,Spanien,Cantabria
,40845,Ore,,Zn-Sulfid-Erz - MVT,,
,40845,Mineral,,Galenit,,
,40845,Mineral,,Sphalerit,,
34240,,,Aktinolith,Aktinolith,Schweiz,Uri
,34240,Mineral,,Amiant,,
,34240,Rock,,noch nicht angegeben,,
,34240,Mineral,,Aktinolith,,
32089,,Ore,Fe-Oolith - Allgemein,,Schweiz,Bern
,32089,Mineral,,Magnetit,,
,32089,Mineral,,Hämatit,,
,32089,Ore,,Fe-Oolith - Allgemein,,
6945,,,Chalkopyrit,Chalkopyrit,Schweiz,Wallis
,6945,Ore,,Cu-Sulfid-Erz - Gang-Typ,,
,6945,Mineral,,Chalkopyrit,,
40945,,,Scheelit,Scheelit,Oesterreich,Salzburg
,40945,Ore,,Scheeliterz - metamorph,,
,40945,Mineral,,Scheelit,,
41067,,,Sphalerit,Sphalerit,Vereinigte Staaten von Amerika (USA),Pennsylvania
,41067,Rock,,Kalkstein,,
,41067,Mineral,,Sphalerit,,
,41067,Mineral,,Pyrit,,
,41067,Ore,,Zn-Sulfid-Erz - MVT,,
40481,,,Albit,Albit,Vereinigte Staaten von Amerika (USA),Michigan
,40481,Mineral,,Albit,,
,40481,Mineral,,Calcit,,
,40481,Ore,,Cu-Metall-Erz - Michigan-Typ,,
,40481,Rock,,Basalt s.l.,,
,40481,Mineral,,Kupfer,,
39239,,Ore,Reduktionshof,,Schweiz,Aargau
,39239,Mineral,,Uran-Anatas Rammelsbergit,,
,39239,Ore,,Reduktionshof,,
,39239,Mineral,,Anatas,,
,39239,Mineral,,Nickelin,,
40572,,Ore,V-Erz Mina Ragra Typ,,Peru,Pasco / Pasqu
,40572,Ore,,V-Erz Mina Ragra Typ,,
,40572,Rock,,Schieferton,,
40556,,,Kupfer,Kupfer,Vereinigte Staaten von Amerika (USA),Michigan
,40556,Ore,,Cu-Metall-Erz - Michigan-Typ,,
,40556,Mineral,,Epidot,,
,40556,Rock,,Basalt s.l.,,
,40556,Mineral,,Kupfer,,
33329,,,Mitridatit,Mitridatit,Schweiz,Tessin
,33329,Mineral,,Adular Chalkopyrit,,
,33329,Mineral,,Muskovit,,
,33329,Mineral,,Mitridatit,,
,33329,Mineral,,Orthoklas,,
,33329,Mineral,,Graftonit,,
,33329,Mineral,,Vivianit,,
,33329,Mineral,,Apatit,,
,33329,Mineral,,allgemein Granat,,
,33329,Rock,,Granitpegmatit,,
,33329,Mineral,,Turmalin,,
,33329,Mineral,,Chlorit,,
29374,,Rock,"Kimberlit ""basaltisch"" - allgemein",,Vereinigte Staaten von Amerika (USA),Colorado
,29374,Rock,,"Kimberlit ""basaltisch"" - allgemein",,
,29374,Mineral,,Calcit,,
,29374,Mineral,,Antigorit,,
53918,,Ore,Bauxit,Bauxit,Schweiz,Wallis
,53918,Mineral,,Magnetit,,
,53918,Ore,,Bauxit,,
42321,,Rock,Serpentinit,,Schweiz,Graubünden
,42321,Rock,,Serpentinit,,
,42321,Mineral,,Chrysotil,,
,42321,Mineral,,Lizardit,,
,42321,Mineral,,Chlorit,,
,42321,Mineral,,Calcit,,
,42321,Mineral,,Magnetit,,
38132,,,Talk,Talk,Schweiz,Wallis
,38132,Rock,,Talkschiefer,,
,38132,Mineral,,Talk,,
34825,,,Laumontit,Laumontit,Schweiz,Uri
,34825,Rock,,Granit,,
,34825,Mineral,,Laumontit,,
35313,,Ore,"Au-Erz, pyritisch - Gang-Typ",,Schweiz,Wallis
,35313,Mineral,,Tetraedrit,,
,35313,Mineral,,Pyrit,,
,35313,Ore,,"Au-Erz, pyritisch - Gang-Typ",,
,35313,Mineral,,Chalkopyrit,,
,35313,Mineral,,Quarz,,
,35313,Mineral,,Gold,,
32658,,Ore,Co-Cu-Sulfarseniderz - metamorph,,Schweiz,Wallis
,32658,Mineral,,Baryt,,
,32658,Mineral,,Fahlerz,,
,32658,Ore,,Co-Cu-Sulfarseniderz - metamorph,,
40779,,,Kupfer,Kupfer,Vereinigte Staaten von Amerika (USA),Michigan
,40779,Ore,,Cu-Metall-Erz - Michigan-Typ,,
,40779,Rock,,Basalt s.l.,,
,40779,Mineral,,Kupfer,,
,40779,Mineral,,Epidot,,
,40779,Mineral,,Albit,,
,40779,Mineral,,Quarz,,
32675,,Rock,Chlorit-Schiefer,,Schweiz,Wallis
,32675,Mineral,,Chlorit,,
,32675,Mineral,,Muskovit,,
,32675,Rock,,Chlorit-Schiefer,,
3228,,,Turmalin,Turmalin,Schweiz,Tessin
,3228,Mineral,,Pyrit,,
,3228,Mineral,,allgemein Rutil,,
,3228,Rock,,Dolomit,,
,3228,Mineral,,Turmalin,,
32707,,Ore,Co-Cu-Sulfarseniderz - metamorph,,Schweiz,Wallis
,32707,Ore,,Co-Cu-Sulfarseniderz - metamorph,,
,32707,Mineral,,Nickel-Skutterudit,,
,32707,Mineral,,Siderit,,
,32707,Mineral,,Annabergit,,
,32707,Mineral,,Chloanthit Nickelin,,
4803,,,Hämatit,Hämatit,Schweiz,St. Gallen
,4803,Ore,,Fe-Erz hämatitisch - SEDEX,,
,4803,Mineral,,Hämatit,,
53661,,Rock,Mergel,,Schweiz,Bern
,53661,Mineral,,Illit Calcit,,
,53661,Mineral,,Hämatit,,
,53661,Mineral,,Chamosit,,
,53661,Rock,,Mergel,,
,53661,Mineral,,Muskovit,,
41835,,Rock,Diorit,,Grossbritannien / Vereinigtes Königreich,England
,41835,Mineral,,undefiniert,,
,41835,Mineral,,Alkalifeldspat,,
,41835,Mineral,,Plagioklas,,
,41835,Rock,,Diorit,,
,41835,Mineral,,Klinopyroxen,,
,41835,Mineral,,Hornblende,,
40350,,,Galenit,Galenit,Vereinigte Staaten von Amerika (USA),Missouri
,40350,Mineral,,Galenit,,
,40350,Ore,,Pb-Sulfid-Erz - MVT,,
42172,,,Chlorargyrit,Chlorargyrit,Chile,
,42172,Ore,,Polymetallisches Erz,,
,42172,Mineral,,Chlorargyrit,,
39676,,,Calcit,Calcit,Schweiz,Bern
,39676,Rock,,Kalkstein,,
,39676,Mineral,,Calcit,,
32726,,Ore,Co-Cu-Sulfarseniderz - metamorph,,Schweiz,Wallis
,32726,Mineral,,Chalkopyrit,,
,32726,Ore,,Co-Cu-Sulfarseniderz - metamorph,,
,32726,Mineral,,Siderit,,
,32726,Mineral,,Quarz,,
,32726,Mineral,,Fahlerz,,
35377,,,Calcit,Calcit,Schweiz,Uri
,35377,Mineral,,undef. Eisenhydroxid,,
,35377,Rock,,Granit,,
,35377,Mineral,,Calcit,,
,35377,Mineral,,Chlorit,,
,35377,Mineral,,Hämatit,,
,35377,Mineral,,Limonit,,
29810,,Ore,Zn-Sulfid-Erz - metamorph,,Schweiz,Uri
,29810,Mineral,,Pyrrhotin,,
,29810,Mineral,,Pyrit,,
,29810,Ore,,Zn-Sulfid-Erz - metamorph,,
,29810,Mineral,,Sphalerit,,
42416,,,Limonit,Limonit,Frankreich,Moselle
,42416,Mineral,,Limonit,,
,42416,Mineral,,undef. Eisenhydroxid,,
,42416,Rock,,Eisenoolith,,
,42416,Ore,,Fe-Oolith - Allgemein,,
37999,,Ore,Fe-Oxid-Erz - Superior-BIF,,Australien,Western Australia
,37999,Ore,,Fe-Oxid-Erz - Superior-BIF,,
,37999,Mineral,,Riebeckit,,
,37999,Mineral,,Hämatit,,
32701,,Ore,Co-Cu-Sulfarseniderz - metamorph,,Schweiz,Wallis
,32701,Ore,,Co-Cu-Sulfarseniderz - metamorph,,
,32701,Mineral,,Nickelin,,
,32701,Mineral,,Chloanthit Siderit,,
,32701,Mineral,,Nickel-Skutterudit,,
32587,,,Orthoklas,Orthoklas,Schweiz,Graubünden
,32587,Rock,,noch nicht angegeben,,
,32587,Mineral,,Adular Chlorit,,
,32587,Mineral,,Orthoklas,,
42471,,,Pyrrhotin,Pyrrhotin,Deutschland,Sachsen
,42471,Ore,,Zn-Sulfid-Erz - Gang-Typ,,
,42471,Mineral,,Pyrrhotin,,
,42471,Mineral,,Chalkopyrit,,
,42471,Mineral,,Sphalerit,,
42180,,,Galenit,Galenit,Chile,
,42180,Ore,,Ag-Sulfid-Erz - Gang-Typ,,
,42180,Mineral,,Galenit,,
6956,,,Galenit,Galenit,Schweiz,Wallis
,6956,Ore,,Co-Cu-Sulfarseniderz - metamorph,,
,6956,Mineral,,Tetraedrit,,
,6956,Mineral,,Chalkopyrit,,
,6956,Mineral,,Fahlerz,,
,6956,Mineral,,Galenit,,
41587,,,Kassiterit,Kassiterit,Malaysia,
,41587,Ore,,Sn-Seife,,
,41587,Mineral,,Kassiterit,,
31474,,,Chlorit,Chlorit,Schweiz,Bern
,31474,Rock,,Granitisches Gestein,,
,31474,Mineral,,Chlorit,,
32439,,Ore,Pb-Sulfid-Erz - Ba-F-Formation,,Schweiz,Wallis
,32439,Mineral,,Galenit,,
,32439,Mineral,,Calcit,,
,32439,Ore,,Pb-Sulfid-Erz - Ba-F-Formation,,
,32439,Mineral,,Fluorit,,
32670,,Ore,Co-Cu-Sulfarseniderz - metamorph,,Schweiz,Wallis
,32670,Mineral,,Quarz,,
,32670,Mineral,,Skorodit,,
,32670,Ore,,Co-Cu-Sulfarseniderz - metamorph,,
35060,,,Calcit,Calcit,Schweiz,Neuenburg
,35060,Rock,,Kalkstein,,
,35060,Mineral,,Kaolinit,,
,35060,Mineral,,Smektit,,
,35060,Mineral,,Calcit,,
,35060,Mineral,,Illit Quarz,,
,35060,Mineral,,s.l.,,
,35060,Mineral,,Muskovit,,
41514,,,Wolframit,Wolframit,Malaysia,Terengganu
,41514,Mineral,,Quarz,,
,41514,Ore,,Wolframit-Erz - Gang-Typ,,
,41514,Mineral,,Wolframit,,
,41514,Mineral,,Scheelit,,
42626,,,Magnetit,Magnetit,Italien,Piemonte
,42626,Mineral,,Magnetit,,
,42626,Ore,,Fe-Erz magnetitisch - Skarn-Typ,,
48159,,Rock,Rodingit (Rhodingit),,Schweiz,Wallis
,48159,Mineral,,Chlorit,,
,48159,Rock,,Rodingit (Rhodingit),,
,48159,Mineral,,Grossular,,
,48159,Mineral,,Diopsid,,
34595,,,Orthoklas,Orthoklas,Schweiz,Uri
,34595,Mineral,,Adular Chlorit,,
,34595,Rock,,Granit,,
,34595,Mineral,,Quarz,,
,34595,Mineral,,Orthoklas,,
40822,,,Hämatit,Hämatit,Spanien,
,40822,Ore,,Fe-Oolith hämatitisch,,
,40822,Mineral,,Hämatit,,
40847,,,Sphalerit,Sphalerit,Spanien,Cantabria
,40847,Ore,,Zn-Sulfid-Erz - MVT,,
,40847,Mineral,,Sphalerit,,
,40847,Mineral,,Galenit,,
34629,,,Fluorit,Fluorit,Schweiz,Uri
,34629,Mineral,,Fluorit,,
,34629,Rock,,Granit,,
,34629,Mineral,,Quarz,,
34608,,Rock,Granit,,Schweiz,Uri
,34608,Rock,,Granit,,
,34608,Mineral,,Laumontit,,
,34608,Mineral,,Quarz,,
,34608,Mineral,,Feldspat,,
40901,,,Galenit,Galenit,Deutschland,Nordrhein-Westfalen
,40901,Ore,,Pb-Zn-Sulfid-Erz - Gang-Typ,,
,40901,Mineral,,Sphalerit,,
,40901,Mineral,,Galenit,,
,40901,Mineral,,Quarz,,
,40901,Mineral,,Ankerit,,
31455,,,Zirkon,Zirkon,Schweiz,Bern
,31455,Mineral,,Zirkon,,
,31455,Rock,,Granodiorit,,
43081,,,ohne Namen,ohne Namen,Deutschland,Baden-Württemberg
,43081,Mineral,,ohne Namen,,
,43081,Ore,,noch nicht angegeben,,
,43081,Mineral,,(s. Objektbemerkung),,
29806,,,Sphalerit,Sphalerit,Schweiz,Uri
,29806,Mineral,,Sphalerit,,
,29806,Mineral,,Quarz,,
,29806,Mineral,,Chalkopyrit,,
,29806,Ore,,Zn-Sulfid-Erz - metamorph,,
,29806,Mineral,,Pyrit,,
40115,,,Braunit,Braunit,Schweiz,Graubünden
,40115,Rock,,Radiolarit,,
,40115,Mineral,,Braunit,,
6243,,,Nephrit,Nephrit,Neuseeland,
,6243,Rock,,Nephrit,,
,6243,Mineral,,Nephrit,,
41523,,,Pentlandit,Pentlandit,Australien,Western Australia
,41523,Mineral,,Chalkopyrit,,
,41523,Mineral,,Pyrrhotin,,
,41523,Ore,,Ni-Cu-Sulfid-Erz - komatiitisch,,
,41523,Mineral,,Pentlandit,,
41513,,,Kassiterit,Kassiterit,"China, Volksrepublik",Guangxi Zhuang
,41513,Mineral,,Danait,,
,41513,Ore,,"Sn-Erz, oxidisch - Gang-Typ Greisen",,
,41513,Mineral,,Arsenopyrit,,
,41513,Mineral,,Calcit,,
,41513,Mineral,,Kassiterit,,
39101,,Ore,Reduktionshof,,Schweiz,Aargau
,39101,Mineral,,Roscoelith,,
,39101,Mineral,,Rammelsbergit,,
,39101,Ore,,Reduktionshof,,
27035,,Ore,Cr-Erz - kontinental mafisch-magmatisch,,Südafrika,
,27035,Ore,,Cr-Erz - kontinental mafisch-magmatisch,,
,27035,Mineral,,Chromit,,
34452,,,Fluorit,Fluorit,Schweiz,Uri
,34452,Rock,,Granit,,
,34452,Mineral,,Chlorit,,
,34452,Mineral,,Fluorit,,
36248,,Rock,Quarzitischer Gneis,,Schweiz,Uri
,36248,Rock,,Quarzitischer Gneis,,
,36248,Mineral,,Quarz,,
32878,,Ore,Cu-Sulfid-Erz - metamorph,,Schweiz,Wallis
,32878,Ore,,Cu-Sulfid-Erz - metamorph,,
,32878,Mineral,,Malachit,,
,32878,Mineral,,Chalkopyrit,,
31087,,,Hämatit,Hämatit,Vereinigte Staaten von Amerika (USA),Michigan
,31087,Ore,,Fe-Oxid-Erz - Superior-BIF,,
,31087,Mineral,,Hämatit,,
42499,,,Galenit,Galenit,Deutschland,Sachsen
,42499,Mineral,,Galenit,,
,42499,Ore,,Pb-Sulfid-Erz - Gang-Typ,,
,42499,Mineral,,Quarz,,
,42499,Mineral,,Pyrit,,
32702,,Ore,Co-Cu-Sulfarseniderz - metamorph,,Schweiz,Wallis
,32702,Mineral,,Siderit,,
,32702,Ore,,Co-Cu-Sulfarseniderz - metamorph,,
32516,,Ore,Co-Cu-Sulfarseniderz - metamorph,,Schweiz,Wallis
,32516,Mineral,,Chalkopyrit,,
,32516,Mineral,,Malachit,,
,32516,Ore,,Co-Cu-Sulfarseniderz - metamorph,,
,32516,Mineral,,Quarz,,
41495,,,Sphalerit,Sphalerit,Japan,Gifu / Gihu
,41495,Ore,,Zn-Sulfid-Erz - Skarn-Typ,,
,41495,Mineral,,Calcit,,
,41495,Mineral,,Sphalerit,,
32497,,Ore,Co-Cu-Sulfarseniderz - metamorph,,Schweiz,Wallis
,32497,Mineral,,Fahlerz,,
,32497,Ore,,Co-Cu-Sulfarseniderz - metamorph,,
,32497,Mineral,,Quarz,,
32682,,Ore,Co-Cu-Sulfarseniderz - metamorph,,Schweiz,Wallis
,32682,Mineral,,Chalkopyrit,,
,32682,Mineral,,Pyrit,,
,32682,Mineral,,Quarz,,
,32682,Mineral,,Fahlerz,,
,32682,Ore,,Co-Cu-Sulfarseniderz - metamorph,,
35852,,,Rutil,Rutil,Schweiz,Uri
,35852,Mineral,,Chlorit,,
,35852,Mineral,,Pyrit,,
,35852,Mineral,,Rutil,,
,35852,Mineral,,Hämatit,,
,35852,Rock,,Gneis s.l.,,
42480,,,Akanthit,Akanthit,Deutschland,Sachsen
,42480,Mineral,,Akanthit,,
,42480,Ore,,Ag-Sulfid-Erz - Gang-Typ,,
,42480,Mineral,,Fluorit,,
40949,,,Chalkopyrit,Chalkopyrit,Oesterreich,Salzburg
,40949,Ore,,Cu-Sulfid-Erz - Gang-Typ,,
,40949,Mineral,,Chalkopyrit,,
40231,,,Quarz,Quarz,Jordanien,
,40231,Rock,,Schockmetamorpher Quarzsand,,
,40231,Mineral,,Quarz,,
40476,,,Sphalerit,Sphalerit,Vereinigte Staaten von Amerika (USA),Illinois
,40476,Mineral,,Sphalerit,,
,40476,Mineral,,Fluorit,,
,40476,Ore,,Zn-Sulfid-Erz - MVT,,
32662,,Ore,Co-Cu-Sulfarseniderz - metamorph,,Schweiz,Wallis
,32662,Mineral,,Baryt,,
,32662,Ore,,Co-Cu-Sulfarseniderz - metamorph,,
5220,,,Jadeit,Jadeit,Schweiz,Bern
,5220,Rock,,Jadeitite,,
,5220,Mineral,,Jadeit,,
41894,,,Aragonit,Aragonit,Oesterreich,Steiermark
,41894,Rock,,Serpentinit,,
,41894,Mineral,,Aragonit,,
35418,,,Hämatit,Hämatit,Schweiz,Uri
,35418,Rock,,Granit,,
,35418,Mineral,,Hämatit,,
42303,,Rock,Metabasalt,,Schweiz,Graubünden
,42303,Rock,,Metabasalt,,
,42303,Mineral,,Albit,,
,42303,Mineral,,Calcit,,
,42303,Mineral,,Titanit,,
,42303,Mineral,,Epidot,,
,42303,Mineral,,Chlorit,,
,42303,Mineral,,Aktinolith,,
39065,,Ore,Reduktionshof,,Schweiz,Aargau
,39065,Mineral,,Roscoelith,,
,39065,Ore,,Reduktionshof,,
6934,,,Galenit,Galenit,Schweiz,Wallis
,6934,Mineral,,Galenit,,
,6934,Mineral,,Quarz,,
,6934,Ore,,Pb-Zn-Sulfid-Erz - Gang-Typ,,
40412,,,Quarz,Quarz,Schweiz,Thurgau
,40412,Mineral,,Biotit,,
,40412,Rock,,Bentonit,,
,40412,Mineral,,Orthoklas,,
,40412,Mineral,,Quarz,,
42112,,,Akanthit,Akanthit,Mexiko,Guanajuato
,42112,Mineral,,Chalkopyrit,,
,42112,Mineral,,Akanthit,,
,42112,Mineral,,Pyrit,,
,42112,Ore,,"Au-Erz, polymetallisch - Gang-Typ",,
,42112,Mineral,,Quarz,,
32671,,Ore,Co-Cu-Sulfarseniderz - metamorph,,Schweiz,Wallis
,32671,Ore,,Co-Cu-Sulfarseniderz - metamorph,,
,32671,Mineral,,Wismut,,
42405,,,Pyrolusit,Pyrolusit,Bosnien-Herzegowina,Federacija Bosne i Hercegovine
,42405,Mineral,,Pyrolusit,,
,42405,Ore,,Mn-Oxiderz,,
40994,,,Quarz,Quarz,Schweiz,St. Gallen
,40994,Mineral,,Quarz,,
,40994,Rock,,Sand - Silikatisch,,
30466,,Rock,Lherzolith (Mantelgestein),,Russland (Russische Föderation),
,30466,Mineral,,Forsterit,,
,30466,Rock,,Lherzolith (Mantelgestein),,
41111,,,Markasit,Markasit,Vereinigte Staaten von Amerika (USA),Missouri
,41111,Rock,,Impaktbrekzie,,
,41111,Mineral,,Galenit,,
,41111,Mineral,,Markasit,,
41041,,,Quarz,Quarz,Vereinigte Staaten von Amerika (USA),California
,41041,Mineral,,Aragonit,,
,41041,Rock,,Sandstein,,
,41041,Mineral,,Quarz,,
39107,,Ore,Reduktionshof,,Schweiz,Aargau
,39107,Mineral,,Zirkon,,
,39107,Ore,,Reduktionshof,,
,39107,Mineral,,Anatas,,
36016,,Rock,Gneis s.l.,,Schweiz,Uri
,36016,Rock,,Gneis s.l.,,
,36016,Mineral,,Pyrit,,
42322,,Rock,Metagabbro,,Schweiz,Graubünden
,42322,Mineral,,Titanit,,
,42322,Mineral,,Albit,,
,42322,Mineral,,Diopsid,,
,42322,Rock,,Metagabbro,,
,42322,Mineral,,Chlorit,,
,42322,Mineral,,Epidot,,
38110,,,Gips,Gips,Schweiz,Waadt
,38110,Rock,,Gips,,
,38110,Mineral,,Gips,,
6768,,,Hämatit,Hämatit,Schweiz,St. Gallen
,6768,Ore,,Fe-Erz hämatitisch - SEDEX,,
,6768,Mineral,,Hämatit,,
36009,,,Quarz,Quarz,Schweiz,Uri
,36009,Mineral,,Quarz,,
,36009,Rock,,Gneis s.l.,,
37940,,Rock,Aplit,,Deutschland,Baden-Württemberg
,37940,Mineral,,Coesit,,
,37940,Mineral,,Quarz,,
,37940,Rock,,Aplit,,
39893,,,Serpentin,Serpentin,Deutschland,Sachsen
,39893,Mineral,,undefiniert,,
,39893,Mineral,,Serpentin,,
,39893,Rock,,Serpentinit,,
41503,,,Rhodonit,Rhodonit,Japan,Nagano
,41503,Mineral,,Spessartin,,
,41503,Mineral,,Rhodochrosit,,
,41503,Ore,,"Mn-Erz, silikatisch - metamorph",,
,41503,Mineral,,Rhodonit,,
,41503,Mineral,,Hausmannit,,
31453,,Rock,Granodiorit,,Schweiz,Bern
,31453,Mineral,,Quarz,,
,31453,Rock,,Granodiorit,,
,31453,Mineral,,Rauchquarz,,
33810,,,Goethit,Goethit,Australien,New South Wales
,33810,Mineral,,Azurit,,
,33810,Ore,,Fe-Erz limonitisch - Eiserner Hut,,
,33810,Mineral,,Malachit,,
,33810,Mineral,,Goethit,,
41579,,Ore,Sn-Seife,Sn-Seife,Malaysia,
,41579,Mineral,,Pyrit,,
,41579,Ore,,Sn-Seife,,
,41579,Mineral,,Kassiterit,,
34469,,,Quarz,Quarz,Schweiz,Uri
,34469,Mineral,,Quarz,,
,34469,Rock,,Granit,,
,34469,Mineral,,Chlorit,,
467,,,Arsenopyrit,Arsenopyrit,Schweiz,Wallis
,467,Mineral,,Chalkopyrit,,
,467,Mineral,,Pyrrhotin,,
,467,Ore,,Co-Cu-Sulfarseniderz - metamorph,,
,467,Mineral,,Arsenopyrit,,
42170,,,Chlorargyrit,Chlorargyrit,Chile,
,42170,Mineral,,Chlorargyrit,,
,42170,Ore,,Polymetallisches Erz,,
43839,,Ore,"Au-Erz, polymetallisch - Gang-Typ","Au-Erz, polymetallisch - Gang-Typ",Schweiz,Tessin
,43839,Mineral,,Arsenopyrit,,
,43839,Mineral,,Gold,,
,43839,Mineral,,Pyrit,,
,43839,Ore,,"Au-Erz, polymetallisch - Gang-Typ",,
,43839,Mineral,,Chalkopyrit,,
,43839,Mineral,,Sphalerit,,
40150,,,Quarz,Quarz,Australien,New South Wales
,40150,Rock,,Basalt s.l.,,
,40150,Mineral,,Chalcedon/Chert,,
,40150,Mineral,,Quarz,,
40010,,Rock,Schockmetamorpher Quarzsand,,Saudi-Arabien,
,40010,Rock,,Schockmetamorpher Quarzsand,,
,40010,Mineral,,Quarz,,
,40010,Mineral,,Sanidin,,
32846,,,Calcit,Calcit,Schweiz,Tessin
,32846,Mineral,,Quarz,,
,32846,Mineral,,Calcit,,
,32846,Mineral,,allgemein Epidot,,
,32846,Rock,,noch nicht angegeben,,
,32846,Mineral,,Glimmer,,
,32846,Mineral,,Albit,,
40352,,,Chalkopyrit,Chalkopyrit,Vereinigte Staaten von Amerika (USA),Missouri
,40352,Mineral,,Chalkopyrit,,
,40352,Mineral,,Siegenit,,
,40352,Mineral,,Pyrit,,
,40352,Ore,,Cu-Sulfid-Erz - MVT,,
41103,,,Pyrit,Pyrit,Vereinigte Staaten von Amerika (USA),Missouri
,41103,Rock,,Dolomit,,
,41103,Mineral,,Markasit,,
,41103,Mineral,,Pyrit,,
40759,,,Kupfer,Kupfer,Vereinigte Staaten von Amerika (USA),Michigan
,40759,Mineral,,Calcit,,
,40759,Mineral,,Kupfer,,
,40759,Mineral,,Prehnit,,
,40759,Ore,,Cu-Metall-Erz - Michigan-Typ,,
42326,,Rock,Rodingit (Rhodingit),,Schweiz,Graubünden
,42326,Rock,,Rodingit (Rhodingit),,
,42326,Mineral,,Vesuvian (Vesuvianit),,
,42326,Mineral,,Grossular,,
,42326,Mineral,,Chlorit,,
,42326,Mineral,,Hydrogrossular,,
,42326,Mineral,,Epidot,,
39527,,,Phillipsit,Phillipsit,Deutschland,Baden-Württemberg
,39527,Mineral,,Augit,,
,39527,Rock,,Foidbasalt,,
,39527,Mineral,,Phillipsit,,
40788,,,Kupfer,Kupfer,Vereinigte Staaten von Amerika (USA),Michigan
,40788,Mineral,,Kupfer,,
,40788,Ore,,Cu-Metall-Erz - Michigan-Typ,,
41100,,,Fluorit,Fluorit,Vereinigte Staaten von Amerika (USA),
,41100,Mineral,,Fluorit,,
,41100,Ore,,Fluorit-Erz - MVT,,
41669,,,Magnetit,Magnetit,Südafrika,Limpopo
,41669,Mineral,,Magnetit,,
,41669,Ore,,Fe-Erz magnetitisch - kontinental mafisch-magmatisch,,
41448,,,Magnetit,Magnetit,Chile,
,41448,Mineral,,Apatit,,
,41448,Mineral,,Magnetit,,
,41448,Ore,,Fe-Oxid-Erz extrusiv,,
40783,,,Datolith,Datolith,Vereinigte Staaten von Amerika (USA),Michigan
,40783,Mineral,,Kupfer,,
,40783,Mineral,,Datolith,,
,40783,Ore,,Cu-Metall-Erz - Michigan-Typ,,
,40783,Mineral,,Quarz,,
,40783,Mineral,,Epidot,,
42127,,,Wolframit,Wolframit,Bolivien,La Paz
,42127,Mineral,,Kassiterit,,
,42127,Mineral,,Wolframit,,
,42127,Ore,,Sn-Wolframit-Erz - Gang-Typ,,
42203,,,Cuprit,Cuprit,Australien,Queensland
,42203,Mineral,,Cuprit,,
,42203,Ore,,Cu-Sulfid-Erz - SEDEX,,
,42203,Mineral,,Malachit,,
42220,,,Magnetit,Magnetit,Schweden,Uppsala län
,42220,Ore,,Fe-Erz magnetitisch - Skarn-Typ,,
,42220,Mineral,,Magnetit,,
32724,,Ore,Co-Cu-Sulfarseniderz - metamorph,,Schweiz,Wallis
,32724,Mineral,,Fahlerz,,
,32724,Ore,,Co-Cu-Sulfarseniderz - metamorph,,
29353,,Rock,"Kimberlit ""basaltisch"" - Schwermineralk.",,Südafrika,Free State / Vrystaat / Freyistata / Fuleyisitata
,29353,Mineral,,Pyrop,,
,29353,Rock,,"Kimberlit ""basaltisch"" - Schwermineralk.",,
,29353,Mineral,,Ilmenit,,
42621,,,Malachit,Malachit,_Land unbekannt,
,42621,Mineral,,Malachit,,
,42621,Rock,,Kalkstein,,
,42621,Mineral,,Quarz,,
,42621,Mineral,,Azurit,,
41308,,,Revoredoit,Revoredoit,Peru,
,41308,Ore,,Pb-Sulfarseniderz - Gang-Typ,,
,41308,Mineral,,Gratonit,,
,41308,Mineral,,Revoredoit,,
42122,,,Akanthit,Akanthit,Mexiko,Hidalgo
,42122,Mineral,,Quarz,,
,42122,Mineral,,Calcit,,
,42122,Mineral,,Akanthit,,
,42122,Ore,,Ag-Sulfid-Erz - Gang-Typ,,
,42122,Mineral,,Pyrit,,
42124,,,Baryt,Baryt,Schweiz,Jura
,42124,Rock,,Tonstein,,
,42124,Mineral,,Baryt,,
43099,,,ohne Namen,ohne Namen,Oesterreich,Salzburg
,43099,Mineral,,ohne Namen,,
,43099,Ore,,noch nicht angegeben,,
,43099,Mineral,,(s. Objektbemerkung),,
40501,,,Riebeckit,Riebeckit,Südafrika,Northern Cape / Noord-Kaap / Mntla-Koloni / Nyakatho-Kapa
,40501,Mineral,,Quarz,,
,40501,Ore,,Asbest krokydolithisch - Superior-BIF,,
,40501,Mineral,,Riebeckit,,
39496,,Ore,Schwermineralkonzentrat,,Schweiz,Graubünden
,39496,Mineral,,Epidot,,
,39496,Mineral,,Ilmenit,,
,39496,Mineral,,Magnetit,,
,39496,Mineral,,Gold,,
,39496,Ore,,Schwermineralkonzentrat,,
33983,,Rock,Granit,,Schweiz,Bern
,33983,Mineral,,Albit,,
,33983,Rock,,Granit,,
42730,,Ore,Au-U-Konglomerat - Witwatersrand-Typ,,Südafrika,Gauteng / Rhawuti
,42730,Rock,,Konglomerat,,
,42730,Ore,,Au-U-Konglomerat - Witwatersrand-Typ,,
34471,,Rock,Granit,,Schweiz,Uri
,34471,Mineral,,Chlorit,,
,34471,Rock,,Granit,,
,34471,Mineral,,Quarz,,
41085,,,Cinnabarit,Cinnabarit,Vereinigte Staaten von Amerika (USA),Nevada
,41085,Mineral,,Opal,,
,41085,Mineral,,Cinnabarit,,
,41085,Ore,,Hg-Sulfiderz - epithermal,,
32432,,Ore,Pb-Sulfid-Erz - Ba-F-Formation,,Schweiz,Wallis
,32432,Ore,,Pb-Sulfid-Erz - Ba-F-Formation,,
,32432,Mineral,,Calcit,,
39469,,Rock,Siltstein,,Kanada,Ontario
,39469,Mineral,,Pyrrhotin,,
,39469,Rock,,Siltstein,,
32520,,Ore,Co-Cu-Sulfarseniderz - metamorph,,Schweiz,Wallis
,32520,Mineral,,Quarz,,
,32520,Ore,,Co-Cu-Sulfarseniderz - metamorph,,
,32520,Mineral,,Chalkopyrit,,
41370,,,Chalkosin,Chalkosin,Peru,Huancavelica / Wankawelika / Wankawillka
,41370,Mineral,,Cuprit,,
,41370,Ore,,Cu-Sulfid-Erz - zementativ,,
,41370,Mineral,,Chalkosin,,
41589,,Ore,Sn-Seife,Sn-Seife,Malaysia,
,41589,Mineral,,Kassiterit,,
,41589,Ore,,Sn-Seife,,
34581,,,Hämatit,Hämatit,Schweiz,Uri
,34581,Mineral,,Quarz,,
,34581,Rock,,Granit,,
,34581,Mineral,,Chlorit,,
,34581,Mineral,,Adular,,
,34581,Mineral,,Apatit,,
,34581,Mineral,,Orthoklas,,
,34581,Mineral,,Calcit,,
,34581,Mineral,,Hämatit,,
38981,,,Quarz,Quarz,Deutschland,Niedersachsen
,38981,Rock,,Rhyolith,,
,38981,Mineral,,Quarz,,
,38981,Mineral,,Chalcedon/Chert,,
42476,,,Arsenopyrit,Arsenopyrit,Deutschland,Sachsen
,42476,Ore,,Ag-Sulfid-Erz - Gang-Typ,,
,42476,Mineral,,Quarz,,
,42476,Mineral,,Arsenopyrit,,
31420,,Rock,Granodiorit,,Schweiz,Bern
,31420,Mineral,,Quarz,,
,31420,Mineral,,Muskovit,,
,31420,Mineral,,Ankerit,,
,31420,Rock,,Granodiorit,,
,31420,Mineral,,Chlorit,,
41048,,,Hämatit,Hämatit,Vereinigte Staaten von Amerika (USA),Missouri
,41048,Mineral,,Hämatit,,
,41048,Ore,,Fe-Erz magnetitisch - Skarn-Typ,,
,41048,Mineral,,Apatit,,
41289,,,Pyrit,Pyrit,Peru,
,41289,Ore,,Pyrit-Erz - Gang-Typ,,
,41289,Mineral,,Pyrit,,
11502,,,Chalkopyrit,Chalkopyrit,Schweiz,Glarus
,11502,Mineral,,Bornit,,
,11502,Mineral,,Chalkopyrit,,
,11502,Ore,,Cu-Sulfid-Erz - Redbed-Typ,,
41201,,,Sphalerit,Sphalerit,Peru,
,41201,Ore,,Pb-Zn-Cu-Sulfid-Erz - Gang-Typ,,
,41201,Mineral,,Sphalerit,,
30065,,,Diamant,Diamant,Südafrika,Free State / Vrystaat / Freyistata / Fuleyisitata
,30065,Mineral,,Quarz,,
,30065,Mineral,,Coesit,,
,30065,Mineral,,Diamant,,
,30065,Mineral,,Omphacit,,
,30065,Mineral,,Grossular,,
,30065,Rock,,Coesit-Sanidin-Grospydit,,
,30065,Mineral,,Sanidin,,
,30065,Mineral,,Kyanit,,
32876,,Ore,Co-Cu-Sulfarseniderz - metamorph,,Schweiz,Wallis
,32876,Mineral,,Chloanthit,,
,32876,Ore,,Co-Cu-Sulfarseniderz - metamorph,,
,32876,Mineral,,Nickel-Skutterudit,,
39468,,Rock,Siltstein,,Kanada,Ontario
,39468,Mineral,,Pyrrhotin,,
,39468,Rock,,Siltstein,,
41146,,,Magnetit,Magnetit,Kanada,Ontario
,41146,Mineral,,Magnetit,,
,41146,Mineral,,Quarz,,
,41146,Ore,,Fe-Oxid-Erz - Superior-BIF,,
32429,,Ore,Pb-Sulfid-Erz - Ba-F-Formation,,Schweiz,Wallis
,32429,Ore,,Pb-Sulfid-Erz - Ba-F-Formation,,
,32429,Mineral,,Galenit,,
8447,,Rock,Serpentinit,,Schweiz,Wallis
,8447,Mineral,,Serpentin,,
,8447,Rock,,Serpentinit,,
,8447,Mineral,,undefiniert,,
32315,,Ore,Mo-Sulfid-Erz - Gang-Typ,,Schweiz,Bern
,32315,Ore,,Mo-Sulfid-Erz - Gang-Typ,,
,32315,Mineral,,Molybdänit,,
42630,,,Magnetit,Magnetit,Italien,Piemonte
,42630,Ore,,Fe-Erz magnetitisch - Skarn-Typ,,
,42630,Mineral,,Magnetit,,
,42630,Mineral,,Serpentin,,
,42630,Mineral,,Pyrit,,
32434,,Ore,Pb-Sulfid-Erz - Ba-F-Formation,,Schweiz,Wallis
,32434,Ore,,Pb-Sulfid-Erz - Ba-F-Formation,,
,32434,Mineral,,Quarz,,
,32434,Mineral,,Fluorit,,
,32434,Mineral,,Chalkopyrit,,
,32434,Mineral,,Galenit,,
,32434,Mineral,,Malachit,,
31967,,,Albit,Albit,Schweiz,Graubünden
,31967,Mineral,,Albit,,
,31967,Mineral,,Periklin Orthoklas,,
,31967,Rock,,Granodiorit,,
,31967,Mineral,,Adular,,
31094,,Ore,Mo-Sulfid-Erz - Porphyr-Typ,,Vereinigte Staaten von Amerika (USA),Colorado
,31094,Mineral,,Molybdänit,,
,31094,Ore,,Mo-Sulfid-Erz - Porphyr-Typ,,
,31094,Mineral,,Pyrit,,
42550,,,Sphalerit,Sphalerit,Deutschland,Baden-Württemberg
,42550,Mineral,,Quarz,,
,42550,Ore,,Zn-Sulfid-Erz - Gang-Typ,,
,42550,Mineral,,Dolomit,,
,42550,Rock,,tektonische Brekzie,,
,42550,Mineral,,Sphalerit,,
32757,,,Aktinolith,Aktinolith,Schweiz,Tessin
,32757,Mineral,,Aktinolith,,
,32757,Rock,,Amphibolit,,
34827,,,Laumontit,Laumontit,Schweiz,Uri
,34827,Mineral,,Laumontit,,
,34827,Rock,,Granit,,
32877,,Rock,Chlorit-Schiefer,,Schweiz,Wallis
,32877,Rock,,Chlorit-Schiefer,,
,32877,Mineral,,Chlorit,,
40008,,Rock,Schockmetamorpher Quarzsand,,Saudi-Arabien,
,40008,Mineral,,Quarz,,
,40008,Rock,,Schockmetamorpher Quarzsand,,
,40008,Mineral,,Coesit,,
,40008,Mineral,,Stishovit,,
36242,,,Quarz,Quarz,Schweiz,Uri
,36242,Mineral,,Quarz,,
,36242,Mineral,,Pyrit,,
,36242,Rock,,noch nicht angegeben,,
38382,,,Siderit,Siderit,Frankreich,Isère (Isere)
,38382,Mineral,,Chalkopyrit,,
,38382,Ore,,Fe-Erz sideritisch - Toneisenstein,,
,38382,Mineral,,Siderit,,
42200,,Ore,Cu-Sulfid-Erz - SEDEX,,Australien,Queensland
,42200,Ore,,Cu-Sulfid-Erz - SEDEX,,
,42200,Rock,,Dolomitmergel,,
38786,,,Gips,Gips,Deutschland,Thüringen
,38786,Rock,,Gips,,
,38786,Mineral,,Gips,,
34824,,,Laumontit,Laumontit,Schweiz,Uri
,34824,Mineral,,Laumontit,,
,34824,Rock,,Granit,,
43266,,,Covellin,Covellin,Peru,Lima
,43266,Mineral,,Enargit,,
,43266,Ore,,Cu-Sulfid-Erz - zementativ,,
,43266,Mineral,,Pyrit,,
,43266,Mineral,,Covellin,,
39157,,Ore,Reduktionshof,,Schweiz,Aargau
,39157,Mineral,,Uraninit,,
,39157,Mineral,,Pechblende,,
,39157,Ore,,Reduktionshof,,
33449,,,Calcit,Calcit,Schweiz,Bern
,33449,Mineral,,Calcit,,
,33449,Rock,,Sandstein,,
41110,,,Markasit,Markasit,Vereinigte Staaten von Amerika (USA),Missouri
,41110,Mineral,,Markasit,,
,41110,Rock,,Impaktbrekzie,,
41679,,,Chromit,Chromit,Südafrika,Limpopo
,41679,Mineral,,Chromit,,
,41679,Ore,,Cr-Erz - kontinental mafisch-magmatisch,,
,41679,Rock,,Pyroxenit s.l. (plutonisch),,
39188,,Ore,Reduktionshof,,Grossbritannien / Vereinigtes Königreich,England
,39188,Ore,,Reduktionshof,,
,39188,Mineral,,Rammelsbergit,,
,39188,Mineral,,Coffinit,,
32501,,Ore,Co-Cu-Sulfarseniderz - metamorph,,Schweiz,Wallis
,32501,Mineral,,Chalkopyrit,,
,32501,Mineral,,Pyrit,,
,32501,Ore,,Co-Cu-Sulfarseniderz - metamorph,,
,32501,Mineral,,Siderit,,
,32501,Mineral,,Kobaltit,,
32416,,Ore,Fe-Erz magnetitisch - Skarn-Typ,,Schweiz,Wallis
,32416,Mineral,,Magnetit,,
,32416,Ore,,Fe-Erz magnetitisch - Skarn-Typ,,
40913,,,Chalkopyrit,Chalkopyrit,Deutschland,Bayern
,40913,Mineral,,Pyrrhotin,,
,40913,Mineral,,Chalkopyrit,,
,40913,Ore,,Sulfid-Erz polymetallisch - metamorph,,
26968,,Ore,U-V-Erz in Sandstein - tafelförmiger Typ,,Vereinigte Staaten von Amerika (USA),Colorado
,26968,Mineral,,Pyrit,,
,26968,Mineral,,Coffinit,,
,26968,Ore,,U-V-Erz in Sandstein - tafelförmiger Typ,,
,26968,Mineral,,Montroseit,,
33607,,,Pyroxen,Pyroxen,Russland (Russische Föderation),Krasnoyarsk / Krasnojarskij / Krasnoyarskiy
,33607,Mineral,,Pyroxen,,
,33607,Mineral,,Saponit,,
,33607,Rock,,Pyroxengneis,,
13632,,Rock,Schockmetamorpher Sandstein,,Vereinigte Staaten von Amerika (USA),Arizona
,13632,Rock,,Schockmetamorpher Sandstein,,
,13632,Mineral,,Stishovit,,
,13632,Mineral,,Quarz,,
,13632,Mineral,,Coesit,,
40159,,,Quarz,Quarz,Australien,New South Wales
,40159,Mineral,,Quarz,,
,40159,Rock,,Basalt s.l.,,
,40159,Mineral,,Chalcedon/Chert,,
7558,,Ore,Zn-Sulfid-Erz - Gang-Typ,,Peru,
,7558,Mineral,,Chalkopyrit,,
,7558,Ore,,Zn-Sulfid-Erz - Gang-Typ,,
,7558,Mineral,,Quarz,,
,7558,Mineral,,Sphalerit,,
,7558,Mineral,,Galenit,,
42648,,,Magnetit,Magnetit,Italien,Toscana
,42648,Mineral,,Magnetit,,
,42648,Ore,,Fe-Erz magnetitisch - Skarn-Typ,,
42715,,,Arsenopyrit,Arsenopyrit,Italien,Piemonte
,42715,Ore,,"Au-Erz, polymetallisch - Gang-Typ",,
,42715,Mineral,,Arsenopyrit,,
29373,,Rock,Kimberlit phlogopitführend - allgemein,,Vereinigte Staaten von Amerika (USA),Colorado
,29373,Mineral,,Calcit,,
,29373,Mineral,,Phlogopit,,
,29373,Rock,,Kimberlit phlogopitführend - allgemein,,
,29373,Mineral,,Ilmenit,,
34631,,Rock,Granit,,Schweiz,Uri
,34631,Mineral,,Fluorit,,
,34631,Mineral,,Chlorit,,
,34631,Rock,,Granit,,
32004,,Ore,"Fe-Erz, pisolithisch",,Schweiz,Jura
,32004,Mineral,,undef. Eisenhydroxid,,
,32004,Ore,,"Fe-Erz, pisolithisch",,
,32004,Mineral,,Limonit,,
34438,,Rock,Granit,,Schweiz,Uri
,34438,Rock,,Granit,,
,34438,Mineral,,Quarz,,
,34438,Mineral,,Chlorit,,
,34438,Mineral,,Epidot,,
33318,,,Forsterit,Forsterit,Frankreich,Ariège (Ariege)
,33318,Mineral,,Diopsid,,
,33318,Rock,,Lherzolith (Mantelgestein),,
,33318,Mineral,,Enstatit,,
,33318,Mineral,,Forsterit,,
39129,,Ore,Reduktionshof,,Schweiz,Aargau
,39129,Mineral,,Uran-Anatas,,
,39129,Mineral,,Anatas,,
,39129,Mineral,,Nickelin,,
,39129,Mineral,,Rammelsbergit,,
,39129,Mineral,,Silber,,
,39129,Ore,,Reduktionshof,,
31237,,,Molybdänit,Molybdänit,Schweiz,Bern
,31237,Ore,,Mo-Sulfid-Erz - Gang-Typ,,
,31237,Mineral,,Molybdänit,,
40232,,,Quarz,Quarz,Jordanien,
,40232,Mineral,,Quarz,,
,40232,Rock,,Chert,,
39219,,Ore,Reduktionshof,,Vereinigte Staaten von Amerika (USA),Arizona
,39219,Ore,,Reduktionshof,,
,39219,Mineral,,Roscoelith,,
15006,,,Gips,Gips,Schweiz,Bern
,15006,Rock,,Alabaster,,
,15006,Mineral,,Gips,,
40107,,,Hämatit,Hämatit,Schweiz,Waadt
,40107,Mineral,,Muskovit,,
,40107,Mineral,,Quarz,,
,40107,Mineral,,Hämatit,,
,40107,Ore,,noch nicht angegeben,,
31114,,Ore,Fe-Oxid-Erz - Superior-BIF,,Australien,Western Australia
,31114,Mineral,,Hämatit,,
,31114,Mineral,,Magnetit,,
,31114,Ore,,Fe-Oxid-Erz - Superior-BIF,,
32426,,Ore,Fe-Erz magnetitisch - Skarn-Typ,,Schweiz,Wallis
,32426,Ore,,Fe-Erz magnetitisch - Skarn-Typ,,
,32426,Mineral,,Magnetit,,
,32426,Mineral,,Pyrit,,
30285,,,Fluorit,Fluorit,Schweiz,Wallis
,30285,Mineral,,Greenockit,,
,30285,Mineral,,Sphalerit,,
,30285,Mineral,,Fluorit,,
,30285,Mineral,,Galenit,,
,30285,Mineral,,Quarz,,
,30285,Ore,,Pb-Sulfid-Erz - Ba-F-Formation,,
41486,,,Pyrit,Pyrit,Japan,Ehime
,41486,Ore,,Cu-Sulfid-Erz - metamorph,,
,41486,Mineral,,Chalkopyrit,,
,41486,Mineral,,Pyrit,,
,41486,Mineral,,Bornit,,
40153,,,Quarz,Quarz,Australien,New South Wales
,40153,Mineral,,Quarz,,
,40153,Mineral,,Chalcedon/Chert,,
,40153,Rock,,Basalt s.l.,,
40215,,,Quarz,Quarz,Island,Austurland
,40215,Rock,,Lava - allgemein,,
,40215,Mineral,,Quarz,,
,40215,Mineral,,Chalcedon/Chert,,
43240,,,Azurit,Azurit,Peru,Lima
,43240,Mineral,,Limonit,,
,43240,Mineral,,undef. Eisenhydroxid,,
,43240,Mineral,,Tenorit,,
,43240,Mineral,,Azurit,,
,43240,Mineral,,Malachit,,
,43240,Ore,,Cu-Oxiderz (inkl. Karbonate etc.) - Oxidationszone,,
,43240,Mineral,,Cuprit,,
41855,,Rock,Basanit,,Slowakei,Banskobystrický (Banskobystricky )
,41855,Mineral,,Plagioklas,,
,41855,Rock,,Basanit,,
,41855,Mineral,,Forsterit,,
,41855,Mineral,,Klinopyroxen,,
11439,,,Bornit,Bornit,Schweiz,Glarus
,11439,Ore,,Cu-Sulfid-Erz - Redbed-Typ,,
,11439,Mineral,,Bornit,,
,11439,Mineral,,Dolomit,,
41623,,Ore,"Sn-Erz, oxidisch - Gang-Typ allgemein",,Südafrika,Limpopo
,41623,Mineral,,Kassiterit,,
,41623,Ore,,"Sn-Erz, oxidisch - Gang-Typ allgemein",,
,41623,Rock,,Granit,,
32058,,Ore,Fe-Oolith - Allgemein,,Schweiz,Aargau
,32058,Mineral,,undef. Eisenhydroxid,,
,32058,Mineral,,Limonit,,
,32058,Ore,,Fe-Oolith - Allgemein,,
32076,,Rock,Sand (s.l.),,Schweiz,Bern
,32076,Rock,,Sand (s.l.),,
,32076,Mineral,,Quarz,,
40503,,,Riebeckit,Riebeckit,Südafrika,Northern Cape / Noord-Kaap / Mntla-Koloni / Nyakatho-Kapa
,40503,Mineral,,Quarz,,
,40503,Mineral,,Riebeckit,,
,40503,Ore,,Asbest krokydolithisch - Superior-BIF,,
30278,,Ore,Fe-Erz magnetitisch - Skarn-Typ,,Schweiz,Wallis
,30278,Ore,,Fe-Erz magnetitisch - Skarn-Typ,,
,30278,Mineral,,Magnetit,,
,30278,Mineral,,Azurit,,
43292,,,Albit,Albit,Schweden,Norrbottens län
,43292,Mineral,,Magnetit,,
,43292,Rock,,Gneis s.l.,,
,43292,Mineral,,Albit,,
11493,,,Chalkopyrit,Chalkopyrit,Schweiz,Glarus
,11493,Ore,,Cu-Sulfid-Erz - Redbed-Typ,,
,11493,Mineral,,Chalkopyrit,,
,11493,Mineral,,Malachit,,
41013,,,Sphalerit,Sphalerit,Vereinigte Staaten von Amerika (USA),Missouri
,41013,Ore,,Zn-Sulfid-Erz - MVT,,
,41013,Mineral,,Sphalerit,,
42340,,Rock,Grüngestein / Prasinit,,Schweiz,Graubünden
,42340,Mineral,,Quarz,,
,42340,Mineral,,Chlorit,,
,42340,Rock,,Grüngestein / Prasinit,,
,42340,Mineral,,Epidot,,
,42340,Mineral,,Amphibol,,
,42340,Mineral,,Albit,,
40024,,Rock,Sand (s.l.),,Saudi-Arabien,
,40024,Mineral,,Quarz,,
,40024,Rock,,Sand (s.l.),,
,40024,Mineral,,Orthoklas,,
32871,,Ore,Co-Cu-Sulfarseniderz - metamorph,,Schweiz,Wallis
,32871,Mineral,,Nickel-Skutterudit,,
,32871,Mineral,,Chloanthit Nickelin,,
,32871,Ore,,Co-Cu-Sulfarseniderz - metamorph,,
,32871,Mineral,,Annabergit,,
42920,,,Phlogopit,Phlogopit,Südafrika,Northern Cape / Noord-Kaap / Mntla-Koloni / Nyakatho-Kapa
,42920,Rock,,Glimmerit (plutonisch),,
,42920,Mineral,,Phlogopit,,
40886,,,Sphalerit,Sphalerit,Deutschland,Nordrhein-Westfalen
,40886,Mineral,,Quarz,,
,40886,Mineral,,Ankerit,,
,40886,Mineral,,Sphalerit,,
,40886,Ore,,Zn-Sulfid-Erz - Gang-Typ,,
43082,,,ohne Namen,ohne Namen,Deutschland,Baden-Württemberg
,43082,Ore,,noch nicht angegeben,,
,43082,Mineral,,ohne Namen,,
,43082,Mineral,,(s. Objektbemerkung),,
7635,,,Kobaltnickelkies,Kobaltnickelkies,Schweiz,Wallis
,7635,Ore,,Co-Cu-Sulfarseniderz - metamorph,,
,7635,Mineral,,Kobaltnickelkies,,
42974,,Rock,Metagabbro,,Schweiz,Wallis
,42974,Mineral,,Klinopyroxen,,
,42974,Mineral,,Olivin allgemein Plagioklas,,
,42974,Rock,,Metagabbro,,
,42974,Mineral,,undefiniert,,
,42974,Mineral,,Olivin,,
32567,,Ore,Co-Cu-Sulfarseniderz - metamorph,,Schweiz,Wallis
,32567,Mineral,,Quarz,,
,32567,Ore,,Co-Cu-Sulfarseniderz - metamorph,,
,32567,Mineral,,Pyrit,,
,32567,Mineral,,Chalkopyrit,,
,32567,Mineral,,Siderit,,
32695,,Rock,Amphibolit,,Schweiz,Wallis
,32695,Mineral,,Chlorit,,
,32695,Mineral,,Biotit,,
,32695,Mineral,,Hornblende,,
,32695,Rock,,Amphibolit,,
,32695,Mineral,,undefiniert,,
,32695,Mineral,,Muskovit,,
11536,,,Calcit,Calcit,Südafrika,Northern Cape / Noord-Kaap / Mntla-Koloni / Nyakatho-Kapa
,11536,Rock,,Konglomerat mit Calichematrix,,
,11536,Mineral,,Quarz,,
,11536,Mineral,,Calcit,,
42756,,Ore,Au-U-Konglomerat - Witwatersrand-Typ,,Südafrika,Gauteng / Rhawuti
,42756,Ore,,Au-U-Konglomerat - Witwatersrand-Typ,,
,42756,Rock,,Konglomerat,,
32882,,Ore,Co-Cu-Sulfarseniderz - metamorph,,Schweiz,Wallis
,32882,Ore,,Co-Cu-Sulfarseniderz - metamorph,,
,32882,Mineral,,Erythrin,,
38109,,,Gips,Gips,_Land unbekannt,
,38109,Rock,,Gips,,
,38109,Mineral,,Gips,,
41685,,,Diallag,Diallag,Südafrika,Limpopo
,41685,Mineral,,Diallag,,
,41685,Rock,,Pyroxenit s.l. (plutonisch),,
40011,,Rock,Schockmetamorpher Quarzsand,,Saudi-Arabien,
,40011,Mineral,,Coesit,,
,40011,Mineral,,Cristobalit,,
,40011,Mineral,,Quarz,,
,40011,Rock,,Schockmetamorpher Quarzsand,,
32729,,Rock,Chlorit-Schiefer,,Schweiz,Wallis
,32729,Mineral,,Muskovit,,
,32729,Mineral,,Chlorit,,
,32729,Rock,,Chlorit-Schiefer,,
,32729,Mineral,,Sericit,,
32065,,Ore,"Fe-Erz, pisolithisch",,Schweiz,Schaffhausen
,32065,Mineral,,undef. Eisenhydroxid,,
,32065,Mineral,,Goethit,,
,32065,Ore,,"Fe-Erz, pisolithisch",,
,32065,Mineral,,Limonit,,
42393,,Ore,Phosphorit marin,,Marokko,
,42393,Rock,,Sand - Karbonatisch,,
,42393,Ore,,Phosphorit marin,,
32684,,,Fahlerz,Fahlerz,Schweiz,Wallis
,32684,Mineral,,Azurit,,
,32684,Ore,,Co-Cu-Sulfarseniderz - metamorph,,
,32684,Mineral,,Fahlerz,,
,32684,Mineral,,Quarz,,
,32684,Mineral,,Malachit,,
35724,,Rock,Anhydrit,,Schweiz,Bern
,35724,Rock,,Anhydrit,,
,35724,Mineral,,Anhydrit,,
32310,,Ore,Mo-Sulfid-Erz - Gang-Typ,,Schweiz,Bern
,32310,Ore,,Mo-Sulfid-Erz - Gang-Typ,,
,32310,Mineral,,Molybdänit,,
40559,,,Kupfer,Kupfer,Vereinigte Staaten von Amerika (USA),Michigan
,40559,Mineral,,Kupfer,,
,40559,Ore,,Cu-Metall-Erz - Michigan-Typ,,
,40559,Mineral,,Calcit,,
,40559,Rock,,Basalt s.l.,,
,40559,Mineral,,Albit,,
32392,,Ore,Pb-Zn-Sulfid-Erz - Gang-Typ,,Schweiz,Wallis
,32392,Mineral,,Pyrit,,
,32392,Ore,,Pb-Zn-Sulfid-Erz - Gang-Typ,,
,32392,Mineral,,Galenit,,
32160,,Ore,Fe-Erz hämatitisch - SEDEX,,Schweiz,St. Gallen
,32160,Ore,,Fe-Erz hämatitisch - SEDEX,,
,32160,Mineral,,Hämatit,,
41300,,,Galenit,Galenit,Peru,
,41300,Mineral,,Pyrit,,
,41300,Ore,,Pb-Sulfid-Erz - Gang-Typ,,
,41300,Mineral,,Galenit,,
42385,,,Quecksilber,Quecksilber,Vereinigte Staaten von Amerika (USA),California
,42385,Mineral,,Quecksilber,,
,42385,Mineral,,Cinnabarit,,
,42385,Ore,,Hg-Sulfid-Erz - Gang-Typ,,
43419,,,Lepidolith,Lepidolith,Schweiz,Bern
,43419,Rock,,Granitpegmatit - Lithium-Pegmatit,,
,43419,Mineral,,Lepidolith,,
,43419,Mineral,,Cordierit,,
42190,,,Fahlerz,Fahlerz,Peru,
,42190,Mineral,,Sphalerit,,
,42190,Mineral,,Fahlerz,,
,42190,Ore,,Pb-Zn-Cu-Sulfid-Erz - Gang-Typ,,
,42190,Mineral,,Quarz,,
,42190,Mineral,,Calcit,,
,42190,Mineral,,Galenit,,
,42190,Mineral,,Pyrit,,
31310,,,Calcit,Calcit,Schweiz,Graubünden
,31310,Mineral,,Calcit,,
,31310,Rock,,Brekzie (Breccie),,
6943,,,Galenit,Galenit,Schweiz,Wallis
,6943,Ore,,Cu-Sulfid-Erz - Gang-Typ,,
,6943,Mineral,,Galenit,,
,6943,Mineral,,Chalkopyrit,,
42315,,Rock,Grüngestein / Prasinit,,Schweiz,Graubünden
,42315,Mineral,,Albit,,
,42315,Mineral,,Chlorit,,
,42315,Mineral,,Quarz,,
,42315,Mineral,,Pumpellyit,,
,42315,Rock,,Grüngestein / Prasinit,,
,42315,Mineral,,Aktinolith,,
41212,,,Chalkopyrit,Chalkopyrit,Peru,Junín / Junin / Hunin
,41212,Mineral,,Quarz,,
,41212,Mineral,,Chalkopyrit,,
,41212,Ore,,Cu-Sulfid-Erz - Gang-Typ,,
,41212,Mineral,,Pyrit,,
2064,,,Goethit,Goethit,Schweiz,Aargau
,2064,Mineral,,Goethit,,
,2064,Ore,,"Fe-Erz, pisolithisch",,
40849,,,Sphalerit,Sphalerit,Spanien,Cantabria
,40849,Mineral,,Sphalerit,,
,40849,Mineral,,Galenit,,
,40849,Ore,,Zn-Sulfid-Erz - MVT,,
34630,,Rock,Granit,,Schweiz,Uri
,34630,Mineral,,Fluorit,,
,34630,Rock,,Granit,,
27841,,Ore,Cu-Sulfid-Erz - Kupferschiefer-Typ,,Deutschland,Sachsen-Anhalt
,27841,Mineral,,Chalkopyrit,,
,27841,Mineral,,Bornit,,
,27841,Ore,,Cu-Sulfid-Erz - Kupferschiefer-Typ,,
42366,,,Stibnit,Stibnit,Südafrika,Limpopo
,42366,Mineral,,Stibnit,,
,42366,Ore,,Sb-Sulfid-Erz - Gang-Typ,,
40840,,Ore,Mn-Fe-reicher Chert - SEDEX,Mn-Fe-reicher Chert - SEDEX,Spanien,
,40840,Mineral,,Quarz,,
,40840,Ore,,Mn-Fe-reicher Chert - SEDEX,,
39150,,Ore,Reduktionshof,,Schweiz,Aargau
,39150,Ore,,Reduktionshof,,
,39150,Mineral,,Pechblende Roscoelith,,
,39150,Mineral,,Uraninit,,
34587,,Rock,Granit,,Schweiz,Uri
,34587,Mineral,,Anatas,,
,34587,Mineral,,Chlorit,,
,34587,Mineral,,Muskovit,,
,34587,Rock,,Granit,,
,34587,Mineral,,Ankerit,,
,34587,Mineral,,Ilmenit,,
42298,,Rock,Grünschiefer,,Schweiz,Graubünden
,42298,Mineral,,Calcit,,
,42298,Mineral,,Chlorit,,
,42298,Mineral,,Albit,,
,42298,Mineral,,Quarz,,
,42298,Rock,,Grünschiefer,,
33821,,,Magnetit,Magnetit,Australien,Queensland
,33821,Mineral,,Hämatit,,
,33821,Mineral,,Magnetit,,
,33821,Ore,,Fe-Oxid-Erz - Superior-BIF,,
,33821,Mineral,,Quarz,,
29377,,Rock,Gneis s.l.,,Vereinigte Staaten von Amerika (USA),Colorado
,29377,Mineral,,feinkristallin,,
,29377,Rock,,Gneis s.l.,,
,29377,Mineral,,Quarz,,
31315,,Rock,noch nicht angegeben,,Schweiz,Graubünden
,31315,Mineral,,Quarz,,
,31315,Rock,,noch nicht angegeben,,
,31315,Mineral,,Pyrit,,
40910,,,Galenit,Galenit,Deutschland,Nordrhein-Westfalen
,40910,Ore,,Pb-Sulfid-Erz - MVT (Sandstein),,
,40910,Mineral,,Galenit,,
41206,,,Famatinit,Famatinit,Peru,Junín / Junin / Hunin
,41206,Mineral,,Pyrit,,
,41206,Ore,,Cu-Sulfid-Erz - Gang-Typ,,
,41206,Mineral,,Famatinit,,
34559,,,Orthoklas,Orthoklas,Schweiz,Uri
,34559,Mineral,,Chlorit,,
,34559,Mineral,,Apatit,,
,34559,Mineral,,Adular Quarz,,
,34559,Mineral,,Orthoklas,,
,34559,Mineral,,Titanit,,
,34559,Rock,,Granit,,
37969,,Ore,Pb-Sulfid-Erz - Gang-Typ,,Schweiz,Uri
,37969,Mineral,,Galenit,,
,37969,Ore,,Pb-Sulfid-Erz - Gang-Typ,,
,37969,Mineral,,Baryt,,
30181,,Rock,Tonschiefer,,Schweiz,Bern
,30181,Rock,,Tonschiefer,,
,30181,Mineral,,Quarz,,
,30181,Mineral,,Pyrit,,
,30181,Mineral,,Siderit,,
40878,,,Sphalerit,Sphalerit,Deutschland,Nordrhein-Westfalen
,40878,Mineral,,Sphalerit,,
,40878,Mineral,,Quarz,,
,40878,Ore,,Zn-Sulfid-Erz - Gang-Typ,,
32696,,Rock,Amphibolit,,Schweiz,Wallis
,32696,Mineral,,Hornblende,,
,32696,Mineral,,undefiniert,,
,32696,Rock,,Amphibolit,,
42076,,,Akanthit,Akanthit,Mexiko,México (Mexico)
,42076,Mineral,,Akanthit,,
,42076,Mineral,,Pyrit,,
,42076,Mineral,,Calcit,,
,42076,Ore,,"Au-Erz, polymetallisch - Gang-Typ",,
31115,,Ore,Black ore (Kuroko) - Kuroko-Typ,,Japan,Akita
,31115,Mineral,,Sphalerit,,
,31115,Mineral,,Galenit,,
,31115,Ore,,Black ore (Kuroko) - Kuroko-Typ,,
42697,,,Cinnabarit,Cinnabarit,Italien,Toscana
,42697,Ore,,Hg-Sulfid-Erz - Gang-Typ,,
,42697,Mineral,,Cinnabarit,,
42434,,,Quarz,Quarz,Slowakei,Banskobystrický (Banskobystricky )
,42434,Mineral,,Eisenkiesel,,
,42434,Ore,,Pb-Zn-Sulfid-Erz - Gang-Typ,,
,42434,Mineral,,Quarz,,
40357,,,Siegenit,Siegenit,Vereinigte Staaten von Amerika (USA),Missouri
,40357,Ore,,Ni-Cu-Sulfid-Erz - MVT (Sandstein),,
,40357,Mineral,,Siegenit,,
,40357,Mineral,,Chalkopyrit,,
42402,,,Siderit,Siderit,Bosnien-Herzegowina,Federacija Bosne i Hercegovine
,42402,Ore,,Fe-Erz sideritisch - Toneisenstein,,
,42402,Mineral,,Siderit,,
42126,,,Wolframit,Wolframit,Bolivien,La Paz
,42126,Mineral,,Wolframit,,
,42126,Ore,,Sn-Wolframit-Erz - Gang-Typ,,
,42126,Mineral,,Kassiterit,,
38788,,,Gips,Gips,Deutschland,Thüringen
,38788,Rock,,Gips,,
,38788,Mineral,,Gips,,
40750,,,Kupfer,Kupfer,Vereinigte Staaten von Amerika (USA),Michigan
,40750,Ore,,Cu-Metall-Erz - Michigan-Typ,,
,40750,Rock,,Konglomerat,,
,40750,Mineral,,Kupfer,,
36708,,,Ilmenit,Ilmenit,Schweiz,Uri
,36708,Mineral,,Ankerit,,
,36708,Mineral,,Pyrrhotin,,
,36708,Mineral,,Ilmenit,,
,36708,Rock,,Gneis s.l.,,
,36708,Mineral,,Chlorit,,
30449,,Ore,Ni-Cu-Sulfid-Erz - kontinental mafisch-magmatisch,,Kanada,Ontario
,30449,Mineral,,Pyrrhotin,,
,30449,Ore,,Ni-Cu-Sulfid-Erz - kontinental mafisch-magmatisch,,
,30449,Mineral,,Chalkopyrit,,
,30449,Mineral,,Pentlandit,,
29836,,Ore,Fe-Erz hämatitisch - metamorph,,Schweiz,Bern
,29836,Ore,,Fe-Erz hämatitisch - metamorph,,
,29836,Mineral,,Hämatit,,
36826,,Rock,Kimberlit phlogopitführend - allgemein,,Südafrika,Northern Cape / Noord-Kaap / Mntla-Koloni / Nyakatho-Kapa
,36826,Mineral,,Calcit,,
,36826,Rock,,Kimberlit phlogopitführend - allgemein,,
31082,,Ore,Wolframit-Erz - Gang-Typ,,Bolivien,
,31082,Mineral,,Wolframit,,
,31082,Mineral,,Quarz,,
,31082,Ore,,Wolframit-Erz - Gang-Typ,,
29249,,Rock,"Kimberlit ""basaltisch"" - allgemein",,Vereinigte Staaten von Amerika (USA),Colorado
,29249,Mineral,,Calcit,,
,29249,Mineral,,Antigorit,,
,29249,Mineral,,Ilmenit,,
,29249,Rock,,"Kimberlit ""basaltisch"" - allgemein",,
40131,,Rock,Calcit-Marmor,,Griechenland,Anatoliki Makedonia ke Thraki
,40131,Mineral,,Calcit,,
,40131,Rock,,Calcit-Marmor,,
33621,,Ore,"Mn-Erz, silikatisch - metamorph",,Schweiz,Graubünden
,33621,Mineral,,Rhodochrosit,,
,33621,Mineral,,Hausmannit,,
,33621,Ore,,"Mn-Erz, silikatisch - metamorph",,
,33621,Mineral,,Pyroxmangit,,
,33621,Mineral,,Tephroit,,
37992,,Ore,Schwermineralkonzentrat,,Australien,Victoria
,37992,Mineral,,Zirkon,,
,37992,Ore,,Schwermineralkonzentrat,,
41202,,,Sphalerit,Sphalerit,Peru,
,41202,Mineral,,Sphalerit,,
,41202,Mineral,,Pyrit,,
,41202,Mineral,,Galenit,,
,41202,Ore,,Pb-Zn-Cu-Sulfid-Erz - Gang-Typ,,
37199,,,Quarz,Quarz,Schweiz,Bern
,37199,Rock,,Granit,,
,37199,Mineral,,Quarz,,
,37199,Mineral,,Pyrit,,
,37199,Mineral,,Chlorit,,
,37199,Mineral,,Feldspat,,
40941,,,Nephelin,Nephelin,Deutschland,Baden-Württemberg
,40941,Mineral,,Nephelin,,
,40941,Rock,,Shonkinit,,
33624,,Ore,"Mn-Erz, silikatisch - metamorph",,Schweiz,Graubünden
,33624,Mineral,,Braunit,,
,33624,Ore,,"Mn-Erz, silikatisch - metamorph",,
39260,,Ore,Reduktionshof,,Grossbritannien / Vereinigtes Königreich,England
,39260,Ore,,Reduktionshof,,
,39260,Mineral,,Roscoelith,,
11232,,Rock,Gips,,Schweiz,Tessin
,11232,Mineral,,Gips,,
,11232,Rock,,Gips,,
41682,,,Chromit,Chromit,Südafrika,Limpopo
,41682,Mineral,,Chromit,,
,41682,Ore,,Cr-Erz - kontinental mafisch-magmatisch,,
3771,,,Serpentin,Serpentin,Schweiz,Graubünden
,3771,Mineral,,undefiniert,,
,3771,Rock,,Serpentinit,,
,3771,Mineral,,Serpentin,,
40768,,,Kupfer,Kupfer,Vereinigte Staaten von Amerika (USA),Michigan
,40768,Mineral,,Epidot,,
,40768,Mineral,,Quarz,,
,40768,Mineral,,Calcit,,
,40768,Mineral,,Kupfer,,
,40768,Ore,,Cu-Metall-Erz - Michigan-Typ,,
,40768,Mineral,,Prehnit,,
,40768,Rock,,Basalt s.l.,,
42386,,,Galenit,Galenit,Türkei,Balıkesir (Balikesir)
,42386,Ore,,Pb-Zn-Sulfid-Erz - Skarn-Typ,,
,42386,Mineral,,Sphalerit,,
,42386,Mineral,,Galenit,,
38783,,,Gips,Gips,Deutschland,Thüringen
,38783,Mineral,,Gips,,
,38783,Rock,,Gips,,
39178,,Ore,Reduktionshof,,Schweiz,Zürich
,39178,Ore,,Reduktionshof,,
,39178,Mineral,,Uraninit,,
,39178,Mineral,,Pechblende,,
40813,,,Chalkopyrit,Chalkopyrit,Spanien,Andalucía (Andalucia)
,40813,Mineral,,Covellin,,
,40813,Mineral,,Chalkopyrit,,
,40813,Mineral,,Chalkosin,,
,40813,Mineral,,Bornit,,
,40813,Ore,,Cu-Sulfid-Erz - Gang-Typ,,
,40813,Mineral,,Goethit,,
,40813,Mineral,,Chrysokoll,,
42262,,,Spodumen,Spodumen,Schweden,Stockholms län
,42262,Ore,,Lithium-Pegmatit,,
,42262,Mineral,,Spodumen,,
,42262,Rock,,Granitpegmatit,,
27823,,Ore,Mo-Sulfid-Erz - Porphyr-Typ,,Grönland (DK),
,27823,Mineral,,Kassiterit,,
,27823,Ore,,Mo-Sulfid-Erz - Porphyr-Typ,,
,27823,Mineral,,Wolframit,,
,27823,Mineral,,Molybdänit,,
41834,,Rock,Eklogit,,Italien,Piemonte
,41834,Rock,,Eklogit,,
,41834,Mineral,,Granat,,
,41834,Mineral,,Omphacit,,
,41834,Mineral,,Hellglimmer,,
34826,,,Laumontit,Laumontit,Schweiz,Uri
,34826,Mineral,,Laumontit,,
,34826,Rock,,Granit,,
40996,,,Chalkopyrit,Chalkopyrit,Irland,Leinster / Laighin
,40996,Mineral,,Chalkopyrit,,
,40996,Mineral,,Pyrit,,
,40996,Ore,,Cu-Sulfid-Erz - SEDEX,,
39359,,,Quarz,Quarz,Aegypten,
,39359,Mineral,,feinkristallin,,
,39359,Mineral,,Quarz,,
,39359,Rock,,noch nicht angegeben,,
53923,,Ore,"Mn-Erz, oxidisch - sedimentär","Mn-Erz, oxidisch - sedimentär",Schweiz,Luzern
,53923,Ore,,"Mn-Erz, oxidisch - sedimentär",,
,53923,Mineral,,Pyrolusit,,
40493,,,Kupfer,Kupfer,Vereinigte Staaten von Amerika (USA),Michigan
,40493,Rock,,Basalt s.l.,,
,40493,Ore,,Cu-Metall-Erz - Michigan-Typ,,
,40493,Mineral,,Epidot,,
,40493,Mineral,,Quarz,,
,40493,Mineral,,Kupfer,,
42454,,,Sphalerit,Sphalerit,Tschechien,Středočeský (Stredocesky )
,42454,Mineral,,Quarz,,
,42454,Mineral,,Sphalerit,,
,42454,Mineral,,Pyrit,,
,42454,Mineral,,Siderit,,
,42454,Ore,,Zn-Sulfid-Erz - Gang-Typ,,
40900,,,Sphalerit,Sphalerit,Deutschland,Nordrhein-Westfalen
,40900,Ore,,Zn-Sulfid-Erz - Gang-Typ,,
,40900,Mineral,,Sphalerit,,
,40900,Mineral,,Ankerit,,
,40900,Mineral,,Quarz,,
40048,,Rock,Kohle - Braunkohle,,Deutschland,Baden-Württemberg
,40048,Rock,,Kohle - Braunkohle,,
,40048,Mineral,,Calcit,,
,40048,Mineral,,Baryt,,
42060,,,Galenit,Galenit,Mexiko,Guerrero
,42060,Mineral,,Chalkopyrit,,
,42060,Mineral,,Galenit,,
,42060,Ore,,Ag-Sulfid-Erz - Gang-Typ,,
,42060,Mineral,,Pyrargyrit,,
38698,,Rock,SiO2-zementierte tektonische Brekzie,,Schweiz,
,38698,Mineral,,Quarz,,
,38698,Rock,,SiO2-zementierte tektonische Brekzie,,
38519,,Rock,Kohle - Steinkohle / Antracit,,Schweiz,Bern
,38519,Mineral,,Pyrit,,
,38519,Rock,,Kohle - Steinkohle / Antracit,,
42796,,Ore,Au-U-Konglomerat - Witwatersrand-Typ,,Südafrika,Gauteng / Rhawuti
,42796,Ore,,Au-U-Konglomerat - Witwatersrand-Typ,,
,42796,Rock,,Konglomerat,,
11494,,,Bornit,Bornit,Schweiz,Glarus
,11494,Mineral,,Bornit,,
,11494,Mineral,,Chalkopyrit,,
,11494,Ore,,Cu-Sulfid-Erz - Redbed-Typ,,
6931,,,Galenit,Galenit,Schweiz,Wallis
,6931,Ore,,Pb-Zn-Sulfid-Erz - Gang-Typ,,
,6931,Mineral,,Pyrit,,
,6931,Mineral,,Galenit,,
,6931,Mineral,,Quarz,,
48134,,Rock,Granat-Amphibolit,,Schweiz,Tessin
,48134,Mineral,,Granat,,
,48134,Mineral,,Chlorit,,
,48134,Mineral,,Quarz,,
,48134,Rock,,Granat-Amphibolit,,
,48134,Mineral,,Plagioklas,,
,48134,Mineral,,Hornblende,,
39497,,Ore,Schwermineralkonzentrat,,Schweiz,Wallis
,39497,Ore,,Schwermineralkonzentrat,,
,39497,Mineral,,Almandin,,
,39497,Mineral,,Gold,,
,39497,Mineral,,Magnetit,,
,39497,Mineral,,Epidot,,
,39497,Mineral,,Ilmenit,,
32621,,Ore,Cu-Sulfid-Erz - Gang-Typ,,Schweiz,Wallis
,32621,Ore,,Cu-Sulfid-Erz - Gang-Typ,,
,32621,Mineral,,Fahlerz,,
,32621,Mineral,,Chalkopyrit,,
39055,,Ore,Reduktionshof,,Schweiz,Aargau
,39055,Ore,,Reduktionshof,,
,39055,Mineral,,Bornit,,
,39055,Mineral,,Rammelsbergit,,
,39055,Mineral,,Tennantit,,
,39055,Mineral,,Chalkopyrit,,
,39055,Mineral,,Digenit,,
,39055,Mineral,,Coffinit,,
39084,,Ore,Reduktionshof,,Schweiz,Aargau
,39084,Ore,,Reduktionshof,,
,39084,Mineral,,Calcit,,
42774,,,Muskovit,Muskovit,Südafrika,Gauteng / Rhawuti
,42774,Mineral,,Muskovit,,
,42774,Rock,,Quarzit,,
,42774,Mineral,,Sericit,,
39231,,Ore,Reduktionshof,,Vereinigte Staaten von Amerika (USA),Colorado
,39231,Mineral,,Roscoelith,,
,39231,Mineral,,Eucairit,,
,39231,Mineral,,Cuprit,,
,39231,Ore,,Reduktionshof,,
42431,,,Quarz,Quarz,Slowakei,Banskobystrický (Banskobystricky )
,42431,Mineral,,Quarz,,
,42431,Mineral,,Galenit,,
,42431,Ore,,Pb-Sulfid-Erz - Gang-Typ,,
42440,,Ore,Ag-Sulfid-Erz - Gang-Typ,,Slowakei,Banskobystrický (Banskobystricky )
,42440,Ore,,Ag-Sulfid-Erz - Gang-Typ,,
,42440,Rock,,Kluftletten,,
42906,,,Phlogopit,Phlogopit,Südafrika,Northern Cape / Noord-Kaap / Mntla-Koloni / Nyakatho-Kapa
,42906,Mineral,,Olivin,,
,42906,Mineral,,Ilmenit,,
,42906,Rock,,Kimberlit phlogopitführend - allgemein,,
,42906,Mineral,,Olivin allgemein,,
,42906,Mineral,,Phlogopit,,
32088,,Ore,Fe-Oolith - Allgemein,,Schweiz,Bern
,32088,Mineral,,Magnetit,,
,32088,Ore,,Fe-Oolith - Allgemein,,
41128,,,Markasit,Markasit,Vereinigte Staaten von Amerika (USA),Missouri
,41128,Mineral,,Markasit,,
,41128,Rock,,Impaktbrekzie,,
41207,,,Famatinit,Famatinit,Peru,Junín / Junin / Hunin
,41207,Mineral,,Pyrit,,
,41207,Mineral,,Famatinit,,
,41207,Ore,,Cu-Sulfid-Erz - Gang-Typ,,
31419,,Rock,Aplit,,Schweiz,Bern
,31419,Mineral,,Schröckingerit,,
,31419,Rock,,Aplit,,
42140,,,Galenit,Galenit,Bolivien,La Paz
,42140,Mineral,,Galenit,,
,42140,Ore,,Pb-Sulfid-Erz - Gang-Typ,,
40751,,,Kupfer,Kupfer,Vereinigte Staaten von Amerika (USA),Michigan
,40751,Ore,,Cu-Metall-Erz - Michigan-Typ,,
,40751,Mineral,,Epidot,,
,40751,Mineral,,Quarz,,
,40751,Rock,,Konglomerat,,
,40751,Mineral,,Kupfer,,
37187,,,Calcit,Calcit,Schweiz,Bern
,37187,Mineral,,Calcit,,
,37187,Rock,,Kalkstein,,
42274,,,Aktinolith,Aktinolith,Schweden,Stockholms län
,42274,Mineral,,Diopsid,,
,42274,Mineral,,Aktinolith,,
,42274,Mineral,,Magnetit,,
,42274,Ore,,Fe-Erz magnetitisch - Skarn-Typ,,
32683,,Ore,Co-Cu-Sulfarseniderz - metamorph,,Schweiz,Wallis
,32683,Mineral,,Pyrit,,
,32683,Ore,,Co-Cu-Sulfarseniderz - metamorph,,
,32683,Mineral,,Fahlerz,,
,32683,Mineral,,Chalkopyrit,,
40553,,,Kupfer,Kupfer,Vereinigte Staaten von Amerika (USA),Michigan
,40553,Mineral,,Kupfer,,
,40553,Ore,,Cu-Metall-Erz - Michigan-Typ,,
,40553,Mineral,,Prehnit,,
,40553,Rock,,Basalt s.l.,,
32665,,Ore,Co-Cu-Sulfarseniderz - metamorph,,Schweiz,Wallis
,32665,Ore,,Co-Cu-Sulfarseniderz - metamorph,,
,32665,Mineral,,Erythrin,,
,32665,Mineral,,Quarz,,
,32665,Mineral,,Wismut,,
42734,,,Pyrit,Pyrit,Südafrika,Gauteng / Rhawuti
,42734,Ore,,Au-U-Konglomerat - Witwatersrand-Typ,,
,42734,Mineral,,Pyrit,,
,42734,Rock,,Konglomerat,,
41316,,,Revoredoit,Revoredoit,Peru,
,41316,Ore,,Pb-Sulfarseniderz - Gang-Typ,,
,41316,Mineral,,Revoredoit,,
32673,,Rock,Chlorit-Schiefer,,Schweiz,Wallis
,32673,Mineral,,allgemein,,
,32673,Mineral,,Muskovit,,
,32673,Mineral,,Chlorit,,
,32673,Rock,,Chlorit-Schiefer,,
,32673,Mineral,,Turmalin,,
53930,,Ore,Bauxit,Bauxit,Schweiz,Bern
,53930,Mineral,,Chromit,,
,53930,Ore,,Bauxit,,
41355,,,Galenit,Galenit,Peru,
,41355,Ore,,Zn-Sulfid-Erz - MVT Sphalerit-Rhythmit,,
,41355,Mineral,,Galenit,,
,41355,Mineral,,Sphalerit,,
37194,,,Pyrit,Pyrit,Schweiz,Bern
,37194,Mineral,,Pyrit,,
,37194,Rock,,Kalkstein,,
37179,,,Calcit,Calcit,Schweiz,Bern
,37179,Mineral,,Quarz,,
,37179,Mineral,,Calcit,,
,37179,Rock,,Sandstein,,
40889,,,Sphalerit,Sphalerit,Deutschland,Nordrhein-Westfalen
,40889,Ore,,Zn-Sulfid-Erz - Gang-Typ,,
,40889,Mineral,,Sphalerit,,
,40889,Mineral,,Quarz,,
,40889,Mineral,,Ankerit,,
42207,,,Kupfer,Kupfer,Australien,Queensland
,42207,Mineral,,Digenit,,
,42207,Mineral,,Kupfer,,
,42207,Ore,,Cu-Sulfid-Erz - SEDEX,,
,42207,Mineral,,Chalkosin,,
42473,,,Sphalerit,Sphalerit,Deutschland,Sachsen
,42473,Mineral,,Sphalerit,,
,42473,Mineral,,Arsenopyrit,,
,42473,Mineral,,Galenit,,
,42473,Ore,,Pb-Zn-Sulfid-Erz - Gang-Typ,,
40566,,,Fernandinit,Fernandinit,Peru,Pasco / Pasqu
,40566,Mineral,,Fernandinit,,
,40566,Ore,,V-Erz Mina Ragra Typ,,
40009,,Rock,Schockmetamorpher Quarzsand,,Saudi-Arabien,
,40009,Mineral,,Coesit,,
,40009,Mineral,,Stishovit,,
,40009,Rock,,Schockmetamorpher Quarzsand,,
,40009,Mineral,,Quarz,,
42078,,,Galenit,Galenit,Mexiko,México (Mexico)
,42078,Ore,,Ag-Sulfid-Erz - Gang-Typ,,
,42078,Mineral,,Pyrargyrit,,
,42078,Mineral,,Pyrit,,
,42078,Mineral,,Galenit,,
39128,,Ore,Reduktionshof,,Schweiz,Aargau
,39128,Ore,,Reduktionshof,,
,39128,Mineral,,Rammelsbergit,,
40892,,,Sphalerit,Sphalerit,Deutschland,Nordrhein-Westfalen
,40892,Ore,,Zn-Sulfid-Erz - Gang-Typ,,
,40892,Mineral,,Quarz,,
,40892,Mineral,,Sphalerit,,
43200,,Rock,SiO2-zementierte tektonische Brekzie,,Schweiz,Wallis
,43200,Rock,,SiO2-zementierte tektonische Brekzie,,
,43200,Mineral,,Molybdänit,,
,43200,Mineral,,Pyrit,,
9023,,,Epidot,Epidot,Schweiz,Wallis
,9023,Ore,,Fe-Erz magnetitisch - Skarn-Typ,,
,9023,Mineral,,Epidot,,
,9023,Mineral,,Stilpnomelan,,
,9023,Mineral,,Aktinolith,,
31093,,Ore,Pb-Sulfid-Erz - MVT,,Vereinigte Staaten von Amerika (USA),Missouri
,31093,Mineral,,Galenit,,
,31093,Ore,,Pb-Sulfid-Erz - MVT,,
32512,,Ore,Co-Cu-Sulfarseniderz - metamorph,,Schweiz,Wallis
,32512,Mineral,,Azurit,,
,32512,Ore,,Co-Cu-Sulfarseniderz - metamorph,,
,32512,Mineral,,Malachit,,
42465,,,Chalkopyrit,Chalkopyrit,Deutschland,Sachsen
,42465,Ore,,Ag-Sulfid-Erz - Gang-Typ,,
,42465,Mineral,,Sphalerit,,
,42465,Mineral,,Galenit,,
,42465,Mineral,,Chalkopyrit,,
31101,,Ore,Au-U-Konglomerat - Witwatersrand-Typ,,Südafrika,Gauteng / Rhawuti
,31101,Ore,,Au-U-Konglomerat - Witwatersrand-Typ,,
,31101,Mineral,,Quarz,,
,31101,Mineral,,Pyrit,,
42107,,,Chalkopyrit,Chalkopyrit,Mexiko,México (Mexico)
,42107,Ore,,Ag-Sulfid-Erz - Gang-Typ,,
,42107,Mineral,,Sphalerit,,
,42107,Mineral,,Pyrit,,
,42107,Mineral,,Chalkopyrit,,
42089,,,Quarz,Quarz,Mexiko,Durango
,42089,Mineral,,Akanthit,,
,42089,Ore,,"Au-Erz, polymetallisch - Gang-Typ",,
,42089,Mineral,,Quarz,,
,42089,Mineral,,Pyrit,,
42846,,Ore,Fe-Oxid-Erz - Superior-BIF,,Südafrika,Limpopo
,42846,Ore,,Fe-Oxid-Erz - Superior-BIF,,
,42846,Rock,,Tonschiefer,,
39056,,Ore,Reduktionshof,,Schweiz,Aargau
,39056,Mineral,,Pechblende,,
,39056,Mineral,,Digenit,,
,39056,Mineral,,Tennantit,,
,39056,Mineral,,Bornit,,
,39056,Mineral,,Rammelsbergit,,
,39056,Mineral,,Coffinit,,
,39056,Mineral,,Chalkopyrit,,
,39056,Mineral,,Uraninit,,
,39056,Ore,,Reduktionshof,,
42231,,,Magnetit,Magnetit,Schweden,Uppsala län
,42231,Mineral,,Magnetit,,
,42231,Ore,,Fe-Erz magnetitisch - Skarn-Typ,,
43375,,Ore,Fe-Oolith magnetitisch,Fe-Oolith magnetitisch,Schweiz,
,43375,Mineral,,Magnetit,,
,43375,Ore,,Fe-Oolith magnetitisch,,
,43375,Mineral,,Hämatit,,
,43375,Mineral,,Chamosit,,
38767,,,Serpentin,Serpentin,Deutschland,Sachsen
,38767,Mineral,,undefiniert,,
,38767,Rock,,Serpentinit,,
,38767,Mineral,,Serpentin,,
42908,,,Calcit,Calcit,Südafrika,Gauteng / Rhawuti
,42908,Rock,,Kimberlit - allgemein,,
,42908,Mineral,,Calcit,,
41555,,,Magnetit,Magnetit,Iran,Yazd
,41555,Ore,,Fe-Erz magnetitisch - Kiruna-Typ,,
,41555,Mineral,,Magnetit,,
33959,,Rock,Granit,,Schweiz,Bern
,33959,Rock,,Granit,,
,33959,Mineral,,Adular Calcit,,
,33959,Mineral,,Chlorit,,
,33959,Mineral,,Orthoklas,,
35325,,Rock,Gneis s.l.,,Schweden,Gävleborgs län (Gavleborgs)
,35325,Mineral,,Quarz,,
,35325,Mineral,,Achat Heulandit,,
,35325,Rock,,Gneis s.l.,,
13204,,,Magnetit,Magnetit,Schweiz,Wallis
,13204,Ore,,Fe-Erz magnetitisch - Skarn-Typ,,
,13204,Mineral,,Magnetit,,
,13204,Mineral,,Pyrit,,
,13204,Mineral,,Calcit,,
42187,,Rock,Basanit,,Deutschland,Baden-Württemberg
,42187,Mineral,,Augit,,
,42187,Mineral,,Opal,,
,42187,Mineral,,Olivin allgemein Zeolith,,
,42187,Rock,,Basanit,,
,42187,Mineral,,Hyalit,,
,42187,Mineral,,Olivin,,
7039,,,Galenit,Galenit,Schweiz,Wallis
,7039,Mineral,,Fluorit,,
,7039,Ore,,Pb-Sulfid-Erz - Ba-F-Formation,,
,7039,Mineral,,Galenit,,
33326,,,Mineral nicht bestimmt,Mineral nicht bestimmt,Schweiz,Tessin
,33326,Mineral,,Orthoklas,,
,33326,Rock,,Granit,,
,33326,Mineral,,Mineral nicht bestimmt,,
,33326,Mineral,,(s. Objektbem.) Quarz,,
41187,,,Pyrit,Pyrit,Peru,
,41187,Mineral,,Tetraedrit,,
,41187,Ore,,Pb-Zn-Cu-Sulfid-Erz - Gang-Typ,,
,41187,Mineral,,Pyrit,,
,41187,Mineral,,Calcit,,
41071,,Ore,Zn-Sulfid-Erz - Karbonatverdrängung,Zn-Sulfid-Erz - Karbonatverdrängung,Vereinigte Staaten von Amerika (USA),Colorado
,41071,Mineral,,Galenit,,
,41071,Ore,,Zn-Sulfid-Erz - Karbonatverdrängung,,
,41071,Mineral,,Sphalerit,,
35317,,Ore,"Au-Erz, pyritisch - Gang-Typ",,Schweiz,Wallis
,35317,Mineral,,Gold,,
,35317,Ore,,"Au-Erz, pyritisch - Gang-Typ",,
,35317,Mineral,,Quarz,,
,35317,Mineral,,Pyrit,,
,35317,Mineral,,Tetraedrit,,
,35317,Mineral,,Chalkopyrit,,
31443,,,Magnetit,Magnetit,Schweiz,Wallis
,31443,Mineral,,Dolomit,,
,31443,Mineral,,Magnetit,,
,31443,Mineral,,Biotit,,
,31443,Ore,,Fe-Erz magnetitisch - metamorph,,
40959,,,Quarz,Quarz,Italien,Sardegna
,40959,Rock,,Quarz-Rhythmit,,
,40959,Mineral,,Quarz,,
40401,,,Almandin,Almandin,Schweiz,Thurgau
,40401,Mineral,,Quarz,,
,40401,Mineral,,Epidot,,
,40401,Mineral,,Almandin,,
,40401,Rock,,Sandstein,,
39248,,Ore,Reduktionshof,,Grossbritannien / Vereinigtes Königreich,England
,39248,Mineral,,Uraninit,,
,39248,Mineral,,Roscoelith,,
,39248,Mineral,,Silber,,
,39248,Mineral,,Montroseit,,
,39248,Mineral,,Covellin,,
,39248,Mineral,,Domeykit,,
,39248,Ore,,Reduktionshof,,
,39248,Mineral,,Safflorit,,
11491,,,Bornit,Bornit,Schweiz,Glarus
,11491,Mineral,,Bornit,,
,11491,Ore,,Cu-Sulfid-Erz - Redbed-Typ,,
41487,,,Sphalerit,Sphalerit,_Land unbekannt,
,41487,Mineral,,Chalkopyrit,,
,41487,Mineral,,Pyrit,,
,41487,Mineral,,Sphalerit,,
,41487,Mineral,,Baryt,,
,41487,Ore,,Black ore (Kuroko) - Kuroko-Typ,,
40760,,,Kupfer,Kupfer,Vereinigte Staaten von Amerika (USA),Michigan
,40760,Mineral,,Quarz,,
,40760,Mineral,,Epidot,,
,40760,Rock,,Basalt s.l.,,
,40760,Mineral,,Kupfer,,
,40760,Ore,,Cu-Metall-Erz - Michigan-Typ,,
32055,,Ore,Fe-Oolith - Allgemein,,Schweiz,Solothurn
,32055,Mineral,,undef. Eisenhydroxid,,
,32055,Mineral,,Limonit,,
,32055,Ore,,Fe-Oolith - Allgemein,,
42623,,,Braunit,Braunit,Italien,Valle d'Aosta / Val d'Aoste
,42623,Ore,,"Mn-Erz, silikatisch - metamorph",,
,42623,Mineral,,Braunit,,
40485,,,Kupfer,Kupfer,Vereinigte Staaten von Amerika (USA),Michigan
,40485,Mineral,,Kupfer,,
,40485,Ore,,Cu-Metall-Erz - Michigan-Typ,,
11415,,,Galenit,Galenit,Schweiz,Wallis
,11415,Ore,,Pb-Zn-Sulfid-Erz - Gang-Typ,,
,11415,Mineral,,Galenit,,
40349,,,Galenit,Galenit,Vereinigte Staaten von Amerika (USA),Missouri
,40349,Mineral,,Galenit,,
,40349,Ore,,Pb-Sulfid-Erz - MVT,,
41473,,,Galenit,Galenit,Japan,Akita
,41473,Mineral,,Baryt,,
,41473,Ore,,Black ore (Kuroko) - Kuroko-Typ,,
,41473,Mineral,,Galenit,,
,41473,Mineral,,Pyrit,,
41543,,,Sphalerit,Sphalerit,Polen,Małopolskie
,41543,Mineral,,Sphalerit,,
,41543,Mineral,,Galenit,,
,41543,Ore,,Pb-Zn-Sulfid-Erz - MVT,,
41319,,,Gratonit,Gratonit,Peru,
,41319,Ore,,Pb-Sulfarseniderz - Gang-Typ,,
,41319,Mineral,,Gratonit,,
,41319,Mineral,,Revoredoit,,
41847,,Rock,Syenit,,Norwegen,Vestfold og Telemark
,41847,Mineral,,Biotit,,
,41847,Rock,,Syenit,,
,41847,Mineral,,Anorthoklas,,
6168,,,Aktinolith,Aktinolith,Schweiz,Wallis
,6168,Rock,,noch nicht angegeben,,
,6168,Mineral,,Biotit,,
,6168,Mineral,,Anhydrit,,
,6168,Mineral,,Aktinolith,,
42675,,,Amphibol,Amphibol,Italien,Toscana
,42675,Mineral,,undefiniert,,
,42675,Mineral,,Amphibol,,
,42675,Rock,,Amphibolit,,
29408,,Rock,Phlogopit-Peridotit (Mantelgestein),,Südafrika,Northern Cape / Noord-Kaap / Mntla-Koloni / Nyakatho-Kapa
,29408,Mineral,,Richterit,,
,29408,Mineral,,Kalium-Richterit,,
,29408,Rock,,Phlogopit-Peridotit (Mantelgestein),,
41520,,,Chalkopyrit,Chalkopyrit,Australien,Tasmania
,41520,Mineral,,Kassiterit,,
,41520,Ore,,Sn-Zn-Cu-Fe-Erz - Skarn-Typ,,
,41520,Mineral,,Chalkopyrit,,
41692,,,Pyrrhotin,Pyrrhotin,Südafrika,Limpopo
,41692,Mineral,,Phlogopit,,
,41692,Mineral,,Pyrrhotin,,
,41692,Rock,,Pyroxenit s.l. (plutonisch),,
42727,,Ore,Au-U-Konglomerat - Witwatersrand-Typ,,Südafrika,Gauteng / Rhawuti
,42727,Ore,,Au-U-Konglomerat - Witwatersrand-Typ,,
,42727,Rock,,Konglomerat,,
35991,,Rock,Gneis s.l.,,Schweiz,Uri
,35991,Mineral,,Chlorit,,
,35991,Rock,,Gneis s.l.,,
,35991,Mineral,,Calcit,,
,35991,Mineral,,Laumontit,,
35683,,Rock,Gneis s.l.,,Schweiz,Uri
,35683,Mineral,,Biotit,,
,35683,Rock,,Gneis s.l.,,
,35683,Mineral,,Quarz,,
42338,,Rock,Metabasalt,,Schweiz,Graubünden
,42338,Mineral,,Albit,,
,42338,Mineral,,Aktinolith,,
,42338,Mineral,,Epidot,,
,42338,Mineral,,Quarz,,
,42338,Mineral,,Calcit,,
,42338,Rock,,Metabasalt,,
,42338,Mineral,,Chlorit,,
40156,,,Quarz,Quarz,Australien,New South Wales
,40156,Mineral,,Chalcedon/Chert,,
,40156,Rock,,Basalt s.l.,,
,40156,Mineral,,Quarz,,
40791,,,Kupfer,Kupfer,Vereinigte Staaten von Amerika (USA),Michigan
,40791,Rock,,Konglomerat,,
,40791,Mineral,,Kupfer,,
,40791,Ore,,Cu-Metall-Erz - Michigan-Typ,,
32668,,Ore,Co-Cu-Sulfarseniderz - metamorph,,Schweiz,Wallis
,32668,Mineral,,Quarz,,
,32668,Ore,,Co-Cu-Sulfarseniderz - metamorph,,
,32668,Mineral,,Galenit,,
,32668,Mineral,,Zeolith,,
32615,,Ore,Cu-Sulfid-Erz - Gang-Typ,,Schweiz,Wallis
,32615,Ore,,Cu-Sulfid-Erz - Gang-Typ,,
,32615,Mineral,,Fahlerz,,
,32615,Mineral,,Chalkopyrit,,
32742,,Rock,Muskovitschiefer,,Schweiz,Wallis
,32742,Rock,,Muskovitschiefer,,
,32742,Mineral,,Chlorit,,
,32742,Mineral,,Muskovit,,
39459,,Rock,Impaktbrekzie,,Kanada,Ontario
,39459,Rock,,Impaktbrekzie,,
,39459,Mineral,,Pyrrhotin,,
,39459,Mineral,,Chalkopyrit,,
41657,,,Phlogopit,Phlogopit,Südafrika,Limpopo
,41657,Mineral,,Phlogopit,,
,41657,Rock,,Dunit (plutonisch),,
,41657,Ore,,PGE-Erz - kontinental mafisch-magmatisch,,
37219,,Ore,Pb-Zn-Sulfid-Erz - Gang-Typ,,Schweiz,Wallis
,37219,Mineral,,Sphalerit,,
,37219,Ore,,Pb-Zn-Sulfid-Erz - Gang-Typ,,
,37219,Mineral,,Galenit,,
,37219,Mineral,,Quarz,,
33161,,,Calcit,Calcit,Schweiz,Bern
,33161,Mineral,,Calcit,,
,33161,Rock,,Mergel,,
37641,,Ore,Bauxit,,Frankreich,Bouches-du-Rhône (Bouche-du-Rhone)
,37641,Mineral,,Gibbsit,,
,37641,Mineral,,Hämatit,,
,37641,Mineral,,Calcit,,
,37641,Ore,,Bauxit,,
42520,,,Siderit,Siderit,Deutschland,Rheinland-Pfalz
,42520,Mineral,,Chalkopyrit,,
,42520,Mineral,,Siderit,,
,42520,Ore,,Fe-Erz sideritisch - Gang-Typ,,
32045,,Ore,"Fe-Erz, pisolithisch",,Schweiz,
,32045,Mineral,,undef. Eisenhydroxid,,
,32045,Ore,,"Fe-Erz, pisolithisch",,
,32045,Mineral,,Limonit,,
41259,,,Enargit,Enargit,Peru,Huancavelica / Wankawelika / Wankawillka
,41259,Mineral,,Enargit,,
,41259,Ore,,Pb-Cu-Ag-Sb-Bi-As-Sulfiderz - Gang-Typ,,
40514,,Ore,Zn-Sulfid-Erz - metamorph,Zn-Sulfid-Erz - metamorph,Südafrika,Northern Cape / Noord-Kaap / Mntla-Koloni / Nyakatho-Kapa
,40514,Ore,,Zn-Sulfid-Erz - metamorph,,
,40514,Mineral,,Pyrit,,
,40514,Mineral,,Sphalerit,,
,40514,Mineral,,Quarz,,
41311,,,Gratonit,Gratonit,Peru,
,41311,Ore,,Pb-Sulfarseniderz - Gang-Typ,,
,41311,Mineral,,Gratonit,,
34356,,,Quarz,Quarz,Schweiz,Uri
,34356,Rock,,Granit,,
,34356,Mineral,,Quarz,,
42526,,Ore,Cu-Pb-Sulfiderz - Gang-Typ,Cu-Pb-Sulfiderz - Gang-Typ,Deutschland,Rheinland-Pfalz
,42526,Ore,,Cu-Pb-Sulfiderz - Gang-Typ,,
,42526,Mineral,,Galenit,,
,42526,Mineral,,Siderit,,
,42526,Mineral,,Chalkopyrit,,
4375,,,Jadeit,Jadeit,Schweiz,Bern
,4375,Rock,,Jadeitite,,
,4375,Mineral,,Jadeit,,
43245,,,Cuprit,Cuprit,Peru,Lima
,43245,Mineral,,Limonit,,
,43245,Mineral,,Cuprit,,
,43245,Mineral,,Malachit,,
,43245,Ore,,Cu-Oxiderz (inkl. Karbonate etc.) - Oxidationszone,,
,43245,Mineral,,undef. Eisenhydroxid,,
26960,,Ore,"Fe-Erz, pisolithisch",,Schweiz,Zürich
,26960,Mineral,,Limonit,,
,26960,Ore,,"Fe-Erz, pisolithisch",,
,26960,Mineral,,undef. Eisenhydroxid,,
32617,,Ore,Cu-Sulfid-Erz - Gang-Typ,,Schweiz,Wallis
,32617,Mineral,,Fahlerz,,
,32617,Ore,,Cu-Sulfid-Erz - Gang-Typ,,
,32617,Mineral,,Chalkopyrit,,
30277,,Ore,Fe-Erz magnetitisch - Skarn-Typ,,Schweiz,Wallis
,30277,Mineral,,Azurit,,
,30277,Mineral,,Magnetit,,
,30277,Ore,,Fe-Erz magnetitisch - Skarn-Typ,,
39116,,Ore,Reduktionshof,,Schweiz,Aargau
,39116,Mineral,,Roscoelith,,
,39116,Ore,,Reduktionshof,,
,39116,Mineral,,Rammelsbergit,,
42301,,Rock,Metagabbro,,Schweiz,Graubünden
,42301,Rock,,Metagabbro,,
,42301,Mineral,,Chlorit,,
,42301,Mineral,,Klinopyroxen,,
,42301,Mineral,,Epidot,,
,42301,Mineral,,Albit,,
32440,,Ore,Fe-Erz magnetitisch - Skarn-Typ,,Schweiz,Wallis
,32440,Mineral,,Magnetit,,
,32440,Ore,,Fe-Erz magnetitisch - Skarn-Typ,,
,32440,Mineral,,Azurit,,
,32440,Mineral,,Malachit,,
41018,,,Chalkopyrit,Chalkopyrit,Vereinigte Staaten von Amerika (USA),Missouri
,41018,Mineral,,Chalkopyrit,,
,41018,Ore,,Cu-Sulfid-Erz - MVT,,
32721,,Ore,Co-Cu-Sulfarseniderz - metamorph,,Schweiz,Wallis
,32721,Mineral,,Wismut,,
,32721,Mineral,,Erythrin,,
,32721,Ore,,Co-Cu-Sulfarseniderz - metamorph,,
,32721,Mineral,,Quarz,,
43078,,,ohne Namen,ohne Namen,Deutschland,Bayern
,43078,Mineral,,ohne Namen,,
,43078,Ore,,noch nicht angegeben,,
,43078,Mineral,,(s. Objektbemerkung),,
35701,,Rock,Glimmerschiefer,,Schweiz,Graubünden
,35701,Mineral,,Muskovit,,
,35701,Mineral,,Sericit,,
,35701,Mineral,,Quarz,,
,35701,Rock,,Glimmerschiefer,,
34579,,,Hämatit,Hämatit,Schweiz,Uri
,34579,Mineral,,Chlorit,,
,34579,Mineral,,Quarz,,
,34579,Mineral,,Adular,,
,34579,Mineral,,Hämatit,,
,34579,Rock,,Granit,,
,34579,Mineral,,Orthoklas,,
,34579,Mineral,,Apatit,,
35175,,Ore,Fe-Erz limonitisch - Eiserner Hut,,Spanien,Andalucía (Andalucia)
,35175,Mineral,,Hämatit,,
,35175,Mineral,,Goethit,,
,35175,Ore,,Fe-Erz limonitisch - Eiserner Hut,,
33724,,,Calcit,Calcit,Schweiz,Graubünden
,33724,Mineral,,Quarz,,
,33724,Mineral,,Calcit,,
,33724,Rock,,Kalkstein,,
42611,,,Rhodonit,Rhodonit,Italien,Valle d'Aosta / Val d'Aoste
,42611,Ore,,"Mn-Erz, silikatisch - metamorph",,
,42611,Mineral,,Rhodonit,,
31399,,Rock,Granodiorit,,Schweiz,Bern
,31399,Rock,,Granodiorit,,
,31399,Mineral,,Schröckingerit,,
40482,,,Kupfer,Kupfer,Vereinigte Staaten von Amerika (USA),Michigan
,40482,Mineral,,Quarz,,
,40482,Rock,,Basalt s.l.,,
,40482,Mineral,,Epidot,,
,40482,Mineral,,Kupfer,,
,40482,Ore,,Cu-Metall-Erz - Michigan-Typ,,
35663,,Rock,Gneis s.l.,,Schweiz,Uri
,35663,Mineral,,Calcit,,
,35663,Rock,,Gneis s.l.,,
33979,,Rock,Granit,,Schweiz,Bern
,33979,Rock,,Granit,,
,33979,Mineral,,Biotit,,
,33979,Mineral,,Epidot,,
6953,,,Fahlerz,Fahlerz,Schweiz,Wallis
,6953,Mineral,,Galenit,,
,6953,Mineral,,Pyrit,,
,6953,Mineral,,Fahlerz,,
,6953,Ore,,Co-Cu-Sulfarseniderz - metamorph,,
33987,,Rock,Biotit-Schiefer,,Schweiz,Bern
,33987,Mineral,,Biotit,,
,33987,Rock,,Biotit-Schiefer,,
32679,,Ore,Co-Cu-Sulfarseniderz - metamorph,,Schweiz,Wallis
,32679,Ore,,Co-Cu-Sulfarseniderz - metamorph,,
,32679,Mineral,,Pyrit,,
,32679,Mineral,,Galenit,,
,32679,Mineral,,Quarz,,
,32679,Mineral,,Sphalerit,,
30451,,Ore,Ni-Cu-Sulfid-Erz - kontinental mafisch-magmatisch,,Kanada,Ontario
,30451,Mineral,,Pentlandit,,
,30451,Mineral,,Chalkopyrit,,
,30451,Mineral,,Pyrrhotin,,
,30451,Ore,,Ni-Cu-Sulfid-Erz - kontinental mafisch-magmatisch,,
29308,,,Korund,Korund,Südafrika,Free State / Vrystaat / Freyistata / Fuleyisitata
,29308,Rock,,Korund-Eklogit,,
,29308,Mineral,,Pyrop,,
,29308,Mineral,,Jadeit,,
,29308,Mineral,,Korund,,
42158,,Rock,Granitpegmatit,,Frankreich,Ariège (Ariege)
,42158,Rock,,Granitpegmatit,,
,42158,Mineral,,Muskovit,,
,42158,Mineral,,Quarz,,
,42158,Mineral,,Plagioklas,,
,42158,Mineral,,Alkalifeldspat,,
,42158,Mineral,,undefiniert,,
40569,,,Gips,Gips,Peru,Pasco / Pasqu
,40569,Rock,,Kohle (unbestimmt),,
,40569,Mineral,,Gips,,
,40569,Ore,,V-Erz Mina Ragra Typ,,
39120,,Ore,Reduktionshof,,Schweiz,Aargau
,39120,Ore,,Reduktionshof,,
,39120,Mineral,,U-As-Oxidphase,,
,39120,Mineral,,Rammelsbergit,,
32444,,,Uranophan,Uranophan,Schweiz,Wallis
,32444,Mineral,,Uranophan,,
,32444,Ore,,U-Erz - Gang-Typ allgemein,,
35988,,,Quarz,Quarz,Schweiz,Uri
,35988,Mineral,,Quarz,,
,35988,Rock,,Gneis s.l.,,
42114,,,Pyrargyrit,Pyrargyrit,Mexiko,Zacatecas
,42114,Mineral,,Chalkopyrit,,
,42114,Mineral,,Galenit,,
,42114,Mineral,,Sphalerit,,
,42114,Ore,,Ag-Sulfid-Erz - Gang-Typ,,
,42114,Mineral,,Pyrargyrit,,
35706,,Rock,Glimmerschiefer,,Schweiz,Graubünden
,35706,Mineral,,Quarz,,
,35706,Mineral,,Sericit,,
,35706,Mineral,,Muskovit,,
,35706,Rock,,Glimmerschiefer,,
40881,,,Sphalerit,Sphalerit,Deutschland,Nordrhein-Westfalen
,40881,Mineral,,Quarz,,
,40881,Mineral,,Sphalerit,,
,40881,Ore,,Zn-Sulfid-Erz - Gang-Typ,,
40780,,,Kupfer,Kupfer,Vereinigte Staaten von Amerika (USA),Michigan
,40780,Rock,,Basalt s.l.,,
,40780,Mineral,,Epidot,,
,40780,Mineral,,Quarz,,
,40780,Mineral,,Kupfer,,
,40780,Ore,,Cu-Metall-Erz - Michigan-Typ,,
,40780,Mineral,,Albit,,
32507,,Ore,Co-Cu-Sulfarseniderz - metamorph,,Schweiz,Wallis
,32507,Mineral,,Nickel-Skutterudit,,
,32507,Mineral,,Chloanthit Ankerit,,
,32507,Ore,,Co-Cu-Sulfarseniderz - metamorph,,
42696,,Ore,Hg-Sulfid-Erz - Gang-Typ,Hg-Sulfid-Erz - Gang-Typ,Italien,Toscana
,42696,Ore,,Hg-Sulfid-Erz - Gang-Typ,,
,42696,Mineral,,Cinnabarit,,
29522,,Rock,Kalkstein - sandig,,Schweiz,Bern
,29522,Mineral,,Quarz,,
,29522,Mineral,,Glaukonit,,
,29522,Rock,,Kalkstein - sandig,,
,29522,Mineral,,Calcit,,
35726,,Rock,Anhydrit,,Schweiz,Bern
,35726,Mineral,,Anhydrit,,
,35726,Rock,,Anhydrit,,
39417,,,Quarz,Quarz,Schweiz,Wallis
,39417,Rock,,Dolomit,,
,39417,Mineral,,Quarz,,
42316,,Rock,Metabasalt,,Schweiz,Graubünden
,42316,Mineral,,Aktinolith,,
,42316,Mineral,,Pumpellyit,,
,42316,Mineral,,Albit,,
,42316,Mineral,,Chlorit,,
,42316,Mineral,,Quarz,,
,42316,Rock,,Metabasalt,,
43228,,,Lepidolith,Lepidolith,Schweiz,Bern
,43228,Mineral,,Lepidolith,,
,43228,Rock,,Granitpegmatit - Lithium-Pegmatit,,
29378,,,Pyrop,Pyrop,Vereinigte Staaten von Amerika (USA),Colorado
,29378,Mineral,,Diopsid,,
,29378,Rock,,Kimberlit allgemein - Schwermineralk.,,
,29378,Mineral,,Pyrop,,
,29378,Mineral,,Ilmenit,,
39213,,Ore,Reduktionshof,,Vereinigte Staaten von Amerika (USA),Colorado
,39213,Mineral,,Roscoelith,,
,39213,Ore,,Reduktionshof,,
41272,,,Rhodochrosit,Rhodochrosit,Peru,Huancavelica / Wankawelika / Wankawillka
,41272,Mineral,,Rhodochrosit,,
,41272,Ore,,Pb-Cu-Ag-Sb-Bi-As-Sulfiderz - Gang-Typ,,
39654,,,Gips,Gips,_Land unbekannt,
,39654,Rock,,Gips,,
,39654,Mineral,,Gips,,
38781,,,Gips,Gips,Deutschland,Thüringen
,38781,Rock,,Alabaster,,
,38781,Mineral,,Gips,,
41471,,,Pyrit,Pyrit,Japan,Akita
,41471,Mineral,,Pyrit,,
,41471,Ore,,Pyriterz massiv - Kuroko-Typ,,
41680,,,Chromit,Chromit,Südafrika,Limpopo
,41680,Rock,,Pyroxenit s.l. (plutonisch),,
,41680,Ore,,Cr-Erz - kontinental mafisch-magmatisch,,
,41680,Mineral,,Chromit,,
34607,,Rock,Granit,,Schweiz,Uri
,34607,Mineral,,Laumontit,,
,34607,Rock,,Granit,,
,34607,Mineral,,Epidot,,
42422,,,Fahlerz,Fahlerz,Slowakei,Banskobystrický (Banskobystricky )
,42422,Mineral,,Ankerit,,
,42422,Mineral,,Quarz,,
,42422,Ore,,"Au-Erz, pyritisch - Gang-Typ",,
,42422,Mineral,,Pyrit,,
,42422,Mineral,,Fahlerz,,
40995,,,Chalkopyrit,Chalkopyrit,Irland,Leinster / Laighin
,40995,Mineral,,Chalkopyrit,,
,40995,Mineral,,Pyrit,,
,40995,Ore,,Cu-Sulfid-Erz - SEDEX,,
32514,,Ore,Co-Cu-Sulfarseniderz - metamorph,,Schweiz,Wallis
,32514,Mineral,,Malachit,,
,32514,Ore,,Co-Cu-Sulfarseniderz - metamorph,,
5219,,,Jadeit,Jadeit,Schweiz,Bern
,5219,Mineral,,Jadeit,,
,5219,Rock,,Omphacitit,,
43256,,,Limonit,Limonit,Peru,Lima
,43256,Mineral,,undef. Eisenhydroxid Malachit,,
,43256,Ore,,Cu-Oxiderz (inkl. Karbonate etc.) - Oxidationszone,,
,43256,Mineral,,Limonit,,
,43256,Mineral,,Azurit,,
42361,,,Serpentin,Serpentin,Südafrika,Limpopo
,42361,Mineral,,undefiniert,,
,42361,Mineral,,Serpentin,,
,42361,Ore,,Cu-Sulfid-Erz - karbonatitisch,,
,42361,Rock,,Sövit (Cc-K.),,
41667,,,Magnetit,Magnetit,Südafrika,Limpopo
,41667,Rock,,Gabbro,,
,41667,Ore,,Fe-Erz magnetitisch - kontinental mafisch-magmatisch,,
,41667,Mineral,,Magnetit,,
42576,,,Chalkopyrit,Chalkopyrit,Deutschland,Baden-Württemberg
,42576,Ore,,Cu-Sulfid-Erz - Gang-Typ,,
,42576,Mineral,,Chalkopyrit,,
,42576,Rock,,Gneis s.l.,,
7046,,,Nickel-Skutterudit,Nickel-Skutterudit,Schweiz,Wallis
,7046,Ore,,Co-Cu-Sulfarseniderz - metamorph,,
,7046,Mineral,,Chloanthit Nickelin,,
,7046,Mineral,,Nickel-Skutterudit,,
,7046,Mineral,,Annabergit,,
39259,,Ore,Reduktionshof,,Grossbritannien / Vereinigtes Königreich,England
,39259,Mineral,,Covellin,,
,39259,Mineral,,Roscoelith,,
,39259,Ore,,Reduktionshof,,
,39259,Mineral,,Coffinit,,
,39259,Mineral,,Domeykit,,
,39259,Mineral,,Montroseit,,
42362,,,Biotit,Biotit,Südafrika,Limpopo
,42362,Mineral,,Biotit,,
,42362,Rock,,Apatit-Magnetitit,,
,42362,Mineral,,Apatit,,
40999,,,Galenit,Galenit,Irland,Leinster / Laighin
,40999,Mineral,,Sphalerit,,
,40999,Ore,,Pb-Zn-Sulfid-Erz - SEDEX,,
,40999,Mineral,,Pyrit,,
,40999,Mineral,,Galenit,,
42616,,,Piemontit,Piemontit,Italien,Valle d'Aosta / Val d'Aoste
,42616,Ore,,"Mn-Erz, silikatisch - metamorph",,
,42616,Mineral,,Piemontit,,
31763,,,Quarz,Quarz,Schweiz,Tessin
,31763,Mineral,,Quarz,,
,31763,Mineral,,allgemein,,
,31763,Rock,,Aplit,,
,31763,Mineral,,Rauchquarz Glimmer,,
40154,,,Quarz,Quarz,Australien,New South Wales
,40154,Rock,,Basalt s.l.,,
,40154,Mineral,,Chalcedon/Chert,,
,40154,Mineral,,Quarz,,
32872,,Ore,Co-Cu-Sulfarseniderz - metamorph,,Schweiz,Wallis
,32872,Ore,,Co-Cu-Sulfarseniderz - metamorph,,
,32872,Mineral,,Erythrin,,
42150,,,Kupfer,Kupfer,Bolivien,La Paz
,42150,Mineral,,Kupfer,,
,42150,Ore,,Cu-Sulfid-Erz - SEDEX,,
41489,,,Galenit,Galenit,Japan,Gifu / Gihu
,41489,Ore,,Pb-Zn-Sulfid-Erz - Skarn-Typ,,
,41489,Mineral,,Galenit,,
,41489,Mineral,,Quarz,,
,41489,Mineral,,Calcit,,
,41489,Mineral,,Sphalerit,,
40439,,,Galenit,Galenit,Vereinigte Staaten von Amerika (USA),Missouri
,40439,Ore,,Pb-Sulfid-Erz - MVT,,
,40439,Mineral,,Chalkopyrit,,
,40439,Mineral,,Galenit,,
34464,,,Quarz,Quarz,Schweiz,Uri
,34464,Mineral,,Adular,,
,34464,Rock,,Granit,,
,34464,Mineral,,Quarz,,
,34464,Mineral,,Chlorit,,
,34464,Mineral,,Orthoklas,,
27031,,Ore,Fe-Oolith hämatitisch,,Grönland (DK),
,27031,Mineral,,Hämatit,,
,27031,Ore,,Fe-Oolith hämatitisch,,
41824,,Ore,Pb-Zn-Sulfid-Erz - Gang-Typ,Pb-Zn-Sulfid-Erz - Gang-Typ,Schweiz,Graubünden
,41824,Mineral,,Sphalerit,,
,41824,Ore,,Pb-Zn-Sulfid-Erz - Gang-Typ,,
,41824,Mineral,,Galenit,,
,41824,Mineral,,Calcit,,
,41824,Mineral,,Quarz,,
43414,,,Cordierit,Cordierit,Schweiz,Bern
,43414,Rock,,Granitpegmatit - Lithium-Pegmatit,,
,43414,Mineral,,Cordierit,,
39450,,Ore,Reduktionshof,,Australien,Northern Territory
,39450,Mineral,,Gibbsit,,
,39450,Ore,,Reduktionshof,,
,39450,Mineral,,Hämatit,,
42286,,,Hämatit,Hämatit,Schweden,Norrbottens län
,42286,Ore,,Fe-Erz magnetitisch - Kiruna-Typ,,
,42286,Mineral,,Hämatit,,
41278,,,Galenit,Galenit,Peru,Junín / Junin / Hunin
,41278,Mineral,,Galenit,,
,41278,Ore,,Pb-Sulfid-Erz - Gang-Typ,,
42511,,,Chalkopyrit,Chalkopyrit,Deutschland,Niedersachsen
,42511,Mineral,,Quarz,,
,42511,Ore,,Pb-Zn-Sulfid-Erz - Gang-Typ,,
,42511,Rock,,tektonische Brekzie,,
,42511,Mineral,,Chalkopyrit,,
,42511,Mineral,,Galenit,,
,42511,Mineral,,Sphalerit,,
42475,,,Tennantit,Tennantit,Deutschland,Sachsen
,42475,Mineral,,Tennantit,,
,42475,Ore,,Ag-Sulfid-Erz - Gang-Typ,,
41113,,,Markasit,Markasit,Vereinigte Staaten von Amerika (USA),Missouri
,41113,Mineral,,Sphalerit,,
,41113,Mineral,,Markasit,,
,41113,Rock,,Impaktbrekzie,,
41434,,,Chalkopyrit,Chalkopyrit,Peru,Moquegua / Moqwegwa / Muqiwa
,41434,Ore,,Cu-Sulfid-Erz - Porphyr-Typ,,
,41434,Mineral,,Chalkopyrit,,
42285,,,Magnetit,Magnetit,Schweden,Norrbottens län
,42285,Mineral,,Magnetit,,
,42285,Mineral,,Hämatit,,
,42285,Ore,,Fe-Erz magnetitisch - Kiruna-Typ,,
32510,,Ore,Co-Cu-Sulfarseniderz - metamorph,,Schweiz,Wallis
,32510,Mineral,,Fahlerz,,
,32510,Mineral,,Azurit,,
,32510,Ore,,Co-Cu-Sulfarseniderz - metamorph,,
32972,,Ore,Co-Cu-Sulfarseniderz - metamorph,,Schweiz,Wallis
,32972,Mineral,,Nickel-Skutterudit,,
,32972,Ore,,Co-Cu-Sulfarseniderz - metamorph,,
,32972,Mineral,,Siderit,,
,32972,Mineral,,Chloanthit Erythrin,,
26971,,Ore,"Co-Ni-Erz, arsenidisch - Co-Ni-Bi-Ag-U-Erzgang",,Deutschland,Baden-Württemberg
,26971,Mineral,,Ankerit,,
,26971,Ore,,"Co-Ni-Erz, arsenidisch - Co-Ni-Bi-Ag-U-Erzgang",,
,26971,Mineral,,Florencit-(Ce),,
,26971,Mineral,,Löllingit,,
,26971,Mineral,,Skutterudit,,
,26971,Mineral,,Safflorit,,
43218,,,Quarz,Quarz,Schweiz,Bern
,43218,Mineral,,Quarz,,
,43218,Rock,,Granodiorit,,
,43218,Mineral,,Goethit,,
,43218,Mineral,,Ankerit,,
,43218,Mineral,,Rauchquarz Siderit,,
34641,,Rock,Granit,,Schweiz,Uri
,34641,Mineral,,Chlorit,,
,34641,Rock,,Granit,,
,34641,Mineral,,Quarz,,
29307,,Rock,Websterit (Mantelgestein),,Südafrika,Free State / Vrystaat / Freyistata / Fuleyisitata
,29307,Rock,,Websterit (Mantelgestein),,
,29307,Mineral,,Enstatit,,
,29307,Mineral,,Pyrop,,
,29307,Mineral,,Diopsid,,
36827,,Ore,Au-U-Konglomerat - Witwatersrand-Typ,,Südafrika,Free State / Vrystaat / Freyistata / Fuleyisitata
,36827,Ore,,Au-U-Konglomerat - Witwatersrand-Typ,,
,36827,Mineral,,Pyrit,,
32169,,Ore,Fe-Erz hämatitisch - SEDEX,,Schweiz,St. Gallen
,32169,Mineral,,Hämatit,,
,32169,Ore,,Fe-Erz hämatitisch - SEDEX,,
40436,,,Galenit,Galenit,Vereinigte Staaten von Amerika (USA),Missouri
,40436,Ore,,Pb-Sulfid-Erz - MVT,,
,40436,Mineral,,Galenit,,
11444,,,Bornit,Bornit,Schweiz,Glarus
,11444,Mineral,,Bornit,,
,11444,Ore,,Cu-Sulfid-Erz - Redbed-Typ,,
,11444,Mineral,,Chalkopyrit,,
41276,,,Sphalerit,Sphalerit,Peru,Junín / Junin / Hunin
,41276,Ore,,Pb-Zn-Sulfid-Erz - Gang-Typ,,
,41276,Mineral,,Baryt,,
,41276,Mineral,,Sphalerit,,
,41276,Mineral,,Galenit,,
3758,,,Serpentin,Serpentin,Schweiz,Wallis
,3758,Mineral,,undefiniert,,
,3758,Rock,,Serpentinit,,
,3758,Mineral,,Serpentin,,
41518,,,Kassiterit,Kassiterit,Australien,Tasmania
,41518,Mineral,,Pyrrhotin,,
,41518,Mineral,,Kassiterit,,
,41518,Mineral,,Sphalerit,,
,41518,Ore,,Sn-Zn-Cu-Fe-Erz - Skarn-Typ,,
7539,,Ore,Pb-Zn-Cu-Sulfid-Erz - Gang-Typ,,Peru,
,7539,Mineral,,Galenit,,
,7539,Mineral,,Sphalerit,,
,7539,Mineral,,Tetraedrit,,
,7539,Mineral,,Calcit,,
,7539,Mineral,,Pyrit,,
,7539,Mineral,,Quarz,,
,7539,Ore,,Pb-Zn-Cu-Sulfid-Erz - Gang-Typ,,
32723,,Ore,Co-Cu-Sulfarseniderz - metamorph,,Schweiz,Wallis
,32723,Ore,,Co-Cu-Sulfarseniderz - metamorph,,
,32723,Mineral,,Fahlerz,,
31107,,Ore,Pb-Zn-Sulfid-Erz - SEDEX,,Deutschland,Niedersachsen
,31107,Mineral,,Sphalerit,,
,31107,Mineral,,Pyrit,,
,31107,Mineral,,Galenit,,
,31107,Ore,,Pb-Zn-Sulfid-Erz - SEDEX,,
36848,,Ore,Cr-PGE-Erz - kontinental mafisch-magmatisch,,Südafrika,
,36848,Ore,,Cr-PGE-Erz - kontinental mafisch-magmatisch,,
,36848,Mineral,,Chromit,,
42300,,Rock,Calcit-Marmor,,Schweiz,Graubünden
,42300,Rock,,Calcit-Marmor,,
,42300,Mineral,,Calcit,,
41139,,Rock,Impaktbrekzie,,Vereinigte Staaten von Amerika (USA),Missouri
,41139,Rock,,Impaktbrekzie,,
,41139,Mineral,,Quarz,,
42430,,,Sphalerit,Sphalerit,Slowakei,Banskobystrický (Banskobystricky )
,42430,Mineral,,Sphalerit,,
,42430,Mineral,,Quarz,,
,42430,Ore,,Zn-Sulfid-Erz - Gang-Typ,,
41432,,,Chalkopyrit,Chalkopyrit,Peru,Moquegua / Moqwegwa / Muqiwa
,41432,Mineral,,Chalkopyrit,,
,41432,Mineral,,Hämatit,,
,41432,Ore,,Cu-Sulfid-Erz - Porphyr-Typ,,
,41432,Mineral,,Pyrit,,
40541,,,Kupfer,Kupfer,Vereinigte Staaten von Amerika (USA),Michigan
,40541,Rock,,Basalt s.l.,,
,40541,Mineral,,Kupfer,,
,40541,Ore,,Cu-Metall-Erz - Michigan-Typ,,
40789,,,Kupfer,Kupfer,Vereinigte Staaten von Amerika (USA),Michigan
,40789,Rock,,Konglomerat,,
,40789,Ore,,Cu-Metall-Erz - Michigan-Typ,,
,40789,Mineral,,Kupfer,,
41154,,,Baryt,Baryt,Kanada,Nova Scotia / Nouvelle-Écosse (Nouvelle-Ecosse)
,41154,Mineral,,Baryt,,
,41154,Ore,,Baryt-Erz - undefiniert,,
33593,,Ore,"Mn-Erz, silikatisch - metamorph",,Schweiz,Graubünden
,33593,Mineral,,Sursassit,,
,33593,Ore,,"Mn-Erz, silikatisch - metamorph",,
40795,,,Kupfer,Kupfer,Vereinigte Staaten von Amerika (USA),Michigan
,40795,Rock,,Basalt s.l.,,
,40795,Ore,,Cu-Metall-Erz - Michigan-Typ,,
,40795,Mineral,,Kupfer,,
,40795,Mineral,,Epidot,,
42347,,,Nephelin,Nephelin,Südafrika,Gauteng / Rhawuti
,42347,Rock,,Syenit,,
,42347,Mineral,,Nephelin,,
42466,,,Baryt,Baryt,Deutschland,Sachsen
,42466,Ore,,Barytgang - Ba-F-Formation,,
,42466,Mineral,,Baryt,,
,42466,Rock,,Gneis s.l.,,
40819,,,Chalkopyrit,Chalkopyrit,Spanien,Galicia
,40819,Mineral,,Pyrrhotin,,
,40819,Mineral,,Chalkopyrit,,
,40819,Ore,,Cu-Sulfid-Erz - metamorph,,
40019,,Rock,Fulgurit allgemein,,Saudi-Arabien,
,40019,Mineral,,Lechatelierit,,
,40019,Mineral,,Silikat-Glas,,
,40019,Rock,,Fulgurit allgemein,,
40434,,,Galenit,Galenit,Vereinigte Staaten von Amerika (USA),Missouri
,40434,Ore,,Pb-Sulfid-Erz - MVT,,
,40434,Mineral,,Galenit,,
38375,,,Goethit,Goethit,Schweiz,Aargau
,38375,Mineral,,Goethit,,
,38375,Ore,,"Fe-Erz, pisolithisch",,
6946,,,Chalkopyrit,Chalkopyrit,Schweiz,Wallis
,6946,Ore,,Co-Cu-Sulfarseniderz - metamorph,,
,6946,Mineral,,Chalkopyrit,,
,6946,Mineral,,Fahlerz,,
30182,,Ore,"Pyriterz, massiv",,Schweiz,Bern
,30182,Mineral,,Pyrit,,
,30182,Ore,,"Pyriterz, massiv",,
42750,,,Pyrit,Pyrit,Südafrika,Gauteng / Rhawuti
,42750,Rock,,Konglomerat,,
,42750,Ore,,Au-U-Konglomerat - Witwatersrand-Typ,,
,42750,Mineral,,Pyrit,,
40361,,,Sphalerit,Sphalerit,Vereinigte Staaten von Amerika (USA),
,40361,Ore,,Zn-Sulfid-Erz - MVT,,
,40361,Mineral,,Sphalerit,,
28183,,,Montmorillonit,Montmorillonit,Schweiz,Thurgau
,28183,Mineral,,Montmorillonit,,
,28183,Rock,,Bentonit,,
41677,,,Chromit,Chromit,Südafrika,Limpopo
,41677,Mineral,,Chromit,,
,41677,Rock,,Pyroxenit s.l. (plutonisch),,
,41677,Ore,,Cr-Erz - kontinental mafisch-magmatisch,,
4962,,,Goethit,Goethit,Schweiz,Aargau
,4962,Mineral,,Goethit,,
,4962,Ore,,"Fe-Erz, pisolithisch",,
41060,,,Hämatit,Hämatit,Vereinigte Staaten von Amerika (USA),Missouri
,41060,Ore,,Fe-Erz magnetitisch - Skarn-Typ,,
,41060,Mineral,,Hämatit,,
39171,,Ore,Reduktionshof,,Schweiz,Zürich
,39171,Mineral,,Roscoelith,,
,39171,Mineral,,Uraninit,,
,39171,Mineral,,Pechblende,,
,39171,Ore,,Reduktionshof,,
42922,,,Phlogopit,Phlogopit,Südafrika,Northern Cape / Noord-Kaap / Mntla-Koloni / Nyakatho-Kapa
,42922,Mineral,,Phlogopit,,
,42922,Rock,,Glimmerit (plutonisch),,
34401,,Rock,Granit,,Schweiz,Uri
,34401,Mineral,,Titanit,,
,34401,Mineral,,Allanit-(Ce),,
,34401,Rock,,Granit,,
,34401,Mineral,,Chlorit,,
32607,,Ore,Cu-Sulfid-Erz - Gang-Typ,,Schweiz,Wallis
,32607,Mineral,,Fahlerz,,
,32607,Ore,,Cu-Sulfid-Erz - Gang-Typ,,
,32607,Mineral,,Chalkopyrit,,
41865,,,Biotit,Biotit,Slowakei,Banskobystrický (Banskobystricky )
,41865,Mineral,,Biotit,,
,41865,Mineral,,Sanidin,,
,41865,Rock,,Pechstein,,
41183,,,ohne Namen,ohne Namen,Vereinigte Staaten von Amerika (USA),
,41183,Ore,,noch nicht angegeben,,
,41183,Mineral,,ohne Namen,,
,41183,Mineral,,(s. Objektbemerkung),,
39418,,,Calcit,Calcit,Schweiz,Bern
,39418,Rock,,Sandstein,,
,39418,Mineral,,Calcit,,
40477,,,Sphalerit,Sphalerit,Vereinigte Staaten von Amerika (USA),Illinois
,40477,Mineral,,Fluorit,,
,40477,Ore,,Zn-Sulfid-Erz - MVT,,
,40477,Mineral,,Sphalerit,,
36392,,Rock,Gneis s.l.,,Schweiz,Uri
,36392,Rock,,Gneis s.l.,,
,36392,Mineral,,Pyrit,,
39051,,Rock,Sturmstaub,,Schweiz,Bern
,39051,Rock,,Sturmstaub,,
,39051,Mineral,,Illit Kaolinit,,
,39051,Mineral,,Quarz,,
,39051,Mineral,,Muskovit,,
41651,,,Olivin,Olivin,Südafrika,Limpopo
,41651,Mineral,,Olivin allgemein Fayalit,,
,41651,Mineral,,Olivin,,
,41651,Rock,,Dunit (plutonisch),,
33592,,Ore,"Mn-Erz, silikatisch - metamorph",,Schweiz,Graubünden
,33592,Mineral,,Parsettensit,,
,33592,Ore,,"Mn-Erz, silikatisch - metamorph",,
42533,,,Baryt,Baryt,Deutschland,Bayern
,42533,Ore,,PGE-Erz - kontinental mafisch-magmatisch,,
,42533,Mineral,,Fluorit,,
,42533,Mineral,,Baryt,,
,42533,Mineral,,Quarz,,
41203,,,Sphalerit,Sphalerit,Peru,
,41203,Mineral,,Pyrit,,
,41203,Ore,,Pb-Zn-Cu-Sulfid-Erz - Gang-Typ,,
,41203,Mineral,,Chalkopyrit,,
,41203,Rock,,Rhyolith,,
,41203,Mineral,,Sphalerit,,
,41203,Mineral,,Galenit,,
41856,,,Biotit,Biotit,Slowakei,Banskobystrický (Banskobystricky )
,41856,Rock,,Pechstein,,
,41856,Mineral,,Sanidin,,
,41856,Mineral,,Biotit,,
,41856,Mineral,,Quarz,,
42660,,,Pyrit,Pyrit,Italien,Piemonte
,42660,Mineral,,Pyrit,,
,42660,Ore,,"Au-Erz, pyritisch - Gang-Typ",,
,42660,Mineral,,Arsenopyrit,,
40934,,,Sphalerit,Sphalerit,Deutschland,Baden-Württemberg
,40934,Mineral,,Sphalerit,,
,40934,Ore,,Pb-Zn-Sulfid-Erz - MVT,,
,40934,Mineral,,Baryt,,
,40934,Mineral,,Jordanit,,
,40934,Mineral,,Galenit,,
42080,,,Akanthit,Akanthit,Mexiko,México (Mexico)
,42080,Mineral,,Quarz,,
,42080,Mineral,,Akanthit,,
,42080,Mineral,,Polybasit,,
,42080,Ore,,Ag-Sulfid-Erz - Gang-Typ,,
,42080,Mineral,,Pyrit,,
41498,,,Quarz,Quarz,Japan,Hokkaido / Hokkaidô
,41498,Mineral,,Rhomboklas,,
,41498,Mineral,,Baryt,,
,41498,Mineral,,Pyrit,,
,41498,Mineral,,Quarz,,
,41498,Mineral,,Schwefel,,
,41498,Rock,,Sandstein,,
39247,,Ore,Reduktionshof,,Grossbritannien / Vereinigtes Königreich,England
,39247,Mineral,,Roscoelith,,
,39247,Mineral,,Nickelin,,
,39247,Mineral,,Domeykit,,
,39247,Ore,,Reduktionshof,,
,39247,Mineral,,Covellin,,
,39247,Mineral,,Uraninit,,
,39247,Mineral,,Coffinit,,
,39247,Mineral,,Safflorit,,
,39247,Mineral,,Montroseit,,
53916,,Ore,Bauxit,Bauxit,Schweiz,Bern
,53916,Mineral,,Hämatit,,
,53916,Mineral,,Magnetit,,
,53916,Ore,,Bauxit,,
41331,,,Revoredoit,Revoredoit,Peru,
,41331,Ore,,Pb-Sulfarseniderz - Gang-Typ,,
,41331,Mineral,,Revoredoit,,
42258,,,Spodumen,Spodumen,Schweden,Stockholms län
,42258,Ore,,Lithium-Pegmatit,,
,42258,Rock,,Granitpegmatit,,
,42258,Mineral,,Spodumen,,
42280,,Ore,Fe-Erz magnetitisch - Kiruna-Typ,Fe-Erz magnetitisch - Kiruna-Typ,Schweden,Norrbottens län
,42280,Ore,,Fe-Erz magnetitisch - Kiruna-Typ,,
,42280,Mineral,,Magnetit,,
39545,,,Quarz,Quarz,Frankreich,Marne
,39545,Rock,,Kalktuff,,
,39545,Mineral,,Quarz,,
,39545,Mineral,,Chalcedon/Chert,,
40479,,,Prehnit,Prehnit,Vereinigte Staaten von Amerika (USA),Michigan
,40479,Mineral,,Prehnit,,
,40479,Mineral,,Kupfer,,
,40479,Ore,,Cu-Metall-Erz - Michigan-Typ,,
33605,,,Silikat-Glas,Silikat-Glas,Russland (Russische Föderation),Krasnoyarsk / Krasnojarskij / Krasnoyarskiy
,33605,Rock,,Biotit-Granat-Gneis,,
,33605,Mineral,,Diamant,,
,33605,Mineral,,Silikat-Glas,,
,33605,Mineral,,Saponit,,
,33605,Mineral,,Graphit,,
7561,,,Goethit,Goethit,Schweiz,Aargau
,7561,Rock,,Eisenoolith,,
,7561,Mineral,,Goethit,,
,7561,Ore,,Fe-Oolith - Allgemein,,
42523,,,Goethit,Goethit,Deutschland,Rheinland-Pfalz
,42523,Mineral,,Goethit,,
,42523,Ore,,Fe-Erz sideritisch oxidiert - Gang-Typ,,
43101,,,ohne Namen,ohne Namen,Iran,Hamadān (Hamadan)
,43101,Ore,,noch nicht angegeben,,
,43101,Mineral,,ohne Namen,,
,43101,Mineral,,(s. Objektbemerkung),,
32608,,Ore,Cu-Sulfid-Erz - Gang-Typ,,Schweiz,Wallis
,32608,Ore,,Cu-Sulfid-Erz - Gang-Typ,,
,32608,Mineral,,Azurit,,
34594,,Rock,Granit,,Schweiz,Uri
,34594,Mineral,,Calcit,,
,34594,Mineral,,Hämatit,,
,34594,Mineral,,Quarz,,
,34594,Mineral,,Fluorit,,
,34594,Rock,,Granit,,
34210,,,Aktinolith,Aktinolith,Schweiz,Uri
,34210,Mineral,,Orthoklas,,
,34210,Mineral,,Amiant Albit,,
,34210,Rock,,Amphibolit,,
,34210,Mineral,,Aktinolith,,
,34210,Mineral,,Adular,,
38163,,,Almandin,Almandin,Oesterreich,Tirol
,38163,Mineral,,Biotit,,
,38163,Mineral,,Almandin,,
,38163,Rock,,Biotit-Schiefer,,
31100,,Ore,Pb-Sulfid-Erz - MVT (Sandstein),,Schweden,Norrbottens län
,31100,Mineral,,Quarz,,
,31100,Mineral,,Galenit,,
,31100,Ore,,Pb-Sulfid-Erz - MVT (Sandstein),,
42088,,,Pyrargyrit,Pyrargyrit,Mexiko,México (Mexico)
,42088,Mineral,,Pyrargyrit,,
,42088,Mineral,,Sphalerit,,
,42088,Mineral,,Stephanit,,
,42088,Ore,,Ag-Sulfid-Erz - Gang-Typ,,
42412,,,Cinnabarit,Cinnabarit,Bosnien-Herzegowina,Federacija Bosne i Hercegovine
,42412,Mineral,,Cinnabarit,,
,42412,Rock,,Kalkstein,,
42525,,,Boulangerit,Boulangerit,Deutschland,Rheinland-Pfalz
,42525,Ore,,Pb-Sb-Sulfid-Erz - Gang-Typ,,
,42525,Mineral,,Boulangerit,,
,42525,Mineral,,Galenit,,
7639,,,Chalkopyrit,Chalkopyrit,Schweiz,Wallis
,7639,Ore,,Co-Cu-Sulfarseniderz - metamorph,,
,7639,Mineral,,Chalkopyrit,,
,7639,Mineral,,Fahlerz,,
37781,,Rock,Phonolith,,Deutschland,Baden-Württemberg
,37781,Mineral,,Montmorillonit,,
,37781,Rock,,Phonolith,,
11790,,Rock,Serpentinit,,_keinem Land zugeordnet,
,11790,Mineral,,Serpentin,,
,11790,Mineral,,undefiniert,,
,11790,Rock,,Serpentinit,,
33167,,,Quarz,Quarz,Schweiz,Bern
,33167,Mineral,,Quarz,,
,33167,Mineral,,Calcit,,
,33167,Rock,,Sandstein,,
32693,,Rock,Amphibolit,,Schweiz,Wallis
,32693,Mineral,,Plagioklas,,
,32693,Mineral,,Hornblende,,
,32693,Rock,,Amphibolit,,
,32693,Mineral,,undefiniert,,
41703,,,Chromit,Chromit,Südafrika,Limpopo
,41703,Rock,,Anorthosit,,
,41703,Mineral,,Chromit,,
42905,,,Phlogopit,Phlogopit,Südafrika,Northern Cape / Noord-Kaap / Mntla-Koloni / Nyakatho-Kapa
,42905,Mineral,,Phlogopit,,
,42905,Mineral,,Ilmenit,,
,42905,Mineral,,Olivin allgemein,,
,42905,Mineral,,Olivin,,
,42905,Rock,,Kimberlit phlogopitführend - allgemein,,
40772,,,Kupfer,Kupfer,Vereinigte Staaten von Amerika (USA),Michigan
,40772,Ore,,Cu-Metall-Erz - Michigan-Typ,,
,40772,Mineral,,Kupfer,,
,40772,Mineral,,Epidot,,
,40772,Mineral,,Calcit,,
,40772,Rock,,Basalt s.l.,,
40521,,,Galenit,Galenit,Schweden,Västerbottens län (Vasterbottens)
,40521,Mineral,,Galenit,,
,40521,Ore,,Pb-Zn-Sulfid-Erz - SEDEX,,
,40521,Mineral,,Sphalerit,,
42580,,,Stibnit,Stibnit,Oesterreich,Kärnten
,42580,Mineral,,Stibnit,,
,42580,Ore,,Sb-Sulfid-Erz - Gang-Typ,,
42006,,,Quarz,Quarz,Schweiz,Bern
,42006,Rock,,Konkretionen,,
,42006,Mineral,,Apatit,,
,42006,Mineral,,Quarz,,
,42006,Mineral,,Pyrit,,
,42006,Mineral,,Chamosit,,
,42006,Mineral,,Siderit,,
40207,,,Quarz,Quarz,Island,
,40207,Mineral,,Quarz,,
,40207,Rock,,Andesit,,
,40207,Mineral,,Chalcedon/Chert Hämatit,,
34092,,,Quarz,Quarz,Schweiz,Uri
,34092,Rock,,noch nicht angegeben,,
,34092,Mineral,,Orthoklas,,
,34092,Mineral,,Adular,,
,34092,Mineral,,Albit,,
,34092,Mineral,,Quarz,,
22166,,,Natrolith,Natrolith,Italien,Veneto
,22166,Mineral,,Apophyllit,,
,22166,Mineral,,Analcim,,
,22166,Rock,,Basalt s.l.,,
,22166,Mineral,,Natrolith,,
41260,,,Bournonit,Bournonit,Peru,Huancavelica / Wankawelika / Wankawillka
,41260,Mineral,,Bournonit,,
,41260,Ore,,Pb-Cu-Ag-Sb-Bi-As-Sulfiderz - Gang-Typ,,
34171,,,Aktinolith,Aktinolith,Schweiz,Uri
,34171,Mineral,,Aktinolith,,
,34171,Rock,,Amphibolit,,
,34171,Mineral,,Amiant Quarz,,
43416,,,Kassiterit,Kassiterit,Schweiz,Bern
,43416,Mineral,,Kassiterit,,
,43416,Rock,,Granitpegmatit - Lithium-Pegmatit,,
39214,,Ore,Reduktionshof,,Vereinigte Staaten von Amerika (USA),Colorado
,39214,Ore,,Reduktionshof,,
,39214,Mineral,,Hämatit,,
,39214,Mineral,,Pyrit,,
,39214,Mineral,,Roscoelith,,
,39214,Mineral,,Uraninit,,
41573,,,Sphalerit,Sphalerit,"China, Volksrepublik",Liaoning
,41573,Ore,,Zn-Sulfid-Erz - MVT,,
,41573,Mineral,,Dolomit,,
,41573,Mineral,,Sphalerit,,
42726,,,Pyrit,Pyrit,Südafrika,Gauteng / Rhawuti
,42726,Rock,,Konglomerat,,
,42726,Mineral,,Pyrit,,
,42726,Ore,,Au-U-Konglomerat - Witwatersrand-Typ,,
41049,,,Hämatit,Hämatit,Vereinigte Staaten von Amerika (USA),Missouri
,41049,Mineral,,Epidot,,
,41049,Ore,,Fe-Erz magnetitisch - Skarn-Typ,,
,41049,Mineral,,Hämatit,,
,41049,Rock,,Rhyolith,,
11740,,Rock,Anhydrit-Gesteine,,Schweiz,Wallis
,11740,Rock,,Anhydrit-Gesteine,,
,11740,Mineral,,Aktinolith,,
,11740,Mineral,,Biotit,,
,11740,Mineral,,Anhydrit,,
32866,,Ore,Co-Cu-Sulfarseniderz - metamorph,,Schweiz,Wallis
,32866,Mineral,,Malachit,,
,32866,Mineral,,Quarz,,
,32866,Mineral,,Chalkopyrit,,
,32866,Ore,,Co-Cu-Sulfarseniderz - metamorph,,
40947,,,Scheelit,Scheelit,Oesterreich,Salzburg
,40947,Mineral,,Scheelit,,
,40947,Ore,,Scheeliterz - metamorph,,
39162,,Ore,Reduktionshof,,Schweiz,Zürich
,39162,Mineral,,Nickelin,,
,39162,Ore,,Reduktionshof,,
,39162,Mineral,,Safflorit,,
,39162,Mineral,,Rammelsbergit,,
34877,,Ore,Pb-Zn-Sulfid-Erz - SEDEX,,Frankreich,Corse-du-Sud
,34877,Mineral,,Galenit,,
,34877,Mineral,,Sphalerit,,
,34877,Ore,,Pb-Zn-Sulfid-Erz - SEDEX,,
,34877,Mineral,,Pyrit,,
,34877,Mineral,,Chalkopyrit,,
41240,,,Bornit,Bornit,Peru,Lima
,41240,Mineral,,Bornit,,
,41240,Ore,,Cu-Sulfid-Erz - Gang-Typ,,
,41240,Mineral,,Chalkopyrit,,
32267,,Ore,Cu-Sulfid-Erz - Gang-Typ,,Schweiz,Graubünden
,32267,Mineral,,Hämatit,,
,32267,Mineral,,Chalkopyrit,,
,32267,Mineral,,Chlorit,,
,32267,Mineral,,Malachit,,
,32267,Ore,,Cu-Sulfid-Erz - Gang-Typ,,
,32267,Mineral,,Calcit,,
11437,,,Bornit,Bornit,Schweiz,Glarus
,11437,Ore,,Cu-Sulfid-Erz - Redbed-Typ,,
,11437,Mineral,,Malachit,,
,11437,Mineral,,Bornit,,
31105,,Ore,Au-U-Konglomerat - Witwatersrand-Typ,,Südafrika,
,31105,Ore,,Au-U-Konglomerat - Witwatersrand-Typ,,
,31105,Mineral,,Uraninit,,
,31105,Mineral,,Thucholith,,
33817,,,Goethit,Goethit,Australien,Northern Territory
,33817,Mineral,,Mimetesit,,
,33817,Mineral,,Coronadit,,
,33817,Ore,,Fe-Erz limonitisch - Eiserner Hut,,
,33817,Mineral,,Goethit,,
33272,,,Pyrit,Pyrit,Schweiz,Bern
,33272,Rock,,Mergelschiefer,,
,33272,Mineral,,Pyrit,,
41708,,,Chromit,Chromit,Südafrika,
,41708,Rock,,Anorthosit,,
,41708,Ore,,Cr-Erz - kontinental mafisch-magmatisch,,
,41708,Mineral,,Chromit,,
41515,,,Kassiterit,Kassiterit,Malaysia,Pahang
,41515,Mineral,,Kassiterit,,
,41515,Ore,,"Sn-Erz, oxidisch - Gang-Typ Greisen",,
,41515,Mineral,,Quarz,,
25299,,,Forsterit,Forsterit,Kamerun,
,25299,Mineral,,Augit,,
,25299,Mineral,,Forsterit,,
,25299,Rock,,Lherzolith (plutonisch),,
42728,,,Pyrit,Pyrit,Südafrika,Gauteng / Rhawuti
,42728,Mineral,,Pyrit,,
,42728,Rock,,Konglomerat,,
,42728,Ore,,Au-U-Konglomerat - Witwatersrand-Typ,,
39688,,Rock,Sövit (Cc-K.),,Deutschland,Baden-Württemberg
,39688,Mineral,,Calcit,,
,39688,Rock,,Sövit (Cc-K.),,
,39688,Mineral,,Pyrochlor,,
,39688,Mineral,,Magnesioferrit,,
32705,,,Nickelin,Nickelin,Schweiz,Wallis
,32705,Mineral,,Siderit,,
,32705,Ore,,Co-Cu-Sulfarseniderz - metamorph,,
,32705,Mineral,,Nickelin,,
42654,,,Stibnit,Stibnit,Italien,Toscana
,42654,Ore,,Sb-Sulfid-Erz - Gang-Typ,,
,42654,Mineral,,Stibnit,,
42470,,,Galenit,Galenit,Deutschland,Sachsen
,42470,Mineral,,Galenit,,
,42470,Mineral,,Helvin,,
,42470,Ore,,Pb-Zn-Sulfid-Erz - Gang-Typ,,
,42470,Mineral,,Pyrit,,
,42470,Mineral,,Chlorit,,
33332,,,Vivianit,Vivianit,Schweiz,Tessin
,33332,Rock,,Granitpegmatit,,
,33332,Mineral,,Vivianit,,
,33332,Mineral,,Graftonit,,
32386,,Ore,Pb-Zn-Sulfid-Erz - Gang-Typ,,Schweiz,Wallis
,32386,Mineral,,Sphalerit,,
,32386,Mineral,,Galenit,,
,32386,Ore,,Pb-Zn-Sulfid-Erz - Gang-Typ,,
39218,,Ore,Reduktionshof,,Vereinigte Staaten von Amerika (USA),Utah
,39218,Ore,,Reduktionshof,,
,39218,Mineral,,Roscoelith,,
35059,,,Dolomit,Dolomit,Liechtenstein,
,35059,Mineral,,Dolomit,,
,35059,Rock,,Dolomit-Rhythmit,,
40178,,,Analcim,Analcim,Australien,New South Wales
,40178,Mineral,,Chlorit,,
,40178,Mineral,,Natrolith,,
,40178,Mineral,,Analcim,,
,40178,Rock,,Basalt s.l.,,
42111,,,Malachit,Malachit,Mexiko,Michoacán de Ocampo (Michoacan de Ocampo)
,42111,Mineral,,Malachit,,
,42111,Ore,,Cu-Sulfid-Erz - zementativ,,
41288,,,Pyrit,Pyrit,Peru,
,41288,Ore,,Pyrit-Erz - Gang-Typ,,
,41288,Mineral,,Pyrit,,
40230,,,Calcit,Calcit,Jordanien,
,40230,Rock,,Schockmetamorpher Kalkstein,,
,40230,Mineral,,Calcit,,
42330,,Rock,Ophicarbonat,,Schweiz,Graubünden
,42330,Mineral,,Hämatit,,
,42330,Rock,,Ophicarbonat,,
,42330,Mineral,,Calcit,,
,42330,Mineral,,Chrysotil,,
,42330,Mineral,,Lizardit,,
33911,,,Quarz,Quarz,Kanada,Ontario
,33911,Mineral,,Feldspat,,
,33911,Mineral,,Quarz,,
,33911,Rock,,Granitpegmatit,,
33227,,,Quarz,Quarz,Schweiz,Bern
,33227,Mineral,,Quarz,,
,33227,Rock,,Mergelschiefer,,
32490,,Ore,Co-Cu-Sulfarseniderz - metamorph,,Schweiz,Wallis
,32490,Mineral,,Wismut,,
,32490,Ore,,Co-Cu-Sulfarseniderz - metamorph,,
,32490,Mineral,,Kobaltit,,
40433,,,Chalkopyrit,Chalkopyrit,Vereinigte Staaten von Amerika (USA),Missouri
,40433,Mineral,,Chalkopyrit,,
,40433,Ore,,Cu-Sulfid-Erz - MVT,,
,40433,Mineral,,Siegenit,,
26969,,,U-Erz - Gang-Typ allgemein,,Vereinigte Staaten von Amerika (USA),Colorado
,26969,Mineral,,Orthoklas,,
,26969,Mineral,,Mo-Cu-Sulfid,,
,26969,Ore,,U-Erz - Gang-Typ allgemein,,
,26969,Mineral,,Uraninit,,
,26969,Mineral,,Adular,,
,26969,Mineral,,Calcit,,
,26969,Mineral,,Pechblende Pyrit,,
,26969,Rock,,Gneis s.l.,,
32060,,Ore,"Fe-Erz, pisolithisch",,Schweiz,Solothurn
,32060,Mineral,,Limonit,,
,32060,Mineral,,undef. Eisenhydroxid,,
,32060,Ore,,"Fe-Erz, pisolithisch",,
32509,,Ore,Co-Cu-Sulfarseniderz - metamorph,,Schweiz,Wallis
,32509,Ore,,Co-Cu-Sulfarseniderz - metamorph,,
,32509,Mineral,,Fahlerz,,
,32509,Mineral,,Pyrit,,
38938,,,Eudialyt,Eudialyt,Kanada,Quebec / Québec
,38938,Mineral,,Agrellit,,
,38938,Mineral,,Eudialyt,,
,38938,Rock,,Gabbro,,
41831,,Rock,Kalksilikatfels,,Oesterreich,
,41831,Mineral,,Andradit,,
,41831,Mineral,,Hedenbergit,,
,41831,Mineral,,Magnetit,,
,41831,Rock,,Kalksilikatfels,,
,41831,Mineral,,Calcit,,
32382,,Ore,Pb-Zn-Sulfid-Erz - Gang-Typ,,Schweiz,Wallis
,32382,Mineral,,Sphalerit,,
,32382,Mineral,,Galenit,,
,32382,Ore,,Pb-Zn-Sulfid-Erz - Gang-Typ,,
34465,,,Apatit,Apatit,Schweiz,Uri
,34465,Mineral,,Epidot,,
,34465,Mineral,,Titanit,,
,34465,Mineral,,Chlorit,,
,34465,Mineral,,Quarz,,
,34465,Mineral,,Apatit,,
,34465,Rock,,Granit,,
32850,,,Chlorit,Chlorit,Schweiz,Tessin
,32850,Mineral,,Chlorit,,
,32850,Rock,,Gneis s.l.,,
42881,,,Hämatit,Hämatit,Simbabwe / Zimbabwe,Midlands
,42881,Mineral,,Magnetit,,
,42881,Mineral,,Hämatit,,
,42881,Rock,,Chert,,
40509,,,Enargit,Enargit,Südafrika,Limpopo
,40509,Mineral,,Enargit,,
,40509,Mineral,,Chalkopyrit,,
,40509,Mineral,,Pyrit,,
,40509,Ore,,Cu-Sulfid-Erz - karbonatitisch,,
39066,,Ore,Reduktionshof,,Schweiz,Aargau
,39066,Ore,,Reduktionshof,,
,39066,Mineral,,Roscoelith,,
32694,,Rock,Amphibolit,,Schweiz,Wallis
,32694,Rock,,Amphibolit,,
,32694,Mineral,,Hornblende,,
,32694,Mineral,,undefiniert,,
41339,,,Enargit,Enargit,Peru,
,41339,Mineral,,Enargit,,
,41339,Ore,,Cu-Sulfid-Erz - Gang-Typ,,
,41339,Mineral,,Pyrit,,
41687,,,Chromit,Chromit,Südafrika,Limpopo
,41687,Mineral,,Chromit,,
,41687,Ore,,Cr-PGE-Erz - kontinental mafisch-magmatisch,,
31091,,Ore,Fe-Oxid-Erz - Superior-BIF,,Vereinigte Staaten von Amerika (USA),Minnesota
,31091,Ore,,Fe-Oxid-Erz - Superior-BIF,,
,31091,Mineral,,Magnetit,,
,31091,Mineral,,Hämatit,,
41566,,,Bornit,Bornit,Marokko,
,41566,Ore,,Cu-Sulfid-Erz - Redbed-Typ,,
,41566,Mineral,,Bornit,,
33809,,,Goethit,Goethit,Australien,Victoria
,33809,Mineral,,Goethit,,
,33809,Ore,,Fe-Erz limonitisch - Eiserner Hut,,
41836,,Rock,Spilit,,Deutschland,Hessen
,41836,Mineral,,Prehnit,,
,41836,Mineral,,Calcit,,
,41836,Mineral,,Albit,,
,41836,Rock,,Spilit,,
,41836,Mineral,,Chlorit,,
32730,,Rock,Amphibolit,,Schweiz,Wallis
,32730,Rock,,Amphibolit,,
,32730,Mineral,,Epidot,,
,32730,Mineral,,Hornblende,,
8448,,Rock,Serpentinit,,Schweiz,Wallis
,8448,Rock,,Serpentinit,,
,8448,Mineral,,Serpentin,,
,8448,Mineral,,Asbest,,
42567,,,Pyrrhotin,Pyrrhotin,Deutschland,Baden-Württemberg
,42567,Mineral,,Pyrrhotin,,
,42567,Ore,,Ni-Cu-Sulfid-Erz,,
32875,,Ore,Co-Cu-Sulfarseniderz - metamorph,,Schweiz,Wallis
,32875,Mineral,,Chloanthit,,
,32875,Ore,,Co-Cu-Sulfarseniderz - metamorph,,
,32875,Mineral,,Nickel-Skutterudit,,
34598,,Rock,Granit,,Schweiz,Uri
,34598,Mineral,,Mineral nicht bestimmt,,
,34598,Mineral,,(s. Objektbem.) Chlorit,,
,34598,Mineral,,Fluorit,,
,34598,Mineral,,Zirkon,,
,34598,Rock,,Granit,,
34392,,,Calcit,Calcit,Schweiz,Uri
,34392,Mineral,,Chlorit,,
,34392,Mineral,,Muskovit,,
,34392,Mineral,,Calcit,,
,34392,Rock,,Granit,,
32496,,Ore,Co-Cu-Sulfarseniderz - metamorph,,Schweiz,Wallis
,32496,Ore,,Co-Cu-Sulfarseniderz - metamorph,,
,32496,Mineral,,Sphalerit,,
,32496,Mineral,,Galenit,,
,32496,Mineral,,Pyrit,,
42317,,Rock,Metabasalt,,Schweiz,Graubünden
,42317,Mineral,,Albit,,
,42317,Mineral,,Paragonit,,
,42317,Mineral,,Chlorit,,
,42317,Mineral,,Antigorit,,
,42317,Rock,,Metabasalt,,
,42317,Mineral,,Pumpellyit,,
6756,,,Chalkopyrit,Chalkopyrit,Schweiz,Glarus
,6756,Mineral,,Chalkopyrit,,
,6756,Mineral,,Bornit,,
,6756,Ore,,Cu-Sulfid-Erz - Redbed-Typ,,
40127,,Ore,"Au-Sulfid-Erz, pyritisch",,Schweiz,Graubünden
,40127,Ore,,"Au-Sulfid-Erz, pyritisch",,
,40127,Mineral,,Arsenopyrit,,
29396,,Rock,"Kimberlit ""basaltisch"" - allgemein",,Südafrika,Free State / Vrystaat / Freyistata / Fuleyisitata
,29396,Rock,,"Kimberlit ""basaltisch"" - allgemein",,
,29396,Mineral,,Perovskit,,
,29396,Mineral,,Calcit,,
39620,,,Calcit,Calcit,Schweiz,Freiburg
,39620,Rock,,Kalktuff,,
,39620,Mineral,,Calcit,,
43242,,,Malachit,Malachit,Peru,Lima
,43242,Mineral,,Malachit,,
,43242,Ore,,Cu-Oxiderz (inkl. Karbonate etc.) - Oxidationszone,,
40402,,Rock,Tonstein,,Schweiz,Thurgau
,40402,Mineral,,Oellacherit,,
,40402,Mineral,,Quarz,,
,40402,Rock,,Tonstein,,
,40402,Mineral,,Muskovit,,
,40402,Mineral,,Mikroklin,,
40322,,Rock,Konkretionen,,Norwegen,
,40322,Rock,,Konkretionen,,
,40322,Mineral,,Siderit,,
42320,,Rock,Karbonat-Glimmerschiefer,,Schweiz,Graubünden
,42320,Rock,,Karbonat-Glimmerschiefer,,
,42320,Mineral,,Sericit Chlorit,,
,42320,Mineral,,Muskovit,,
,42320,Mineral,,Albit,,
,42320,Mineral,,Quarz,,
,42320,Mineral,,Calcit,,
32690,,Ore,Co-Cu-Sulfarseniderz - metamorph,,Schweiz,Wallis
,32690,Ore,,Co-Cu-Sulfarseniderz - metamorph,,
,32690,Mineral,,Fahlerz,,
37220,,Rock,Dolomit-Rhythmit,,Liechtenstein,
,37220,Rock,,Dolomit-Rhythmit,,
,37220,Mineral,,Dolomit,,
42123,,,Baryt,Baryt,Schweiz,Jura
,42123,Mineral,,Baryt,,
,42123,Rock,,Tonstein,,
43255,,,Limonit,Limonit,Peru,Lima
,43255,Ore,,Cu-Oxiderz (inkl. Karbonate etc.) - Oxidationszone,,
,43255,Mineral,,Limonit,,
,43255,Mineral,,Cuprit,,
,43255,Mineral,,undef. Eisenhydroxid,,
48137,,Rock,Eklogit,,Schweiz,Tessin
,48137,Mineral,,Granat,,
,48137,Mineral,,Diopsid,,
,48137,Rock,,Eklogit,,
,48137,Mineral,,undefiniert,,
,48137,Mineral,,Zoisit,,
,48137,Mineral,,Hornblende,,
,48137,Mineral,,Kyanit,,
41279,,,Chalkopyrit,Chalkopyrit,Peru,Junín / Junin / Hunin
,41279,Mineral,,Galenit,,
,41279,Ore,,Cu-Sulfid-Erz - Gang-Typ,,
,41279,Mineral,,Chalkopyrit,,
,41279,Mineral,,Sphalerit,,
34364,,,Biotit,Biotit,Schweiz,Uri
,34364,Mineral,,Pyrit,,
,34364,Mineral,,Epidot,,
,34364,Mineral,,Biotit,,
,34364,Rock,,Granit,,
43094,,,Mineral nicht bestimmt,Mineral nicht bestimmt,Deutschland,Nordrhein-Westfalen
,43094,Mineral,,Mineral nicht bestimmt,,
,43094,Mineral,,(s. Objektbem.),,
,43094,Ore,,noch nicht angegeben,,
42171,,,Chlorargyrit,Chlorargyrit,Chile,
,42171,Ore,,Polymetallisches Erz,,
,42171,Mineral,,Chlorargyrit,,
32385,,Ore,Pb-Zn-Cu-Sulfid-Erz - Gang-Typ,,Schweiz,Wallis
,32385,Mineral,,Sphalerit,,
,32385,Ore,,Pb-Zn-Cu-Sulfid-Erz - Gang-Typ,,
,32385,Mineral,,Chalkopyrit,,
,32385,Mineral,,Pyrrhotin,,
41694,,Ore,Ni-Cu-PGE-Sulfid-Erz - kontinental mafisch-magmatisch,,Südafrika,Limpopo
,41694,Rock,,Pyroxenit s.l. (plutonisch),,
,41694,Ore,,Ni-Cu-PGE-Sulfid-Erz - kontinental mafisch-magmatisch,,
43840,,Ore,"Au-Erz, polymetallisch - Gang-Typ","Au-Erz, polymetallisch - Gang-Typ",Schweiz,Tessin
,43840,Mineral,,Pyrit,,
,43840,Ore,,"Au-Erz, polymetallisch - Gang-Typ",,
,43840,Mineral,,Arsenopyrit,,
,43840,Mineral,,Chalkopyrit,,
,43840,Mineral,,Gold,,
,43840,Mineral,,Sphalerit,,
42273,,,Aktinolith,Aktinolith,Schweden,Stockholms län
,42273,Mineral,,Aktinolith,,
,42273,Mineral,,Magnetit,,
,42273,Mineral,,Diopsid,,
,42273,Ore,,Fe-Erz magnetitisch - Skarn-Typ,,
43838,,Ore,"Au-Erz, polymetallisch - Gang-Typ","Au-Erz, polymetallisch - Gang-Typ",Schweiz,Tessin
,43838,Mineral,,Sphalerit,,
,43838,Ore,,"Au-Erz, polymetallisch - Gang-Typ",,
,43838,Mineral,,Pyrit,,
,43838,Mineral,,Galenit,,
,43838,Mineral,,Arsenopyrit,,
,43838,Mineral,,Gold,,
30168,,,Jadeit,Jadeit,Schweiz,Bern
,30168,Rock,,Jadeitite,,
,30168,Mineral,,Jadeit,,
42419,,,Limonit,Limonit,Luxemburg,
,42419,Mineral,,Limonit,,
,42419,Mineral,,undef. Eisenhydroxid,,
,42419,Ore,,Fe-Erz oxidisch,,
41101,,,Sphalerit,Sphalerit,Vereinigte Staaten von Amerika (USA),Oklahoma
,41101,Mineral,,Sphalerit,,
,41101,Ore,,Zn-Sulfid-Erz - MVT,,
30222,,,Gibbsit,Gibbsit,Frankreich,Bouches-du-Rhône (Bouche-du-Rhone)
,30222,Ore,,Bauxit,,
,30222,Mineral,,Hämatit,,
,30222,Mineral,,Calcit,,
,30222,Mineral,,Gibbsit,,
41452,,Ore,Cu-Oxiderz (inkl. Karbonate etc.) - Oxidationszone,Cu-Oxiderz (inkl. Karbonate etc.) - Oxidationszone,Chile,Coquimbo
,41452,Mineral,,Gips,,
,41452,Mineral,,Chrysokoll,,
,41452,Mineral,,Malachit,,
,41452,Mineral,,Cuprit,,
,41452,Ore,,Cu-Oxiderz (inkl. Karbonate etc.) - Oxidationszone,,
40915,,,Pyrit,Pyrit,Deutschland,Bayern
,40915,Mineral,,Pyrit,,
,40915,Mineral,,Pyrrhotin,,
,40915,Ore,,Sulfid-Erz polymetallisch - metamorph,,
43139,,Ore,"Fe-Erz, pisolithisch","Fe-Erz, pisolithisch",Schweiz,Solothurn
,43139,Mineral,,Limonit,,
,43139,Ore,,"Fe-Erz, pisolithisch",,
,43139,Mineral,,undef. Eisenhydroxid,,
33995,,Rock,Granodiorit,,Schweiz,Bern
,33995,Mineral,,Titanit,,
,33995,Rock,,Granodiorit,,
34004,,Rock,Granodiorit,,Schweiz,Bern
,34004,Mineral,,Adular Epidot,,
,34004,Mineral,,Biotit,,
,34004,Rock,,Granodiorit,,
,34004,Mineral,,Quarz,,
,34004,Mineral,,Zirkon,,
,34004,Mineral,,Chlorit,,
,34004,Mineral,,Orthoklas,,
36096,,,Chlorit,Chlorit,Schweiz,Uri
,36096,Mineral,,Chlorit,,
,36096,Mineral,,Calcit,,
,36096,Rock,,Gneis s.l.,,
26967,,Ore,U-V-Erz in Sandstein - tafelförmiger Typ,,Vereinigte Staaten von Amerika (USA),Colorado
,26967,Ore,,U-V-Erz in Sandstein - tafelförmiger Typ,,
,26967,Mineral,,Coffinit,,
,26967,Mineral,,Montroseit,,
40317,,Ore,Fe-Oolith göthitisch,,Deutschland,Niedersachsen
,40317,Ore,,Fe-Oolith göthitisch,,
,40317,Mineral,,Goethit,,
42117,,,Pyrargyrit,Pyrargyrit,Mexiko,Guanajuato
,42117,Mineral,,Pyrargyrit,,
,42117,Ore,,Ag-Sulfid-Erz - Gang-Typ,,
41586,,,Kassiterit,Kassiterit,Malaysia,
,41586,Mineral,,Kassiterit,,
,41586,Ore,,Sn-Seife,,
41321,,,Revoredoit,Revoredoit,Peru,
,41321,Ore,,Pb-Sulfarseniderz - Gang-Typ,,
,41321,Mineral,,Revoredoit,,
26983,,Ore,"Fe-Erz, pisolithisch",,Schweiz,Jura
,26983,Mineral,,undef. Eisenhydroxid Goethit,,
,26983,Mineral,,Quarz,,
,26983,Ore,,"Fe-Erz, pisolithisch",,
,26983,Mineral,,Limonit,,
32073,,Rock,Sand (s.l.),,Schweiz,Jura
,32073,Rock,,Sand (s.l.),,
,32073,Mineral,,Quarz,,
40475,,,Sphalerit,Sphalerit,Vereinigte Staaten von Amerika (USA),Illinois
,40475,Ore,,Zn-Sulfid-Erz - MVT,,
,40475,Mineral,,Galenit,,
,40475,Mineral,,Quarz,,
,40475,Mineral,,Bitumen,,
,40475,Mineral,,Sphalerit,,
41235,,,Bornit,Bornit,Peru,Lima
,41235,Mineral,,Chalkopyrit,,
,41235,Ore,,Cu-Sulfid-Erz - Gang-Typ,,
,41235,Mineral,,Bornit,,
40486,,,Epidot,Epidot,Vereinigte Staaten von Amerika (USA),Michigan
,40486,Mineral,,Epidot,,
,40486,Rock,,Basalt s.l.,,
43031,,Rock,Kalkstein,,Schweiz,
,43031,Mineral,,Calcit,,
,43031,Rock,,Kalkstein,,
40919,,,Chalkopyrit,Chalkopyrit,Deutschland,Bayern
,40919,Mineral,,Pyrit,,
,40919,Mineral,,Chalkopyrit,,
,40919,Ore,,Sulfid-Erz polymetallisch - metamorph,,
32667,,Ore,Co-Cu-Sulfarseniderz - metamorph,,Schweiz,Wallis
,32667,Mineral,,Ankerit,,
,32667,Mineral,,Galenit,,
,32667,Ore,,Co-Cu-Sulfarseniderz - metamorph,,
,32667,Mineral,,Chalkopyrit,,
29247,,Rock,Granat-Peridotit,,Vereinigte Staaten von Amerika (USA),Colorado
,29247,Mineral,,Antigorit,,
,29247,Rock,,Granat-Peridotit,,
,29247,Mineral,,Pyrop,,
40457,,,Galenit,Galenit,_Land unbekannt,
,40457,Mineral,,Galenit,,
,40457,Mineral,,Sphalerit,,
,40457,Ore,,noch nicht angegeben,,
42282,,,Magnetit,Magnetit,Schweden,Norrbottens län
,42282,Mineral,,Magnetit,,
,42282,Ore,,Fe-Erz magnetitisch - Kiruna-Typ,,
53922,,Ore,"Mn-Erz, oxidisch - sedimentär","Mn-Erz, oxidisch - sedimentär",Schweiz,Bern
,53922,Mineral,,Quarz,,
,53922,Ore,,"Mn-Erz, oxidisch - sedimentär",,
,53922,Mineral,,Piemontit,,
11486,,,Pyrit,Pyrit,Schweiz,Glarus
,11486,Ore,,Cu-Sulfid-Erz - Redbed-Typ,,
,11486,Mineral,,Pyrit,,
42399,,Ore,Phosphorit marin,,Marokko,Béni Mellal-Khénifra (Beni Mellal-Khenifra)
,42399,Rock,,Sand - Karbonatisch,,
,42399,Ore,,Phosphorit marin,,
39159,,Ore,Reduktionshof,,Schweiz,Aargau
,39159,Mineral,,Roscoelith,,
,39159,Ore,,Reduktionshof,,
43269,,,Covellin,Covellin,Peru,Lima
,43269,Ore,,Cu-Sulfid-Erz - zementativ,,
,43269,Mineral,,Enargit,,
,43269,Mineral,,Covellin,,
,43269,Mineral,,Pyrit,,
42661,,,Pyrit,Pyrit,Italien,Piemonte
,42661,Mineral,,Pyrit,,
,42661,Ore,,"Au-Erz, pyritisch - Gang-Typ",,
40812,,,Chalkopyrit,Chalkopyrit,Spanien,Andalucía (Andalucia)
,40812,Mineral,,Goethit,,
,40812,Mineral,,Chrysokoll,,
,40812,Mineral,,Covellin,,
,40812,Mineral,,Chalkosin,,
,40812,Mineral,,Bornit,,
,40812,Mineral,,Chalkopyrit,,
,40812,Ore,,Cu-Sulfid-Erz - Gang-Typ,,
2839,,Rock,Gips,,Deutschland,Thüringen
,2839,Rock,,Gips,,
,2839,Mineral,,Gips,,
35984,,,Chlorit,Chlorit,Schweiz,Uri
,35984,Mineral,,Chlorit,,
,35984,Rock,,Gneis s.l.,,
40921,,,Falkmanit,Falkmanit,Deutschland,Bayern
,40921,Mineral,,Pyrrhotin,,
,40921,Ore,,Sulfid-Erz polymetallisch - metamorph,,
,40921,Mineral,,Falkmanit,,
,40921,Mineral,,Chalkopyrit,,
41494,,,Sphalerit,Sphalerit,Japan,Gifu / Gihu
,41494,Mineral,,Sphalerit,,
,41494,Mineral,,Calcit,,
,41494,Ore,,Zn-Sulfid-Erz - Skarn-Typ,,
53632,,,Ankerit,Ankerit,Schweiz,Bern
,53632,Mineral,,Chlorit,,
,53632,Rock,,Granodiorit,,
,53632,Mineral,,Muskovit,,
,53632,Mineral,,Ankerit,,
53925,,Ore,Bauxit,Bauxit,Schweiz,Bern
,53925,Mineral,,Magnetit,,
,53925,Ore,,Bauxit,,
,53925,Mineral,,Kassiterit,,
34993,,,Muskovit,Muskovit,Vereinigte Staaten von Amerika (USA),California
,34993,Mineral,,Granat,,
,34993,Mineral,,Albit,,
,34993,Mineral,,Muskovit,,
,34993,Mineral,,Sericit Pumpellyit,,
,34993,Rock,,Glaukophan-Schiefer,,
34499,,Rock,Granit,,Schweiz,Uri
,34499,Mineral,,Chlorit,,
,34499,Mineral,,Apophyllit,,
,34499,Rock,,Granit,,
29457,,Ore,"Pyrit, massiv - SEDEX",,Schweiz,Bern
,29457,Mineral,,Pyrit,,
,29457,Ore,,"Pyrit, massiv - SEDEX",,
40778,,,Kupfer,Kupfer,Vereinigte Staaten von Amerika (USA),Michigan
,40778,Mineral,,Quarz,,
,40778,Mineral,,Albit,,
,40778,Ore,,Cu-Metall-Erz - Michigan-Typ,,
,40778,Mineral,,Kupfer,,
,40778,Rock,,Basalt s.l.,,
,40778,Mineral,,Epidot,,
42339,,Rock,Grünschiefer,,Schweiz,Graubünden
,42339,Mineral,,Albit,,
,42339,Mineral,,Quarz,,
,42339,Mineral,,Epidot,,
,42339,Mineral,,Amphibol,,
,42339,Rock,,Grünschiefer,,
,42339,Mineral,,Chlorit,,
32078,,Rock,Sand (s.l.),,Schweiz,Bern
,32078,Rock,,Sand (s.l.),,
,32078,Mineral,,Quarz,,
42255,,,Petalit,Petalit,Schweden,Stockholms län
,42255,Rock,,Granitpegmatit,,
,42255,Ore,,Lithium-Pegmatit,,
,42255,Mineral,,Petalit,,
40348,,,Galenit,Galenit,Vereinigte Staaten von Amerika (USA),Missouri
,40348,Mineral,,Chalkopyrit,,
,40348,Mineral,,Galenit,,
,40348,Ore,,Pb-Sulfid-Erz - MVT,,
,40348,Mineral,,Pyrit,,
,40348,Mineral,,Dolomit,,
,40348,Mineral,,Siegenit,,
41594,,,Galenit,Galenit,Peru,
,41594,Mineral,,Sphalerit,,
,41594,Mineral,,Galenit,,
,41594,Ore,,Zn-Sulfid-Erz - MVT Sphalerit-Rhythmit,,
11498,,,Bornit,Bornit,Schweiz,Glarus
,11498,Ore,,Cu-Sulfid-Erz - Redbed-Typ,,
,11498,Mineral,,Bornit,,
,11498,Mineral,,Hämatit,,
,11498,Mineral,,Dolomit,,
42848,,,Quarz,Quarz,Südafrika,Gauteng / Rhawuti
,42848,Mineral,,Quarz,,
,42848,Rock,,Andesit,,
38697,,Rock,SiO2-zementierte tektonische Brekzie,,Schweiz,
,38697,Mineral,,Quarz,,
,38697,Rock,,SiO2-zementierte tektonische Brekzie,,
42229,,,Magnetit,Magnetit,Schweden,Uppsala län
,42229,Ore,,Fe-Erz magnetitisch - Skarn-Typ,,
,42229,Mineral,,Magnetit,,
36699,,Rock,Gneis s.l.,,Schweiz,Uri
,36699,Mineral,,Chlorit,,
,36699,Mineral,,Calcit,,
,36699,Rock,,Gneis s.l.,,
33325,,,Quarz,Quarz,Schweiz,Tessin
,33325,Rock,,Granit,,
,33325,Mineral,,Fluorit,,
,33325,Mineral,,Quarz,,
,33325,Mineral,,Mikroklin,,
53549,,Rock,Chert,,Australien,Western Australia
,53549,Rock,,Chert,,
,53549,Mineral,,Quarz,,
41088,,Rock,Fulgurit allgemein,,Marokko,
,41088,Mineral,,Lechatelierit,,
,41088,Mineral,,Silikat-Glas,,
,41088,Rock,,Fulgurit allgemein,,
41296,,,Gratonit,Gratonit,Peru,
,41296,Mineral,,Gratonit,,
,41296,Ore,,Pb-Sulfarseniderz - Gang-Typ,,
,41296,Mineral,,Pyrit,,
33808,,,Goethit,Goethit,Australien,Tasmania
,33808,Mineral,,Goethit,,
,33808,Ore,,Fe-Erz limonitisch - Eiserner Hut,,
40519,,,Pyrit,Pyrit,Schweden,Västerbottens län (Vasterbottens)
,40519,Ore,,"Pyrit, massiv - SEDEX",,
,40519,Mineral,,Pyrit,,
,40519,Mineral,,Chalkopyrit,,
,40519,Mineral,,Pyrrhotin,,
41135,,,Markasit,Markasit,Vereinigte Staaten von Amerika (USA),Missouri
,41135,Mineral,,Markasit,,
,41135,Rock,,Impaktbrekzie,,
41322,,,Revoredoit,Revoredoit,Peru,
,41322,Ore,,Pb-Sulfarseniderz - Gang-Typ,,
,41322,Mineral,,Revoredoit,,
32001,,Ore,Fe-Oolith - Allgemein,,Schweiz,Basel-Landschaft
,32001,Mineral,,Limonit,,
,32001,Mineral,,undef. Eisenhydroxid,,
,32001,Ore,,Fe-Oolith - Allgemein,,
32713,,Ore,Co-Cu-Sulfarseniderz - metamorph,,Schweiz,Wallis
,32713,Mineral,,Bornit,,
,32713,Mineral,,Chalkosin,,
,32713,Mineral,,Quarz,,
,32713,Ore,,Co-Cu-Sulfarseniderz - metamorph,,
34371,,,Fluorit,Fluorit,Schweiz,Uri
,34371,Mineral,,Quarz,,
,34371,Rock,,Granit,,
,34371,Mineral,,Fluorit,,
6770,,,Hämatit,Hämatit,Schweiz,St. Gallen
,6770,Mineral,,Hämatit,,
,6770,Ore,,Fe-Erz hämatitisch - SEDEX,,
40173,,,Quarz,Quarz,Australien,New South Wales
,40173,Rock,,Rhyolith,,
,40173,Mineral,,Chalcedon/Chert,,
,40173,Mineral,,Quarz,,
32421,,Ore,Fe-Erz magnetitisch - Skarn-Typ,,Schweiz,Wallis
,32421,Ore,,Fe-Erz magnetitisch - Skarn-Typ,,
,32421,Mineral,,Aktinolith,,
,32421,Mineral,,Magnetit,,
41075,,,Pyrrhotin,Pyrrhotin,Vereinigte Staaten von Amerika (USA),Montana
,41075,Ore,,PGE-Erz - kontinental mafisch-magmatisch,,
,41075,Mineral,,Pyrrhotin,,
38542,,Rock,Kohle - Steinkohle / Antracit,,Schweiz,Bern
,38542,Mineral,,Pyrit,,
,38542,Rock,,Kohle - Steinkohle / Antracit,,
5098,,,Erythrin,Erythrin,Schweiz,Wallis
,5098,Ore,,Co-Cu-Sulfarseniderz - metamorph,,
,5098,Mineral,,Erythrin,,
43091,,,Mineral nicht bestimmt,Mineral nicht bestimmt,Peru,Lima
,43091,Mineral,,Mineral nicht bestimmt,,
,43091,Mineral,,(s. Objektbem.),,
,43091,Ore,,noch nicht angegeben,,
43098,,,ohne Namen,ohne Namen,Oesterreich,Salzburg
,43098,Mineral,,(s. Objektbemerkung),,
,43098,Ore,,noch nicht angegeben,,
,43098,Mineral,,ohne Namen,,
41591,,Ore,Sn-Seife,Sn-Seife,Indonesien,
,41591,Mineral,,Kassiterit,,
,41591,Ore,,Sn-Seife,,
43252,,,Cuprit,Cuprit,Peru,Lima
,43252,Mineral,,Cuprit,,
,43252,Ore,,Cu-Oxiderz (inkl. Karbonate etc.) - Oxidationszone,,
41102,,,Galenit,Galenit,Vereinigte Staaten von Amerika (USA),Missouri
,41102,Mineral,,Calcit,,
,41102,Mineral,,Galenit,,
,41102,Rock,,Sandstein,,
,41102,Ore,,Pb-Sulfid-Erz - MVT,,
,41102,Mineral,,Dolomit,,
40386,,,Galenit,Galenit,Vereinigte Staaten von Amerika (USA),Missouri
,40386,Mineral,,Galenit,,
,40386,Ore,,Pb-Sulfid-Erz - MVT,,
41709,,,Chromit,Chromit,Südafrika,
,41709,Ore,,Cr-Erz - kontinental mafisch-magmatisch,,
,41709,Mineral,,Chromit,,
42081,,,Pyrargyrit,Pyrargyrit,Mexiko,México (Mexico)
,42081,Mineral,,Pyrargyrit,,
,42081,Mineral,,Chalkopyrit,,
,42081,Ore,,Ag-Sulfid-Erz - Gang-Typ,,
40920,,,Falkmanit,Falkmanit,Deutschland,Bayern
,40920,Mineral,,Falkmanit,,
,40920,Mineral,,Chalkopyrit,,
,40920,Mineral,,Pyrrhotin,,
,40920,Ore,,Sulfid-Erz polymetallisch - metamorph,,
43418,,,Lepidolith,Lepidolith,Schweiz,Bern
,43418,Mineral,,Lepidolith,,
,43418,Mineral,,Montebrasit,,
,43418,Mineral,,Muskovit,,
,43418,Mineral,,Illit,,
,43418,Rock,,Granitpegmatit - Lithium-Pegmatit,,
42558,,,Sphalerit,Sphalerit,Deutschland,Baden-Württemberg
,42558,Mineral,,Quarz,,
,42558,Mineral,,Calcit,,
,42558,Mineral,,Baryt,,
,42558,Ore,,Pb-Zn-Sulfid-Erz - Gang-Typ,,
,42558,Rock,,tektonische Brekzie,,
,42558,Mineral,,Dolomit,,
,42558,Mineral,,Galenit,,
,42558,Mineral,,Sphalerit,,
42517,,,Galenit,Galenit,Deutschland,Niedersachsen
,42517,Mineral,,Galenit,,
,42517,Mineral,,Sphalerit,,
,42517,Ore,,Pb-Zn-Sulfid-Erz - SEDEX,,
39712,,Rock,Eklogit,,Schweiz,Wallis
,39712,Rock,,Eklogit,,
,39712,Mineral,,Omphacit,,
39186,,,Reduktionshof,,Schweiz,Basel-Landschaft
,39186,Mineral,,Chalkopyrit,,
,39186,Rock,,Sandstein - Arkose,,
,39186,Mineral,,Clausthalit,,
,39186,Ore,,Reduktionshof,,
40495,,,Kupfer,Kupfer,Vereinigte Staaten von Amerika (USA),Michigan
,40495,Mineral,,Epidot,,
,40495,Mineral,,Kupfer,,
,40495,Mineral,,Quarz,,
,40495,Ore,,Cu-Metall-Erz - Michigan-Typ,,
44576,,,Lizardit,Lizardit,Schweiz,Bern
,44576,Rock,,Marmor s.l.,,
,44576,Mineral,,Lizardit,,
,44576,Mineral,,Calcit,,
42119,,,Akanthit,Akanthit,Mexiko,México (Mexico)
,42119,Mineral,,Chalkopyrit,,
,42119,Ore,,Ag-Sulfid-Erz - Gang-Typ,,
,42119,Mineral,,Akanthit,,
,42119,Mineral,,Pyrit,,
41580,,,Kassiterit,Kassiterit,Malaysia,
,41580,Mineral,,Pyrit,,
,41580,Ore,,Sn-Seife,,
,41580,Mineral,,Kassiterit,,
40942,,,Nephelin,Nephelin,Deutschland,Baden-Württemberg
,40942,Mineral,,Nephelin,,
,40942,Rock,,Shonkinit,,
34627,,Rock,Granit,,Schweiz,Uri
,34627,Mineral,,Chlorit,,
,34627,Mineral,,Quarz,,
,34627,Rock,,Granit,,
29316,,,Pyrop,Pyrop,Südafrika,Northern Cape / Noord-Kaap / Mntla-Koloni / Nyakatho-Kapa
,29316,Mineral,,Pyrop,,
,29316,Rock,,"Kimberlit ""basaltisch"" - Schwermineralk.",,
,29316,Mineral,,Diopsid,,
,29316,Mineral,,Ilmenit,,
42508,,,Silber,Silber,Deutschland,Sachsen-Anhalt
,42508,Rock,,Tonschiefer,,
,42508,Ore,,Cu-Sulfid-Erz - Kupferschiefer-Typ,,
,42508,Mineral,,Silber,,
,42508,Mineral,,undefiniert,,
53921,,Ore,Bauxit,Bauxit,Schweiz,Bern
,53921,Mineral,,Magnetit,,
,53921,Ore,,Bauxit,,
42062,,,Pyrargyrit,Pyrargyrit,Mexiko,Guerrero
,42062,Mineral,,Sphalerit,,
,42062,Mineral,,Galenit,,
,42062,Ore,,Ag-Sulfid-Erz - Gang-Typ,,
,42062,Mineral,,Pyrargyrit,,
,42062,Mineral,,Polybasit,,
8449,,Rock,Serpentinit,,Schweiz,Graubünden
,8449,Mineral,,Serpentin,,
,8449,Rock,,Serpentinit,,
,8449,Mineral,,undefiniert,,
33988,,Rock,Mylonit,,Schweiz,Bern
,33988,Mineral,,Biotit,,
,33988,Rock,,Mylonit,,
33815,,,Quarz,Quarz,Australien,Western Australia
,33815,Mineral,,Hämatit,,
,33815,Ore,,Asbest krokydolithisch - Superior-BIF,,
,33815,Mineral,,Quarz,,
41068,,,Hemimorphit,Hemimorphit,Vereinigte Staaten von Amerika (USA),Pennsylvania
,41068,Mineral,,Greenockit,,
,41068,Ore,,Zn-Erz Oxidationszone - MVT,,
,41068,Mineral,,Hemimorphit,,
39477,,Rock,Tonschiefer,,Kanada,Ontario
,39477,Mineral,,Chalkopyrit,,
,39477,Mineral,,Sphalerit,,
,39477,Mineral,,Graphit,,
,39477,Mineral,,Pyrit,,
,39477,Rock,,Tonschiefer,,
8435,,Rock,Serpentinit,,Schweiz,Wallis
,8435,Mineral,,undefiniert,,
,8435,Mineral,,Serpentin,,
,8435,Rock,,Serpentinit,,
41254,,,Chalkopyrit,Chalkopyrit,Peru,Lima
,41254,Mineral,,Chalkopyrit,,
,41254,Ore,,Cu-Sulfid-Erz - Gang-Typ,,
,41254,Mineral,,Sphalerit,,
34616,,Rock,Granit,,Schweiz,Uri
,34616,Mineral,,Pyrit,,
,34616,Mineral,,Chlorit,,
,34616,Rock,,Granit,,
41592,,,Kassiterit,Kassiterit,Indonesien,
,41592,Ore,,Sn-Seife,,
,41592,Mineral,,Kassiterit,,
41561,,,Cuprit,Cuprit,Iran,Kermān (Kerman)
,41561,Mineral,,Cuprit,,
,41561,Mineral,,Malachit,,
,41561,Ore,,Cu-Oxiderz (inkl. Karbonate etc.) - Oxidationszone,,
4763,,Rock,Mergel,,Schweiz,Bern
,4763,Mineral,,Calcit,,
,4763,Rock,,Mergel,,
,4763,Mineral,,Quarz,,
39087,,Ore,Reduktionshof,,Schweiz,Aargau
,39087,Ore,,Reduktionshof,,
,39087,Mineral,,Rammelsbergit,,
39256,,Ore,Reduktionshof,,Grossbritannien / Vereinigtes Königreich,England
,39256,Ore,,Reduktionshof,,
,39256,Mineral,,Domeykit,,
,39256,Mineral,,Montroseit,,
,39256,Mineral,,Roscoelith,,
,39256,Mineral,,Covellin,,
,39256,Mineral,,Uraninit,,
,39256,Mineral,,Nickelin,,
41181,,,Forsterit,Forsterit,Deutschland,Rheinland-Pfalz
,41181,Mineral,,Olivin,,
,41181,Rock,,Basalt s.l.,,
,41181,Mineral,,Olivin allgemein Pyroxen,,
,41181,Mineral,,Forsterit,,
,41181,Mineral,,Zeolith,,
41284,,,Enargit,Enargit,Peru,
,41284,Mineral,,Pyrit,,
,41284,Mineral,,Enargit,,
,41284,Ore,,Cu-Sulfid-Erz - Gang-Typ,,
34628,,,Fluorit,Fluorit,Schweiz,Uri
,34628,Mineral,,Adular,,
,34628,Mineral,,Orthoklas,,
,34628,Mineral,,Fluorit,,
,34628,Mineral,,Chlorit,,
,34628,Mineral,,Quarz,,
,34628,Rock,,Granit,,
34437,,Rock,Granit,,Schweiz,Uri
,34437,Mineral,,Chlorit,,
,34437,Mineral,,Quarz,,
,34437,Rock,,Granit,,
41315,,,Gratonit,Gratonit,Peru,
,41315,Mineral,,Gratonit,,
,41315,Ore,,Pb-Sulfarseniderz - Gang-Typ,,
,41315,Mineral,,Galenit,,
6737,,,Magnetit,Magnetit,Schweiz,St. Gallen
,6737,Mineral,,Magnetit,,
,6737,Ore,,Fe-Erz hämatitisch - SEDEX,,
39140,,Ore,Reduktionshof,,Schweiz,Aargau
,39140,Mineral,,Pechblende,,
,39140,Ore,,Reduktionshof,,
,39140,Mineral,,Uraninit,,
41141,,Rock,Impaktbrekzie,,Vereinigte Staaten von Amerika (USA),Missouri
,41141,Rock,,Impaktbrekzie,,
,41141,Mineral,,Quarz,,
32442,,Ore,Au-Fe-As-Skarn - Skarn-Typ,,Schweiz,Wallis
,32442,Ore,,Au-Fe-As-Skarn - Skarn-Typ,,
,32442,Mineral,,Arsenopyrit,,
39068,,Ore,Reduktionshof,,Schweiz,Aargau
,39068,Ore,,Reduktionshof,,
,39068,Mineral,,Uraninit,,
,39068,Mineral,,Pechblende,,
,39068,Mineral,,Digenit,,
,39068,Mineral,,Nickelin,,
,39068,Mineral,,Rammelsbergit,,
40937,,,Sphalerit,Sphalerit,Deutschland,Baden-Württemberg
,40937,Ore,,Pb-Zn-Sulfid-Erz - MVT,,
,40937,Mineral,,Jordanit,,
,40937,Mineral,,Sphalerit,,
,40937,Mineral,,Calcit,,
,40937,Mineral,,Galenit,,
35975,,,Pyrit,Pyrit,Schweiz,Uri
,35975,Mineral,,Chlorit,,
,35975,Mineral,,Pyrit,,
,35975,Rock,,Gneis s.l.,,
40771,,,Kupfer,Kupfer,Vereinigte Staaten von Amerika (USA),Michigan
,40771,Ore,,Cu-Metall-Erz - Michigan-Typ,,
,40771,Mineral,,Kupfer,,
,40771,Mineral,,Calcit,,
,40771,Mineral,,Epidot,,
,40771,Rock,,Basalt s.l.,,
42260,,,Spodumen,Spodumen,Schweden,Stockholms län
,42260,Ore,,Lithium-Pegmatit,,
,42260,Mineral,,Spodumen,,
,42260,Rock,,Granitpegmatit,,
37188,,,Calcit,Calcit,Schweiz,Bern
,37188,Mineral,,Quarz,,
,37188,Rock,,noch nicht angegeben,,
,37188,Mineral,,Calcit,,
29523,,Rock,Amphibolit,,Schweiz,Bern
,29523,Mineral,,Almandin,,
,29523,Mineral,,Quarz,,
,29523,Mineral,,Chlorit,,
,29523,Mineral,,Pyrit,,
,29523,Mineral,,Calcit,,
,29523,Rock,,Amphibolit,,
,29523,Mineral,,Aktinolith,,
,29523,Mineral,,Titanit,,
31119,,,Reduktionshof,,Schweiz,Aargau
,31119,Rock,,Sandstein - Arkose,,
,31119,Ore,,Reduktionshof,,
,31119,Mineral,,Roscoelith,,
42168,,,Chlorargyrit,Chlorargyrit,Chile,
,42168,Ore,,Polymetallisches Erz,,
,42168,Mineral,,Chlorargyrit,,
41584,,Ore,Sn-Seife,Sn-Seife,Malaysia,
,41584,Mineral,,Zirkon,,
,41584,Ore,,Sn-Seife,,
41675,,,Chromit,Chromit,Südafrika,Limpopo
,41675,Mineral,,Chromit,,
,41675,Rock,,Anorthosit,,
,41675,Ore,,Cr-Erz - kontinental mafisch-magmatisch,,
41734,,,Quarz,Quarz,Schweiz,
,41734,Rock,,Konglomerat,,
,41734,Mineral,,Quarz,,
32678,,Ore,Co-Cu-Sulfarseniderz - metamorph,,Schweiz,Wallis
,32678,Mineral,,Quarz,,
,32678,Mineral,,Galenit,,
,32678,Mineral,,Fahlerz,,
,32678,Ore,,Co-Cu-Sulfarseniderz - metamorph,,
32103,,Ore,Fe-Oolith - Allgemein,,Schweiz,Bern
,32103,Ore,,Fe-Oolith - Allgemein,,
,32103,Mineral,,Hämatit,,
,32103,Mineral,,Magnetit,,
36444,,,Ilmenit,Ilmenit,Schweiz,Uri
,36444,Mineral,,Ilmenit,,
,36444,Rock,,Gneis s.l.,,
,36444,Mineral,,Rutil,,
,36444,Mineral,,Anatas,,
32519,,Ore,Co-Cu-Sulfarseniderz - metamorph,,Schweiz,Wallis
,32519,Ore,,Co-Cu-Sulfarseniderz - metamorph,,
,32519,Mineral,,Pyrrhotin,,
,32519,Mineral,,Magnetit,,
,32519,Mineral,,Chalkopyrit,,
38995,,,Asbest,Asbest,Deutschland,Sachsen-Anhalt
,38995,Mineral,,Asbest,,
,38995,Rock,,Serpentinit,,
40895,,,Sphalerit,Sphalerit,Deutschland,Nordrhein-Westfalen
,40895,Ore,,Zn-Sulfid-Erz - Gang-Typ,,
,40895,Mineral,,Sphalerit,,
,40895,Mineral,,Quarz,,
48165,,Rock,Rodingit (Rhodingit),,Schweiz,Wallis
,48165,Mineral,,Calcit,,
,48165,Mineral,,Grossular,,
,48165,Rock,,Rodingit (Rhodingit),,
6950,,,Nickel-Skutterudit,Nickel-Skutterudit,Schweiz,Wallis
,6950,Mineral,,Chloanthit Rammelsbergit,,
,6950,Mineral,,Quarz,,
,6950,Mineral,,Dolomit,,
,6950,Mineral,,Nickel-Skutterudit,,
,6950,Ore,,Co-Cu-Sulfarseniderz - metamorph,,
32395,,Ore,Pb-Zn-Sulfid-Erz - Gang-Typ,,Schweiz,Wallis
,32395,Mineral,,Quarz,,
,32395,Ore,,Pb-Zn-Sulfid-Erz - Gang-Typ,,
,32395,Mineral,,Galenit,,
,32395,Mineral,,Fluorit,,
42275,,,Spodumen,Spodumen,Schweden,Stockholms län
,42275,Ore,,Lithium-Pegmatit,,
,42275,Mineral,,Spodumen,,
,42275,Rock,,Granitpegmatit,,
40435,,,Chalkopyrit,Chalkopyrit,Vereinigte Staaten von Amerika (USA),Missouri
,40435,Mineral,,Chalkopyrit,,
,40435,Ore,,Cu-Ni-Sulfid-Erz - MVT,,
,40435,Mineral,,Siegenit,,
,40435,Mineral,,Pyrit,,
31095,,Ore,Zn-Sulfid-Erz - Gang-Typ,,Deutschland,Nordrhein-Westfalen
,31095,Mineral,,Sphalerit,,
,31095,Ore,,Zn-Sulfid-Erz - Gang-Typ,,
,31095,Mineral,,Galenit,,
42435,,,Quarz,Quarz,Slowakei,Banskobystrický (Banskobystricky )
,42435,Mineral,,Galenit,,
,42435,Mineral,,Sphalerit,,
,42435,Mineral,,Quarz,,
,42435,Ore,,"Au-Erz, polymetallisch - Gang-Typ",,
32869,,Ore,Co-Cu-Sulfarseniderz - metamorph,,Schweiz,Wallis
,32869,Ore,,Co-Cu-Sulfarseniderz - metamorph,,
,32869,Mineral,,Erythrin,,
42544,,,Siderit,Siderit,Deutschland,Niedersachsen
,42544,Ore,,Fe-Erz sideritisch - Gang-Typ,,
,42544,Mineral,,Siderit,,
41431,,,Malachit,Malachit,Peru,Moquegua / Moqwegwa / Muqiwa
,41431,Ore,,Cu-Oxiderz (inkl. Karbonate etc.) - Oxidationszone,,
,41431,Mineral,,Malachit,,
39719,,Ore,Cu-Sulfid-Erz - Gang-Typ,,Schweiz,Wallis
,39719,Mineral,,Tetraedrit,,
,39719,Mineral,,Malachit,,
,39719,Ore,,Cu-Sulfid-Erz - Gang-Typ,,
,39719,Mineral,,Chalkopyrit,,
35727,,Rock,Anhydrit,,Schweiz,Bern
,35727,Mineral,,Anhydrit,,
,35727,Rock,,Anhydrit,,
2056,,,Goethit,Goethit,Schweiz,Bern
,2056,Mineral,,Hämatit,,
,2056,Mineral,,undef. Eisenhydroxid Magnetit,,
,2056,Mineral,,Limonit,,
,2056,Mineral,,Goethit,,
,2056,Mineral,,Chamosit,,
,2056,Ore,,Fe-Oolith - Allgemein,,
32500,,Ore,Co-Cu-Sulfarseniderz - metamorph,,Schweiz,Wallis
,32500,Ore,,Co-Cu-Sulfarseniderz - metamorph,,
,32500,Mineral,,Chloanthit Siderit,,
,32500,Mineral,,Nickel-Skutterudit,,
26970,,Ore,Mo-Sulfid-Erz - Porphyr-Typ,,Vereinigte Staaten von Amerika (USA),Colorado
,26970,Ore,,Mo-Sulfid-Erz - Porphyr-Typ,,
,26970,Mineral,,Molybdänit,,
40823,,,Hämatit,Hämatit,Spanien,
,40823,Ore,,Fe-Oolith hämatitisch,,
,40823,Mineral,,Hämatit,,
32659,,Ore,Co-Cu-Sulfarseniderz - metamorph,,Schweiz,Wallis
,32659,Mineral,,Ankerit,,
,32659,Mineral,,Galenit,,
,32659,Mineral,,Fahlerz,,
,32659,Mineral,,Baryt,,
,32659,Ore,,Co-Cu-Sulfarseniderz - metamorph,,
40360,,,Siegenit,Siegenit,Vereinigte Staaten von Amerika (USA),Missouri
,40360,Mineral,,Chalkopyrit,,
,40360,Mineral,,Siegenit,,
,40360,Ore,,Ni-Cu-Sulfid-Erz - MVT (Sandstein),,
41444,,,Chalkosin,Chalkosin,Peru,Moquegua / Moqwegwa / Muqiwa
,41444,Mineral,,Chalkosin,,
,41444,Ore,,Cu-Sulfid-Erz - zementativ,,
42167,,,Chlorargyrit,Chlorargyrit,Chile,
,42167,Mineral,,Chlorargyrit,,
,42167,Ore,,Polymetallisches Erz,,
40832,,,Pyrit,Pyrit,Spanien,Andalucía (Andalucia)
,40832,Mineral,,Sphalerit,,
,40832,Mineral,,Pyrit,,
,40832,Mineral,,Arsenopyrit,,
,40832,Ore,,"Pyrit, massiv - SEDEX",,
,40832,Mineral,,Chalkopyrit,,
28258,,,Magnetit,Magnetit,Deutschland,Sachsen
,28258,Mineral,,Sphalerit,,
,28258,Mineral,,Magnetit,,
,28258,Ore,,Fe-Erz magnetitisch - Skarn-Typ,,
,28258,Mineral,,Kassiterit,,
38378,,,Goethit,Goethit,Schweiz,Aargau
,38378,Ore,,"Fe-Erz, pisolithisch",,
,38378,Mineral,,Goethit,,
34765,,,Quarz,Quarz,Schweiz,Uri
,34765,Mineral,,Laumontit,,
,34765,Mineral,,Quarz,,
,34765,Rock,,Granit,,
,34765,Mineral,,Chlorit,,
43486,,Rock,Alkaligabbro,,Spanien,Canarias
,43486,Mineral,,Hornblende,,
,43486,Rock,,Alkaligabbro,,
,43486,Mineral,,Plagioklas,,
,43486,Mineral,,undefiniert,,
42417,,,Limonit,Limonit,Frankreich,
,42417,Mineral,,undef. Eisenhydroxid,,
,42417,Mineral,,Limonit,,
,42417,Rock,,Eisenoolith,,
,42417,Ore,,Fe-Oolith - Allgemein,,
42548,,Rock,Rodingit (Rhodingit),,Schweiz,Tessin
,42548,Mineral,,Aktinolith,,
,42548,Mineral,,Titanit,,
,42548,Mineral,,Granat,,
,42548,Mineral,,Chlorit,,
,42548,Mineral,,Hornblende,,
,42548,Mineral,,Diopsid,,
,42548,Rock,,Rodingit (Rhodingit),,
,42548,Mineral,,Epidot,,
40313,,Ore,Fe-Erz hämatitisch - SEDEX,,Bosnien-Herzegowina,Federacija Bosne i Hercegovine
,40313,Mineral,,Hämatit,,
,40313,Ore,,Fe-Erz hämatitisch - SEDEX,,
42513,,,Pyrit,Pyrit,Deutschland,Niedersachsen
,42513,Ore,,"Pyrit, dispers - SEDEX",,
,42513,Rock,,Tonschiefer,,
,42513,Mineral,,Pyrit,,
36053,,Rock,Gneis s.l.,,Schweiz,Uri
,36053,Rock,,Gneis s.l.,,
,36053,Mineral,,Pyrit,,
42390,,,Apatit,Apatit,Marokko,Béni Mellal-Khénifra (Beni Mellal-Khenifra)
,42390,Mineral,,Phosphorit,,
,42390,Rock,,Kalkstein,,
,42390,Ore,,Phosphorit marin,,
,42390,Mineral,,Apatit,,
41449,,,Magnetit,Magnetit,Chile,
,41449,Ore,,Fe-Oxid-Erz extrusiv,,
,41449,Mineral,,Apatit,,
,41449,Mineral,,Magnetit,,
40497,,,Kupfer,Kupfer,Vereinigte Staaten von Amerika (USA),Michigan
,40497,Ore,,Cu-Metall-Erz - Michigan-Typ,,
,40497,Mineral,,Kupfer,,
,40497,Rock,,Basalt s.l.,,
,40497,Mineral,,Epidot,,
,40497,Mineral,,Quarz,,
38597,,,Montmorillonit,Montmorillonit,Vereinigte Staaten von Amerika (USA),Florida
,38597,Mineral,,Montmorillonit,,
,38597,Rock,,Bentonit,,
39158,,Ore,Reduktionshof,,Schweiz,Aargau
,39158,Ore,,Reduktionshof,,
,39158,Mineral,,Roscoelith,,
,39158,Mineral,,Hämatit,,
43392,,Ore,noch nicht angegeben,noch nicht angegeben,Schweiz,Graubünden
,43392,Mineral,,Magnetit,,
,43392,Mineral,,Muskovit,,
,43392,Ore,,noch nicht angegeben,,
42252,,,Magnetit,Magnetit,Norwegen,Vestland
,42252,Mineral,,Magnetit,,
,42252,Ore,,Fe-Erz magnetitisch - Skarn-Typ,,
36390,,,Pyrit,Pyrit,Schweiz,Uri
,36390,Mineral,,Pyrit,,
,36390,Rock,,Gneis s.l.,,
40799,,,Chalkosin,Chalkosin,Vereinigte Staaten von Amerika (USA),Michigan
,40799,Mineral,,Chalkosin,,
,40799,Ore,,Cu-Sulfid-Erz - Redbed-Typ,,
40429,,,Dolomit,Dolomit,Vereinigte Staaten von Amerika (USA),Missouri
,40429,Mineral,,Siegenit,,
,40429,Mineral,,Pyrit,,
,40429,Mineral,,Dolomit,,
,40429,Ore,,Cu-Ni-Sulfid-Erz - MVT,,
,40429,Mineral,,Chalkopyrit,,
39205,,Ore,Reduktionshof,,Schweiz,Aargau
,39205,Mineral,,Uraninit,,
,39205,Ore,,Reduktionshof,,
,39205,Mineral,,Roscoelith,,
32706,,Ore,Co-Cu-Sulfarseniderz - metamorph,,Schweiz,Wallis
,32706,Mineral,,Chalkopyrit,,
,32706,Mineral,,Siderit,,
,32706,Ore,,Co-Cu-Sulfarseniderz - metamorph,,
33980,,Rock,Granit,,Schweiz,Bern
,33980,Rock,,Granit,,
,33980,Mineral,,Biotit,,
34800,,,Titanit,Titanit,Schweiz,Uri
,34800,Mineral,,Quarz,,
,34800,Mineral,,Muskovit,,
,34800,Mineral,,Titanit,,
,34800,Rock,,Granit,,
,34800,Mineral,,Calcit,,
41482,,,Chalkopyrit,Chalkopyrit,Japan,Akita
,41482,Mineral,,Chalkopyrit,,
,41482,Ore,,Yellow ore (Oko) - Kuroko-Typ,,
40796,,,Kupfer,Kupfer,Vereinigte Staaten von Amerika (USA),Michigan
,40796,Mineral,,Prehnit,,
,40796,Mineral,,Calcit,,
,40796,Mineral,,Kupfer,,
,40796,Ore,,Cu-Metall-Erz - Michigan-Typ,,
42201,,,Tenorit,Tenorit,Australien,Queensland
,42201,Mineral,,Tenorit,,
,42201,Rock,,Dolomitmergel,,
,42201,Ore,,Cu-Sulfid-Erz - SEDEX,,
11488,,,Bornit,Bornit,Schweiz,Glarus
,11488,Mineral,,Bornit,,
,11488,Ore,,Cu-Sulfid-Erz - Redbed-Typ,,
,11488,Mineral,,Chalkopyrit,,
41149,,,Magnetit,Magnetit,Kanada,Ontario
,41149,Ore,,Fe-Oxid-Erz - Superior-BIF,,
,41149,Mineral,,Magnetit,,
,41149,Mineral,,Quarz,,
41857,,Rock,Rhyolith,,Slowakei,Banskobystrický (Banskobystricky )
,41857,Mineral,,Quarz,,
,41857,Rock,,Rhyolith,,
,41857,Mineral,,Biotit,,
,41857,Mineral,,Sanidin,,
38377,,,Goethit,Goethit,Schweiz,Aargau
,38377,Ore,,"Fe-Erz, pisolithisch",,
,38377,Mineral,,Goethit,,
22199,,,Jadeit,Jadeit,"China, Volksrepublik",
,22199,Mineral,,Jadeit,,
,22199,Rock,,Jadeitite,,
42423,,,Kaolinit,Kaolinit,Slowakei,Banskobystrický (Banskobystricky )
,42423,Rock,,Kluftletten,,
,42423,Mineral,,Quarz,,
,42423,Mineral,,Kaolinit,,
,42423,Mineral,,Pyrit,,
8445,,Rock,Serpentinit,,Deutschland,Sachsen
,8445,Mineral,,Serpentin,,
,8445,Rock,,Serpentinit,,
,8445,Mineral,,undefiniert,,
53548,,Rock,Chert,,Australien,Western Australia
,53548,Rock,,Chert,,
,53548,Mineral,,Quarz,,
43033,,Rock,Kalkstein,,Schweiz,Wallis
,43033,Rock,,Kalkstein,,
,43033,Mineral,,Calcit,,
31394,,,Quarz,Quarz,Schweiz,Bern
,31394,Rock,,Granodiorit,,
,31394,Mineral,,Quarz,,
,31394,Mineral,,Rauchquarz,,
40817,,,Chalkopyrit,Chalkopyrit,Spanien,Galicia
,40817,Ore,,Cu-Sulfid-Erz - metamorph,,
,40817,Mineral,,Pyrrhotin,,
,40817,Mineral,,Chalkopyrit,,
6755,,,Malachit,Malachit,Schweiz,Glarus
,6755,Ore,,Cu-Sulfid-Erz - Redbed-Typ,,
,6755,Mineral,,Malachit,,
42531,,,Quarz,Quarz,Deutschland,Bayern
,42531,Mineral,,Quarz,,
,42531,Mineral,,Fluorit,,
,42531,Ore,,Fluoritgang - Ba-F-Formation,,
32664,,Ore,Co-Cu-Sulfarseniderz - metamorph,,Schweiz,Wallis
,32664,Mineral,,Galenit,,
,32664,Mineral,,Sphalerit,,
,32664,Mineral,,Baryt,,
,32664,Ore,,Co-Cu-Sulfarseniderz - metamorph,,
32851,,,Chlorit,Chlorit,Schweiz,Tessin
,32851,Mineral,,Chlorit,,
,32851,Rock,,Gneis s.l.,,
32699,,Ore,Co-Cu-Sulfarseniderz - metamorph,,Schweiz,Wallis
,32699,Mineral,,Chloanthit,,
,32699,Ore,,Co-Cu-Sulfarseniderz - metamorph,,
,32699,Mineral,,Nickel-Skutterudit,,
41838,,Rock,Syenit,,Norwegen,Vestfold og Telemark
,41838,Rock,,Syenit,,
,41838,Mineral,,Anorthoklas,,
,41838,Mineral,,Biotit,,
48116,,Rock,Staurolith-Disthen-Granat-Plagioklasfels (Metapelit),,Schweiz,Tessin
,48116,Mineral,,Biotit,,
,48116,Mineral,,Kyanit,,
,48116,Mineral,,Ilmenit,,
,48116,Mineral,,Korund,,
,48116,Mineral,,Staurolith,,
,48116,Rock,,Staurolith-Disthen-Granat-Plagioklasfels (Metapelit),,
,48116,Mineral,,Granat,,
42698,,,Cinnabarit,Cinnabarit,Italien,Toscana
,42698,Mineral,,Cinnabarit,,
,42698,Ore,,Hg-Sulfid-Erz - Gang-Typ,,
42277,,,Magnetit,Magnetit,Schweden,Norrbottens län
,42277,Mineral,,Magnetit,,
,42277,Ore,,Fe-Erz magnetitisch - Kiruna-Typ,,
40175,,,Analcim,Analcim,Australien,New South Wales
,40175,Rock,,Basalt s.l.,,
,40175,Mineral,,Analcim,,
41000,,Ore,Pb-Zn-Sulfid-Erz - SEDEX,Pb-Zn-Sulfid-Erz - SEDEX,Irland,Leinster / Laighin
,41000,Mineral,,Sphalerit,,
,41000,Mineral,,Galenit,,
,41000,Ore,,Pb-Zn-Sulfid-Erz - SEDEX,,
,41000,Mineral,,Pyrit,,
40155,,,Quarz,Quarz,Australien,New South Wales
,40155,Mineral,,Quarz,,
,40155,Mineral,,Chalcedon/Chert,,
,40155,Rock,,Basalt s.l.,,
41624,,,Kassiterit,Kassiterit,Südafrika,Limpopo
,41624,Rock,,Granit,,
,41624,Mineral,,Kassiterit,,
,41624,Mineral,,Scheelit,,
,41624,Ore,,"Sn-Erz, oxidisch - Gang-Typ allgemein",,
41225,,,Galenit,Galenit,Peru,Junín / Junin / Hunin
,41225,Mineral,,Dolomit,,
,41225,Ore,,Cu-Sulfid-Erz - Gang-Typ,,
,41225,Mineral,,Tetraedrit,,
,41225,Mineral,,Chalkopyrit,,
,41225,Mineral,,Galenit,,
42618,,,Piemontit,Piemontit,Italien,Valle d'Aosta / Val d'Aoste
,42618,Mineral,,Piemontit,,
,42618,Mineral,,Braunit,,
,42618,Mineral,,Muskovit,,
,42618,Ore,,"Mn-Erz, silikatisch - metamorph",,
,42618,Mineral,,Spessartin,,
41505,,,Chalkopyrit,Chalkopyrit,Japan,Hokkaido / Hokkaidô
,41505,Ore,,Cu-W-Erz - metamorph,,
,41505,Mineral,,Ferberit,,
,41505,Mineral,,Chalkopyrit,,
,41505,Mineral,,Pyrit,,
11484,,,Bornit,Bornit,Schweiz,Glarus
,11484,Mineral,,Bornit,,
,11484,Ore,,Cu-Sulfid-Erz - Redbed-Typ,,
,11484,Mineral,,Dolomit,,
41681,,,Chromit,Chromit,Südafrika,Limpopo
,41681,Mineral,,Chromit,,
,41681,Ore,,Cr-Erz - kontinental mafisch-magmatisch,,
40977,,,Chalkopyrit,Chalkopyrit,Finnland,
,40977,Rock,,Quarzit,,
,40977,Mineral,,Pyrrhotin,,
,40977,Mineral,,Chalkopyrit,,
33929,,,Markasit,Markasit,Rumänien,Alba
,33929,Mineral,,Pyrit,,
,33929,Mineral,,Markasit,,
,33929,Ore,,"Au-Sulfid-Erz, pyritisch",,
,33929,Rock,,Vulkanische Brekzie - Gangbrekzie,,
53555,,Ore,U-Erz - Pipe-Brekzie,U-Erz - Pipe-Brekzie,Vereinigte Staaten von Amerika (USA),Arizona
,53555,Ore,,U-Erz - Pipe-Brekzie,,
,53555,Mineral,,Uraninit,,
33914,,,Sodalith,Sodalith,Kanada,Ontario
,33914,Mineral,,Skapolith,,
,33914,Mineral,,Cancrinit,,
,33914,Rock,,Nephelinsyenitpegmatit,,
,33914,Mineral,,Sodalith,,
,33914,Mineral,,Hellglimmer,,
42615,,,Braunit,Braunit,Italien,Valle d'Aosta / Val d'Aoste
,42615,Ore,,"Mn-Erz, silikatisch - metamorph",,
,42615,Mineral,,Braunit,,
39621,,,Calcit,Calcit,_Land unbekannt,
,39621,Mineral,,Calcit,,
,39621,Rock,,Kalktuff,,
42264,,,Turmalin,Turmalin,Schweden,Stockholms län
,42264,Ore,,Lithium-Pegmatit,,
,42264,Mineral,,Turmalin,,
,42264,Mineral,,allgemein,,
,42264,Rock,,Granitpegmatit,,
43140,,Ore,"Fe-Erz, pisolithisch","Fe-Erz, pisolithisch",Schweiz,Bern
,43140,Mineral,,undef. Eisenhydroxid,,
,43140,Mineral,,Limonit,,
,43140,Ore,,"Fe-Erz, pisolithisch",,
